# COMPARISON STEP (zeros of zeta used HERE ONLY): Z_M = sum_(k<=M) 2 cos(gamma_k D) phihat_delta(gamma_k)^2,
# delta = 0.1; Psi from outputs/rtp1_prime_content.txt section 7; zeros from python-flint acb.zeta_zeros
r,M,gamma_M,"Z_M (zero side, floating)","Psi (prime side, certified)"
2,1,14.13472514,-0.00265683862,-0.004207464846
2,2,21.02203964,-0.003448977588,-0.004207464846
2,3,25.01085758,-0.003371661452,-0.004207464846
2,4,30.42487613,-0.003831846858,-0.004207464846
2,5,32.93506159,-0.00418341393,-0.004207464846
2,6,37.58617816,-0.004041309118,-0.004207464846
2,7,40.91871901,-0.004148544739,-0.004207464846
2,8,43.32707328,-0.004139052122,-0.004207464846
2,9,48.00515088,-0.004140000131,-0.004207464846
2,10,49.77383248,-0.004140028243,-0.004207464846
2,11,52.97032148,-0.004137033545,-0.004207464846
2,12,56.4462477,-0.004134377969,-0.004207464846
2,13,59.347044,-0.004162071455,-0.004207464846
2,14,60.83177852,-0.004170124784,-0.004207464846
2,15,65.11254405,-0.00415454308,-0.004207464846
2,16,67.07981053,-0.004184624292,-0.004207464846
2,17,69.54640171,-0.00420035185,-0.004207464846
2,18,72.06715767,-0.004173872066,-0.004207464846
2,19,75.7046907,-0.004184772817,-0.004207464846
2,20,77.14484007,-0.004199368648,-0.004207464846
2,21,79.33737502,-0.004199228454,-0.004207464846
2,22,82.91038085,-0.004197084742,-0.004207464846
2,23,84.73549298,-0.004198019733,-0.004207464846
2,24,87.42527461,-0.004198131101,-0.004207464846
2,25,88.80911121,-0.004198130968,-0.004207464846
2,26,92.49189927,-0.004197889269,-0.004207464846
2,27,94.65134404,-0.00419961002,-0.004207464846
2,28,95.87063423,-0.004201792634,-0.004207464846
2,29,98.83119422,-0.00419864433,-0.004207464846
2,30,101.317851,-0.00419658621,-0.004207464846
2,31,103.725538,-0.004201283604,-0.004207464846
2,32,105.4466231,-0.004204647179,-0.004207464846
2,33,107.1686112,-0.004202542878,-0.004207464846
2,34,111.0295355,-0.00420250886,-0.004207464846
2,35,111.8746592,-0.004204356486,-0.004207464846
2,36,114.3202209,-0.004206241591,-0.004207464846
2,37,116.2266803,-0.004205468995,-0.004207464846
2,38,118.7907829,-0.004204704925,-0.004207464846
2,39,121.370125,-0.004205001145,-0.004207464846
2,40,122.9468293,-0.004205150308,-0.004207464846
2,41,124.2568186,-0.004205163563,-0.004207464846
2,42,127.5166839,-0.004205132009,-0.004207464846
2,43,129.5787042,-0.00420517972,-0.004207464846
2,44,131.0876885,-0.00420548638,-0.004207464846
2,45,133.4977372,-0.004205569024,-0.004207464846
2,46,134.7565098,-0.004205094058,-0.004207464846
2,47,138.1160421,-0.004205010446,-0.004207464846
2,48,139.736209,-0.00420593921,-0.004207464846
2,49,141.1237074,-0.004206947121,-0.004207464846
2,50,143.1118458,-0.004206689436,-0.004207464846
2,51,146.0009825,-0.00420593003,-0.004207464846
2,52,147.4227653,-0.004206002904,-0.004207464846
2,53,150.0535204,-0.004206617915,-0.004207464846
2,54,150.9252576,-0.004206956833,-0.004207464846
2,55,153.0246938,-0.004206665412,-0.004207464846
2,56,156.1129093,-0.004206634485,-0.004207464846
2,57,157.5975918,-0.00420670973,-0.004207464846
2,58,158.8499882,-0.004206760951,-0.004207464846
2,59,161.1889641,-0.004206760083,-0.004207464846
2,60,163.0307097,-0.004206757078,-0.004207464846
2,61,165.5370692,-0.004206760159,-0.004207464846
2,62,167.18444,-0.004206840064,-0.004207464846
2,63,169.0945154,-0.004206921595,-0.004207464846
2,64,169.9119765,-0.004206927655,-0.004207464846
2,65,173.4115365,-0.004206745423,-0.004207464846
2,66,174.7541915,-0.004206797603,-0.004207464846
2,67,176.4414343,-0.004207103529,-0.004207464846
2,68,178.3774078,-0.004207242791,-0.004207464846
2,69,179.916484,-0.004207063395,-0.004207464846
2,70,182.2070785,-0.00420683891,-0.004207464846
2,71,184.8744678,-0.004207012645,-0.004207464846
2,72,185.5987837,-0.004207211932,-0.004207464846
2,73,187.2289226,-0.004207302015,-0.004207464846
2,74,189.4161587,-0.004207218457,-0.004207464846
2,75,192.0266564,-0.004207197954,-0.004207464846
2,76,193.0797266,-0.004207208453,-0.004207464846
2,77,195.2653967,-0.004207217649,-0.004207464846
2,78,196.8764818,-0.004207217883,-0.004207464846
2,79,198.0153097,-0.004207217845,-0.004207464846
2,80,201.2647519,-0.004207213553,-0.004207464846
2,81,202.4935945,-0.004207226995,-0.004207464846
2,82,204.1896718,-0.004207269037,-0.004207464846
2,83,205.3946972,-0.004207299151,-0.004207464846
2,84,207.9062589,-0.004207224888,-0.004207464846
2,85,209.5765097,-0.004207156221,-0.004207464846
2,86,211.6908626,-0.004207219859,-0.004207464846
2,87,213.3479194,-0.004207325717,-0.004207464846
2,88,214.5470448,-0.004207378723,-0.004207464846
2,89,216.1695385,-0.004207319394,-0.004207464846
2,90,219.0675963,-0.004207276641,-0.004207464846
2,91,220.7149188,-0.004207318756,-0.004207464846
2,92,221.4307056,-0.004207378199,-0.004207464846
2,93,224.0070003,-0.004207388435,-0.004207464846
2,94,224.9833247,-0.004207373589,-0.004207464846
2,95,227.4214443,-0.004207358844,-0.004207464846
2,96,229.3374133,-0.004207361148,-0.004207464846
2,97,231.2501887,-0.004207362805,-0.004207464846
2,98,231.9872353,-0.004207363265,-0.004207464846
2,99,233.6934042,-0.004207363218,-0.004207464846
2,100,236.5242297,-0.004207358466,-0.004207464846
2,101,237.7698205,-0.004207357251,-0.004207464846
2,102,239.5554776,-0.004207372255,-0.004207464846
2,103,241.0491578,-0.00420739136,-0.004207464846
2,104,242.8232719,-0.004207384395,-0.004207464846
2,105,244.0708985,-0.004207354215,-0.004207464846
2,106,247.1369901,-0.004207357675,-0.004207464846
2,107,248.1019901,-0.004207385991,-0.004207464846
2,108,249.5736896,-0.004207426525,-0.004207464846
2,109,251.0149478,-0.004207440933,-0.004207464846
2,110,253.0699867,-0.004207409575,-0.004207464846
2,111,255.3062565,-0.004207394503,-0.004207464846
2,112,256.3807137,-0.004207399906,-0.004207464846
2,113,258.6104395,-0.004207417845,-0.004207464846
2,114,259.874407,-0.004207424701,-0.004207464846
2,115,260.8050845,-0.004207423204,-0.004207464846
2,116,263.5738939,-0.004207419468,-0.004207464846
2,117,265.5578518,-0.004207419814,-0.004207464846
2,118,266.6149738,-0.004207420122,-0.004207464846
2,119,267.9219151,-0.004207420122,-0.004207464846
2,120,269.970449,-0.004207419948,-0.004207464846
2,121,271.4940556,-0.004207417636,-0.004207464846
2,122,273.4596092,-0.004207415025,-0.004207464846
2,123,275.5874926,-0.004207422248,-0.004207464846
2,124,276.4520495,-0.004207432541,-0.004207464846
2,125,278.2507435,-0.004207436898,-0.004207464846
2,126,279.2292509,-0.00420743211,-0.004207464846
2,127,282.4651148,-0.004207423041,-0.004207464846
2,128,283.2111857,-0.004207422306,-0.004207464846
2,129,284.835964,-0.004207437493,-0.004207464846
2,130,286.6674454,-0.004207448984,-0.004207464846
2,131,287.9119205,-0.004207447866,-0.004207464846
2,132,289.5798549,-0.004207435501,-0.004207464846
2,133,291.8462913,-0.004207432181,-0.004207464846
2,134,293.5584341,-0.004207437753,-0.004207464846
2,135,294.9653696,-0.004207443058,-0.004207464846
2,136,295.5732549,-0.004207446725,-0.004207464846
2,137,297.9792771,-0.004207445293,-0.004207464846
2,138,299.8403261,-0.004207444656,-0.004207464846
2,139,301.6493255,-0.00420744467,-0.004207464846
2,140,302.6967496,-0.004207444671,-0.004207464846
2,141,304.8643713,-0.004207444985,-0.004207464846
2,142,305.7289126,-0.004207445106,-0.004207464846
2,143,307.2194961,-0.004207443768,-0.004207464846
2,144,310.1094631,-0.004207442831,-0.004207464846
2,145,311.1651415,-0.004207444982,-0.004207464846
2,146,312.4278012,-0.004207450377,-0.004207464846
2,147,313.9852857,-0.004207454561,-0.004207464846
2,148,315.4756161,-0.004207452236,-0.004207464846
2,149,317.7348059,-0.004207444925,-0.004207464846
2,150,318.8531043,-0.004207441418,-0.004207464846
2,151,321.1601343,-0.004207448012,-0.004207464846
2,152,322.1445587,-0.004207454735,-0.004207464846
2,153,323.4669696,-0.00420745726,-0.004207464846
2,154,324.8628661,-0.004207454382,-0.004207464846
2,155,327.4439013,-0.004207451667,-0.004207464846
2,156,329.0330717,-0.00420745249,-0.004207464846
2,157,329.9532397,-0.004207454272,-0.004207464846
2,158,331.4744676,-0.004207455535,-0.004207464846
2,159,333.6453785,-0.004207455354,-0.004207464846
2,160,334.2113548,-0.00420745511,-0.004207464846
2,161,336.8418504,-0.00420745511,-0.004207464846
2,162,338.3399929,-0.004207455143,-0.004207464846
2,163,339.8582167,-0.004207455466,-0.004207464846
2,164,341.0422611,-0.004207455909,-0.004207464846
2,165,342.0548775,-0.004207455998,-0.004207464846
2,166,344.6617029,-0.004207454183,-0.004207464846
2,167,346.3478706,-0.004207453556,-0.004207464846
2,168,347.2726776,-0.004207454564,-0.004207464846
2,169,349.3162609,-0.004207457743,-0.004207464846
2,170,350.4084193,-0.004207459668,-0.004207464846
2,171,351.878649,-0.004207458154,-0.004207464846
2,172,353.4889005,-0.004207454503,-0.004207464846
2,173,356.017575,-0.004207455033,-0.004207464846
2,174,357.1513023,-0.004207457584,-0.004207464846
2,175,357.9526851,-0.004207460532,-0.004207464846
2,176,359.743755,-0.00420746149,-0.004207464846
2,177,361.2893617,-0.004207460266,-0.004207464846
2,178,363.3313306,-0.004207459105,-0.004207464846
2,179,364.7360241,-0.004207459028,-0.004207464846
2,180,366.2127103,-0.00420745949,-0.004207464846
2,181,367.9935755,-0.004207459691,-0.004207464846
2,182,368.9684381,-0.004207459726,-0.004207464846
2,183,370.0509192,-0.00420745971,-0.004207464846
2,184,373.0619284,-0.004207459675,-0.004207464846
2,185,373.8648739,-0.00420745967,-0.004207464846
2,186,375.8259128,-0.004207460033,-0.004207464846
2,187,376.3240922,-0.004207460482,-0.004207464846
2,188,378.4366802,-0.00420746049,-0.004207464846
2,189,379.8729753,-0.004207459603,-0.004207464846
2,190,381.4844686,-0.004207458455,-0.004207464846
2,191,383.4435294,-0.004207458954,-0.004207464846
2,192,384.9561168,-0.00420746065,-0.004207464846
2,193,385.8613008,-0.004207462276,-0.004207464846
2,194,387.2228902,-0.004207462643,-0.004207464846
2,195,388.8461284,-0.004207461231,-0.004207464846
2,196,391.4560836,-0.004207460609,-0.004207464846
2,197,392.2450833,-0.004207460807,-0.004207464846
2,198,393.4277438,-0.004207461868,-0.004207464846
2,199,395.58287,-0.004207462486,-0.004207464846
2,200,396.3818542,-0.004207462602,-0.004207464846
2,201,397.9187362,-0.004207462115,-0.004207464846
2,202,399.9851199,-0.00420746188,-0.004207464846
2,203,401.8392286,-0.004207461951,-0.004207464846
2,204,402.8619178,-0.004207462023,-0.004207464846
2,205,404.2364418,-0.004207462036,-0.004207464846
2,206,405.1343875,-0.004207462037,-0.004207464846
2,207,407.5814604,-0.004207461992,-0.004207464846
2,208,408.9472455,-0.004207461902,-0.004207464846
2,209,410.5138692,-0.004207461956,-0.004207464846
2,210,411.9722678,-0.004207462297,-0.004207464846
2,211,413.2627361,-0.004207462699,-0.004207464846
2,212,415.0188098,-0.004207462565,-0.004207464846
2,213,415.455215,-0.004207462235,-0.004207464846
2,214,418.3877058,-0.004207461754,-0.004207464846
2,215,419.8613648,-0.004207462133,-0.004207464846
2,216,420.6438276,-0.004207462899,-0.004207464846
2,217,422.0767101,-0.004207463757,-0.004207464846
2,218,423.7165796,-0.004207463793,-0.004207464846
2,219,425.0698825,-0.004207463145,-0.004207464846
2,220,427.2088251,-0.004207462666,-0.004207464846
2,221,428.1279141,-0.004207462588,-0.004207464846
2,222,430.3287454,-0.004207463029,-0.004207464846
2,223,431.3013069,-0.004207463352,-0.004207464846
2,224,432.1386417,-0.004207463494,-0.004207464846
2,225,433.8892185,-0.004207463372,-0.004207464846
2,226,436.1610064,-0.004207463324,-0.004207464846
2,227,437.5816982,-0.004207463327,-0.004207464846
2,228,438.6217387,-0.00420746333,-0.004207464846
2,229,439.9184422,-0.004207463331,-0.004207464846
2,230,441.6831992,-0.004207463335,-0.004207464846
2,231,442.9045463,-0.004207463296,-0.004207464846
2,232,444.3193363,-0.004207463183,-0.004207464846
2,233,446.8606227,-0.00420746325,-0.004207464846
2,234,447.4417042,-0.004207463417,-0.004207464846
2,235,449.1485457,-0.004207463741,-0.004207464846
2,236,450.1269458,-0.004207463952,-0.004207464846
2,237,451.4033084,-0.004207463825,-0.004207464846
2,238,453.9867378,-0.004207463403,-0.004207464846
2,239,454.9746838,-0.004207463226,-0.004207464846
2,240,456.3284267,-0.004207463492,-0.004207464846
2,241,457.9038931,-0.004207463961,-0.004207464846
2,242,459.5134153,-0.004207464112,-0.004207464846
2,243,460.0879444,-0.004207464097,-0.004207464846
2,244,462.0653673,-0.004207463766,-0.004207464846
2,245,464.0572869,-0.00420746368,-0.004207464846
2,246,465.6715392,-0.004207463805,-0.004207464846
2,247,466.5702869,-0.004207463947,-0.004207464846
2,248,467.4390462,-0.004207464049,-0.004207464846
2,249,469.5360046,-0.004207464034,-0.004207464846
2,250,470.7736555,-0.004207464014,-0.004207464846
2,251,472.7991747,-0.004207464013,-0.004207464846
2,252,473.8352323,-0.004207464013,-0.004207464846
2,253,475.6003394,-0.004207464027,-0.004207464846
2,254,476.7690152,-0.004207464053,-0.004207464846
2,255,478.0752638,-0.004207464057,-0.004207464846
2,256,478.9421815,-0.004207464016,-0.004207464846
2,257,481.8303394,-0.004207463929,-0.004207464846
2,258,482.8347828,-0.004207463946,-0.004207464846
2,259,483.8514272,-0.004207464093,-0.004207464846
2,260,485.5391481,-0.004207464313,-0.004207464846
2,261,486.5287183,-0.004207464431,-0.004207464846
2,262,488.3805671,-0.004207464238,-0.004207464846
2,263,489.6617616,-0.004207463968,-0.004207464846
2,264,491.3988216,-0.004207463903,-0.004207464846
2,265,493.3144416,-0.004207464112,-0.004207464846
2,266,493.9579978,-0.004207464337,-0.004207464846
2,267,495.3588288,-0.004207464456,-0.004207464846
2,268,496.4296962,-0.004207464439,-0.004207464846
2,269,498.5807824,-0.004207464318,-0.004207464846
2,270,500.3090849,-0.004207464289,-0.004207464846
2,271,501.604447,-0.004207464318,-0.004207464846
2,272,502.2762703,-0.004207464355,-0.004207464846
2,273,504.4997733,-0.004207464362,-0.004207464846
2,274,505.4152317,-0.004207464362,-0.004207464846
2,275,506.4641527,-0.004207464361,-0.004207464846
2,276,508.8007003,-0.004207464358,-0.004207464846
2,277,510.2642279,-0.004207464362,-0.004207464846
2,278,511.5622897,-0.004207464388,-0.004207464846
2,279,512.6231445,-0.004207464428,-0.004207464846
2,280,513.6689856,-0.004207464457,-0.004207464846
2,281,515.4350572,-0.004207464403,-0.004207464846
2,282,517.5896686,-0.004207464311,-0.004207464846
2,283,518.2342231,-0.004207464252,-0.004207464846
2,284,520.1063104,-0.004207464353,-0.004207464846
2,285,521.5251934,-0.004207464499,-0.004207464846
2,286,522.4566962,-0.004207464598,-0.004207464846
2,287,523.9605309,-0.004207464549,-0.004207464846
2,288,525.0773857,-0.004207464417,-0.004207464846
2,289,527.9036416,-0.004207464407,-0.004207464846
2,290,528.4062139,-0.004207464439,-0.004207464846
2,291,529.8062263,-0.004207464536,-0.004207464846
2,292,530.8669179,-0.004207464618,-0.004207464846
2,293,532.688183,-0.004207464612,-0.004207464846
2,294,533.7796308,-0.004207464574,-0.004207464846
2,295,535.6643141,-0.004207464551,-0.004207464846
2,296,537.0697591,-0.00420746455,-0.004207464846
2,297,538.4285262,-0.004207464556,-0.004207464846
2,298,540.2131664,-0.004207464556,-0.004207464846
2,299,540.6313902,-0.004207464556,-0.004207464846
2,300,541.8474371,-0.004207464556,-0.004207464846
2,301,544.3238901,-0.004207464547,-0.004207464846
2,302,545.6368332,-0.00420746454,-0.004207464846
2,303,547.0109121,-0.004207464557,-0.004207464846
2,304,547.9316134,-0.004207464592,-0.004207464846
2,305,549.4975676,-0.004207464629,-0.004207464846
2,306,550.97001,-0.004207464616,-0.004207464846
2,307,552.0495722,-0.004207464559,-0.004207464846
2,308,553.7649721,-0.004207464491,-0.004207464846
2,309,555.7920206,-0.004207464525,-0.004207464846
2,310,556.8994764,-0.004207464606,-0.004207464846
2,311,557.5646592,-0.004207464693,-0.004207464846
2,312,559.316237,-0.004207464718,-0.004207464846
2,313,560.2408075,-0.004207464691,-0.004207464846
2,314,562.5592076,-0.00420746463,-0.004207464846
2,315,564.1608791,-0.004207464625,-0.004207464846
2,316,564.5060559,-0.004207464633,-0.004207464846
2,317,566.6987877,-0.004207464668,-0.004207464846
2,318,567.7317579,-0.004207464686,-0.004207464846
2,319,568.9239552,-0.004207464685,-0.004207464846
2,320,570.0511148,-0.004207464675,-0.004207464846
2,321,572.4199841,-0.004207464673,-0.004207464846
2,322,573.6146105,-0.004207464674,-0.004207464846
2,323,575.093886,-0.004207464674,-0.004207464846
2,324,575.8072471,-0.004207464674,-0.004207464846
2,325,577.0390035,-0.004207464676,-0.004207464846
2,326,579.0988347,-0.004207464669,-0.004207464846
2,327,580.1369594,-0.004207464654,-0.004207464846
2,328,581.9465763,-0.004207464646,-0.004207464846
2,329,583.2360882,-0.004207464663,-0.004207464846
2,330,584.5617059,-0.004207464699,-0.004207464846
2,331,585.9845632,-0.004207464725,-0.004207464846
2,332,586.7427719,-0.004207464731,-0.004207464846
2,333,588.1396633,-0.004207464695,-0.004207464846
2,334,590.6603975,-0.004207464668,-0.004207464846
2,335,591.7258581,-0.004207464677,-0.004207464846
2,336,592.5713583,-0.004207464711,-0.004207464846
2,337,593.9747147,-0.004207464757,-0.004207464846
2,338,595.7281537,-0.004207464765,-0.004207464846
2,339,596.3627683,-0.004207464755,-0.004207464846
2,340,598.4930773,-0.004207464727,-0.004207464846
2,341,599.5456404,-0.004207464712,-0.004207464846
2,342,601.6021367,-0.004207464722,-0.004207464846
2,343,602.5791679,-0.004207464733,-0.004207464846
2,344,603.6256189,-0.004207464739,-0.004207464846
2,345,604.6162185,-0.00420746474,-0.004207464846
2,346,606.3834604,-0.004207464739,-0.004207464846
2,347,608.4132173,-0.004207464739,-0.004207464846
2,348,609.3895752,-0.004207464739,-0.004207464846
2,349,610.8391629,-0.004207464741,-0.004207464846
2,350,611.7742096,-0.004207464745,-0.004207464846
2,351,613.5997787,-0.004207464748,-0.004207464846
2,352,614.6462379,-0.004207464744,-0.004207464846
2,353,615.5385634,-0.004207464732,-0.004207464846
2,354,618.1128314,-0.004207464724,-0.004207464846
2,355,619.1844826,-0.004207464733,-0.004207464846
2,356,620.2728937,-0.004207464757,-0.004207464846
2,357,621.7092945,-0.004207464782,-0.004207464846
2,358,622.3750027,-0.004207464798,-0.004207464846
2,359,624.2699,-0.004207464777,-0.004207464846
2,360,626.0192834,-0.004207464749,-0.004207464846
2,361,627.2683969,-0.00420746474,-0.004207464846
2,362,628.3258624,-0.004207464751,-0.004207464846
2,363,630.4738874,-0.004207464771,-0.004207464846
2,364,630.8057809,-0.004207464789,-0.004207464846
2,365,632.2251412,-0.004207464789,-0.004207464846
2,366,633.5468583,-0.004207464779,-0.004207464846
2,367,635.5238003,-0.004207464773,-0.004207464846
2,368,637.3971932,-0.004207464775,-0.004207464846
2,369,637.925514,-0.004207464777,-0.004207464846
2,370,638.9279383,-0.004207464779,-0.004207464846
2,371,640.6947947,-0.004207464779,-0.004207464846
2,372,641.9454997,-0.004207464779,-0.004207464846
2,373,643.2788838,-0.004207464778,-0.004207464846
2,374,644.9905782,-0.004207464777,-0.004207464846
2,375,646.3481916,-0.004207464778,-0.004207464846
2,376,647.761753,-0.004207464784,-0.004207464846
2,377,648.7864009,-0.004207464791,-0.004207464846
2,378,650.1975193,-0.004207464793,-0.004207464846
2,379,650.6686839,-0.004207464791,-0.004207464846
2,380,653.6495716,-0.004207464778,-0.004207464846
2,381,654.3019206,-0.004207464771,-0.004207464846
2,382,655.709463,-0.004207464781,-0.004207464846
2,383,656.9640846,-0.004207464799,-0.004207464846
2,384,658.1756144,-0.004207464813,-0.004207464846
2,385,659.663846,-0.004207464811,-0.004207464846
2,386,660.7167326,-0.004207464798,-0.004207464846
2,387,662.2965864,-0.004207464783,-0.004207464846
2,388,664.2446047,-0.004207464786,-0.004207464846
2,389,665.3427631,-0.004207464794,-0.004207464846
2,390,666.5151477,-0.004207464803,-0.004207464846
2,391,667.1484949,-0.004207464809,-0.004207464846
2,392,668.9758488,-0.004207464808,-0.004207464846
2,393,670.3235852,-0.004207464805,-0.004207464846
2,394,672.4581836,-0.004207464805,-0.004207464846
2,395,673.0435783,-0.004207464804,-0.004207464846
2,396,674.3558978,-0.004207464805,-0.004207464846
2,397,676.1396744,-0.004207464805,-0.004207464846
2,398,677.2301807,-0.004207464805,-0.004207464846
2,399,677.8004447,-0.004207464805,-0.004207464846
2,400,679.7421979,-0.004207464802,-0.004207464846
2,401,681.8949915,-0.004207464802,-0.004207464846
2,402,682.602735,-0.004207464803,-0.004207464846
2,403,684.0135498,-0.00420746481,-0.004207464846
2,404,684.9726299,-0.004207464817,-0.004207464846
2,405,686.1632236,-0.00420746482,-0.004207464846
2,406,687.9615432,-0.004207464812,-0.004207464846
2,407,689.3689414,-0.004207464801,-0.004207464846
2,408,690.474735,-0.004207464796,-0.004207464846
2,409,692.4516844,-0.004207464805,-0.004207464846
2,410,693.1769701,-0.004207464816,-0.004207464846
2,411,694.5339087,-0.004207464823,-0.004207464846
2,412,695.7263359,-0.004207464823,-0.004207464846
2,413,696.6260699,-0.004207464818,-0.004207464846
2,414,699.1320955,-0.004207464814,-0.004207464846
2,415,700.2967391,-0.004207464814,-0.004207464846
2,416,701.301743,-0.004207464817,-0.004207464846
2,417,702.2273431,-0.00420746482,-0.004207464846
2,418,704.0338393,-0.004207464821,-0.004207464846
2,419,705.125814,-0.00420746482,-0.004207464846
2,420,706.1846548,-0.00420746482,-0.004207464846
2,421,708.2690709,-0.00420746482,-0.004207464846
2,422,709.2295886,-0.00420746482,-0.004207464846
2,423,711.1302742,-0.00420746482,-0.004207464846
2,424,711.9002899,-0.004207464821,-0.004207464846
2,425,712.7493835,-0.004207464822,-0.004207464846
2,426,714.0827718,-0.004207464822,-0.004207464846
2,427,716.1123965,-0.004207464818,-0.004207464846
2,428,717.4825697,-0.004207464816,-0.004207464846
2,429,718.7427865,-0.004207464817,-0.004207464846
2,430,719.697101,-0.004207464822,-0.004207464846
2,431,721.3511622,-0.004207464827,-0.004207464846
2,432,722.277505,-0.00420746483,-0.004207464846
2,433,723.845821,-0.004207464826,-0.004207464846
2,434,724.5626139,-0.004207464819,-0.004207464846
2,435,727.0564032,-0.004207464818,-0.004207464846
2,436,728.4054816,-0.004207464821,-0.004207464846
2,437,728.7587498,-0.004207464826,-0.004207464846
2,438,730.4164821,-0.004207464831,-0.004207464846
2,439,731.4173549,-0.004207464833,-0.004207464846
2,440,732.8180527,-0.004207464831,-0.004207464846
2,441,734.7896433,-0.004207464828,-0.004207464846
2,442,735.7654592,-0.004207464827,-0.004207464846
2,443,737.0529289,-0.004207464828,-0.004207464846
2,444,738.5804212,-0.004207464829,-0.004207464846
2,445,739.9095237,-0.004207464829,-0.004207464846
2,446,740.5738074,-0.004207464829,-0.004207464846
2,447,741.7573356,-0.004207464829,-0.004207464846
2,448,743.8950131,-0.004207464829,-0.004207464846
2,449,745.3449896,-0.004207464829,-0.004207464846
2,450,746.4993059,-0.004207464829,-0.004207464846
2,451,747.6745636,-0.00420746483,-0.004207464846
2,452,748.2427545,-0.004207464832,-0.004207464846
2,453,750.6559504,-0.004207464831,-0.004207464846
2,454,750.9663811,-0.004207464829,-0.004207464846
2,455,752.8876216,-0.004207464826,-0.004207464846
2,456,754.3223705,-0.004207464825,-0.004207464846
2,457,755.839309,-0.004207464828,-0.004207464846
2,458,756.7682484,-0.004207464833,-0.004207464846
2,459,758.1017292,-0.004207464836,-0.004207464846
2,460,758.9002382,-0.004207464837,-0.004207464846
2,461,760.282367,-0.004207464834,-0.004207464846
2,462,762.7000332,-0.004207464831,-0.004207464846
2,463,763.5930662,-0.004207464831,-0.004207464846
2,464,764.3075227,-0.004207464832,-0.004207464846
2,465,766.0875401,-0.004207464835,-0.004207464846
2,466,767.2184722,-0.004207464836,-0.004207464846
2,467,768.2814618,-0.004207464836,-0.004207464846
2,468,769.6934073,-0.004207464835,-0.004207464846
2,469,771.0708393,-0.004207464835,-0.004207464846
2,470,772.9616176,-0.004207464835,-0.004207464846
2,471,774.1177446,-0.004207464835,-0.004207464846
2,472,775.0478471,-0.004207464835,-0.004207464846
2,473,775.999712,-0.004207464835,-0.004207464846
2,474,777.2997485,-0.004207464835,-0.004207464846
2,475,779.1570769,-0.004207464834,-0.004207464846
2,476,780.348925,-0.004207464834,-0.004207464846
2,477,782.1376644,-0.004207464834,-0.004207464846
2,478,782.5979439,-0.004207464835,-0.004207464846
2,479,784.2888226,-0.004207464836,-0.004207464846
2,480,785.7390897,-0.004207464837,-0.004207464846
2,481,786.4611475,-0.004207464837,-0.004207464846
2,482,787.4684638,-0.004207464835,-0.004207464846
2,483,790.0590924,-0.004207464834,-0.004207464846
2,484,790.8316205,-0.004207464834,-0.004207464846
2,485,792.4277076,-0.004207464836,-0.004207464846
2,486,792.8886526,-0.004207464839,-0.004207464846
2,487,794.4837919,-0.004207464841,-0.004207464846
2,488,795.6065962,-0.00420746484,-0.004207464846
2,489,797.26347,-0.004207464838,-0.004207464846
2,490,798.7075702,-0.004207464837,-0.004207464846
2,491,799.6543362,-0.004207464837,-0.004207464846
2,492,801.6042465,-0.004207464838,-0.004207464846
2,493,802.5419849,-0.004207464838,-0.004207464846
2,494,803.2430962,-0.004207464839,-0.004207464846
2,495,804.7622391,-0.004207464839,-0.004207464846
2,496,805.8616357,-0.004207464839,-0.004207464846
2,497,808.1518149,-0.004207464839,-0.004207464846
2,498,809.1977834,-0.004207464839,-0.004207464846
2,499,810.0818049,-0.004207464839,-0.004207464846
2,500,811.1843588,-0.004207464839,-0.004207464846
2,501,812.7711084,-0.004207464839,-0.004207464846
2,502,814.0459136,-0.004207464839,-0.004207464846
2,503,814.8705396,-0.004207464838,-0.004207464846
2,504,816.7277377,-0.004207464837,-0.004207464846
2,505,818.3806689,-0.004207464838,-0.004207464846
2,506,819.2046422,-0.004207464839,-0.004207464846
2,507,820.7218984,-0.00420746484,-0.004207464846
2,508,821.7134541,-0.004207464841,-0.004207464846
2,509,822.1977575,-0.004207464842,-0.004207464846
2,510,824.5262939,-0.00420746484,-0.004207464846
2,511,826.0392874,-0.004207464839,-0.004207464846
2,512,826.905811,-0.004207464838,-0.004207464846
2,513,828.3401743,-0.00420746484,-0.004207464846
2,514,829.437011,-0.004207464841,-0.004207464846
2,515,830.8958841,-0.004207464842,-0.004207464846
2,516,831.7997777,-0.004207464842,-0.004207464846
2,517,833.0036409,-0.004207464841,-0.004207464846
2,518,834.6519151,-0.00420746484,-0.004207464846
2,519,836.6935762,-0.00420746484,-0.004207464846
2,520,837.3473351,-0.004207464841,-0.004207464846
2,521,838.249022,-0.004207464841,-0.004207464846
2,522,839.4653948,-0.004207464841,-0.004207464846
2,523,841.0363898,-0.004207464841,-0.004207464846
2,524,842.0413542,-0.004207464841,-0.004207464846
2,525,844.1661966,-0.004207464841,-0.004207464846
2,526,844.805994,-0.004207464841,-0.004207464846
2,527,846.1947699,-0.004207464841,-0.004207464846
2,528,847.9717176,-0.004207464841,-0.004207464846
2,529,848.4892812,-0.004207464842,-0.004207464846
2,530,849.8622743,-0.004207464842,-0.004207464846
2,531,850.6454485,-0.004207464841,-0.004207464846
2,532,853.1631126,-0.004207464841,-0.004207464846
2,533,854.0955117,-0.00420746484,-0.004207464846
2,534,855.2867102,-0.004207464841,-0.004207464846
2,535,856.4841175,-0.004207464842,-0.004207464846
2,536,857.3107406,-0.004207464843,-0.004207464846
2,537,858.9040265,-0.004207464843,-0.004207464846
2,538,860.4106709,-0.004207464842,-0.004207464846
2,539,861.1710982,-0.004207464841,-0.004207464846
2,540,863.1897198,-0.004207464841,-0.004207464846
2,541,864.3408239,-0.004207464842,-0.004207464846
2,542,865.5946643,-0.004207464842,-0.004207464846
2,543,866.4237399,-0.004207464843,-0.004207464846
2,544,867.6931226,-0.004207464843,-0.004207464846
2,545,868.6704942,-0.004207464843,-0.004207464846
2,546,870.8469023,-0.004207464843,-0.004207464846
2,547,872.1887508,-0.004207464843,-0.004207464846
2,548,873.098979,-0.004207464843,-0.004207464846
2,549,873.9083892,-0.004207464843,-0.004207464846
2,550,875.9852851,-0.004207464843,-0.004207464846
2,551,876.6008258,-0.004207464843,-0.004207464846
2,552,877.6546983,-0.004207464843,-0.004207464846
2,553,879.380952,-0.004207464842,-0.004207464846
2,554,880.8346488,-0.004207464842,-0.004207464846
2,555,882.3866966,-0.004207464843,-0.004207464846
2,556,883.4303318,-0.004207464843,-0.004207464846
2,557,884.1987431,-0.004207464843,-0.004207464846
2,558,885.2723045,-0.004207464844,-0.004207464846
2,559,886.852802,-0.004207464843,-0.004207464846
2,560,888.4755667,-0.004207464843,-0.004207464846
2,561,889.7352943,-0.004207464842,-0.004207464846
2,562,890.8131321,-0.004207464842,-0.004207464846
2,563,892.3864333,-0.004207464843,-0.004207464846
2,564,893.1191176,-0.004207464844,-0.004207464846
2,565,894.8862923,-0.004207464844,-0.004207464846
2,566,895.3979197,-0.004207464844,-0.004207464846
2,567,896.6322516,-0.004207464843,-0.004207464846
2,568,899.2215227,-0.004207464843,-0.004207464846
2,569,899.8588846,-0.004207464843,-0.004207464846
2,570,900.8497399,-0.004207464843,-0.004207464846
2,571,902.2432076,-0.004207464844,-0.004207464846
2,572,903.0996744,-0.004207464844,-0.004207464846
2,573,904.7029027,-0.004207464844,-0.004207464846
2,574,905.8299408,-0.004207464844,-0.004207464846
2,575,907.6567295,-0.004207464844,-0.004207464846
2,576,908.3335436,-0.004207464844,-0.004207464846
2,577,910.1863341,-0.004207464844,-0.004207464846
2,578,911.2349515,-0.004207464844,-0.004207464846
2,579,912.3310456,-0.004207464844,-0.004207464846
2,580,912.8239992,-0.004207464844,-0.004207464846
2,581,914.730097,-0.004207464844,-0.004207464846
2,582,916.3550008,-0.004207464843,-0.004207464846
2,583,917.8253776,-0.004207464843,-0.004207464846
2,584,918.8365352,-0.004207464844,-0.004207464846
2,585,919.4483444,-0.004207464844,-0.004207464846
2,586,921.1563955,-0.004207464845,-0.004207464846
2,587,922.5006293,-0.004207464844,-0.004207464846
2,588,923.2857198,-0.004207464844,-0.004207464846
2,589,924.7734839,-0.004207464844,-0.004207464846
2,590,926.5515528,-0.004207464843,-0.004207464846
2,591,927.850859,-0.004207464844,-0.004207464846
2,592,928.6636593,-0.004207464844,-0.004207464846
2,593,929.8740929,-0.004207464845,-0.004207464846
2,594,931.0092113,-0.004207464845,-0.004207464846
2,595,931.8527407,-0.004207464845,-0.004207464846
2,596,934.3853068,-0.004207464844,-0.004207464846
2,597,934.9954249,-0.004207464844,-0.004207464846
2,598,936.2286494,-0.004207464844,-0.004207464846
2,599,937.5329257,-0.004207464844,-0.004207464846
2,600,939.0243009,-0.004207464844,-0.004207464846
2,601,939.6609406,-0.004207464844,-0.004207464846
2,602,941.1569996,-0.004207464844,-0.004207464846
2,603,942.0523416,-0.004207464844,-0.004207464846
2,604,944.1880358,-0.004207464844,-0.004207464846
2,605,945.3335625,-0.004207464844,-0.004207464846
2,606,946.7658422,-0.004207464845,-0.004207464846
2,607,947.0791831,-0.004207464845,-0.004207464846
2,608,948.3466463,-0.004207464845,-0.004207464846
2,609,950.1516127,-0.004207464845,-0.004207464846
2,610,951.0332487,-0.004207464844,-0.004207464846
2,611,952.7279886,-0.004207464844,-0.004207464846
2,612,954.1297193,-0.004207464844,-0.004207464846
2,613,954.8293089,-0.004207464844,-0.004207464846
2,614,956.6754793,-0.004207464845,-0.004207464846
2,615,957.5100526,-0.004207464845,-0.004207464846
2,616,958.4145934,-0.004207464845,-0.004207464846
2,617,959.4591688,-0.004207464845,-0.004207464846
2,618,961.6695725,-0.004207464845,-0.004207464846
2,619,963.1820867,-0.004207464845,-0.004207464846
2,620,963.5670402,-0.004207464845,-0.004207464846
2,621,965.0555796,-0.004207464845,-0.004207464846
2,622,966.1107548,-0.004207464845,-0.004207464846
2,623,967.3711538,-0.004207464845,-0.004207464846
2,624,968.6363019,-0.004207464845,-0.004207464846
2,625,970.1256106,-0.004207464845,-0.004207464846
2,626,971.0714915,-0.004207464845,-0.004207464846
2,627,973.1853613,-0.004207464845,-0.004207464846
2,628,973.873079,-0.004207464845,-0.004207464846
2,629,974.7746351,-0.004207464845,-0.004207464846
2,630,976.1785024,-0.004207464845,-0.004207464846
2,631,976.9172021,-0.004207464845,-0.004207464846
2,632,978.7666715,-0.004207464845,-0.004207464846
2,633,980.5780006,-0.004207464845,-0.004207464846
2,634,981.2886153,-0.004207464845,-0.004207464846
2,635,982.3964852,-0.004207464845,-0.004207464846
2,636,983.575076,-0.004207464845,-0.004207464846
2,637,985.1869287,-0.004207464845,-0.004207464846
2,638,986.1305151,-0.004207464845,-0.004207464846
2,639,986.7560084,-0.004207464845,-0.004207464846
2,640,988.9926224,-0.004207464845,-0.004207464846
2,641,990.2239178,-0.004207464845,-0.004207464846
2,642,991.3742941,-0.004207464845,-0.004207464846
2,643,992.7286963,-0.004207464845,-0.004207464846
2,644,993.214581,-0.004207464845,-0.004207464846
2,645,994.4045906,-0.004207464845,-0.004207464846
2,646,996.2053362,-0.004207464845,-0.004207464846
2,647,997.5119348,-0.004207464845,-0.004207464846
2,648,998.8275471,-0.004207464845,-0.004207464846
2,649,999.7915716,-0.004207464845,-0.004207464846
2,650,1001.349483,-0.004207464845,-0.004207464846
2,651,1002.404305,-0.004207464845,-0.004207464846
2,652,1003.267808,-0.004207464845,-0.004207464846
2,653,1004.675044,-0.004207464845,-0.004207464846
2,654,1005.54342,-0.004207464845,-0.004207464846
2,655,1008.006704,-0.004207464845,-0.004207464846
2,656,1008.79571,-0.004207464845,-0.004207464846
2,657,1009.806591,-0.004207464845,-0.004207464846
2,658,1010.569757,-0.004207464845,-0.004207464846
2,659,1012.410043,-0.004207464845,-0.004207464846
2,660,1013.058638,-0.004207464845,-0.004207464846
2,661,1014.689633,-0.004207464845,-0.004207464846
2,662,1016.060179,-0.004207464845,-0.004207464846
2,663,1017.266402,-0.004207464845,-0.004207464846
2,664,1018.605573,-0.004207464845,-0.004207464846
2,665,1019.91244,-0.004207464845,-0.004207464846
2,666,1020.917475,-0.004207464845,-0.004207464846
2,667,1021.544344,-0.004207464846,-0.004207464846
2,668,1022.885271,-0.004207464845,-0.004207464846
2,669,1025.265724,-0.004207464845,-0.004207464846
2,670,1025.707944,-0.004207464845,-0.004207464846
2,671,1027.467694,-0.004207464845,-0.004207464846
2,672,1028.128964,-0.004207464845,-0.004207464846
2,673,1029.227297,-0.004207464846,-0.004207464846
2,674,1030.897369,-0.004207464846,-0.004207464846
2,675,1031.83318,-0.004207464846,-0.004207464846
2,676,1032.812883,-0.004207464845,-0.004207464846
2,677,1034.612916,-0.004207464845,-0.004207464846
2,678,1036.195917,-0.004207464845,-0.004207464846
2,679,1037.024708,-0.004207464845,-0.004207464846
2,680,1038.087752,-0.004207464845,-0.004207464846
2,681,1039.077401,-0.004207464845,-0.004207464846
2,682,1040.264038,-0.004207464845,-0.004207464846
2,683,1041.621528,-0.004207464845,-0.004207464846
2,684,1043.623954,-0.004207464845,-0.004207464846
2,685,1044.514976,-0.004207464845,-0.004207464846
2,686,1045.107042,-0.004207464845,-0.004207464846
2,687,1047.089817,-0.004207464845,-0.004207464846
2,688,1047.987147,-0.004207464846,-0.004207464846
2,689,1048.953785,-0.004207464846,-0.004207464846
2,690,1049.996284,-0.004207464845,-0.004207464846
2,691,1051.576572,-0.004207464845,-0.004207464846
2,692,1053.245785,-0.004207464845,-0.004207464846
2,693,1054.781039,-0.004207464845,-0.004207464846
2,694,1055.002146,-0.004207464846,-0.004207464846
2,695,1056.688847,-0.004207464846,-0.004207464846
2,696,1057.100044,-0.004207464846,-0.004207464846
2,697,1059.133769,-0.004207464846,-0.004207464846
2,698,1060.139519,-0.004207464846,-0.004207464846
2,699,1061.501304,-0.004207464845,-0.004207464846
2,700,1062.915382,-0.004207464845,-0.004207464846
2,701,1064.071551,-0.004207464846,-0.004207464846
2,702,1065.121855,-0.004207464846,-0.004207464846
2,703,1066.463223,-0.004207464846,-0.004207464846
2,704,1067.41886,-0.004207464846,-0.004207464846
2,705,1067.99,-0.004207464846,-0.004207464846
2,706,1070.535042,-0.004207464846,-0.004207464846
2,707,1071.618623,-0.004207464846,-0.004207464846
2,708,1072.543998,-0.004207464846,-0.004207464846
2,709,1073.570353,-0.004207464846,-0.004207464846
2,710,1074.747771,-0.004207464846,-0.004207464846
2,711,1076.266626,-0.004207464846,-0.004207464846
2,712,1076.924056,-0.004207464846,-0.004207464846
2,713,1078.647198,-0.004207464846,-0.004207464846
2,714,1079.809965,-0.004207464846,-0.004207464846
2,715,1081.171002,-0.004207464846,-0.004207464846
2,716,1082.95275,-0.004207464846,-0.004207464846
2,717,1083.295467,-0.004207464846,-0.004207464846
2,718,1084.183264,-0.004207464846,-0.004207464846
2,719,1085.647831,-0.004207464846,-0.004207464846
2,720,1086.911999,-0.004207464846,-0.004207464846
2,721,1088.755725,-0.004207464846,-0.004207464846
2,722,1089.795338,-0.004207464846,-0.004207464846
2,723,1090.863191,-0.004207464846,-0.004207464846
2,724,1091.728473,-0.004207464846,-0.004207464846
2,725,1093.440873,-0.004207464846,-0.004207464846
2,726,1094.284458,-0.004207464846,-0.004207464846
2,727,1095.433085,-0.004207464846,-0.004207464846
2,728,1096.401918,-0.004207464846,-0.004207464846
2,729,1098.841015,-0.004207464846,-0.004207464846
2,730,1099.360667,-0.004207464846,-0.004207464846
2,731,1100.574461,-0.004207464846,-0.004207464846
2,732,1101.839111,-0.004207464846,-0.004207464846
2,733,1102.55178,-0.004207464846,-0.004207464846
2,734,1103.732297,-0.004207464846,-0.004207464846
2,735,1105.617189,-0.004207464846,-0.004207464846
2,736,1106.774372,-0.004207464846,-0.004207464846
2,737,1107.774532,-0.004207464846,-0.004207464846
2,738,1109.158919,-0.004207464846,-0.004207464846
2,739,1110.444143,-0.004207464846,-0.004207464846
2,740,1111.443505,-0.004207464846,-0.004207464846
2,741,1112.432995,-0.004207464846,-0.004207464846
2,742,1113.397595,-0.004207464846,-0.004207464846
2,743,1115.065359,-0.004207464846,-0.004207464846
2,744,1116.787254,-0.004207464846,-0.004207464846
2,745,1117.96592,-0.004207464846,-0.004207464846
2,746,1118.684135,-0.004207464846,-0.004207464846
2,747,1119.473247,-0.004207464846,-0.004207464846
2,748,1121.155938,-0.004207464846,-0.004207464846
2,749,1122.458621,-0.004207464846,-0.004207464846
2,750,1123.101117,-0.004207464846,-0.004207464846
2,751,1125.314729,-0.004207464846,-0.004207464846
2,752,1125.763442,-0.004207464846,-0.004207464846
2,753,1127.658024,-0.004207464846,-0.004207464846
2,754,1128.430225,-0.004207464846,-0.004207464846
2,755,1129.728997,-0.004207464846,-0.004207464846
2,756,1130.391598,-0.004207464846,-0.004207464846
2,757,1131.495086,-0.004207464846,-0.004207464846
2,758,1133.708626,-0.004207464846,-0.004207464846
2,759,1134.885655,-0.004207464846,-0.004207464846
2,760,1135.562214,-0.004207464846,-0.004207464846
2,761,1136.929293,-0.004207464846,-0.004207464846
2,762,1138.15159,-0.004207464846,-0.004207464846
2,763,1138.992342,-0.004207464846,-0.004207464846
2,764,1140.721848,-0.004207464846,-0.004207464846
2,765,1141.261023,-0.004207464846,-0.004207464846
2,766,1142.85866,-0.004207464846,-0.004207464846
2,767,1144.7823,-0.004207464846,-0.004207464846
2,768,1145.485328,-0.004207464846,-0.004207464846
2,769,1146.576815,-0.004207464846,-0.004207464846
2,770,1147.501777,-0.004207464846,-0.004207464846
2,771,1148.615277,-0.004207464846,-0.004207464846
2,772,1149.982601,-0.004207464846,-0.004207464846
2,773,1151.562815,-0.004207464846,-0.004207464846
2,774,1152.943129,-0.004207464846,-0.004207464846
2,775,1153.890304,-0.004207464846,-0.004207464846
2,776,1154.69752,-0.004207464846,-0.004207464846
2,777,1156.621568,-0.004207464846,-0.004207464846
2,778,1157.432315,-0.004207464846,-0.004207464846
2,779,1158.001609,-0.004207464846,-0.004207464846
2,780,1159.480657,-0.004207464846,-0.004207464846
2,781,1161.396645,-0.004207464846,-0.004207464846
2,782,1162.487529,-0.004207464846,-0.004207464846
2,783,1163.701032,-0.004207464846,-0.004207464846
2,784,1164.737586,-0.004207464846,-0.004207464846
2,785,1165.271228,-0.004207464846,-0.004207464846
2,786,1166.943613,-0.004207464846,-0.004207464846
2,787,1168.086272,-0.004207464846,-0.004207464846
2,788,1169.698357,-0.004207464846,-0.004207464846
2,789,1170.463639,-0.004207464846,-0.004207464846
2,790,1172.120682,-0.004207464846,-0.004207464846
2,791,1173.305688,-0.004207464846,-0.004207464846
2,792,1174.232767,-0.004207464846,-0.004207464846
2,793,1175.215452,-0.004207464846,-0.004207464846
2,794,1176.632876,-0.004207464846,-0.004207464846
2,795,1177.106304,-0.004207464846,-0.004207464846
2,796,1179.701224,-0.004207464846,-0.004207464846
2,797,1180.653544,-0.004207464846,-0.004207464846
2,798,1181.267318,-0.004207464846,-0.004207464846
2,799,1182.58227,-0.004207464846,-0.004207464846
2,800,1183.712775,-0.004207464846,-0.004207464846
2,801,1185.155843,-0.004207464846,-0.004207464846
2,802,1185.875359,-0.004207464846,-0.004207464846
2,803,1187.345161,-0.004207464846,-0.004207464846
2,804,1188.856444,-0.004207464846,-0.004207464846
2,805,1189.963636,-0.004207464846,-0.004207464846
2,806,1191.482606,-0.004207464846,-0.004207464846
2,807,1192.218611,-0.004207464846,-0.004207464846
2,808,1193.324021,-0.004207464846,-0.004207464846
2,809,1193.857427,-0.004207464846,-0.004207464846
2,810,1196.034672,-0.004207464846,-0.004207464846
2,811,1197.071787,-0.004207464846,-0.004207464846
2,812,1198.686569,-0.004207464846,-0.004207464846
2,813,1199.356514,-0.004207464846,-0.004207464846
2,814,1200.532692,-0.004207464846,-0.004207464846
2,815,1201.810335,-0.004207464846,-0.004207464846
2,816,1203.137351,-0.004207464846,-0.004207464846
2,817,1203.855248,-0.004207464846,-0.004207464846
2,818,1204.985492,-0.004207464846,-0.004207464846
2,819,1206.8705,-0.004207464846,-0.004207464846
2,820,1208.47146,-0.004207464846,-0.004207464846
2,821,1208.989484,-0.004207464846,-0.004207464846
2,822,1209.89803,-0.004207464846,-0.004207464846
2,823,1211.416116,-0.004207464846,-0.004207464846
2,824,1212.113153,-0.004207464846,-0.004207464846
2,825,1213.598373,-0.004207464846,-0.004207464846
2,826,1215.389975,-0.004207464846,-0.004207464846
2,827,1216.183722,-0.004207464846,-0.004207464846
2,828,1217.174482,-0.004207464846,-0.004207464846
2,829,1219.050028,-0.004207464846,-0.004207464846
2,830,1219.614471,-0.004207464846,-0.004207464846
2,831,1220.816348,-0.004207464846,-0.004207464846
2,832,1221.692242,-0.004207464846,-0.004207464846
2,833,1222.952484,-0.004207464846,-0.004207464846
2,834,1225.01833,-0.004207464846,-0.004207464846
2,835,1225.855021,-0.004207464846,-0.004207464846
2,836,1227.231828,-0.004207464846,-0.004207464846
2,837,1227.917142,-0.004207464846,-0.004207464846
2,838,1228.793154,-0.004207464846,-0.004207464846
2,839,1230.584603,-0.004207464846,-0.004207464846
2,840,1231.562274,-0.004207464846,-0.004207464846
2,841,1232.529587,-0.004207464846,-0.004207464846
2,842,1234.277817,-0.004207464846,-0.004207464846
2,843,1235.502549,-0.004207464846,-0.004207464846
2,844,1236.399017,-0.004207464846,-0.004207464846
2,845,1237.977299,-0.004207464846,-0.004207464846
2,846,1238.457233,-0.004207464846,-0.004207464846
2,847,1239.490807,-0.004207464846,-0.004207464846
2,848,1240.813472,-0.004207464846,-0.004207464846
2,849,1243.078076,-0.004207464846,-0.004207464846
2,850,1243.538147,-0.004207464846,-0.004207464846
2,851,1244.851434,-0.004207464846,-0.004207464846
2,852,1245.655866,-0.004207464846,-0.004207464846
2,853,1247.372562,-0.004207464846,-0.004207464846
2,854,1248.063061,-0.004207464846,-0.004207464846
2,855,1249.159888,-0.004207464846,-0.004207464846
2,856,1250.672397,-0.004207464846,-0.004207464846
2,857,1251.659832,-0.004207464846,-0.004207464846
2,858,1253.673578,-0.004207464846,-0.004207464846
2,859,1254.431328,-0.004207464846,-0.004207464846
2,860,1255.408231,-0.004207464846,-0.004207464846
2,861,1256.181214,-0.004207464846,-0.004207464846
2,862,1257.541219,-0.004207464846,-0.004207464846
2,863,1258.779233,-0.004207464846,-0.004207464846
2,864,1260.344548,-0.004207464846,-0.004207464846
2,865,1261.611717,-0.004207464846,-0.004207464846
2,866,1262.556614,-0.004207464846,-0.004207464846
2,867,1263.676733,-0.004207464846,-0.004207464846
2,868,1264.957223,-0.004207464846,-0.004207464846
2,869,1266.179038,-0.004207464846,-0.004207464846
2,870,1267.200346,-0.004207464846,-0.004207464846
2,871,1267.570572,-0.004207464846,-0.004207464846
2,872,1270.118922,-0.004207464846,-0.004207464846
2,873,1271.1343,-0.004207464846,-0.004207464846
2,874,1272.08396,-0.004207464846,-0.004207464846
2,875,1273.261145,-0.004207464846,-0.004207464846
2,876,1274.196221,-0.004207464846,-0.004207464846
2,877,1275.09203,-0.004207464846,-0.004207464846
2,878,1276.842172,-0.004207464846,-0.004207464846
2,879,1277.763092,-0.004207464846,-0.004207464846
2,880,1279.332843,-0.004207464846,-0.004207464846
2,881,1280.155794,-0.004207464846,-0.004207464846
2,882,1281.828727,-0.004207464846,-0.004207464846
2,883,1283.000491,-0.004207464846,-0.004207464846
2,884,1283.335032,-0.004207464846,-0.004207464846
2,885,1284.854795,-0.004207464846,-0.004207464846
2,886,1285.695023,-0.004207464846,-0.004207464846
2,887,1287.410027,-0.004207464846,-0.004207464846
2,888,1289.165352,-0.004207464846,-0.004207464846
2,889,1290.104772,-0.004207464846,-0.004207464846
2,890,1290.417708,-0.004207464846,-0.004207464846
2,891,1291.945871,-0.004207464846,-0.004207464846
2,892,1293.493982,-0.004207464846,-0.004207464846
2,893,1294.118474,-0.004207464846,-0.004207464846
2,894,1295.365364,-0.004207464846,-0.004207464846
2,895,1296.801111,-0.004207464846,-0.004207464846
2,896,1298.256527,-0.004207464846,-0.004207464846
2,897,1299.405171,-0.004207464846,-0.004207464846
2,898,1300.490019,-0.004207464846,-0.004207464846
2,899,1301.495517,-0.004207464846,-0.004207464846
2,900,1302.346742,-0.004207464846,-0.004207464846
2,901,1303.2732,-0.004207464846,-0.004207464846
2,902,1305.401672,-0.004207464846,-0.004207464846
2,903,1306.508393,-0.004207464846,-0.004207464846
2,904,1307.267242,-0.004207464846,-0.004207464846
2,905,1308.988197,-0.004207464846,-0.004207464846
2,906,1309.421532,-0.004207464846,-0.004207464846
2,907,1311.056571,-0.004207464846,-0.004207464846
2,908,1311.966941,-0.004207464846,-0.004207464846
2,909,1313.031599,-0.004207464846,-0.004207464846
2,910,1314.052566,-0.004207464846,-0.004207464846
2,911,1316.212113,-0.004207464846,-0.004207464846
2,912,1317.072986,-0.004207464846,-0.004207464846
2,913,1318.171279,-0.004207464846,-0.004207464846
2,914,1318.947881,-0.004207464846,-0.004207464846
2,915,1319.931083,-0.004207464846,-0.004207464846
2,916,1321.628139,-0.004207464846,-0.004207464846
2,917,1322.258067,-0.004207464846,-0.004207464846
2,918,1324.224979,-0.004207464846,-0.004207464846
2,919,1325.237624,-0.004207464846,-0.004207464846
2,920,1325.98197,-0.004207464846,-0.004207464846
2,921,1327.635281,-0.004207464846,-0.004207464846
2,922,1329.043518,-0.004207464846,-0.004207464846
2,923,1329.205019,-0.004207464846,-0.004207464846
2,924,1330.429937,-0.004207464846,-0.004207464846
2,925,1331.827591,-0.004207464846,-0.004207464846
2,926,1333.673523,-0.004207464846,-0.004207464846
2,927,1334.747329,-0.004207464846,-0.004207464846
2,928,1335.694975,-0.004207464846,-0.004207464846
2,929,1336.690185,-0.004207464846,-0.004207464846
2,930,1337.688792,-0.004207464846,-0.004207464846
2,931,1338.923165,-0.004207464846,-0.004207464846
2,932,1340.4264,-0.004207464846,-0.004207464846
2,933,1341.166272,-0.004207464846,-0.004207464846
2,934,1342.608508,-0.004207464846,-0.004207464846
2,935,1344.156044,-0.004207464846,-0.004207464846
2,936,1345.477106,-0.004207464846,-0.004207464846
2,937,1345.731413,-0.004207464846,-0.004207464846
2,938,1347.519472,-0.004207464846,-0.004207464846
2,939,1348.017238,-0.004207464846,-0.004207464846
2,940,1349.085194,-0.004207464846,-0.004207464846
2,941,1351.296206,-0.004207464846,-0.004207464846
2,942,1352.210465,-0.004207464846,-0.004207464846
2,943,1353.483338,-0.004207464846,-0.004207464846
2,944,1353.886782,-0.004207464846,-0.004207464846
2,945,1355.680595,-0.004207464846,-0.004207464846
2,946,1356.605656,-0.004207464846,-0.004207464846
2,947,1357.771743,-0.004207464846,-0.004207464846
2,948,1358.46016,-0.004207464846,-0.004207464846
2,949,1360.393145,-0.004207464846,-0.004207464846
2,950,1361.393075,-0.004207464846,-0.004207464846
2,951,1363.022329,-0.004207464846,-0.004207464846
2,952,1363.879191,-0.004207464846,-0.004207464846
2,953,1364.576585,-0.004207464846,-0.004207464846
2,954,1365.493734,-0.004207464846,-0.004207464846
2,955,1367.104091,-0.004207464846,-0.004207464846
2,956,1368.330193,-0.004207464846,-0.004207464846
2,957,1369.686949,-0.004207464846,-0.004207464846
2,958,1370.973523,-0.004207464846,-0.004207464846
2,959,1371.686554,-0.004207464846,-0.004207464846
2,960,1373.202915,-0.004207464846,-0.004207464846
2,961,1374.154799,-0.004207464846,-0.004207464846
2,962,1375.302392,-0.004207464846,-0.004207464846
2,963,1376.16178,-0.004207464846,-0.004207464846
2,964,1377.177634,-0.004207464846,-0.004207464846
2,965,1379.683283,-0.004207464846,-0.004207464846
2,966,1380.148578,-0.004207464846,-0.004207464846
2,967,1381.073977,-0.004207464846,-0.004207464846
2,968,1382.345663,-0.004207464846,-0.004207464846
2,969,1383.297591,-0.004207464846,-0.004207464846
2,970,1384.444416,-0.004207464846,-0.004207464846
2,971,1385.663777,-0.004207464846,-0.004207464846
2,972,1387.326648,-0.004207464846,-0.004207464846
2,973,1387.921454,-0.004207464846,-0.004207464846
2,974,1389.565832,-0.004207464846,-0.004207464846
2,975,1390.70549,-0.004207464846,-0.004207464846
2,976,1391.8532,-0.004207464846,-0.004207464846
2,977,1392.644028,-0.004207464846,-0.004207464846
2,978,1393.433402,-0.004207464846,-0.004207464846
2,979,1394.884185,-0.004207464846,-0.004207464846
2,980,1396.544163,-0.004207464846,-0.004207464846
2,981,1397.834623,-0.004207464846,-0.004207464846
2,982,1398.837675,-0.004207464846,-0.004207464846
2,983,1399.839473,-0.004207464846,-0.004207464846
2,984,1400.426946,-0.004207464846,-0.004207464846
2,985,1402.564347,-0.004207464846,-0.004207464846
2,986,1402.973748,-0.004207464846,-0.004207464846
2,987,1404.006292,-0.004207464846,-0.004207464846
2,988,1405.666975,-0.004207464846,-0.004207464846
2,989,1407.085143,-0.004207464846,-0.004207464846
2,990,1408.136307,-0.004207464846,-0.004207464846
2,991,1409.320681,-0.004207464846,-0.004207464846
2,992,1410.024811,-0.004207464846,-0.004207464846
2,993,1411.257057,-0.004207464846,-0.004207464846
2,994,1411.965653,-0.004207464846,-0.004207464846
2,995,1413.843149,-0.004207464846,-0.004207464846
2,996,1415.585785,-0.004207464846,-0.004207464846
2,997,1415.781581,-0.004207464846,-0.004207464846
2,998,1417.102823,-0.004207464846,-0.004207464846
2,999,1418.696964,-0.004207464846,-0.004207464846
2,1000,1419.422481,-0.004207464846,-0.004207464846
2,1001,1420.416526,-0.004207464846,-0.004207464846
2,1002,1421.850567,-0.004207464846,-0.004207464846
2,1003,1422.461311,-0.004207464846,-0.004207464846
2,1004,1424.463046,-0.004207464846,-0.004207464846
2,1005,1425.873469,-0.004207464846,-0.004207464846
2,1006,1426.64598,-0.004207464846,-0.004207464846
2,1007,1427.365671,-0.004207464846,-0.004207464846
2,1008,1428.592306,-0.004207464846,-0.004207464846
2,1009,1429.650477,-0.004207464846,-0.004207464846
2,1010,1431.218314,-0.004207464846,-0.004207464846
2,1011,1432.049741,-0.004207464846,-0.004207464846
2,1012,1433.821941,-0.004207464846,-0.004207464846
2,1013,1434.584942,-0.004207464846,-0.004207464846
2,1014,1435.692907,-0.004207464846,-0.004207464846
2,1015,1437.226722,-0.004207464846,-0.004207464846
2,1016,1438.006285,-0.004207464846,-0.004207464846
2,1017,1438.949553,-0.004207464846,-0.004207464846
2,1018,1439.622793,-0.004207464846,-0.004207464846
2,1019,1441.960988,-0.004207464846,-0.004207464846
2,1020,1442.91106,-0.004207464846,-0.004207464846
2,1021,1444.041931,-0.004207464846,-0.004207464846
2,1022,1445.072278,-0.004207464846,-0.004207464846
2,1023,1445.830085,-0.004207464846,-0.004207464846
2,1024,1447.226227,-0.004207464846,-0.004207464846
2,1025,1448.323854,-0.004207464846,-0.004207464846
2,1026,1449.488771,-0.004207464846,-0.004207464846
2,1027,1450.773562,-0.004207464846,-0.004207464846
2,1028,1451.835298,-0.004207464846,-0.004207464846
2,1029,1453.737597,-0.004207464846,-0.004207464846
2,1030,1454.226011,-0.004207464846,-0.004207464846
2,1031,1455.312091,-0.004207464846,-0.004207464846
2,1032,1456.167798,-0.004207464846,-0.004207464846
2,1033,1457.539002,-0.004207464846,-0.004207464846
2,1034,1458.393777,-0.004207464846,-0.004207464846
2,1035,1460.688271,-0.004207464846,-0.004207464846
2,1036,1461.245443,-0.004207464846,-0.004207464846
2,1037,1462.266123,-0.004207464846,-0.004207464846
2,1038,1463.286891,-0.004207464846,-0.004207464846
2,1039,1464.696903,-0.004207464846,-0.004207464846
2,1040,1465.889558,-0.004207464846,-0.004207464846
2,1041,1466.505621,-0.004207464846,-0.004207464846
2,1042,1467.70399,-0.004207464846,-0.004207464846
2,1043,1469.34765,-0.004207464846,-0.004207464846
2,1044,1470.966589,-0.004207464846,-0.004207464846
2,1045,1471.388765,-0.004207464846,-0.004207464846
2,1046,1473.020132,-0.004207464846,-0.004207464846
2,1047,1473.745649,-0.004207464846,-0.004207464846
2,1048,1474.203222,-0.004207464846,-0.004207464846
2,1049,1476.092127,-0.004207464846,-0.004207464846
2,1050,1477.435191,-0.004207464846,-0.004207464846
2,1051,1478.441396,-0.004207464846,-0.004207464846
2,1052,1479.759919,-0.004207464846,-0.004207464846
2,1053,1480.766879,-0.004207464846,-0.004207464846
2,1054,1481.964684,-0.004207464846,-0.004207464846
2,1055,1483.03296,-0.004207464846,-0.004207464846
2,1056,1484.143581,-0.004207464846,-0.004207464846
2,1057,1484.817883,-0.004207464846,-0.004207464846
2,1058,1486.171349,-0.004207464846,-0.004207464846
2,1059,1488.116338,-0.004207464846,-0.004207464846
2,1060,1489.252467,-0.004207464846,-0.004207464846
2,1061,1489.970892,-0.004207464846,-0.004207464846
2,1062,1490.670694,-0.004207464846,-0.004207464846
2,1063,1492.180091,-0.004207464846,-0.004207464846
2,1064,1493.330835,-0.004207464846,-0.004207464846
2,1065,1494.155369,-0.004207464846,-0.004207464846
2,1066,1495.768833,-0.004207464846,-0.004207464846
2,1067,1497.065506,-0.004207464846,-0.004207464846
2,1068,1497.747361,-0.004207464846,-0.004207464846
2,1069,1499.640825,-0.004207464846,-0.004207464846
2,1070,1500.351952,-0.004207464846,-0.004207464846
2,1071,1501.119325,-0.004207464846,-0.004207464846
2,1072,1502.346063,-0.004207464846,-0.004207464846
2,1073,1503.090933,-0.004207464846,-0.004207464846
2,1074,1505.26153,-0.004207464846,-0.004207464846
2,1075,1506.152986,-0.004207464846,-0.004207464846
2,1076,1507.407505,-0.004207464846,-0.004207464846
2,1077,1508.253031,-0.004207464846,-0.004207464846
2,1078,1509.280419,-0.004207464846,-0.004207464846
2,1079,1510.391797,-0.004207464846,-0.004207464846
2,1080,1511.923005,-0.004207464846,-0.004207464846
2,1081,1512.589765,-0.004207464846,-0.004207464846
2,1082,1513.589766,-0.004207464846,-0.004207464846
2,1083,1515.708344,-0.004207464846,-0.004207464846
2,1084,1516.43599,-0.004207464846,-0.004207464846
2,1085,1517.719806,-0.004207464846,-0.004207464846
2,1086,1518.414791,-0.004207464846,-0.004207464846
2,1087,1519.741009,-0.004207464846,-0.004207464846
2,1088,1520.273622,-0.004207464846,-0.004207464846
2,1089,1521.901909,-0.004207464846,-0.004207464846
2,1090,1523.486047,-0.004207464846,-0.004207464846
2,1091,1524.724892,-0.004207464846,-0.004207464846
2,1092,1525.227837,-0.004207464846,-0.004207464846
2,1093,1526.552312,-0.004207464846,-0.004207464846
2,1094,1528.04093,-0.004207464846,-0.004207464846
2,1095,1529.034457,-0.004207464846,-0.004207464846
2,1096,1529.369975,-0.004207464846,-0.004207464846
2,1097,1531.020743,-0.004207464846,-0.004207464846
2,1098,1532.222327,-0.004207464846,-0.004207464846
2,1099,1533.886978,-0.004207464846,-0.004207464846
2,1100,1535.042277,-0.004207464846,-0.004207464846
2,1101,1535.769502,-0.004207464846,-0.004207464846
2,1102,1536.620702,-0.004207464846,-0.004207464846
2,1103,1537.651062,-0.004207464846,-0.004207464846
2,1104,1539.302855,-0.004207464846,-0.004207464846
2,1105,1540.03027,-0.004207464846,-0.004207464846
2,1106,1541.742249,-0.004207464846,-0.004207464846
2,1107,1542.496523,-0.004207464846,-0.004207464846
2,1108,1544.11867,-0.004207464846,-0.004207464846
2,1109,1544.834608,-0.004207464846,-0.004207464846
2,1110,1546.091198,-0.004207464846,-0.004207464846
2,1111,1547.297581,-0.004207464846,-0.004207464846
2,1112,1547.806564,-0.004207464846,-0.004207464846
2,1113,1548.871348,-0.004207464846,-0.004207464846
2,1114,1551.273845,-0.004207464846,-0.004207464846
2,1115,1552.006873,-0.004207464846,-0.004207464846
2,1116,1552.736105,-0.004207464846,-0.004207464846
2,1117,1554.156519,-0.004207464846,-0.004207464846
2,1118,1554.921285,-0.004207464846,-0.004207464846
2,1119,1556.162987,-0.004207464846,-0.004207464846
2,1120,1557.394507,-0.004207464846,-0.004207464846
2,1121,1558.339153,-0.004207464846,-0.004207464846
2,1122,1559.781154,-0.004207464846,-0.004207464846
2,1123,1560.876476,-0.004207464846,-0.004207464846
2,1124,1562.410153,-0.004207464846,-0.004207464846
2,1125,1563.385401,-0.004207464846,-0.004207464846
2,1126,1564.17794,-0.004207464846,-0.004207464846
2,1127,1564.915788,-0.004207464846,-0.004207464846
2,1128,1566.266416,-0.004207464846,-0.004207464846
2,1129,1567.623451,-0.004207464846,-0.004207464846
2,1130,1569.022478,-0.004207464846,-0.004207464846
2,1131,1570.509278,-0.004207464846,-0.004207464846
2,1132,1571.045381,-0.004207464846,-0.004207464846
2,1133,1571.845352,-0.004207464846,-0.004207464846
2,1134,1573.806563,-0.004207464846,-0.004207464846
2,1135,1574.230915,-0.004207464846,-0.004207464846
2,1136,1575.638155,-0.004207464846,-0.004207464846
2,1137,1576.161352,-0.004207464846,-0.004207464846
2,1138,1578.118827,-0.004207464846,-0.004207464846
2,1139,1579.514055,-0.004207464846,-0.004207464846
2,1140,1580.372082,-0.004207464846,-0.004207464846
2,1141,1581.363552,-0.004207464846,-0.004207464846
2,1142,1582.329487,-0.004207464846,-0.004207464846
2,1143,1583.394693,-0.004207464846,-0.004207464846
2,1144,1584.234848,-0.004207464846,-0.004207464846
2,1145,1586.293211,-0.004207464846,-0.004207464846
2,1146,1587.004342,-0.004207464846,-0.004207464846
2,1147,1588.163404,-0.004207464846,-0.004207464846
2,1148,1589.357946,-0.004207464846,-0.004207464846
2,1149,1590.835904,-0.004207464846,-0.004207464846
2,1150,1591.293884,-0.004207464846,-0.004207464846
2,1151,1592.637167,-0.004207464846,-0.004207464846
2,1152,1593.584808,-0.004207464846,-0.004207464846
2,1153,1594.44269,-0.004207464846,-0.004207464846
2,1154,1596.484492,-0.004207464846,-0.004207464846
2,1155,1597.715896,-0.004207464846,-0.004207464846
2,1156,1598.420799,-0.004207464846,-0.004207464846
2,1157,1599.619349,-0.004207464846,-0.004207464846
2,1158,1600.048045,-0.004207464846,-0.004207464846
2,1159,1601.911946,-0.004207464846,-0.004207464846
2,1160,1602.815405,-0.004207464846,-0.004207464846
2,1161,1603.655203,-0.004207464846,-0.004207464846
2,1162,1605.521647,-0.004207464846,-0.004207464846
2,1163,1606.293418,-0.004207464846,-0.004207464846
2,1164,1607.556905,-0.004207464846,-0.004207464846
2,1165,1608.836295,-0.004207464846,-0.004207464846
2,1166,1610.003264,-0.004207464846,-0.004207464846
2,1167,1610.253823,-0.004207464846,-0.004207464846
2,1168,1611.437141,-0.004207464846,-0.004207464846
2,1169,1613.078855,-0.004207464846,-0.004207464846
2,1170,1614.710628,-0.004207464846,-0.004207464846
2,1171,1615.574609,-0.004207464846,-0.004207464846
2,1172,1616.398395,-0.004207464846,-0.004207464846
2,1173,1617.734685,-0.004207464846,-0.004207464846
2,1174,1618.537518,-0.004207464846,-0.004207464846
2,1175,1619.952501,-0.004207464846,-0.004207464846
2,1176,1620.774311,-0.004207464846,-0.004207464846
2,1177,1622.098752,-0.004207464846,-0.004207464846
2,1178,1622.977768,-0.004207464846,-0.004207464846
2,1179,1625.021857,-0.004207464846,-0.004207464846
2,1180,1625.98702,-0.004207464846,-0.004207464846
2,1181,1626.399919,-0.004207464846,-0.004207464846
2,1182,1627.755441,-0.004207464846,-0.004207464846
2,1183,1628.715317,-0.004207464846,-0.004207464846
2,1184,1629.658669,-0.004207464846,-0.004207464846
2,1185,1631.194815,-0.004207464846,-0.004207464846
2,1186,1632.798184,-0.004207464846,-0.004207464846
2,1187,1633.512517,-0.004207464846,-0.004207464846
2,1188,1634.516823,-0.004207464846,-0.004207464846
2,1189,1635.718366,-0.004207464846,-0.004207464846
2,1190,1637.08919,-0.004207464846,-0.004207464846
2,1191,1637.994644,-0.004207464846,-0.004207464846
2,1192,1638.599658,-0.004207464846,-0.004207464846
2,1193,1639.821236,-0.004207464846,-0.004207464846
2,1194,1641.899819,-0.004207464846,-0.004207464846
2,1195,1642.48978,-0.004207464846,-0.004207464846
2,1196,1644.152066,-0.004207464846,-0.004207464846
2,1197,1644.713746,-0.004207464846,-0.004207464846
2,1198,1645.57376,-0.004207464846,-0.004207464846
2,1199,1646.624867,-0.004207464846,-0.004207464846
2,1200,1648.270598,-0.004207464846,-0.004207464846
2,1201,1649.118535,-0.004207464846,-0.004207464846
2,1202,1650.416989,-0.004207464846,-0.004207464846
2,1203,1651.732693,-0.004207464846,-0.004207464846
2,1204,1652.671066,-0.004207464846,-0.004207464846
2,1205,1654.205897,-0.004207464846,-0.004207464846
2,1206,1654.726652,-0.004207464846,-0.004207464846
2,1207,1655.822776,-0.004207464846,-0.004207464846
2,1208,1657.114236,-0.004207464846,-0.004207464846
2,1209,1657.567101,-0.004207464846,-0.004207464846
2,1210,1660.01998,-0.004207464846,-0.004207464846
2,1211,1660.860057,-0.004207464846,-0.004207464846
2,1212,1661.836893,-0.004207464846,-0.004207464846
2,1213,1662.377203,-0.004207464846,-0.004207464846
2,1214,1664.057265,-0.004207464846,-0.004207464846
2,1215,1664.968004,-0.004207464846,-0.004207464846
2,1216,1665.87764,-0.004207464846,-0.004207464846
2,1217,1667.241125,-0.004207464846,-0.004207464846
2,1218,1668.368229,-0.004207464846,-0.004207464846
2,1219,1669.669728,-0.004207464846,-0.004207464846
2,1220,1671.047182,-0.004207464846,-0.004207464846
2,1221,1671.984259,-0.004207464846,-0.004207464846
2,1222,1672.963371,-0.004207464846,-0.004207464846
2,1223,1673.687445,-0.004207464846,-0.004207464846
2,1224,1674.648462,-0.004207464846,-0.004207464846
2,1225,1676.362486,-0.004207464846,-0.004207464846
2,1226,1677.691227,-0.004207464846,-0.004207464846
2,1227,1678.630368,-0.004207464846,-0.004207464846
2,1228,1680.077947,-0.004207464846,-0.004207464846
2,1229,1680.50477,-0.004207464846,-0.004207464846
2,1230,1681.81232,-0.004207464846,-0.004207464846
2,1231,1683.273289,-0.004207464846,-0.004207464846
2,1232,1684.171657,-0.004207464846,-0.004207464846
2,1233,1684.558863,-0.004207464846,-0.004207464846
2,1234,1686.421122,-0.004207464846,-0.004207464846
2,1235,1688.080143,-0.004207464846,-0.004207464846
2,1236,1688.933869,-0.004207464846,-0.004207464846
2,1237,1689.703154,-0.004207464846,-0.004207464846
2,1238,1691.05156,-0.004207464846,-0.004207464846
2,1239,1691.515193,-0.004207464846,-0.004207464846
2,1240,1693.053021,-0.004207464846,-0.004207464846
2,1241,1694.017565,-0.004207464846,-0.004207464846
2,1242,1695.832554,-0.004207464846,-0.004207464846
2,1243,1696.654997,-0.004207464846,-0.004207464846
2,1244,1697.342514,-0.004207464846,-0.004207464846
2,1245,1699.229547,-0.004207464846,-0.004207464846
2,1246,1699.966817,-0.004207464846,-0.004207464846
2,1247,1700.820303,-0.004207464846,-0.004207464846
2,1248,1701.825551,-0.004207464846,-0.004207464846
2,1249,1702.92325,-0.004207464846,-0.004207464846
2,1250,1704.291412,-0.004207464846,-0.004207464846
2,1251,1706.256032,-0.004207464846,-0.004207464846
2,1252,1706.615665,-0.004207464846,-0.004207464846
2,1253,1707.912312,-0.004207464846,-0.004207464846
2,1254,1708.512116,-0.004207464846,-0.004207464846
2,1255,1709.780842,-0.004207464846,-0.004207464846
2,1256,1711.137603,-0.004207464846,-0.004207464846
2,1257,1712.155398,-0.004207464846,-0.004207464846
2,1258,1713.055342,-0.004207464846,-0.004207464846
2,1259,1714.717145,-0.004207464846,-0.004207464846
2,1260,1715.825283,-0.004207464846,-0.004207464846
2,1261,1716.769984,-0.004207464846,-0.004207464846
2,1262,1717.974485,-0.004207464846,-0.004207464846
2,1263,1718.954152,-0.004207464846,-0.004207464846
2,1264,1719.724469,-0.004207464846,-0.004207464846
2,1265,1720.498071,-0.004207464846,-0.004207464846
2,1266,1722.844662,-0.004207464846,-0.004207464846
2,1267,1723.532823,-0.004207464846,-0.004207464846
2,1268,1724.733959,-0.004207464846,-0.004207464846
2,1269,1725.638628,-0.004207464846,-0.004207464846
2,1270,1726.605701,-0.004207464846,-0.004207464846
2,1271,1728.166507,-0.004207464846,-0.004207464846
2,1272,1728.644486,-0.004207464846,-0.004207464846
2,1273,1730.023873,-0.004207464846,-0.004207464846
2,1274,1731.014194,-0.004207464846,-0.004207464846
2,1275,1732.43017,-0.004207464846,-0.004207464846
2,1276,1733.840825,-0.004207464846,-0.004207464846
2,1277,1735.175466,-0.004207464846,-0.004207464846
2,1278,1735.624715,-0.004207464846,-0.004207464846
2,1279,1736.305663,-0.004207464846,-0.004207464846
2,1280,1737.893885,-0.004207464846,-0.004207464846
2,1281,1738.783238,-0.004207464846,-0.004207464846
2,1282,1740.169116,-0.004207464846,-0.004207464846
2,1283,1741.779168,-0.004207464846,-0.004207464846
2,1284,1742.467681,-0.004207464846,-0.004207464846
2,1285,1743.426437,-0.004207464846,-0.004207464846
2,1286,1744.721512,-0.004207464846,-0.004207464846
2,1287,1746.097499,-0.004207464846,-0.004207464846
2,1288,1746.595457,-0.004207464846,-0.004207464846
2,1289,1747.781696,-0.004207464846,-0.004207464846
2,1290,1748.563987,-0.004207464846,-0.004207464846
2,1291,1750.822818,-0.004207464846,-0.004207464846
2,1292,1751.617795,-0.004207464846,-0.004207464846
2,1293,1752.511511,-0.004207464846,-0.004207464846
2,1294,1753.661355,-0.004207464846,-0.004207464846
2,1295,1754.76337,-0.004207464846,-0.004207464846
2,1296,1755.169694,-0.004207464846,-0.004207464846
2,1297,1757.046518,-0.004207464846,-0.004207464846
2,1298,1757.984077,-0.004207464846,-0.004207464846
2,1299,1759.240086,-0.004207464846,-0.004207464846
2,1300,1760.215166,-0.004207464846,-0.004207464846
2,1301,1761.8549,-0.004207464846,-0.004207464846
2,1302,1762.497689,-0.004207464846,-0.004207464846
2,1303,1763.719121,-0.004207464846,-0.004207464846
2,1304,1764.591477,-0.004207464846,-0.004207464846
2,1305,1765.400494,-0.004207464846,-0.004207464846
2,1306,1766.676244,-0.004207464846,-0.004207464846
2,1307,1768.295971,-0.004207464846,-0.004207464846
2,1308,1769.940952,-0.004207464846,-0.004207464846
2,1309,1770.243677,-0.004207464846,-0.004207464846
2,1310,1771.212945,-0.004207464846,-0.004207464846
2,1311,1772.328,-0.004207464846,-0.004207464846
2,1312,1773.894916,-0.004207464846,-0.004207464846
2,1313,1774.660431,-0.004207464846,-0.004207464846
2,1314,1775.341988,-0.004207464846,-0.004207464846
2,1315,1777.25586,-0.004207464846,-0.004207464846
2,1316,1778.041735,-0.004207464846,-0.004207464846
2,1317,1779.552271,-0.004207464846,-0.004207464846
2,1318,1780.665228,-0.004207464846,-0.004207464846
2,1319,1781.355638,-0.004207464846,-0.004207464846
2,1320,1782.439067,-0.004207464846,-0.004207464846
2,1321,1783.08483,-0.004207464846,-0.004207464846
2,1322,1784.607946,-0.004207464846,-0.004207464846
2,1323,1786.342201,-0.004207464846,-0.004207464846
2,1324,1787.049273,-0.004207464846,-0.004207464846
2,1325,1788.215123,-0.004207464846,-0.004207464846
2,1326,1789.24218,-0.004207464846,-0.004207464846
2,1327,1790.449562,-0.004207464846,-0.004207464846
2,1328,1791.25441,-0.004207464846,-0.004207464846
2,1329,1792.616103,-0.004207464846,-0.004207464846
2,1330,1793.525391,-0.004207464846,-0.004207464846
2,1331,1794.178482,-0.004207464846,-0.004207464846
2,1332,1796.465141,-0.004207464846,-0.004207464846
2,1333,1797.376336,-0.004207464846,-0.004207464846
2,1334,1798.147067,-0.004207464846,-0.004207464846
2,1335,1799.231647,-0.004207464846,-0.004207464846
2,1336,1800.024724,-0.004207464846,-0.004207464846
2,1337,1801.309637,-0.004207464846,-0.004207464846
2,1338,1802.301283,-0.004207464846,-0.004207464846
2,1339,1803.796844,-0.004207464846,-0.004207464846
2,1340,1804.904161,-0.004207464846,-0.004207464846
2,1341,1806.289667,-0.004207464846,-0.004207464846
2,1342,1806.578392,-0.004207464846,-0.004207464846
2,1343,1808.714432,-0.004207464846,-0.004207464846
2,1344,1809.119274,-0.004207464846,-0.004207464846
2,1345,1810.108893,-0.004207464846,-0.004207464846
2,1346,1810.873719,-0.004207464846,-0.004207464846
2,1347,1812.420077,-0.004207464846,-0.004207464846
2,1348,1814.02414,-0.004207464846,-0.004207464846
2,1349,1814.973082,-0.004207464846,-0.004207464846
2,1350,1816.338611,-0.004207464846,-0.004207464846
2,1351,1816.758023,-0.004207464846,-0.004207464846
2,1352,1817.710609,-0.004207464846,-0.004207464846
2,1353,1819.260334,-0.004207464846,-0.004207464846
2,1354,1820.187882,-0.004207464846,-0.004207464846
2,1355,1821.305708,-0.004207464846,-0.004207464846
2,1356,1822.427671,-0.004207464846,-0.004207464846
2,1357,1823.766266,-0.004207464846,-0.004207464846
2,1358,1825.213677,-0.004207464846,-0.004207464846
2,1359,1825.915684,-0.004207464846,-0.004207464846
2,1360,1826.795455,-0.004207464846,-0.004207464846
2,1361,1828.21127,-0.004207464846,-0.004207464846
2,1362,1828.621092,-0.004207464846,-0.004207464846
2,1363,1829.83253,-0.004207464846,-0.004207464846
2,1364,1831.93638,-0.004207464846,-0.004207464846
2,1365,1832.98494,-0.004207464846,-0.004207464846
2,1366,1833.273239,-0.004207464846,-0.004207464846
2,1367,1834.72156,-0.004207464846,-0.004207464846
2,1368,1835.883754,-0.004207464846,-0.004207464846
2,1369,1836.827673,-0.004207464846,-0.004207464846
2,1370,1838.086943,-0.004207464846,-0.004207464846
2,1371,1838.640289,-0.004207464846,-0.004207464846
2,1372,1840.195563,-0.004207464846,-0.004207464846
2,1373,1841.478583,-0.004207464846,-0.004207464846
2,1374,1842.875955,-0.004207464846,-0.004207464846
2,1375,1843.771058,-0.004207464846,-0.004207464846
2,1376,1844.759044,-0.004207464846,-0.004207464846
2,1377,1845.417534,-0.004207464846,-0.004207464846
2,1378,1846.353253,-0.004207464846,-0.004207464846
2,1379,1848.330981,-0.004207464846,-0.004207464846
2,1380,1848.722761,-0.004207464846,-0.004207464846
2,1381,1850.601184,-0.004207464846,-0.004207464846
2,1382,1851.400362,-0.004207464846,-0.004207464846
2,1383,1852.342205,-0.004207464846,-0.004207464846
2,1384,1853.519343,-0.004207464846,-0.004207464846
2,1385,1854.855632,-0.004207464846,-0.004207464846
2,1386,1855.592935,-0.004207464846,-0.004207464846
2,1387,1856.389179,-0.004207464846,-0.004207464846
2,1388,1857.498075,-0.004207464846,-0.004207464846
2,1389,1859.495272,-0.004207464846,-0.004207464846
2,1390,1860.541388,-0.004207464846,-0.004207464846
2,1391,1861.379672,-0.004207464846,-0.004207464846
2,1392,1862.121465,-0.004207464846,-0.004207464846
2,1393,1863.425465,-0.004207464846,-0.004207464846
2,1394,1864.353981,-0.004207464846,-0.004207464846
2,1395,1865.367434,-0.004207464846,-0.004207464846
2,1396,1866.836547,-0.004207464846,-0.004207464846
2,1397,1868.085191,-0.004207464846,-0.004207464846
2,1398,1868.706746,-0.004207464846,-0.004207464846
2,1399,1870.421472,-0.004207464846,-0.004207464846
2,1400,1871.416043,-0.004207464846,-0.004207464846
2,1401,1872.441566,-0.004207464846,-0.004207464846
2,1402,1872.865668,-0.004207464846,-0.004207464846
2,1403,1874.508361,-0.004207464846,-0.004207464846
2,1404,1874.913774,-0.004207464846,-0.004207464846
2,1405,1877.095064,-0.004207464846,-0.004207464846
2,1406,1878.022251,-0.004207464846,-0.004207464846
2,1407,1879.153303,-0.004207464846,-0.004207464846
2,1408,1880.082325,-0.004207464846,-0.004207464846
2,1409,1880.611766,-0.004207464846,-0.004207464846
2,1410,1882.321975,-0.004207464846,-0.004207464846
2,1411,1883.408724,-0.004207464846,-0.004207464846
2,1412,1884.005778,-0.004207464846,-0.004207464846
2,1413,1885.198075,-0.004207464846,-0.004207464846
2,1414,1887.053895,-0.004207464846,-0.004207464846
2,1415,1887.808841,-0.004207464846,-0.004207464846
2,1416,1888.938183,-0.004207464846,-0.004207464846
2,1417,1890.348129,-0.004207464846,-0.004207464846
2,1418,1890.612129,-0.004207464846,-0.004207464846
2,1419,1891.678511,-0.004207464846,-0.004207464846
2,1420,1892.867701,-0.004207464846,-0.004207464846
2,1421,1894.558538,-0.004207464846,-0.004207464846
2,1422,1895.697156,-0.004207464846,-0.004207464846
2,1423,1896.585494,-0.004207464846,-0.004207464846
2,1424,1897.513693,-0.004207464846,-0.004207464846
2,1425,1898.829373,-0.004207464846,-0.004207464846
2,1426,1900.006145,-0.004207464846,-0.004207464846
2,1427,1900.571884,-0.004207464846,-0.004207464846
2,1428,1901.891306,-0.004207464846,-0.004207464846
2,1429,1902.805059,-0.004207464846,-0.004207464846
2,1430,1904.089325,-0.004207464846,-0.004207464846
2,1431,1906.102756,-0.004207464846,-0.004207464846
2,1432,1906.597678,-0.004207464846,-0.004207464846
2,1433,1907.33278,-0.004207464846,-0.004207464846
2,1434,1908.433063,-0.004207464846,-0.004207464846
2,1435,1909.46593,-0.004207464846,-0.004207464846
2,1436,1910.73366,-0.004207464846,-0.004207464846
2,1437,1911.704691,-0.004207464846,-0.004207464846
2,1438,1913.18249,-0.004207464846,-0.004207464846
2,1439,1914.3523,-0.004207464846,-0.004207464846
2,1440,1915.054629,-0.004207464846,-0.004207464846
2,1441,1916.606372,-0.004207464846,-0.004207464846
2,1442,1917.344704,-0.004207464846,-0.004207464846
2,1443,1918.786499,-0.004207464846,-0.004207464846
2,1444,1919.207778,-0.004207464846,-0.004207464846
2,1445,1919.937457,-0.004207464846,-0.004207464846
2,1446,1922.101626,-0.004207464846,-0.004207464846
2,1447,1923.280838,-0.004207464846,-0.004207464846
2,1448,1924.055831,-0.004207464846,-0.004207464846
2,1449,1925.231988,-0.004207464846,-0.004207464846
2,1450,1926.211583,-0.004207464846,-0.004207464846
2,1451,1926.820093,-0.004207464846,-0.004207464846
2,1452,1928.417519,-0.004207464846,-0.004207464846
2,1453,1929.48756,-0.004207464846,-0.004207464846
2,1454,1930.258387,-0.004207464846,-0.004207464846
2,1455,1931.760069,-0.004207464846,-0.004207464846
2,1456,1932.875755,-0.004207464846,-0.004207464846
2,1457,1934.416436,-0.004207464846,-0.004207464846
2,1458,1934.907943,-0.004207464846,-0.004207464846
2,1459,1935.924849,-0.004207464846,-0.004207464846
2,1460,1936.873094,-0.004207464846,-0.004207464846
2,1461,1937.968633,-0.004207464846,-0.004207464846
2,1462,1939.050029,-0.004207464846,-0.004207464846
2,1463,1940.977327,-0.004207464846,-0.004207464846
2,1464,1941.822862,-0.004207464846,-0.004207464846
2,1465,1942.633569,-0.004207464846,-0.004207464846
2,1466,1943.367947,-0.004207464846,-0.004207464846
2,1467,1945.153796,-0.004207464846,-0.004207464846
2,1468,1945.922717,-0.004207464846,-0.004207464846
2,1469,1946.609945,-0.004207464846,-0.004207464846
2,1470,1947.917048,-0.004207464846,-0.004207464846
2,1471,1949.03003,-0.004207464846,-0.004207464846
2,1472,1950.743202,-0.004207464846,-0.004207464846
2,1473,1951.536696,-0.004207464846,-0.004207464846
2,1474,1952.850129,-0.004207464846,-0.004207464846
2,1475,1953.448556,-0.004207464846,-0.004207464846
2,1476,1954.418588,-0.004207464846,-0.004207464846
2,1477,1955.315809,-0.004207464846,-0.004207464846
2,1478,1956.848165,-0.004207464846,-0.004207464846
2,1479,1958.314404,-0.004207464846,-0.004207464846
2,1480,1958.851883,-0.004207464846,-0.004207464846
2,1481,1960.418845,-0.004207464846,-0.004207464846
2,1482,1961.359278,-0.004207464846,-0.004207464846
2,1483,1962.233572,-0.004207464846,-0.004207464846
2,1484,1963.621185,-0.004207464846,-0.004207464846
2,1485,1964.357391,-0.004207464846,-0.004207464846
2,1486,1965.37783,-0.004207464846,-0.004207464846
2,1487,1966.117659,-0.004207464846,-0.004207464846
2,1488,1968.471602,-0.004207464846,-0.004207464846
2,1489,1969.047618,-0.004207464846,-0.004207464846
2,1490,1970.30501,-0.004207464846,-0.004207464846
2,1491,1970.855548,-0.004207464846,-0.004207464846
2,1492,1971.970313,-0.004207464846,-0.004207464846
2,1493,1973.182663,-0.004207464846,-0.004207464846
2,1494,1974.347202,-0.004207464846,-0.004207464846
2,1495,1975.08061,-0.004207464846,-0.004207464846
2,1496,1977.173944,-0.004207464846,-0.004207464846
2,1497,1977.271446,-0.004207464846,-0.004207464846
2,1498,1978.801448,-0.004207464846,-0.004207464846
2,1499,1980.371772,-0.004207464846,-0.004207464846
2,1500,1980.910043,-0.004207464846,-0.004207464846
2,1501,1981.748769,-0.004207464846,-0.004207464846
2,1502,1982.663279,-0.004207464846,-0.004207464846
2,1503,1983.923805,-0.004207464846,-0.004207464846
2,1504,1985.41654,-0.004207464846,-0.004207464846
2,1505,1986.757108,-0.004207464846,-0.004207464846
2,1506,1987.873473,-0.004207464846,-0.004207464846
2,1507,1988.251877,-0.004207464846,-0.004207464846
2,1508,1989.702003,-0.004207464846,-0.004207464846
2,1509,1990.478353,-0.004207464846,-0.004207464846
2,1510,1992.001706,-0.004207464846,-0.004207464846
2,1511,1992.784988,-0.004207464846,-0.004207464846
2,1512,1993.577493,-0.004207464846,-0.004207464846
2,1513,1995.16874,-0.004207464846,-0.004207464846
2,1514,1996.796177,-0.004207464846,-0.004207464846
2,1515,1997.390914,-0.004207464846,-0.004207464846
2,1516,1998.279007,-0.004207464846,-0.004207464846
2,1517,1999.545764,-0.004207464846,-0.004207464846
2,1518,2000.434515,-0.004207464846,-0.004207464846
2,1519,2000.929621,-0.004207464846,-0.004207464846
2,1520,2002.896408,-0.004207464846,-0.004207464846
2,1521,2004.139669,-0.004207464846,-0.004207464846
2,1522,2005.077848,-0.004207464846,-0.004207464846
2,1523,2005.900935,-0.004207464846,-0.004207464846
2,1524,2007.12518,-0.004207464846,-0.004207464846
2,1525,2008.41824,-0.004207464846,-0.004207464846
2,1526,2009.176634,-0.004207464846,-0.004207464846
2,1527,2010.153325,-0.004207464846,-0.004207464846
2,1528,2011.020705,-0.004207464846,-0.004207464846
2,1529,2012.538935,-0.004207464846,-0.004207464846
2,1530,2013.872098,-0.004207464846,-0.004207464846
2,1531,2015.186729,-0.004207464846,-0.004207464846
2,1532,2016.029638,-0.004207464846,-0.004207464846
2,1533,2016.800076,-0.004207464846,-0.004207464846
2,1534,2017.386767,-0.004207464846,-0.004207464846
2,1535,2019.2646,-0.004207464846,-0.004207464846
2,1536,2019.884367,-0.004207464846,-0.004207464846
2,1537,2021.196043,-0.004207464846,-0.004207464846
2,1538,2022.545618,-0.004207464846,-0.004207464846
2,1539,2023.572912,-0.004207464846,-0.004207464846
2,1540,2024.488262,-0.004207464846,-0.004207464846
2,1541,2025.878906,-0.004207464846,-0.004207464846
2,1542,2026.738259,-0.004207464846,-0.004207464846
2,1543,2027.573317,-0.004207464846,-0.004207464846
2,1544,2028.582459,-0.004207464846,-0.004207464846
2,1545,2029.38548,-0.004207464846,-0.004207464846
2,1546,2031.750551,-0.004207464846,-0.004207464846
2,1547,2032.420781,-0.004207464846,-0.004207464846
2,1548,2033.017893,-0.004207464846,-0.004207464846
2,1549,2034.554829,-0.004207464846,-0.004207464846
2,1550,2035.07744,-0.004207464846,-0.004207464846
2,1551,2036.527526,-0.004207464846,-0.004207464846
2,1552,2037.217111,-0.004207464846,-0.004207464846
2,1553,2038.841738,-0.004207464846,-0.004207464846
2,1554,2039.443219,-0.004207464846,-0.004207464846
2,1555,2040.83912,-0.004207464846,-0.004207464846
2,1556,2042.344586,-0.004207464846,-0.004207464846
2,1557,2043.217117,-0.004207464846,-0.004207464846
2,1558,2044.121593,-0.004207464846,-0.004207464846
2,1559,2045.037321,-0.004207464846,-0.004207464846
2,1560,2045.80276,-0.004207464846,-0.004207464846
2,1561,2047.098336,-0.004207464846,-0.004207464846
2,1562,2048.454094,-0.004207464846,-0.004207464846
2,1563,2049.847526,-0.004207464846,-0.004207464846
2,1564,2050.906055,-0.004207464846,-0.004207464846
2,1565,2051.718388,-0.004207464846,-0.004207464846
2,1566,2052.40779,-0.004207464846,-0.004207464846
2,1567,2054.059917,-0.004207464846,-0.004207464846
2,1568,2055.180267,-0.004207464846,-0.004207464846
2,1569,2055.572603,-0.004207464846,-0.004207464846
2,1570,2056.620867,-0.004207464846,-0.004207464846
2,1571,2058.450651,-0.004207464846,-0.004207464846
2,1572,2059.448022,-0.004207464846,-0.004207464846
2,1573,2060.868247,-0.004207464846,-0.004207464846
2,1574,2061.367059,-0.004207464846,-0.004207464846
2,1575,2062.572651,-0.004207464846,-0.004207464846
2,1576,2063.283559,-0.004207464846,-0.004207464846
2,1577,2064.304868,-0.004207464846,-0.004207464846
2,1578,2065.832672,-0.004207464846,-0.004207464846
2,1579,2066.985229,-0.004207464846,-0.004207464846
2,1580,2068.345639,-0.004207464846,-0.004207464846
2,1581,2068.669941,-0.004207464846,-0.004207464846
2,1582,2070.504718,-0.004207464846,-0.004207464846
2,1583,2071.377083,-0.004207464846,-0.004207464846
2,1584,2071.990455,-0.004207464846,-0.004207464846
2,1585,2073.397604,-0.004207464846,-0.004207464846
2,1586,2074.171065,-0.004207464846,-0.004207464846
2,1587,2075.028066,-0.004207464846,-0.004207464846
2,1588,2077.11757,-0.004207464846,-0.004207464846
2,1589,2078.155485,-0.004207464846,-0.004207464846
2,1590,2078.939288,-0.004207464846,-0.004207464846
2,1591,2079.567628,-0.004207464846,-0.004207464846
2,1592,2080.910343,-0.004207464846,-0.004207464846
2,1593,2081.799687,-0.004207464846,-0.004207464846
2,1594,2083.300277,-0.004207464846,-0.004207464846
2,1595,2083.779993,-0.004207464846,-0.004207464846
2,1596,2085.389814,-0.004207464846,-0.004207464846
2,1597,2086.580319,-0.004207464846,-0.004207464846
2,1598,2087.473341,-0.004207464846,-0.004207464846
2,1599,2088.712281,-0.004207464846,-0.004207464846
2,1600,2090.036207,-0.004207464846,-0.004207464846
2,1601,2090.44755,-0.004207464846,-0.004207464846
2,1602,2091.221581,-0.004207464846,-0.004207464846
2,1603,2092.473218,-0.004207464846,-0.004207464846
2,1604,2094.335917,-0.004207464846,-0.004207464846
2,1605,2095.138257,-0.004207464846,-0.004207464846
2,1606,2096.34653,-0.004207464846,-0.004207464846
2,1607,2097.371606,-0.004207464846,-0.004207464846
2,1608,2097.951922,-0.004207464846,-0.004207464846
2,1609,2099.311651,-0.004207464846,-0.004207464846
2,1610,2100.593745,-0.004207464846,-0.004207464846
2,1611,2101.135489,-0.004207464846,-0.004207464846
2,1612,2102.5351,-0.004207464846,-0.004207464846
2,1613,2103.390455,-0.004207464846,-0.004207464846
2,1614,2105.372207,-0.004207464846,-0.004207464846
2,1615,2105.994704,-0.004207464846,-0.004207464846
2,1616,2107.172362,-0.004207464846,-0.004207464846
2,1617,2107.617911,-0.004207464846,-0.004207464846
2,1618,2108.938385,-0.004207464846,-0.004207464846
2,1619,2109.963143,-0.004207464846,-0.004207464846
2,1620,2110.822372,-0.004207464846,-0.004207464846
2,1621,2112.907088,-0.004207464846,-0.004207464846
2,1622,2113.483966,-0.004207464846,-0.004207464846
2,1623,2114.396137,-0.004207464846,-0.004207464846
2,1624,2115.506603,-0.004207464846,-0.004207464846
2,1625,2116.900056,-0.004207464846,-0.004207464846
2,1626,2117.722399,-0.004207464846,-0.004207464846
2,1627,2118.618646,-0.004207464846,-0.004207464846
2,1628,2119.456428,-0.004207464846,-0.004207464846
2,1629,2120.691563,-0.004207464846,-0.004207464846
2,1630,2122.465151,-0.004207464846,-0.004207464846
2,1631,2123.344042,-0.004207464846,-0.004207464846
2,1632,2124.370369,-0.004207464846,-0.004207464846
2,1633,2125.5124,-0.004207464846,-0.004207464846
2,1634,2125.958785,-0.004207464846,-0.004207464846
2,1635,2126.975711,-0.004207464846,-0.004207464846
2,1636,2128.752291,-0.004207464846,-0.004207464846
2,1637,2129.40608,-0.004207464846,-0.004207464846
2,1638,2130.555102,-0.004207464846,-0.004207464846
2,1639,2132.080621,-0.004207464846,-0.004207464846
2,1640,2132.798516,-0.004207464846,-0.004207464846
2,1641,2134.154934,-0.004207464846,-0.004207464846
2,1642,2134.950773,-0.004207464846,-0.004207464846
2,1643,2136.086898,-0.004207464846,-0.004207464846
2,1644,2136.967471,-0.004207464846,-0.004207464846
2,1645,2137.509941,-0.004207464846,-0.004207464846
2,1646,2139.38076,-0.004207464846,-0.004207464846
2,1647,2140.949363,-0.004207464846,-0.004207464846
2,1648,2141.710036,-0.004207464846,-0.004207464846
2,1649,2142.355043,-0.004207464846,-0.004207464846
2,1650,2143.374444,-0.004207464846,-0.004207464846
2,1651,2144.895337,-0.004207464846,-0.004207464846
2,1652,2145.505754,-0.004207464846,-0.004207464846
2,1653,2146.625894,-0.004207464846,-0.004207464846
2,1654,2147.785367,-0.004207464846,-0.004207464846
2,1655,2149.151849,-0.004207464846,-0.004207464846
2,1656,2149.91064,-0.004207464846,-0.004207464846
2,1657,2151.776885,-0.004207464846,-0.004207464846
2,1658,2152.390227,-0.004207464846,-0.004207464846
2,1659,2153.011964,-0.004207464846,-0.004207464846
2,1660,2154.263624,-0.004207464846,-0.004207464846
2,1661,2154.935346,-0.004207464846,-0.004207464846
2,1662,2156.394727,-0.004207464846,-0.004207464846
2,1663,2157.85649,-0.004207464846,-0.004207464846
2,1664,2158.878072,-0.004207464846,-0.004207464846
2,1665,2159.902286,-0.004207464846,-0.004207464846
2,1666,2160.853062,-0.004207464846,-0.004207464846
2,1667,2161.692172,-0.004207464846,-0.004207464846
2,1668,2163.107122,-0.004207464846,-0.004207464846
2,1669,2164.04972,-0.004207464846,-0.004207464846
2,1670,2165.011437,-0.004207464846,-0.004207464846
2,1671,2165.503949,-0.004207464846,-0.004207464846
2,1672,2167.693444,-0.004207464846,-0.004207464846
2,1673,2168.890616,-0.004207464846,-0.004207464846
2,1674,2169.263829,-0.004207464846,-0.004207464846
2,1675,2170.787075,-0.004207464846,-0.004207464846
2,1676,2171.396362,-0.004207464846,-0.004207464846
2,1677,2172.250963,-0.004207464846,-0.004207464846
2,1678,2173.528297,-0.004207464846,-0.004207464846
2,1679,2174.745021,-0.004207464846,-0.004207464846
2,1680,2176.204119,-0.004207464846,-0.004207464846
2,1681,2176.939452,-0.004207464846,-0.004207464846
2,1682,2178.004209,-0.004207464846,-0.004207464846
2,1683,2179.232185,-0.004207464846,-0.004207464846
2,1684,2180.495318,-0.004207464846,-0.004207464846
2,1685,2181.252367,-0.004207464846,-0.004207464846
2,1686,2181.725783,-0.004207464846,-0.004207464846
2,1687,2183.330584,-0.004207464846,-0.004207464846
2,1688,2184.103191,-0.004207464846,-0.004207464846
2,1689,2185.965528,-0.004207464846,-0.004207464846
2,1690,2187.085691,-0.004207464846,-0.004207464846
2,1691,2187.798456,-0.004207464846,-0.004207464846
2,1692,2188.558763,-0.004207464846,-0.004207464846
2,1693,2189.497073,-0.004207464846,-0.004207464846
2,1694,2191.093363,-0.004207464846,-0.004207464846
2,1695,2191.778017,-0.004207464846,-0.004207464846
2,1696,2192.826771,-0.004207464846,-0.004207464846
2,1697,2194.23153,-0.004207464846,-0.004207464846
2,1698,2195.231688,-0.004207464846,-0.004207464846
2,1699,2196.715978,-0.004207464846,-0.004207464846
2,1700,2197.258747,-0.004207464846,-0.004207464846
2,1701,2198.687513,-0.004207464846,-0.004207464846
2,1702,2199.302965,-0.004207464846,-0.004207464846
2,1703,2200.351021,-0.004207464846,-0.004207464846
2,1704,2200.915953,-0.004207464846,-0.004207464846
2,1705,2203.277454,-0.004207464846,-0.004207464846
2,1706,2203.906365,-0.004207464846,-0.004207464846
2,1707,2204.997802,-0.004207464846,-0.004207464846
2,1708,2205.855761,-0.004207464846,-0.004207464846
2,1709,2207.172162,-0.004207464846,-0.004207464846
2,1710,2207.802741,-0.004207464846,-0.004207464846
2,1711,2209.153744,-0.004207464846,-0.004207464846
2,1712,2210.208015,-0.004207464846,-0.004207464846
2,1713,2210.850941,-0.004207464846,-0.004207464846
2,1714,2212.343568,-0.004207464846,-0.004207464846
2,1715,2213.700256,-0.004207464846,-0.004207464846
2,1716,2214.949926,-0.004207464846,-0.004207464846
2,1717,2215.820566,-0.004207464846,-0.004207464846
2,1718,2216.296376,-0.004207464846,-0.004207464846
2,1719,2217.469375,-0.004207464846,-0.004207464846
2,1720,2218.521007,-0.004207464846,-0.004207464846
2,1721,2219.799816,-0.004207464846,-0.004207464846
2,1722,2220.852159,-0.004207464846,-0.004207464846
2,1723,2222.636605,-0.004207464846,-0.004207464846
2,1724,2223.055058,-0.004207464846,-0.004207464846
2,1725,2223.777773,-0.004207464846,-0.004207464846
2,1726,2225.564645,-0.004207464846,-0.004207464846
2,1727,2226.332734,-0.004207464846,-0.004207464846
2,1728,2227.246229,-0.004207464846,-0.004207464846
2,1729,2227.970574,-0.004207464846,-0.004207464846
2,1730,2229.127959,-0.004207464846,-0.004207464846
2,1731,2230.898691,-0.004207464846,-0.004207464846
2,1732,2231.977154,-0.004207464846,-0.004207464846
2,1733,2232.924854,-0.004207464846,-0.004207464846
2,1734,2233.720222,-0.004207464846,-0.004207464846
2,1735,2234.814935,-0.004207464846,-0.004207464846
2,1736,2235.546662,-0.004207464846,-0.004207464846
2,1737,2236.773644,-0.004207464846,-0.004207464846
2,1738,2238.1548,-0.004207464846,-0.004207464846
2,1739,2239.167744,-0.004207464846,-0.004207464846
2,1740,2240.021209,-0.004207464846,-0.004207464846
2,1741,2241.536187,-0.004207464846,-0.004207464846
2,1742,2242.62118,-0.004207464846,-0.004207464846
2,1743,2243.373668,-0.004207464846,-0.004207464846
2,1744,2244.370702,-0.004207464846,-0.004207464846
2,1745,2245.565287,-0.004207464846,-0.004207464846
2,1746,2246.016558,-0.004207464846,-0.004207464846
2,1747,2247.364431,-0.004207464846,-0.004207464846
2,1748,2249.550199,-0.004207464846,-0.004207464846
2,1749,2249.770767,-0.004207464846,-0.004207464846
2,1750,2251.046642,-0.004207464846,-0.004207464846
2,1751,2251.845318,-0.004207464846,-0.004207464846
2,1752,2252.678433,-0.004207464846,-0.004207464846
2,1753,2254.562247,-0.004207464846,-0.004207464846
2,1754,2254.759079,-0.004207464846,-0.004207464846
2,1755,2255.824566,-0.004207464846,-0.004207464846
2,1756,2257.346385,-0.004207464846,-0.004207464846
2,1757,2258.501847,-0.004207464846,-0.004207464846
2,1758,2259.517842,-0.004207464846,-0.004207464846
2,1759,2260.890259,-0.004207464846,-0.004207464846
2,1760,2261.660064,-0.004207464846,-0.004207464846
2,1761,2262.674431,-0.004207464846,-0.004207464846
2,1762,2262.878305,-0.004207464846,-0.004207464846
2,1763,2264.6764,-0.004207464846,-0.004207464846
2,1764,2265.768446,-0.004207464846,-0.004207464846
2,1765,2267.384501,-0.004207464846,-0.004207464846
2,1766,2267.879175,-0.004207464846,-0.004207464846
2,1767,2269.226998,-0.004207464846,-0.004207464846
2,1768,2269.919103,-0.004207464846,-0.004207464846
2,1769,2271.326282,-0.004207464846,-0.004207464846
2,1770,2272.049016,-0.004207464846,-0.004207464846
2,1771,2273.347534,-0.004207464846,-0.004207464846
2,1772,2273.956289,-0.004207464846,-0.004207464846
2,1773,2275.068665,-0.004207464846,-0.004207464846
2,1774,2277.079318,-0.004207464846,-0.004207464846
2,1775,2278.012628,-0.004207464846,-0.004207464846
2,1776,2278.525942,-0.004207464846,-0.004207464846
2,1777,2279.507306,-0.004207464846,-0.004207464846
2,1778,2280.87072,-0.004207464846,-0.004207464846
2,1779,2281.356484,-0.004207464846,-0.004207464846
2,1780,2282.690375,-0.004207464846,-0.004207464846
2,1781,2284.056011,-0.004207464846,-0.004207464846
2,1782,2285.222242,-0.004207464846,-0.004207464846
2,1783,2286.149814,-0.004207464846,-0.004207464846
2,1784,2287.046159,-0.004207464846,-0.004207464846
2,1785,2288.578849,-0.004207464846,-0.004207464846
2,1786,2289.336285,-0.004207464846,-0.004207464846
2,1787,2290.241458,-0.004207464846,-0.004207464846
2,1788,2291.097664,-0.004207464846,-0.004207464846
2,1789,2291.928901,-0.004207464846,-0.004207464846
2,1790,2293.896145,-0.004207464846,-0.004207464846
2,1791,2294.687918,-0.004207464846,-0.004207464846
2,1792,2296.115091,-0.004207464846,-0.004207464846
2,1793,2296.998522,-0.004207464846,-0.004207464846
2,1794,2297.372648,-0.004207464846,-0.004207464846
2,1795,2298.612363,-0.004207464846,-0.004207464846
2,1796,2299.961578,-0.004207464846,-0.004207464846
2,1797,2301.234126,-0.004207464846,-0.004207464846
2,1798,2301.45484,-0.004207464846,-0.004207464846
2,1799,2303.295482,-0.004207464846,-0.004207464846
2,1800,2304.305139,-0.004207464846,-0.004207464846
2,1801,2305.508357,-0.004207464846,-0.004207464846
2,1802,2306.517733,-0.004207464846,-0.004207464846
2,1803,2307.355553,-0.004207464846,-0.004207464846
2,1804,2308.210285,-0.004207464846,-0.004207464846
2,1805,2309.370358,-0.004207464846,-0.004207464846
2,1806,2309.931122,-0.004207464846,-0.004207464846
2,1807,2312.047996,-0.004207464846,-0.004207464846
2,1808,2313.190914,-0.004207464846,-0.004207464846
2,1809,2313.68936,-0.004207464846,-0.004207464846
2,1810,2314.621182,-0.004207464846,-0.004207464846
2,1811,2316.049455,-0.004207464846,-0.004207464846
2,1812,2316.962495,-0.004207464846,-0.004207464846
2,1813,2317.851532,-0.004207464846,-0.004207464846
2,1814,2318.826035,-0.004207464846,-0.004207464846
2,1815,2320.088523,-0.004207464846,-0.004207464846
2,1816,2320.949532,-0.004207464846,-0.004207464846
2,1817,2322.812633,-0.004207464846,-0.004207464846
2,1818,2323.534274,-0.004207464846,-0.004207464846
2,1819,2324.512455,-0.004207464846,-0.004207464846
2,1820,2325.557096,-0.004207464846,-0.004207464846
2,1821,2325.903016,-0.004207464846,-0.004207464846
2,1822,2327.376856,-0.004207464846,-0.004207464846
2,1823,2328.634875,-0.004207464846,-0.004207464846
2,1824,2329.705723,-0.004207464846,-0.004207464846
2,1825,2331.01311,-0.004207464846,-0.004207464846
2,1826,2331.942708,-0.004207464846,-0.004207464846
2,1827,2332.987765,-0.004207464846,-0.004207464846
2,1828,2333.720863,-0.004207464846,-0.004207464846
2,1829,2335.531713,-0.004207464846,-0.004207464846
2,1830,2335.867154,-0.004207464846,-0.004207464846
2,1831,2336.621037,-0.004207464846,-0.004207464846
2,1832,2337.76173,-0.004207464846,-0.004207464846
2,1833,2339.615684,-0.004207464846,-0.004207464846
2,1834,2340.826727,-0.004207464846,-0.004207464846
2,1835,2341.324596,-0.004207464846,-0.004207464846
2,1836,2342.654042,-0.004207464846,-0.004207464846
2,1837,2343.259159,-0.004207464846,-0.004207464846
2,1838,2344.311216,-0.004207464846,-0.004207464846
2,1839,2345.570484,-0.004207464846,-0.004207464846
2,1840,2346.46412,-0.004207464846,-0.004207464846
2,1841,2347.934255,-0.004207464846,-0.004207464846
2,1842,2348.843424,-0.004207464846,-0.004207464846
2,1843,2349.730054,-0.004207464846,-0.004207464846
2,1844,2351.455047,-0.004207464846,-0.004207464846
2,1845,2352.195702,-0.004207464846,-0.004207464846
2,1846,2352.75087,-0.004207464846,-0.004207464846
2,1847,2353.912136,-0.004207464846,-0.004207464846
2,1848,2354.951081,-0.004207464846,-0.004207464846
2,1849,2355.810814,-0.004207464846,-0.004207464846
2,1850,2357.608316,-0.004207464846,-0.004207464846
2,1851,2358.904705,-0.004207464846,-0.004207464846
2,1852,2359.434859,-0.004207464846,-0.004207464846
2,1853,2360.314285,-0.004207464846,-0.004207464846
2,1854,2361.342542,-0.004207464846,-0.004207464846
2,1855,2362.718318,-0.004207464846,-0.004207464846
2,1856,2363.495618,-0.004207464846,-0.004207464846
2,1857,2364.751176,-0.004207464846,-0.004207464846
2,1858,2365.191515,-0.004207464846,-0.004207464846
2,1859,2367.24922,-0.004207464846,-0.004207464846
2,1860,2367.957702,-0.004207464846,-0.004207464846
2,1861,2369.220578,-0.004207464846,-0.004207464846
2,1862,2370.09339,-0.004207464846,-0.004207464846
2,1863,2371.100748,-0.004207464846,-0.004207464846
2,1864,2371.938138,-0.004207464846,-0.004207464846
2,1865,2372.440347,-0.004207464846,-0.004207464846
2,1866,2374.444231,-0.004207464846,-0.004207464846
2,1867,2375.543967,-0.004207464846,-0.004207464846
2,1868,2376.355464,-0.004207464846,-0.004207464846
2,1869,2377.755408,-0.004207464846,-0.004207464846
2,1870,2378.212962,-0.004207464846,-0.004207464846
2,1871,2379.726503,-0.004207464846,-0.004207464846
2,1872,2380.545657,-0.004207464846,-0.004207464846
2,1873,2381.500124,-0.004207464846,-0.004207464846
2,1874,2382.530831,-0.004207464846,-0.004207464846
2,1875,2383.356014,-0.004207464846,-0.004207464846
2,1876,2384.965072,-0.004207464846,-0.004207464846
2,1877,2386.430937,-0.004207464846,-0.004207464846
2,1878,2387.299084,-0.004207464846,-0.004207464846
2,1879,2387.813569,-0.004207464846,-0.004207464846
2,1880,2388.748208,-0.004207464846,-0.004207464846
2,1881,2389.955988,-0.004207464846,-0.004207464846
2,1882,2391.26055,-0.004207464846,-0.004207464846
2,1883,2391.754982,-0.004207464846,-0.004207464846
2,1884,2393.630593,-0.004207464846,-0.004207464846
2,1885,2394.485368,-0.004207464846,-0.004207464846
2,1886,2395.27017,-0.004207464846,-0.004207464846
2,1887,2396.603879,-0.004207464846,-0.004207464846
2,1888,2397.791644,-0.004207464846,-0.004207464846
2,1889,2398.558311,-0.004207464846,-0.004207464846
2,1890,2399.433833,-0.004207464846,-0.004207464846
2,1891,2400.152357,-0.004207464846,-0.004207464846
2,1892,2401.482998,-0.004207464846,-0.004207464846
2,1893,2403.418798,-0.004207464846,-0.004207464846
2,1894,2403.975315,-0.004207464846,-0.004207464846
2,1895,2404.921593,-0.004207464846,-0.004207464846
2,1896,2406.253989,-0.004207464846,-0.004207464846
2,1897,2406.732851,-0.004207464846,-0.004207464846
2,1898,2407.71591,-0.004207464846,-0.004207464846
2,1899,2409.441502,-0.004207464846,-0.004207464846
2,1900,2409.881603,-0.004207464846,-0.004207464846
2,1901,2411.126193,-0.004207464846,-0.004207464846
2,1902,2412.222936,-0.004207464846,-0.004207464846
2,1903,2413.976123,-0.004207464846,-0.004207464846
2,1904,2414.37988,-0.004207464846,-0.004207464846
2,1905,2415.576893,-0.004207464846,-0.004207464846
2,1906,2416.534055,-0.004207464846,-0.004207464846
2,1907,2417.278087,-0.004207464846,-0.004207464846
2,1908,2418.229443,-0.004207464846,-0.004207464846
2,1909,2419.507917,-0.004207464846,-0.004207464846
2,1910,2421.142944,-0.004207464846,-0.004207464846
2,1911,2422.152085,-0.004207464846,-0.004207464846
2,1912,2422.99623,-0.004207464846,-0.004207464846
2,1913,2423.504147,-0.004207464846,-0.004207464846
2,1914,2425.12476,-0.004207464846,-0.004207464846
2,1915,2426.193438,-0.004207464846,-0.004207464846
2,1916,2426.907064,-0.004207464846,-0.004207464846
2,1917,2427.640897,-0.004207464846,-0.004207464846
2,1918,2429.185596,-0.004207464846,-0.004207464846
2,1919,2430.265813,-0.004207464846,-0.004207464846
2,1920,2431.611135,-0.004207464846,-0.004207464846
2,1921,2432.727569,-0.004207464846,-0.004207464846
2,1922,2433.705897,-0.004207464846,-0.004207464846
2,1923,2433.916873,-0.004207464846,-0.004207464846
2,1924,2435.348894,-0.004207464846,-0.004207464846
2,1925,2436.1916,-0.004207464846,-0.004207464846
2,1926,2437.794076,-0.004207464846,-0.004207464846
2,1927,2438.671791,-0.004207464846,-0.004207464846
2,1928,2439.927127,-0.004207464846,-0.004207464846
2,1929,2440.82616,-0.004207464846,-0.004207464846
2,1930,2441.929837,-0.004207464846,-0.004207464846
2,1931,2443.03356,-0.004207464846,-0.004207464846
2,1932,2443.775436,-0.004207464846,-0.004207464846
2,1933,2445.154381,-0.004207464846,-0.004207464846
2,1934,2445.744952,-0.004207464846,-0.004207464846
2,1935,2446.398523,-0.004207464846,-0.004207464846
2,1936,2448.988312,-0.004207464846,-0.004207464846
2,1937,2449.231032,-0.004207464846,-0.004207464846
2,1938,2450.503651,-0.004207464846,-0.004207464846
2,1939,2451.181708,-0.004207464846,-0.004207464846
2,1940,2452.283366,-0.004207464846,-0.004207464846
2,1941,2453.257486,-0.004207464846,-0.004207464846
2,1942,2454.300562,-0.004207464846,-0.004207464846
2,1943,2455.482288,-0.004207464846,-0.004207464846
2,1944,2456.514552,-0.004207464846,-0.004207464846
2,1945,2457.907999,-0.004207464846,-0.004207464846
2,1946,2458.5468,-0.004207464846,-0.004207464846
2,1947,2460.013579,-0.004207464846,-0.004207464846
2,1948,2461.202295,-0.004207464846,-0.004207464846
2,1949,2461.731629,-0.004207464846,-0.004207464846
2,1950,2462.464295,-0.004207464846,-0.004207464846
2,1951,2463.569667,-0.004207464846,-0.004207464846
2,1952,2464.927816,-0.004207464846,-0.004207464846
2,1953,2466.183097,-0.004207464846,-0.004207464846
2,1954,2467.640861,-0.004207464846,-0.004207464846
2,1955,2468.186816,-0.004207464846,-0.004207464846
2,1956,2469.336264,-0.004207464846,-0.004207464846
2,1957,2469.781485,-0.004207464846,-0.004207464846
2,1958,2471.539298,-0.004207464846,-0.004207464846
2,1959,2472.336418,-0.004207464846,-0.004207464846
2,1960,2473.107125,-0.004207464846,-0.004207464846
2,1961,2474.23785,-0.004207464846,-0.004207464846
2,1962,2475.539354,-0.004207464846,-0.004207464846
2,1963,2477.021755,-0.004207464846,-0.004207464846
2,1964,2478.014854,-0.004207464846,-0.004207464846
2,1965,2478.397598,-0.004207464846,-0.004207464846
2,1966,2479.977352,-0.004207464846,-0.004207464846
2,1967,2480.433607,-0.004207464846,-0.004207464846
2,1968,2481.356767,-0.004207464846,-0.004207464846
2,1969,2482.683412,-0.004207464846,-0.004207464846
2,1970,2484.503238,-0.004207464846,-0.004207464846
2,1971,2485.087591,-0.004207464846,-0.004207464846
2,1972,2485.785621,-0.004207464846,-0.004207464846
2,1973,2487.333836,-0.004207464846,-0.004207464846
2,1974,2488.113832,-0.004207464846,-0.004207464846
2,1975,2489.261157,-0.004207464846,-0.004207464846
2,1976,2490.051091,-0.004207464846,-0.004207464846
2,1977,2491.105516,-0.004207464846,-0.004207464846
2,1978,2491.907474,-0.004207464846,-0.004207464846
2,1979,2493.489295,-0.004207464846,-0.004207464846
2,1980,2494.866178,-0.004207464846,-0.004207464846
2,1981,2495.84684,-0.004207464846,-0.004207464846
2,1982,2496.485337,-0.004207464846,-0.004207464846
2,1983,2497.648465,-0.004207464846,-0.004207464846
2,1984,2497.969974,-0.004207464846,-0.004207464846
2,1985,2499.862043,-0.004207464846,-0.004207464846
2,1986,2500.564386,-0.004207464846,-0.004207464846
2,1987,2501.577745,-0.004207464846,-0.004207464846
2,1988,2503.185227,-0.004207464846,-0.004207464846
2,1989,2504.008934,-0.004207464846,-0.004207464846
2,1990,2504.772153,-0.004207464846,-0.004207464846
2,1991,2506.305352,-0.004207464846,-0.004207464846
2,1992,2507.151886,-0.004207464846,-0.004207464846
2,1993,2507.87104,-0.004207464846,-0.004207464846
2,1994,2508.766046,-0.004207464846,-0.004207464846
2,1995,2509.652997,-0.004207464846,-0.004207464846
2,1996,2511.66019,-0.004207464846,-0.004207464846
2,1997,2512.538221,-0.004207464846,-0.004207464846
2,1998,2513.579517,-0.004207464846,-0.004207464846
2,1999,2514.259859,-0.004207464846,-0.004207464846
2,2000,2515.286483,-0.004207464846,-0.004207464846
3/2,1,14.13472514,0.002428892092,0.001079217216
3/2,2,21.02203964,0.001260002771,0.001079217216
3/2,3,25.01085758,0.0002442724075,0.001079217216
3/2,4,30.42487613,0.0009670993835,0.001079217216
3/2,5,32.93506159,0.001337757454,0.001079217216
3/2,6,37.58617816,0.00112841886,0.001079217216
3/2,7,40.91871901,0.001060087634,0.001079217216
3/2,8,43.32707328,0.001074639372,0.001079217216
3/2,9,48.00515088,0.001077366554,0.001079217216
3/2,10,49.77383248,0.001077373214,0.001079217216
3/2,11,52.97032148,0.001072670177,0.001079217216
3/2,12,56.4462477,0.001061134674,0.001079217216
3/2,13,59.347044,0.001075044061,0.001079217216
3/2,14,60.83177852,0.001104549406,0.001079217216
3/2,15,65.11254405,0.001115926448,0.001079217216
3/2,16,67.07981053,0.001098271933,0.001079217216
3/2,17,69.54640171,0.001064873694,0.001079217216
3/2,18,72.06715767,0.001048606013,0.001079217216
3/2,19,75.7046907,0.001062358107,0.001079217216
3/2,20,77.14484007,0.001076849621,0.001079217216
3/2,21,79.33737502,0.001083855655,0.001079217216
3/2,22,82.91038085,0.00108176822,0.001079217216
3/2,23,84.73549298,0.00108017938,0.001079217216
3/2,24,87.42527461,0.001080065469,0.001079217216
3/2,25,88.80911121,0.001080065415,0.001079217216
3/2,26,92.49189927,0.001080888401,0.001079217216
3/2,27,94.65134404,0.00108232289,0.001079217216
3/2,28,95.87063423,0.001083275447,0.001079217216
3/2,29,98.83119422,0.001080511937,0.001079217216
3/2,30,101.317851,0.001075987574,0.001079217216
3/2,31,103.725538,0.001074246011,0.001079217216
3/2,32,105.4466231,0.001075930463,0.001079217216
3/2,33,107.1686112,0.001080053853,0.001079217216
3/2,34,111.0295355,0.001081935351,0.001079217216
3/2,35,111.8746592,0.001082581482,0.001079217216
3/2,36,114.3202209,0.001080812441,0.001079217216
3/2,37,116.2266803,0.00107904202,0.001079217216
3/2,38,118.7907829,0.001078554492,0.001079217216
3/2,39,121.370125,0.001078745112,0.001079217216
3/2,40,122.9468293,0.001078893151,0.001079217216
3/2,41,124.2568186,0.001078943318,0.001079217216
3/2,42,127.5166839,0.001078947897,0.001079217216
3/2,43,129.5787042,0.001078836898,0.001079217216
3/2,44,131.0876885,0.00107853121,0.001079217216
3/2,45,133.4977372,0.001078097065,0.001079217216
3/2,46,134.7565098,0.00107786011,0.001079217216
3/2,47,138.1160421,0.001078712746,0.001079217216
3/2,48,139.736209,0.001079783759,0.001079217216
3/2,49,141.1237074,0.001080651525,0.001079217216
3/2,50,143.1118458,0.001080752846,0.001079217216
3/2,51,146.0009825,0.00107989943,0.001079217216
3/2,52,147.4227653,0.001079033069,0.001079217216
3/2,53,150.0535204,0.001078767624,0.001079217216
3/2,54,150.9252576,0.001078729606,0.001079217216
3/2,55,153.0246938,0.001079009988,0.001079217216
3/2,56,156.1129093,0.001079167992,0.001079217216
3/2,57,157.5975918,0.001079216071,0.001079217216
3/2,58,158.8499882,0.001079215787,0.001079217216
3/2,59,161.1889641,0.001079212245,0.001079217216
3/2,60,163.0307097,0.001079209252,0.001079217216
3/2,61,165.5370692,0.001079191946,0.001079217216
3/2,62,167.18444,0.001079212473,0.001079217216
3/2,63,169.0945154,0.001079334918,0.001079217216
3/2,64,169.9119765,0.001079500464,0.001079217216
3/2,65,173.4115365,0.001079597846,0.001079217216
3/2,66,174.7541915,0.001079548022,0.001079217216
3/2,67,176.4414343,0.001079311357,0.001079217216
3/2,68,178.3774078,0.00107899269,0.001079217216
3/2,69,179.916484,0.001078753757,0.001079217216
3/2,70,182.2070785,0.001078767999,0.001079217216
3/2,71,184.8744678,0.001078967164,0.001079217216
3/2,72,185.5987837,0.001079166865,0.001079217216
3/2,73,187.2289226,0.001079305813,0.001079217216
3/2,74,189.4161587,0.001079323347,0.001079217216
3/2,75,192.0266564,0.001079283792,0.001079217216
3/2,76,193.0797266,0.001079250979,0.001079217216
3/2,77,195.2653967,0.001079243312,0.001079217216
3/2,78,196.8764818,0.001079242972,0.001079217216
3/2,79,198.0153097,0.001079242985,0.001079217216
3/2,80,201.2647519,0.001079257713,0.001079217216
3/2,81,202.4935945,0.001079280903,0.001079217216
3/2,82,204.1896718,0.00107929983,0.001079217216
3/2,83,205.3946972,0.001079298267,0.001079217216
3/2,84,207.9062589,0.00107922836,0.001079217216
3/2,85,209.5765097,0.001079135253,0.001079217216
3/2,86,211.6908626,0.001079079264,0.001079217216
3/2,87,213.3479194,0.001079091335,0.001079217216
3/2,88,214.5470448,0.001079152101,0.001079217216
3/2,89,216.1695385,0.001079250327,0.001079217216
3/2,90,219.0675963,0.001079306373,0.001079217216
3/2,91,220.7149188,0.0010793095,0.001079217216
3/2,92,221.4307056,0.001079293326,0.001079217216
3/2,93,224.0070003,0.001079251764,0.001079217216
3/2,94,224.9833247,0.001079216978,0.001079217216
3/2,95,227.4214443,0.001079209181,0.001079217216
3/2,96,229.3374133,0.001079211465,0.001079217216
3/2,97,231.2501887,0.001079212936,0.001079217216
3/2,98,231.9872353,0.001079213475,0.001079217216
3/2,99,233.6934042,0.00107921369,0.001079217216
3/2,100,236.5242297,0.001079213213,0.001079217216
3/2,101,237.7698205,0.001079207765,0.001079217216
3/2,102,239.5554776,0.001079191598,0.001079217216
3/2,103,241.0491578,0.001079170151,0.001079217216
3/2,104,242.8232719,0.001079155834,0.001079217216
3/2,105,244.0708985,0.001079155903,0.001079217216
3/2,106,247.1369901,0.001079194284,0.001079217216
3/2,107,248.1019901,0.001079235541,0.001079217216
3/2,108,249.5736896,0.001079268176,0.001079217216
3/2,109,251.0149478,0.001079280922,0.001079217216
3/2,110,253.0699867,0.00107926336,0.001079217216
3/2,111,255.3062565,0.001079234161,0.001079217216
3/2,112,256.3807137,0.001079209209,0.001079217216
3/2,113,258.6104395,0.001079202342,0.001079217216
3/2,114,259.874407,0.001079204114,0.001079217216
3/2,115,260.8050845,0.001079209497,0.001079217216
3/2,116,263.5738939,0.00107921371,0.001079217216
3/2,117,265.5578518,0.001079214506,0.001079217216
3/2,118,266.6149738,0.001079214607,0.001079217216
3/2,119,267.9219151,0.001079214607,0.001079217216
3/2,120,269.970449,0.001079213852,0.001079217216
3/2,121,271.4940556,0.001079211444,0.001079217216
3/2,122,273.4596092,0.001079208262,0.001079217216
3/2,123,275.5874926,0.001079210145,0.001079217216
3/2,124,276.4520495,0.001079215658,0.001079217216
3/2,125,278.2507435,0.001079228254,0.001079217216
3/2,126,279.2292509,0.001079242548,0.001079217216
3/2,127,282.4651148,0.001079244904,0.001079217216
3/2,128,283.2111857,0.001079242079,0.001079217216
3/2,129,284.835964,0.00107922948,0.001079217216
3/2,130,286.6674454,0.001079213278,0.001079217216
3/2,131,287.9119205,0.001079200042,0.001079217216
3/2,132,289.5798549,0.001079194991,0.001079217216
3/2,133,291.8462913,0.001079199966,0.001079217216
3/2,134,293.5584341,0.001079206947,0.001079217216
3/2,135,294.9653696,0.001079212295,0.001079217216
3/2,136,295.5732549,0.001079216485,0.001079217216
3/2,137,297.9792771,0.001079216754,0.001079217216
3/2,138,299.8403261,0.001079216333,0.001079217216
3/2,139,301.6493255,0.001079216256,0.001079217216
3/2,140,302.6967496,0.001079216254,0.001079217216
3/2,141,304.8643713,0.001079216039,0.001079217216
3/2,142,305.7289126,0.001079215928,0.001079217216
3/2,143,307.2194961,0.001079216713,0.001079217216
3/2,144,310.1094631,0.001079220528,0.001079217216
3/2,145,311.1651415,0.001079224576,0.001079217216
3/2,146,312.4278012,0.001079227488,0.001079217216
3/2,147,313.9852857,0.001079227,0.001079217216
3/2,148,315.4756161,0.001079222492,0.001079217216
3/2,149,317.7348059,0.001079214778,0.001079217216
3/2,150,318.8531043,0.001079207906,0.001079217216
3/2,151,321.1601343,0.001079206767,0.001079217216
3/2,152,322.1445587,0.001079208428,0.001079217216
3/2,153,323.4669696,0.001079212838,0.001079217216
3/2,154,324.8628661,0.00107921817,0.001079217216
3/2,155,327.4439013,0.001079220756,0.001079217216
3/2,156,329.0330717,0.001079221048,0.001079217216
3/2,157,329.9532397,0.001079220467,0.001079217216
3/2,158,331.4744676,0.001079219395,0.001079217216
3/2,159,333.6453785,0.001079218888,0.001079217216
3/2,160,334.2113548,0.001079218562,0.001079217216
3/2,161,336.8418504,0.001079218562,0.001079217216
3/2,162,338.3399929,0.001079218599,0.001079217216
3/2,163,339.8582167,0.001079218893,0.001079217216
3/2,164,341.0422611,0.001079219511,0.001079217216
3/2,165,342.0548775,0.001079220339,0.001079217216
3/2,166,344.6617029,0.001079220435,0.001079217216
3/2,167,346.3478706,0.001079219005,0.001079217216
3/2,168,347.2726776,0.001079216707,0.001079217216
3/2,169,349.3162609,0.001079213558,0.001079217216
3/2,170,350.4084193,0.001079210922,0.001079217216
3/2,171,351.878649,0.001079209962,0.001079217216
3/2,172,353.4889005,0.001079211334,0.001079217216
3/2,173,356.017575,0.00107921467,0.001079217216
3/2,174,357.1513023,0.001079217681,0.001079217216
3/2,175,357.9526851,0.00107922008,0.001079217216
3/2,176,359.743755,0.001079220616,0.001079217216
3/2,177,361.2893617,0.001079219838,0.001079217216
3/2,178,363.3313306,0.001079218579,0.001079217216
3/2,179,364.7360241,0.00107921767,0.001079217216
3/2,180,366.2127103,0.001079217285,0.001079217216
3/2,181,367.9935755,0.001079217281,0.001079217216
3/2,182,368.9684381,0.001079217325,0.001079217216
3/2,183,370.0509192,0.001079217351,0.001079217216
3/2,184,373.0619284,0.001079217406,0.001079217216
3/2,185,373.8648739,0.001079217497,0.001079217216
3/2,186,375.8259128,0.001079217491,0.001079217216
3/2,187,376.3240922,0.001079217393,0.001079217216
3/2,188,378.4366802,0.00107921668,0.001079217216
3/2,189,379.8729753,0.001079215619,0.001079217216
3/2,190,381.4844686,0.001079214636,0.001079217216
3/2,191,383.4435294,0.001079214579,0.001079217216
3/2,192,384.9561168,0.001079215525,0.001079217216
3/2,193,385.8613008,0.001079216969,0.001079217216
3/2,194,387.2228902,0.001079218777,0.001079217216
3/2,195,388.8461284,0.001079220255,0.001079217216
3/2,196,391.4560836,0.001079220144,0.001079217216
3/2,197,392.2450833,0.001079219587,0.001079217216
3/2,198,393.4277438,0.001079218594,0.001079217216
3/2,199,395.58287,0.00107921764,0.001079217216
3/2,200,396.3818542,0.0010792169,0.001079217216
3/2,201,397.9187362,0.001079216635,0.001079217216
3/2,202,399.9851199,0.001079216761,0.001079217216
3/2,203,401.8392286,0.001079216895,0.001079217216
3/2,204,402.8619178,0.001079216971,0.001079217216
3/2,205,404.2364418,0.001079216986,0.001079217216
3/2,206,405.1343875,0.001079216987,0.001079217216
3/2,207,407.5814604,0.001079216972,0.001079217216
3/2,208,408.9472455,0.00107921688,0.001079217216
3/2,209,410.5138692,0.001079216647,0.001079217216
3/2,210,411.9722678,0.001079216338,0.001079217216
3/2,211,413.2627361,0.001079216104,0.001079217216
3/2,212,415.0188098,0.00107921623,0.001079217216
3/2,213,415.455215,0.001079216476,0.001079217216
3/2,214,418.3877058,0.001079217337,0.001079217216
3/2,215,419.8613648,0.001079218095,0.001079217216
3/2,216,420.6438276,0.001079218664,0.001079217216
3/2,217,422.0767101,0.001079218738,0.001079217216
3/2,218,423.7165796,0.001079218246,0.001079217216
3/2,219,425.0698825,0.001079217494,0.001079217216
3/2,220,427.2088251,0.001079216864,0.001079217216
3/2,221,428.1279141,0.00107921643,0.001079217216
3/2,222,430.3287454,0.001079216486,0.001079217216
3/2,223,431.3013069,0.001079216669,0.001079217216
3/2,224,432.1386417,0.001079216899,0.001079217216
3/2,225,433.8892185,0.001079217082,0.001079217216
3/2,226,436.1610064,0.001079217122,0.001079217216
3/2,227,437.5816982,0.001079217123,0.001079217216
3/2,228,438.6217387,0.001079217122,0.001079217216
3/2,229,439.9184422,0.001079217121,0.001079217216
3/2,230,441.6831992,0.001079217095,0.001079217216
3/2,231,442.9045463,0.001079217042,0.001079217216
3/2,232,444.3193363,0.001079216989,0.001079217216
3/2,233,446.8606227,0.001079217109,0.001079217216
3/2,234,447.4417042,0.001079217292,0.001079217216
3/2,235,449.1485457,0.001079217631,0.001079217216
3/2,236,450.1269458,0.001079217997,0.001079217216
3/2,237,451.4033084,0.00107921829,0.001079217216
3/2,238,453.9867378,0.00107921815,0.001079217216
3/2,239,454.9746838,0.001079217833,0.001079217216
3/2,240,456.3284267,0.001079217367,0.001079217216
3/2,241,457.9038931,0.001079216919,0.001079217216
3/2,242,459.5134153,0.001079216674,0.001079217216
3/2,243,460.0879444,0.001079216524,0.001079217216
3/2,244,462.0653673,0.001079216663,0.001079217216
3/2,245,464.0572869,0.001079216898,0.001079217216
3/2,246,465.6715392,0.001079217069,0.001079217216
3/2,247,466.5702869,0.001079217181,0.001079217216
3/2,248,467.4390462,0.001079217238,0.001079217216
3/2,249,469.5360046,0.001079217223,0.001079217216
3/2,250,470.7736555,0.001079217207,0.001079217216
3/2,251,472.7991747,0.001079217206,0.001079217216
3/2,252,473.8352323,0.001079217205,0.001079217216
3/2,253,475.6003394,0.0010792172,0.001079217216
3/2,254,476.7690152,0.001079217204,0.001079217216
3/2,255,478.0752638,0.001079217238,0.001079217216
3/2,256,478.9421815,0.001079217304,0.001079217216
3/2,257,481.8303394,0.001079217433,0.001079217216
3/2,258,482.8347828,0.001079217531,0.001079217216
3/2,259,483.8514272,0.001079217565,0.001079217216
3/2,260,485.5391481,0.001079217447,0.001079217216
3/2,261,486.5287183,0.001079217245,0.001079217216
3/2,262,488.3805671,0.001079216977,0.001079217216
3/2,263,489.6617616,0.001079216756,0.001079217216
3/2,264,491.3988216,0.001079216692,0.001079217216
3/2,265,493.3144416,0.001079216812,0.001079217216
3/2,266,493.9579978,0.001079216973,0.001079217216
3/2,267,495.3588288,0.001079217165,0.001079217216
3/2,268,496.4296962,0.001079217334,0.001079217216
3/2,269,498.5807824,0.00107921739,0.001079217216
3/2,270,500.3090849,0.001079217371,0.001079217216
3/2,271,501.604447,0.001079217333,0.001079217216
3/2,272,502.2762703,0.001079217296,0.001079217216
3/2,273,504.4997733,0.001079217283,0.001079217216
3/2,274,505.4152317,0.001079217279,0.001079217216
3/2,275,506.4641527,0.001079217279,0.001079217216
3/2,276,508.8007003,0.001079217281,0.001079217216
3/2,277,510.2642279,0.001079217294,0.001079217216
3/2,278,511.5622897,0.001079217322,0.001079217216
3/2,279,512.6231445,0.001079217359,0.001079217216
3/2,280,513.6689856,0.001079217393,0.001079217216
3/2,281,515.4350572,0.001079217387,0.001079217216
3/2,282,517.5896686,0.001079217295,0.001079217216
3/2,283,518.2342231,0.001079217181,0.001079217216
3/2,284,520.1063104,0.001079217051,0.001079217216
3/2,285,521.5251934,0.001079216968,0.001079217216
3/2,286,522.4566962,0.001079216934,0.001079217216
3/2,287,523.9605309,0.001079216992,0.001079217216
3/2,288,525.0773857,0.001079217103,0.001079217216
3/2,289,527.9036416,0.001079217217,0.001079217216
3/2,290,528.4062139,0.001079217315,0.001079217216
3/2,291,529.8062263,0.001079217353,0.001079217216
3/2,292,530.8669179,0.001079217349,0.001079217216
3/2,293,532.688183,0.001079217303,0.001079217216
3/2,294,533.7796308,0.001079217256,0.001079217216
3/2,295,535.6643141,0.00107921723,0.001079217216
3/2,296,537.0697591,0.001079217222,0.001079217216
3/2,297,538.4285262,0.001079217221,0.001079217216
3/2,298,540.2131664,0.001079217222,0.001079217216
3/2,299,540.6313902,0.001079217222,0.001079217216
3/2,300,541.8474371,0.001079217223,0.001079217216
3/2,301,544.3238901,0.00107921723,0.001079217216
3/2,302,545.6368332,0.001079217234,0.001079217216
3/2,303,547.0109121,0.001079217225,0.001079217216
3/2,304,547.9316134,0.001079217202,0.001079217216
3/2,305,549.4975676,0.001079217153,0.001079217216
3/2,306,550.97001,0.001079217094,0.001079217216
3/2,307,552.0495722,0.001079217044,0.001079217216
3/2,308,553.7649721,0.001079217037,0.001079217216
3/2,309,555.7920206,0.001079217095,0.001079217216
3/2,310,556.8994764,0.001079217176,0.001079217216
3/2,311,557.5646592,0.001079217262,0.001079217216
3/2,312,559.316237,0.001079217332,0.001079217216
3/2,313,560.2408075,0.001079217377,0.001079217216
3/2,314,562.5592076,0.001079217356,0.001079217216
3/2,315,564.1608791,0.001079217311,0.001079217216
3/2,316,564.5060559,0.001079217264,0.001079217216
3/2,317,566.6987877,0.001079217233,0.001079217216
3/2,318,567.7317579,0.001079217215,0.001079217216
3/2,319,568.9239552,0.001079217211,0.001079217216
3/2,320,570.0511148,0.001079217214,0.001079217216
3/2,321,572.4199841,0.001079217216,0.001079217216
3/2,322,573.6146105,0.001079217217,0.001079217216
3/2,323,575.093886,0.001079217217,0.001079217216
3/2,324,575.8072471,0.001079217217,0.001079217216
3/2,325,577.0390035,0.001079217218,0.001079217216
3/2,326,579.0988347,0.001079217211,0.001079217216
3/2,327,580.1369594,0.001079217197,0.001079217216
3/2,328,581.9465763,0.001079217175,0.001079217216
3/2,329,583.2360882,0.001079217156,0.001079217216
3/2,330,584.5617059,0.001079217149,0.001079217216
3/2,331,585.9845632,0.001079217166,0.001079217216
3/2,332,586.7427719,0.001079217196,0.001079217216
3/2,333,588.1396633,0.001079217242,0.001079217216
3/2,334,590.6603975,0.001079217281,0.001079217216
3/2,335,591.7258581,0.001079217301,0.001079217216
3/2,336,592.5713583,0.001079217304,0.001079217216
3/2,337,593.9747147,0.001079217282,0.001079217216
3/2,338,595.7281537,0.001079217244,0.001079217216
3/2,339,596.3627683,0.001079217206,0.001079217216
3/2,340,598.4930773,0.001079217185,0.001079217216
3/2,341,599.5456404,0.001079217176,0.001079217216
3/2,342,601.6021367,0.001079217183,0.001079217216
3/2,343,602.5791679,0.001079217191,0.001079217216
3/2,344,603.6256189,0.001079217198,0.001079217216
3/2,345,604.6162185,0.001079217203,0.001079217216
3/2,346,606.3834604,0.001079217203,0.001079217216
3/2,347,608.4132173,0.001079217203,0.001079217216
3/2,348,609.3895752,0.001079217203,0.001079217216
3/2,349,610.8391629,0.001079217201,0.001079217216
3/2,350,611.7742096,0.001079217198,0.001079217216
3/2,351,613.5997787,0.001079217191,0.001079217216
3/2,352,614.6462379,0.001079217185,0.001079217216
3/2,353,615.5385634,0.001079217182,0.001079217216
3/2,354,618.1128314,0.001079217199,0.001079217216
3/2,355,619.1844826,0.001079217222,0.001079217216
3/2,356,620.2728937,0.001079217249,0.001079217216
3/2,357,621.7092945,0.00107921727,0.001079217216
3/2,358,622.3750027,0.001079217285,0.001079217216
3/2,359,624.2699,0.001079217279,0.001079217216
3/2,360,626.0192834,0.001079217255,0.001079217216
3/2,361,627.2683969,0.001079217227,0.001079217216
3/2,362,628.3258624,0.001079217201,0.001079217216
3/2,363,630.4738874,0.001079217193,0.001079217216
3/2,364,630.8057809,0.001079217187,0.001079217216
3/2,365,632.2251412,0.001079217192,0.001079217216
3/2,366,633.5468583,0.001079217202,0.001079217216
3/2,367,635.5238003,0.00107921721,0.001079217216
3/2,368,637.3971932,0.001079217213,0.001079217216
3/2,369,637.925514,0.001079217215,0.001079217216
3/2,370,638.9279383,0.001079217215,0.001079217216
3/2,371,640.6947947,0.001079217215,0.001079217216
3/2,372,641.9454997,0.001079217215,0.001079217216
3/2,373,643.2788838,0.001079217214,0.001079217216
3/2,374,644.9905782,0.001079217213,0.001079217216
3/2,375,646.3481916,0.001079217212,0.001079217216
3/2,376,647.761753,0.001079217214,0.001079217216
3/2,377,648.7864009,0.001079217219,0.001079217216
3/2,378,650.1975193,0.001079217229,0.001079217216
3/2,379,650.6686839,0.001079217241,0.001079217216
3/2,380,653.6495716,0.001079217247,0.001079217216
3/2,381,654.3019206,0.00107921725,0.001079217216
3/2,382,655.709463,0.001079217243,0.001079217216
3/2,383,656.9640846,0.001079217229,0.001079217216
3/2,384,658.1756144,0.00107921721,0.001079217216
3/2,385,659.663846,0.001079217194,0.001079217216
3/2,386,660.7167326,0.001079217182,0.001079217216
3/2,387,662.2965864,0.001079217181,0.001079217216
3/2,388,664.2446047,0.00107921719,0.001079217216
3/2,389,665.3427631,0.0010792172,0.001079217216
3/2,390,666.5151477,0.001079217209,0.001079217216
3/2,391,667.1484949,0.001079217216,0.001079217216
3/2,392,668.9758488,0.001079217218,0.001079217216
3/2,393,670.3235852,0.001079217218,0.001079217216
3/2,394,672.4581836,0.001079217217,0.001079217216
3/2,395,673.0435783,0.001079217217,0.001079217216
3/2,396,674.3558978,0.001079217217,0.001079217216
3/2,397,676.1396744,0.001079217217,0.001079217216
3/2,398,677.2301807,0.001079217217,0.001079217216
3/2,399,677.8004447,0.001079217216,0.001079217216
3/2,400,679.7421979,0.001079217218,0.001079217216
3/2,401,681.8949915,0.001079217222,0.001079217216
3/2,402,682.602735,0.001079217228,0.001079217216
3/2,403,684.0135498,0.001079217232,0.001079217216
3/2,404,684.9726299,0.001079217234,0.001079217216
3/2,405,686.1632236,0.001079217233,0.001079217216
3/2,406,687.9615432,0.001079217224,0.001079217216
3/2,407,689.3689414,0.001079217213,0.001079217216
3/2,408,690.474735,0.001079217202,0.001079217216
3/2,409,692.4516844,0.001079217198,0.001079217216
3/2,410,693.1769701,0.001079217197,0.001079217216
3/2,411,694.5339087,0.001079217201,0.001079217216
3/2,412,695.7263359,0.001079217209,0.001079217216
3/2,413,696.6260699,0.001079217217,0.001079217216
3/2,414,699.1320955,0.001079217222,0.001079217216
3/2,415,700.2967391,0.001079217224,0.001079217216
3/2,416,701.301743,0.001079217224,0.001079217216
3/2,417,702.2273431,0.001079217222,0.001079217216
3/2,418,704.0338393,0.001079217221,0.001079217216
3/2,419,705.125814,0.00107921722,0.001079217216
3/2,420,706.1846548,0.001079217219,0.001079217216
3/2,421,708.2690709,0.001079217219,0.001079217216
3/2,422,709.2295886,0.001079217219,0.001079217216
3/2,423,711.1302742,0.001079217219,0.001079217216
3/2,424,711.9002899,0.00107921722,0.001079217216
3/2,425,712.7493835,0.001079217221,0.001079217216
3/2,426,714.0827718,0.001079217223,0.001079217216
3/2,427,716.1123965,0.001079217224,0.001079217216
3/2,428,717.4825697,0.001079217223,0.001079217216
3/2,429,718.7427865,0.001079217219,0.001079217216
3/2,430,719.697101,0.001079217213,0.001079217216
3/2,431,721.3511622,0.001079217207,0.001079217216
3/2,432,722.277505,0.001079217202,0.001079217216
3/2,433,723.845821,0.0010792172,0.001079217216
3/2,434,724.5626139,0.0010792172,0.001079217216
3/2,435,727.0564032,0.001079217206,0.001079217216
3/2,436,728.4054816,0.001079217213,0.001079217216
3/2,437,728.7587498,0.001079217219,0.001079217216
3/2,438,730.4164821,0.001079217222,0.001079217216
3/2,439,731.4173549,0.001079217224,0.001079217216
3/2,440,732.8180527,0.001079217223,0.001079217216
3/2,441,734.7896433,0.001079217221,0.001079217216
3/2,442,735.7654592,0.001079217219,0.001079217216
3/2,443,737.0529289,0.001079217218,0.001079217216
3/2,444,738.5804212,0.001079217217,0.001079217216
3/2,445,739.9095237,0.001079217217,0.001079217216
3/2,446,740.5738074,0.001079217217,0.001079217216
3/2,447,741.7573356,0.001079217217,0.001079217216
3/2,448,743.8950131,0.001079217217,0.001079217216
3/2,449,745.3449896,0.001079217218,0.001079217216
3/2,450,746.4993059,0.001079217218,0.001079217216
3/2,451,747.6745636,0.001079217218,0.001079217216
3/2,452,748.2427545,0.001079217218,0.001079217216
3/2,453,750.6559504,0.001079217215,0.001079217216
3/2,454,750.9663811,0.001079217213,0.001079217216
3/2,455,752.8876216,0.00107921721,0.001079217216
3/2,456,754.3223705,0.001079217208,0.001079217216
3/2,457,755.839309,0.001079217209,0.001079217216
3/2,458,756.7682484,0.001079217211,0.001079217216
3/2,459,758.1017292,0.001079217215,0.001079217216
3/2,460,758.9002382,0.001079217219,0.001079217216
3/2,461,760.282367,0.001079217223,0.001079217216
3/2,462,762.7000332,0.001079217224,0.001079217216
3/2,463,763.5930662,0.001079217224,0.001079217216
3/2,464,764.3075227,0.001079217222,0.001079217216
3/2,465,766.0875401,0.00107921722,0.001079217216
3/2,466,767.2184722,0.001079217218,0.001079217216
3/2,467,768.2814618,0.001079217217,0.001079217216
3/2,468,769.6934073,0.001079217216,0.001079217216
3/2,469,771.0708393,0.001079217216,0.001079217216
3/2,470,772.9616176,0.001079217216,0.001079217216
3/2,471,774.1177446,0.001079217216,0.001079217216
3/2,472,775.0478471,0.001079217216,0.001079217216
3/2,473,775.999712,0.001079217216,0.001079217216
3/2,474,777.2997485,0.001079217216,0.001079217216
3/2,475,779.1570769,0.001079217216,0.001079217216
3/2,476,780.348925,0.001079217216,0.001079217216
3/2,477,782.1376644,0.001079217215,0.001079217216
3/2,478,782.5979439,0.001079217213,0.001079217216
3/2,479,784.2888226,0.001079217212,0.001079217216
3/2,480,785.7390897,0.001079217211,0.001079217216
3/2,481,786.4611475,0.001079217211,0.001079217216
3/2,482,787.4684638,0.001079217213,0.001079217216
3/2,483,790.0590924,0.001079217215,0.001079217216
3/2,484,790.8316205,0.001079217218,0.001079217216
3/2,485,792.4277076,0.00107921722,0.001079217216
3/2,486,792.8886526,0.001079217222,0.001079217216
3/2,487,794.4837919,0.001079217221,0.001079217216
3/2,488,795.6065962,0.00107921722,0.001079217216
3/2,489,797.26347,0.001079217218,0.001079217216
3/2,490,798.7075702,0.001079217216,0.001079217216
3/2,491,799.6543362,0.001079217215,0.001079217216
3/2,492,801.6042465,0.001079217215,0.001079217216
3/2,493,802.5419849,0.001079217215,0.001079217216
3/2,494,803.2430962,0.001079217215,0.001079217216
3/2,495,804.7622391,0.001079217216,0.001079217216
3/2,496,805.8616357,0.001079217216,0.001079217216
3/2,497,808.1518149,0.001079217216,0.001079217216
3/2,498,809.1977834,0.001079217216,0.001079217216
3/2,499,810.0818049,0.001079217216,0.001079217216
3/2,500,811.1843588,0.001079217216,0.001079217216
3/2,501,812.7711084,0.001079217215,0.001079217216
3/2,502,814.0459136,0.001079217215,0.001079217216
3/2,503,814.8705396,0.001079217214,0.001079217216
3/2,504,816.7277377,0.001079217214,0.001079217216
3/2,505,818.3806689,0.001079217215,0.001079217216
3/2,506,819.2046422,0.001079217216,0.001079217216
3/2,507,820.7218984,0.001079217217,0.001079217216
3/2,508,821.7134541,0.001079217219,0.001079217216
3/2,509,822.1977575,0.001079217221,0.001079217216
3/2,510,824.5262939,0.001079217221,0.001079217216
3/2,511,826.0392874,0.00107921722,0.001079217216
3/2,512,826.905811,0.001079217219,0.001079217216
3/2,513,828.3401743,0.001079217218,0.001079217216
3/2,514,829.437011,0.001079217216,0.001079217216
3/2,515,830.8958841,0.001079217215,0.001079217216
3/2,516,831.7997777,0.001079217215,0.001079217216
3/2,517,833.0036409,0.001079217215,0.001079217216
3/2,518,834.6519151,0.001079217215,0.001079217216
3/2,519,836.6935762,0.001079217216,0.001079217216
3/2,520,837.3473351,0.001079217216,0.001079217216
3/2,521,838.249022,0.001079217216,0.001079217216
3/2,522,839.4653948,0.001079217216,0.001079217216
3/2,523,841.0363898,0.001079217216,0.001079217216
3/2,524,842.0413542,0.001079217216,0.001079217216
3/2,525,844.1661966,0.001079217216,0.001079217216
3/2,526,844.805994,0.001079217216,0.001079217216
3/2,527,846.1947699,0.001079217216,0.001079217216
3/2,528,847.9717176,0.001079217216,0.001079217216
3/2,529,848.4892812,0.001079217216,0.001079217216
3/2,530,849.8622743,0.001079217216,0.001079217216
3/2,531,850.6454485,0.001079217217,0.001079217216
3/2,532,853.1631126,0.001079217217,0.001079217216
3/2,533,854.0955117,0.001079217218,0.001079217216
3/2,534,855.2867102,0.001079217219,0.001079217216
3/2,535,856.4841175,0.001079217219,0.001079217216
3/2,536,857.3107406,0.001079217218,0.001079217216
3/2,537,858.9040265,0.001079217217,0.001079217216
3/2,538,860.4106709,0.001079217216,0.001079217216
3/2,539,861.1710982,0.001079217215,0.001079217216
3/2,540,863.1897198,0.001079217214,0.001079217216
3/2,541,864.3408239,0.001079217215,0.001079217216
3/2,542,865.5946643,0.001079217215,0.001079217216
3/2,543,866.4237399,0.001079217216,0.001079217216
3/2,544,867.6931226,0.001079217216,0.001079217216
3/2,545,868.6704942,0.001079217216,0.001079217216
3/2,546,870.8469023,0.001079217216,0.001079217216
3/2,547,872.1887508,0.001079217216,0.001079217216
3/2,548,873.098979,0.001079217216,0.001079217216
3/2,549,873.9083892,0.001079217216,0.001079217216
3/2,550,875.9852851,0.001079217216,0.001079217216
3/2,551,876.6008258,0.001079217216,0.001079217216
3/2,552,877.6546983,0.001079217216,0.001079217216
3/2,553,879.380952,0.001079217216,0.001079217216
3/2,554,880.8346488,0.001079217216,0.001079217216
3/2,555,882.3866966,0.001079217217,0.001079217216
3/2,556,883.4303318,0.001079217217,0.001079217216
3/2,557,884.1987431,0.001079217218,0.001079217216
3/2,558,885.2723045,0.001079217218,0.001079217216
3/2,559,886.852802,0.001079217218,0.001079217216
3/2,560,888.4755667,0.001079217218,0.001079217216
3/2,561,889.7352943,0.001079217217,0.001079217216
3/2,562,890.8131321,0.001079217216,0.001079217216
3/2,563,892.3864333,0.001079217216,0.001079217216
3/2,564,893.1191176,0.001079217215,0.001079217216
3/2,565,894.8862923,0.001079217215,0.001079217216
3/2,566,895.3979197,0.001079217215,0.001079217216
3/2,567,896.6322516,0.001079217216,0.001079217216
3/2,568,899.2215227,0.001079217216,0.001079217216
3/2,569,899.8588846,0.001079217216,0.001079217216
3/2,570,900.8497399,0.001079217217,0.001079217216
3/2,571,902.2432076,0.001079217217,0.001079217216
3/2,572,903.0996744,0.001079217217,0.001079217216
3/2,573,904.7029027,0.001079217217,0.001079217216
3/2,574,905.8299408,0.001079217216,0.001079217216
3/2,575,907.6567295,0.001079217216,0.001079217216
3/2,576,908.3335436,0.001079217216,0.001079217216
3/2,577,910.1863341,0.001079217216,0.001079217216
3/2,578,911.2349515,0.001079217217,0.001079217216
3/2,579,912.3310456,0.001079217217,0.001079217216
3/2,580,912.8239992,0.001079217217,0.001079217216
3/2,581,914.730097,0.001079217217,0.001079217216
3/2,582,916.3550008,0.001079217217,0.001079217216
3/2,583,917.8253776,0.001079217217,0.001079217216
3/2,584,918.8365352,0.001079217217,0.001079217216
3/2,585,919.4483444,0.001079217217,0.001079217216
3/2,586,921.1563955,0.001079217216,0.001079217216
3/2,587,922.5006293,0.001079217216,0.001079217216
3/2,588,923.2857198,0.001079217215,0.001079217216
3/2,589,924.7734839,0.001079217215,0.001079217216
3/2,590,926.5515528,0.001079217215,0.001079217216
3/2,591,927.850859,0.001079217216,0.001079217216
3/2,592,928.6636593,0.001079217216,0.001079217216
3/2,593,929.8740929,0.001079217216,0.001079217216
3/2,594,931.0092113,0.001079217217,0.001079217216
3/2,595,931.8527407,0.001079217217,0.001079217216
3/2,596,934.3853068,0.001079217217,0.001079217216
3/2,597,934.9954249,0.001079217217,0.001079217216
3/2,598,936.2286494,0.001079217217,0.001079217216
3/2,599,937.5329257,0.001079217217,0.001079217216
3/2,600,939.0243009,0.001079217217,0.001079217216
3/2,601,939.6609406,0.001079217217,0.001079217216
3/2,602,941.1569996,0.001079217217,0.001079217216
3/2,603,942.0523416,0.001079217217,0.001079217216
3/2,604,944.1880358,0.001079217217,0.001079217216
3/2,605,945.3335625,0.001079217217,0.001079217216
3/2,606,946.7658422,0.001079217217,0.001079217216
3/2,607,947.0791831,0.001079217217,0.001079217216
3/2,608,948.3466463,0.001079217217,0.001079217216
3/2,609,950.1516127,0.001079217217,0.001079217216
3/2,610,951.0332487,0.001079217217,0.001079217216
3/2,611,952.7279886,0.001079217216,0.001079217216
3/2,612,954.1297193,0.001079217216,0.001079217216
3/2,613,954.8293089,0.001079217216,0.001079217216
3/2,614,956.6754793,0.001079217216,0.001079217216
3/2,615,957.5100526,0.001079217216,0.001079217216
3/2,616,958.4145934,0.001079217216,0.001079217216
3/2,617,959.4591688,0.001079217216,0.001079217216
3/2,618,961.6695725,0.001079217217,0.001079217216
3/2,619,963.1820867,0.001079217217,0.001079217216
3/2,620,963.5670402,0.001079217217,0.001079217216
3/2,621,965.0555796,0.001079217217,0.001079217216
3/2,622,966.1107548,0.001079217217,0.001079217216
3/2,623,967.3711538,0.001079217217,0.001079217216
3/2,624,968.6363019,0.001079217217,0.001079217216
3/2,625,970.1256106,0.001079217216,0.001079217216
3/2,626,971.0714915,0.001079217216,0.001079217216
3/2,627,973.1853613,0.001079217216,0.001079217216
3/2,628,973.873079,0.001079217216,0.001079217216
3/2,629,974.7746351,0.001079217216,0.001079217216
3/2,630,976.1785024,0.001079217216,0.001079217216
3/2,631,976.9172021,0.001079217216,0.001079217216
3/2,632,978.7666715,0.001079217216,0.001079217216
3/2,633,980.5780006,0.001079217216,0.001079217216
3/2,634,981.2886153,0.001079217216,0.001079217216
3/2,635,982.3964852,0.001079217216,0.001079217216
3/2,636,983.575076,0.001079217216,0.001079217216
3/2,637,985.1869287,0.001079217216,0.001079217216
3/2,638,986.1305151,0.001079217216,0.001079217216
3/2,639,986.7560084,0.001079217216,0.001079217216
3/2,640,988.9926224,0.001079217216,0.001079217216
3/2,641,990.2239178,0.001079217216,0.001079217216
3/2,642,991.3742941,0.001079217216,0.001079217216
3/2,643,992.7286963,0.001079217217,0.001079217216
3/2,644,993.214581,0.001079217217,0.001079217216
3/2,645,994.4045906,0.001079217217,0.001079217216
3/2,646,996.2053362,0.001079217217,0.001079217216
3/2,647,997.5119348,0.001079217217,0.001079217216
3/2,648,998.8275471,0.001079217217,0.001079217216
3/2,649,999.7915716,0.001079217216,0.001079217216
3/2,650,1001.349483,0.001079217216,0.001079217216
3/2,651,1002.404305,0.001079217216,0.001079217216
3/2,652,1003.267808,0.001079217216,0.001079217216
3/2,653,1004.675044,0.001079217216,0.001079217216
3/2,654,1005.54342,0.001079217216,0.001079217216
3/2,655,1008.006704,0.001079217216,0.001079217216
3/2,656,1008.79571,0.001079217216,0.001079217216
3/2,657,1009.806591,0.001079217216,0.001079217216
3/2,658,1010.569757,0.001079217216,0.001079217216
3/2,659,1012.410043,0.001079217216,0.001079217216
3/2,660,1013.058638,0.001079217216,0.001079217216
3/2,661,1014.689633,0.001079217216,0.001079217216
3/2,662,1016.060179,0.001079217216,0.001079217216
3/2,663,1017.266402,0.001079217216,0.001079217216
3/2,664,1018.605573,0.001079217216,0.001079217216
3/2,665,1019.91244,0.001079217216,0.001079217216
3/2,666,1020.917475,0.001079217216,0.001079217216
3/2,667,1021.544344,0.001079217216,0.001079217216
3/2,668,1022.885271,0.001079217217,0.001079217216
3/2,669,1025.265724,0.001079217217,0.001079217216
3/2,670,1025.707944,0.001079217217,0.001079217216
3/2,671,1027.467694,0.001079217217,0.001079217216
3/2,672,1028.128964,0.001079217217,0.001079217216
3/2,673,1029.227297,0.001079217217,0.001079217216
3/2,674,1030.897369,0.001079217216,0.001079217216
3/2,675,1031.83318,0.001079217216,0.001079217216
3/2,676,1032.812883,0.001079217216,0.001079217216
3/2,677,1034.612916,0.001079217216,0.001079217216
3/2,678,1036.195917,0.001079217216,0.001079217216
3/2,679,1037.024708,0.001079217216,0.001079217216
3/2,680,1038.087752,0.001079217216,0.001079217216
3/2,681,1039.077401,0.001079217216,0.001079217216
3/2,682,1040.264038,0.001079217216,0.001079217216
3/2,683,1041.621528,0.001079217216,0.001079217216
3/2,684,1043.623954,0.001079217216,0.001079217216
3/2,685,1044.514976,0.001079217216,0.001079217216
3/2,686,1045.107042,0.001079217216,0.001079217216
3/2,687,1047.089817,0.001079217216,0.001079217216
3/2,688,1047.987147,0.001079217216,0.001079217216
3/2,689,1048.953785,0.001079217216,0.001079217216
3/2,690,1049.996284,0.001079217216,0.001079217216
3/2,691,1051.576572,0.001079217216,0.001079217216
3/2,692,1053.245785,0.001079217216,0.001079217216
3/2,693,1054.781039,0.001079217216,0.001079217216
3/2,694,1055.002146,0.001079217217,0.001079217216
3/2,695,1056.688847,0.001079217217,0.001079217216
3/2,696,1057.100044,0.001079217217,0.001079217216
3/2,697,1059.133769,0.001079217217,0.001079217216
3/2,698,1060.139519,0.001079217217,0.001079217216
3/2,699,1061.501304,0.001079217216,0.001079217216
3/2,700,1062.915382,0.001079217216,0.001079217216
3/2,701,1064.071551,0.001079217216,0.001079217216
3/2,702,1065.121855,0.001079217216,0.001079217216
3/2,703,1066.463223,0.001079217216,0.001079217216
3/2,704,1067.41886,0.001079217216,0.001079217216
3/2,705,1067.99,0.001079217216,0.001079217216
3/2,706,1070.535042,0.001079217216,0.001079217216
3/2,707,1071.618623,0.001079217216,0.001079217216
3/2,708,1072.543998,0.001079217216,0.001079217216
3/2,709,1073.570353,0.001079217216,0.001079217216
3/2,710,1074.747771,0.001079217216,0.001079217216
3/2,711,1076.266626,0.001079217216,0.001079217216
3/2,712,1076.924056,0.001079217216,0.001079217216
3/2,713,1078.647198,0.001079217216,0.001079217216
3/2,714,1079.809965,0.001079217216,0.001079217216
3/2,715,1081.171002,0.001079217216,0.001079217216
3/2,716,1082.95275,0.001079217216,0.001079217216
3/2,717,1083.295467,0.001079217216,0.001079217216
3/2,718,1084.183264,0.001079217216,0.001079217216
3/2,719,1085.647831,0.001079217217,0.001079217216
3/2,720,1086.911999,0.001079217217,0.001079217216
3/2,721,1088.755725,0.001079217217,0.001079217216
3/2,722,1089.795338,0.001079217217,0.001079217216
3/2,723,1090.863191,0.001079217217,0.001079217216
3/2,724,1091.728473,0.001079217216,0.001079217216
3/2,725,1093.440873,0.001079217216,0.001079217216
3/2,726,1094.284458,0.001079217216,0.001079217216
3/2,727,1095.433085,0.001079217216,0.001079217216
3/2,728,1096.401918,0.001079217216,0.001079217216
3/2,729,1098.841015,0.001079217216,0.001079217216
3/2,730,1099.360667,0.001079217216,0.001079217216
3/2,731,1100.574461,0.001079217216,0.001079217216
3/2,732,1101.839111,0.001079217216,0.001079217216
3/2,733,1102.55178,0.001079217216,0.001079217216
3/2,734,1103.732297,0.001079217216,0.001079217216
3/2,735,1105.617189,0.001079217216,0.001079217216
3/2,736,1106.774372,0.001079217216,0.001079217216
3/2,737,1107.774532,0.001079217216,0.001079217216
3/2,738,1109.158919,0.001079217216,0.001079217216
3/2,739,1110.444143,0.001079217216,0.001079217216
3/2,740,1111.443505,0.001079217216,0.001079217216
3/2,741,1112.432995,0.001079217216,0.001079217216
3/2,742,1113.397595,0.001079217216,0.001079217216
3/2,743,1115.065359,0.001079217216,0.001079217216
3/2,744,1116.787254,0.001079217216,0.001079217216
3/2,745,1117.96592,0.001079217216,0.001079217216
3/2,746,1118.684135,0.001079217217,0.001079217216
3/2,747,1119.473247,0.001079217217,0.001079217216
3/2,748,1121.155938,0.001079217216,0.001079217216
3/2,749,1122.458621,0.001079217216,0.001079217216
3/2,750,1123.101117,0.001079217216,0.001079217216
3/2,751,1125.314729,0.001079217216,0.001079217216
3/2,752,1125.763442,0.001079217216,0.001079217216
3/2,753,1127.658024,0.001079217216,0.001079217216
3/2,754,1128.430225,0.001079217216,0.001079217216
3/2,755,1129.728997,0.001079217216,0.001079217216
3/2,756,1130.391598,0.001079217216,0.001079217216
3/2,757,1131.495086,0.001079217216,0.001079217216
3/2,758,1133.708626,0.001079217216,0.001079217216
3/2,759,1134.885655,0.001079217216,0.001079217216
3/2,760,1135.562214,0.001079217216,0.001079217216
3/2,761,1136.929293,0.001079217216,0.001079217216
3/2,762,1138.15159,0.001079217216,0.001079217216
3/2,763,1138.992342,0.001079217216,0.001079217216
3/2,764,1140.721848,0.001079217216,0.001079217216
3/2,765,1141.261023,0.001079217216,0.001079217216
3/2,766,1142.85866,0.001079217216,0.001079217216
3/2,767,1144.7823,0.001079217216,0.001079217216
3/2,768,1145.485328,0.001079217216,0.001079217216
3/2,769,1146.576815,0.001079217216,0.001079217216
3/2,770,1147.501777,0.001079217216,0.001079217216
3/2,771,1148.615277,0.001079217216,0.001079217216
3/2,772,1149.982601,0.001079217216,0.001079217216
3/2,773,1151.562815,0.001079217216,0.001079217216
3/2,774,1152.943129,0.001079217216,0.001079217216
3/2,775,1153.890304,0.001079217216,0.001079217216
3/2,776,1154.69752,0.001079217216,0.001079217216
3/2,777,1156.621568,0.001079217216,0.001079217216
3/2,778,1157.432315,0.001079217216,0.001079217216
3/2,779,1158.001609,0.001079217216,0.001079217216
3/2,780,1159.480657,0.001079217216,0.001079217216
3/2,781,1161.396645,0.001079217216,0.001079217216
3/2,782,1162.487529,0.001079217216,0.001079217216
3/2,783,1163.701032,0.001079217216,0.001079217216
3/2,784,1164.737586,0.001079217216,0.001079217216
3/2,785,1165.271228,0.001079217216,0.001079217216
3/2,786,1166.943613,0.001079217216,0.001079217216
3/2,787,1168.086272,0.001079217216,0.001079217216
3/2,788,1169.698357,0.001079217216,0.001079217216
3/2,789,1170.463639,0.001079217216,0.001079217216
3/2,790,1172.120682,0.001079217216,0.001079217216
3/2,791,1173.305688,0.001079217216,0.001079217216
3/2,792,1174.232767,0.001079217216,0.001079217216
3/2,793,1175.215452,0.001079217216,0.001079217216
3/2,794,1176.632876,0.001079217216,0.001079217216
3/2,795,1177.106304,0.001079217216,0.001079217216
3/2,796,1179.701224,0.001079217216,0.001079217216
3/2,797,1180.653544,0.001079217216,0.001079217216
3/2,798,1181.267318,0.001079217216,0.001079217216
3/2,799,1182.58227,0.001079217216,0.001079217216
3/2,800,1183.712775,0.001079217216,0.001079217216
3/2,801,1185.155843,0.001079217216,0.001079217216
3/2,802,1185.875359,0.001079217216,0.001079217216
3/2,803,1187.345161,0.001079217216,0.001079217216
3/2,804,1188.856444,0.001079217216,0.001079217216
3/2,805,1189.963636,0.001079217216,0.001079217216
3/2,806,1191.482606,0.001079217216,0.001079217216
3/2,807,1192.218611,0.001079217216,0.001079217216
3/2,808,1193.324021,0.001079217216,0.001079217216
3/2,809,1193.857427,0.001079217216,0.001079217216
3/2,810,1196.034672,0.001079217216,0.001079217216
3/2,811,1197.071787,0.001079217216,0.001079217216
3/2,812,1198.686569,0.001079217216,0.001079217216
3/2,813,1199.356514,0.001079217216,0.001079217216
3/2,814,1200.532692,0.001079217216,0.001079217216
3/2,815,1201.810335,0.001079217216,0.001079217216
3/2,816,1203.137351,0.001079217216,0.001079217216
3/2,817,1203.855248,0.001079217216,0.001079217216
3/2,818,1204.985492,0.001079217216,0.001079217216
3/2,819,1206.8705,0.001079217216,0.001079217216
3/2,820,1208.47146,0.001079217216,0.001079217216
3/2,821,1208.989484,0.001079217216,0.001079217216
3/2,822,1209.89803,0.001079217216,0.001079217216
3/2,823,1211.416116,0.001079217216,0.001079217216
3/2,824,1212.113153,0.001079217216,0.001079217216
3/2,825,1213.598373,0.001079217216,0.001079217216
3/2,826,1215.389975,0.001079217216,0.001079217216
3/2,827,1216.183722,0.001079217216,0.001079217216
3/2,828,1217.174482,0.001079217216,0.001079217216
3/2,829,1219.050028,0.001079217216,0.001079217216
3/2,830,1219.614471,0.001079217216,0.001079217216
3/2,831,1220.816348,0.001079217216,0.001079217216
3/2,832,1221.692242,0.001079217216,0.001079217216
3/2,833,1222.952484,0.001079217216,0.001079217216
3/2,834,1225.01833,0.001079217216,0.001079217216
3/2,835,1225.855021,0.001079217216,0.001079217216
3/2,836,1227.231828,0.001079217216,0.001079217216
3/2,837,1227.917142,0.001079217216,0.001079217216
3/2,838,1228.793154,0.001079217216,0.001079217216
3/2,839,1230.584603,0.001079217216,0.001079217216
3/2,840,1231.562274,0.001079217216,0.001079217216
3/2,841,1232.529587,0.001079217216,0.001079217216
3/2,842,1234.277817,0.001079217216,0.001079217216
3/2,843,1235.502549,0.001079217216,0.001079217216
3/2,844,1236.399017,0.001079217216,0.001079217216
3/2,845,1237.977299,0.001079217216,0.001079217216
3/2,846,1238.457233,0.001079217216,0.001079217216
3/2,847,1239.490807,0.001079217216,0.001079217216
3/2,848,1240.813472,0.001079217216,0.001079217216
3/2,849,1243.078076,0.001079217216,0.001079217216
3/2,850,1243.538147,0.001079217216,0.001079217216
3/2,851,1244.851434,0.001079217216,0.001079217216
3/2,852,1245.655866,0.001079217216,0.001079217216
3/2,853,1247.372562,0.001079217216,0.001079217216
3/2,854,1248.063061,0.001079217216,0.001079217216
3/2,855,1249.159888,0.001079217216,0.001079217216
3/2,856,1250.672397,0.001079217216,0.001079217216
3/2,857,1251.659832,0.001079217216,0.001079217216
3/2,858,1253.673578,0.001079217216,0.001079217216
3/2,859,1254.431328,0.001079217216,0.001079217216
3/2,860,1255.408231,0.001079217216,0.001079217216
3/2,861,1256.181214,0.001079217216,0.001079217216
3/2,862,1257.541219,0.001079217216,0.001079217216
3/2,863,1258.779233,0.001079217216,0.001079217216
3/2,864,1260.344548,0.001079217216,0.001079217216
3/2,865,1261.611717,0.001079217216,0.001079217216
3/2,866,1262.556614,0.001079217216,0.001079217216
3/2,867,1263.676733,0.001079217216,0.001079217216
3/2,868,1264.957223,0.001079217216,0.001079217216
3/2,869,1266.179038,0.001079217216,0.001079217216
3/2,870,1267.200346,0.001079217216,0.001079217216
3/2,871,1267.570572,0.001079217216,0.001079217216
3/2,872,1270.118922,0.001079217216,0.001079217216
3/2,873,1271.1343,0.001079217216,0.001079217216
3/2,874,1272.08396,0.001079217216,0.001079217216
3/2,875,1273.261145,0.001079217216,0.001079217216
3/2,876,1274.196221,0.001079217216,0.001079217216
3/2,877,1275.09203,0.001079217216,0.001079217216
3/2,878,1276.842172,0.001079217216,0.001079217216
3/2,879,1277.763092,0.001079217216,0.001079217216
3/2,880,1279.332843,0.001079217216,0.001079217216
3/2,881,1280.155794,0.001079217216,0.001079217216
3/2,882,1281.828727,0.001079217216,0.001079217216
3/2,883,1283.000491,0.001079217216,0.001079217216
3/2,884,1283.335032,0.001079217216,0.001079217216
3/2,885,1284.854795,0.001079217216,0.001079217216
3/2,886,1285.695023,0.001079217216,0.001079217216
3/2,887,1287.410027,0.001079217216,0.001079217216
3/2,888,1289.165352,0.001079217216,0.001079217216
3/2,889,1290.104772,0.001079217216,0.001079217216
3/2,890,1290.417708,0.001079217216,0.001079217216
3/2,891,1291.945871,0.001079217216,0.001079217216
3/2,892,1293.493982,0.001079217216,0.001079217216
3/2,893,1294.118474,0.001079217216,0.001079217216
3/2,894,1295.365364,0.001079217216,0.001079217216
3/2,895,1296.801111,0.001079217216,0.001079217216
3/2,896,1298.256527,0.001079217216,0.001079217216
3/2,897,1299.405171,0.001079217216,0.001079217216
3/2,898,1300.490019,0.001079217216,0.001079217216
3/2,899,1301.495517,0.001079217216,0.001079217216
3/2,900,1302.346742,0.001079217216,0.001079217216
3/2,901,1303.2732,0.001079217216,0.001079217216
3/2,902,1305.401672,0.001079217216,0.001079217216
3/2,903,1306.508393,0.001079217216,0.001079217216
3/2,904,1307.267242,0.001079217216,0.001079217216
3/2,905,1308.988197,0.001079217216,0.001079217216
3/2,906,1309.421532,0.001079217216,0.001079217216
3/2,907,1311.056571,0.001079217216,0.001079217216
3/2,908,1311.966941,0.001079217216,0.001079217216
3/2,909,1313.031599,0.001079217216,0.001079217216
3/2,910,1314.052566,0.001079217216,0.001079217216
3/2,911,1316.212113,0.001079217216,0.001079217216
3/2,912,1317.072986,0.001079217216,0.001079217216
3/2,913,1318.171279,0.001079217216,0.001079217216
3/2,914,1318.947881,0.001079217216,0.001079217216
3/2,915,1319.931083,0.001079217216,0.001079217216
3/2,916,1321.628139,0.001079217216,0.001079217216
3/2,917,1322.258067,0.001079217216,0.001079217216
3/2,918,1324.224979,0.001079217216,0.001079217216
3/2,919,1325.237624,0.001079217216,0.001079217216
3/2,920,1325.98197,0.001079217216,0.001079217216
3/2,921,1327.635281,0.001079217216,0.001079217216
3/2,922,1329.043518,0.001079217216,0.001079217216
3/2,923,1329.205019,0.001079217216,0.001079217216
3/2,924,1330.429937,0.001079217216,0.001079217216
3/2,925,1331.827591,0.001079217216,0.001079217216
3/2,926,1333.673523,0.001079217216,0.001079217216
3/2,927,1334.747329,0.001079217216,0.001079217216
3/2,928,1335.694975,0.001079217216,0.001079217216
3/2,929,1336.690185,0.001079217216,0.001079217216
3/2,930,1337.688792,0.001079217216,0.001079217216
3/2,931,1338.923165,0.001079217216,0.001079217216
3/2,932,1340.4264,0.001079217216,0.001079217216
3/2,933,1341.166272,0.001079217216,0.001079217216
3/2,934,1342.608508,0.001079217216,0.001079217216
3/2,935,1344.156044,0.001079217216,0.001079217216
3/2,936,1345.477106,0.001079217216,0.001079217216
3/2,937,1345.731413,0.001079217216,0.001079217216
3/2,938,1347.519472,0.001079217216,0.001079217216
3/2,939,1348.017238,0.001079217216,0.001079217216
3/2,940,1349.085194,0.001079217216,0.001079217216
3/2,941,1351.296206,0.001079217216,0.001079217216
3/2,942,1352.210465,0.001079217216,0.001079217216
3/2,943,1353.483338,0.001079217216,0.001079217216
3/2,944,1353.886782,0.001079217216,0.001079217216
3/2,945,1355.680595,0.001079217216,0.001079217216
3/2,946,1356.605656,0.001079217216,0.001079217216
3/2,947,1357.771743,0.001079217216,0.001079217216
3/2,948,1358.46016,0.001079217216,0.001079217216
3/2,949,1360.393145,0.001079217216,0.001079217216
3/2,950,1361.393075,0.001079217216,0.001079217216
3/2,951,1363.022329,0.001079217216,0.001079217216
3/2,952,1363.879191,0.001079217216,0.001079217216
3/2,953,1364.576585,0.001079217216,0.001079217216
3/2,954,1365.493734,0.001079217216,0.001079217216
3/2,955,1367.104091,0.001079217216,0.001079217216
3/2,956,1368.330193,0.001079217216,0.001079217216
3/2,957,1369.686949,0.001079217216,0.001079217216
3/2,958,1370.973523,0.001079217216,0.001079217216
3/2,959,1371.686554,0.001079217216,0.001079217216
3/2,960,1373.202915,0.001079217216,0.001079217216
3/2,961,1374.154799,0.001079217216,0.001079217216
3/2,962,1375.302392,0.001079217216,0.001079217216
3/2,963,1376.16178,0.001079217216,0.001079217216
3/2,964,1377.177634,0.001079217216,0.001079217216
3/2,965,1379.683283,0.001079217216,0.001079217216
3/2,966,1380.148578,0.001079217216,0.001079217216
3/2,967,1381.073977,0.001079217216,0.001079217216
3/2,968,1382.345663,0.001079217216,0.001079217216
3/2,969,1383.297591,0.001079217216,0.001079217216
3/2,970,1384.444416,0.001079217216,0.001079217216
3/2,971,1385.663777,0.001079217216,0.001079217216
3/2,972,1387.326648,0.001079217216,0.001079217216
3/2,973,1387.921454,0.001079217216,0.001079217216
3/2,974,1389.565832,0.001079217216,0.001079217216
3/2,975,1390.70549,0.001079217216,0.001079217216
3/2,976,1391.8532,0.001079217216,0.001079217216
3/2,977,1392.644028,0.001079217216,0.001079217216
3/2,978,1393.433402,0.001079217216,0.001079217216
3/2,979,1394.884185,0.001079217216,0.001079217216
3/2,980,1396.544163,0.001079217216,0.001079217216
3/2,981,1397.834623,0.001079217216,0.001079217216
3/2,982,1398.837675,0.001079217216,0.001079217216
3/2,983,1399.839473,0.001079217216,0.001079217216
3/2,984,1400.426946,0.001079217216,0.001079217216
3/2,985,1402.564347,0.001079217216,0.001079217216
3/2,986,1402.973748,0.001079217216,0.001079217216
3/2,987,1404.006292,0.001079217216,0.001079217216
3/2,988,1405.666975,0.001079217216,0.001079217216
3/2,989,1407.085143,0.001079217216,0.001079217216
3/2,990,1408.136307,0.001079217216,0.001079217216
3/2,991,1409.320681,0.001079217216,0.001079217216
3/2,992,1410.024811,0.001079217216,0.001079217216
3/2,993,1411.257057,0.001079217216,0.001079217216
3/2,994,1411.965653,0.001079217216,0.001079217216
3/2,995,1413.843149,0.001079217216,0.001079217216
3/2,996,1415.585785,0.001079217216,0.001079217216
3/2,997,1415.781581,0.001079217216,0.001079217216
3/2,998,1417.102823,0.001079217216,0.001079217216
3/2,999,1418.696964,0.001079217216,0.001079217216
3/2,1000,1419.422481,0.001079217216,0.001079217216
3/2,1001,1420.416526,0.001079217216,0.001079217216
3/2,1002,1421.850567,0.001079217216,0.001079217216
3/2,1003,1422.461311,0.001079217216,0.001079217216
3/2,1004,1424.463046,0.001079217216,0.001079217216
3/2,1005,1425.873469,0.001079217216,0.001079217216
3/2,1006,1426.64598,0.001079217216,0.001079217216
3/2,1007,1427.365671,0.001079217216,0.001079217216
3/2,1008,1428.592306,0.001079217216,0.001079217216
3/2,1009,1429.650477,0.001079217216,0.001079217216
3/2,1010,1431.218314,0.001079217216,0.001079217216
3/2,1011,1432.049741,0.001079217216,0.001079217216
3/2,1012,1433.821941,0.001079217216,0.001079217216
3/2,1013,1434.584942,0.001079217216,0.001079217216
3/2,1014,1435.692907,0.001079217216,0.001079217216
3/2,1015,1437.226722,0.001079217216,0.001079217216
3/2,1016,1438.006285,0.001079217216,0.001079217216
3/2,1017,1438.949553,0.001079217216,0.001079217216
3/2,1018,1439.622793,0.001079217216,0.001079217216
3/2,1019,1441.960988,0.001079217216,0.001079217216
3/2,1020,1442.91106,0.001079217216,0.001079217216
3/2,1021,1444.041931,0.001079217216,0.001079217216
3/2,1022,1445.072278,0.001079217216,0.001079217216
3/2,1023,1445.830085,0.001079217216,0.001079217216
3/2,1024,1447.226227,0.001079217216,0.001079217216
3/2,1025,1448.323854,0.001079217216,0.001079217216
3/2,1026,1449.488771,0.001079217216,0.001079217216
3/2,1027,1450.773562,0.001079217216,0.001079217216
3/2,1028,1451.835298,0.001079217216,0.001079217216
3/2,1029,1453.737597,0.001079217216,0.001079217216
3/2,1030,1454.226011,0.001079217216,0.001079217216
3/2,1031,1455.312091,0.001079217216,0.001079217216
3/2,1032,1456.167798,0.001079217216,0.001079217216
3/2,1033,1457.539002,0.001079217216,0.001079217216
3/2,1034,1458.393777,0.001079217216,0.001079217216
3/2,1035,1460.688271,0.001079217216,0.001079217216
3/2,1036,1461.245443,0.001079217216,0.001079217216
3/2,1037,1462.266123,0.001079217216,0.001079217216
3/2,1038,1463.286891,0.001079217216,0.001079217216
3/2,1039,1464.696903,0.001079217216,0.001079217216
3/2,1040,1465.889558,0.001079217216,0.001079217216
3/2,1041,1466.505621,0.001079217216,0.001079217216
3/2,1042,1467.70399,0.001079217216,0.001079217216
3/2,1043,1469.34765,0.001079217216,0.001079217216
3/2,1044,1470.966589,0.001079217216,0.001079217216
3/2,1045,1471.388765,0.001079217216,0.001079217216
3/2,1046,1473.020132,0.001079217216,0.001079217216
3/2,1047,1473.745649,0.001079217216,0.001079217216
3/2,1048,1474.203222,0.001079217216,0.001079217216
3/2,1049,1476.092127,0.001079217216,0.001079217216
3/2,1050,1477.435191,0.001079217216,0.001079217216
3/2,1051,1478.441396,0.001079217216,0.001079217216
3/2,1052,1479.759919,0.001079217216,0.001079217216
3/2,1053,1480.766879,0.001079217216,0.001079217216
3/2,1054,1481.964684,0.001079217216,0.001079217216
3/2,1055,1483.03296,0.001079217216,0.001079217216
3/2,1056,1484.143581,0.001079217216,0.001079217216
3/2,1057,1484.817883,0.001079217216,0.001079217216
3/2,1058,1486.171349,0.001079217216,0.001079217216
3/2,1059,1488.116338,0.001079217216,0.001079217216
3/2,1060,1489.252467,0.001079217216,0.001079217216
3/2,1061,1489.970892,0.001079217216,0.001079217216
3/2,1062,1490.670694,0.001079217216,0.001079217216
3/2,1063,1492.180091,0.001079217216,0.001079217216
3/2,1064,1493.330835,0.001079217216,0.001079217216
3/2,1065,1494.155369,0.001079217216,0.001079217216
3/2,1066,1495.768833,0.001079217216,0.001079217216
3/2,1067,1497.065506,0.001079217216,0.001079217216
3/2,1068,1497.747361,0.001079217216,0.001079217216
3/2,1069,1499.640825,0.001079217216,0.001079217216
3/2,1070,1500.351952,0.001079217216,0.001079217216
3/2,1071,1501.119325,0.001079217216,0.001079217216
3/2,1072,1502.346063,0.001079217216,0.001079217216
3/2,1073,1503.090933,0.001079217216,0.001079217216
3/2,1074,1505.26153,0.001079217216,0.001079217216
3/2,1075,1506.152986,0.001079217216,0.001079217216
3/2,1076,1507.407505,0.001079217216,0.001079217216
3/2,1077,1508.253031,0.001079217216,0.001079217216
3/2,1078,1509.280419,0.001079217216,0.001079217216
3/2,1079,1510.391797,0.001079217216,0.001079217216
3/2,1080,1511.923005,0.001079217216,0.001079217216
3/2,1081,1512.589765,0.001079217216,0.001079217216
3/2,1082,1513.589766,0.001079217216,0.001079217216
3/2,1083,1515.708344,0.001079217216,0.001079217216
3/2,1084,1516.43599,0.001079217216,0.001079217216
3/2,1085,1517.719806,0.001079217216,0.001079217216
3/2,1086,1518.414791,0.001079217216,0.001079217216
3/2,1087,1519.741009,0.001079217216,0.001079217216
3/2,1088,1520.273622,0.001079217216,0.001079217216
3/2,1089,1521.901909,0.001079217216,0.001079217216
3/2,1090,1523.486047,0.001079217216,0.001079217216
3/2,1091,1524.724892,0.001079217216,0.001079217216
3/2,1092,1525.227837,0.001079217216,0.001079217216
3/2,1093,1526.552312,0.001079217216,0.001079217216
3/2,1094,1528.04093,0.001079217216,0.001079217216
3/2,1095,1529.034457,0.001079217216,0.001079217216
3/2,1096,1529.369975,0.001079217216,0.001079217216
3/2,1097,1531.020743,0.001079217216,0.001079217216
3/2,1098,1532.222327,0.001079217216,0.001079217216
3/2,1099,1533.886978,0.001079217216,0.001079217216
3/2,1100,1535.042277,0.001079217216,0.001079217216
3/2,1101,1535.769502,0.001079217216,0.001079217216
3/2,1102,1536.620702,0.001079217216,0.001079217216
3/2,1103,1537.651062,0.001079217216,0.001079217216
3/2,1104,1539.302855,0.001079217216,0.001079217216
3/2,1105,1540.03027,0.001079217216,0.001079217216
3/2,1106,1541.742249,0.001079217216,0.001079217216
3/2,1107,1542.496523,0.001079217216,0.001079217216
3/2,1108,1544.11867,0.001079217216,0.001079217216
3/2,1109,1544.834608,0.001079217216,0.001079217216
3/2,1110,1546.091198,0.001079217216,0.001079217216
3/2,1111,1547.297581,0.001079217216,0.001079217216
3/2,1112,1547.806564,0.001079217216,0.001079217216
3/2,1113,1548.871348,0.001079217216,0.001079217216
3/2,1114,1551.273845,0.001079217216,0.001079217216
3/2,1115,1552.006873,0.001079217216,0.001079217216
3/2,1116,1552.736105,0.001079217216,0.001079217216
3/2,1117,1554.156519,0.001079217216,0.001079217216
3/2,1118,1554.921285,0.001079217216,0.001079217216
3/2,1119,1556.162987,0.001079217216,0.001079217216
3/2,1120,1557.394507,0.001079217216,0.001079217216
3/2,1121,1558.339153,0.001079217216,0.001079217216
3/2,1122,1559.781154,0.001079217216,0.001079217216
3/2,1123,1560.876476,0.001079217216,0.001079217216
3/2,1124,1562.410153,0.001079217216,0.001079217216
3/2,1125,1563.385401,0.001079217216,0.001079217216
3/2,1126,1564.17794,0.001079217216,0.001079217216
3/2,1127,1564.915788,0.001079217216,0.001079217216
3/2,1128,1566.266416,0.001079217216,0.001079217216
3/2,1129,1567.623451,0.001079217216,0.001079217216
3/2,1130,1569.022478,0.001079217216,0.001079217216
3/2,1131,1570.509278,0.001079217216,0.001079217216
3/2,1132,1571.045381,0.001079217216,0.001079217216
3/2,1133,1571.845352,0.001079217216,0.001079217216
3/2,1134,1573.806563,0.001079217216,0.001079217216
3/2,1135,1574.230915,0.001079217216,0.001079217216
3/2,1136,1575.638155,0.001079217216,0.001079217216
3/2,1137,1576.161352,0.001079217216,0.001079217216
3/2,1138,1578.118827,0.001079217216,0.001079217216
3/2,1139,1579.514055,0.001079217216,0.001079217216
3/2,1140,1580.372082,0.001079217216,0.001079217216
3/2,1141,1581.363552,0.001079217216,0.001079217216
3/2,1142,1582.329487,0.001079217216,0.001079217216
3/2,1143,1583.394693,0.001079217216,0.001079217216
3/2,1144,1584.234848,0.001079217216,0.001079217216
3/2,1145,1586.293211,0.001079217216,0.001079217216
3/2,1146,1587.004342,0.001079217216,0.001079217216
3/2,1147,1588.163404,0.001079217216,0.001079217216
3/2,1148,1589.357946,0.001079217216,0.001079217216
3/2,1149,1590.835904,0.001079217216,0.001079217216
3/2,1150,1591.293884,0.001079217216,0.001079217216
3/2,1151,1592.637167,0.001079217216,0.001079217216
3/2,1152,1593.584808,0.001079217216,0.001079217216
3/2,1153,1594.44269,0.001079217216,0.001079217216
3/2,1154,1596.484492,0.001079217216,0.001079217216
3/2,1155,1597.715896,0.001079217216,0.001079217216
3/2,1156,1598.420799,0.001079217216,0.001079217216
3/2,1157,1599.619349,0.001079217216,0.001079217216
3/2,1158,1600.048045,0.001079217216,0.001079217216
3/2,1159,1601.911946,0.001079217216,0.001079217216
3/2,1160,1602.815405,0.001079217216,0.001079217216
3/2,1161,1603.655203,0.001079217216,0.001079217216
3/2,1162,1605.521647,0.001079217216,0.001079217216
3/2,1163,1606.293418,0.001079217216,0.001079217216
3/2,1164,1607.556905,0.001079217216,0.001079217216
3/2,1165,1608.836295,0.001079217216,0.001079217216
3/2,1166,1610.003264,0.001079217216,0.001079217216
3/2,1167,1610.253823,0.001079217216,0.001079217216
3/2,1168,1611.437141,0.001079217216,0.001079217216
3/2,1169,1613.078855,0.001079217216,0.001079217216
3/2,1170,1614.710628,0.001079217216,0.001079217216
3/2,1171,1615.574609,0.001079217216,0.001079217216
3/2,1172,1616.398395,0.001079217216,0.001079217216
3/2,1173,1617.734685,0.001079217216,0.001079217216
3/2,1174,1618.537518,0.001079217216,0.001079217216
3/2,1175,1619.952501,0.001079217216,0.001079217216
3/2,1176,1620.774311,0.001079217216,0.001079217216
3/2,1177,1622.098752,0.001079217216,0.001079217216
3/2,1178,1622.977768,0.001079217216,0.001079217216
3/2,1179,1625.021857,0.001079217216,0.001079217216
3/2,1180,1625.98702,0.001079217216,0.001079217216
3/2,1181,1626.399919,0.001079217216,0.001079217216
3/2,1182,1627.755441,0.001079217216,0.001079217216
3/2,1183,1628.715317,0.001079217216,0.001079217216
3/2,1184,1629.658669,0.001079217216,0.001079217216
3/2,1185,1631.194815,0.001079217216,0.001079217216
3/2,1186,1632.798184,0.001079217216,0.001079217216
3/2,1187,1633.512517,0.001079217216,0.001079217216
3/2,1188,1634.516823,0.001079217216,0.001079217216
3/2,1189,1635.718366,0.001079217216,0.001079217216
3/2,1190,1637.08919,0.001079217216,0.001079217216
3/2,1191,1637.994644,0.001079217216,0.001079217216
3/2,1192,1638.599658,0.001079217216,0.001079217216
3/2,1193,1639.821236,0.001079217216,0.001079217216
3/2,1194,1641.899819,0.001079217216,0.001079217216
3/2,1195,1642.48978,0.001079217216,0.001079217216
3/2,1196,1644.152066,0.001079217216,0.001079217216
3/2,1197,1644.713746,0.001079217216,0.001079217216
3/2,1198,1645.57376,0.001079217216,0.001079217216
3/2,1199,1646.624867,0.001079217216,0.001079217216
3/2,1200,1648.270598,0.001079217216,0.001079217216
3/2,1201,1649.118535,0.001079217216,0.001079217216
3/2,1202,1650.416989,0.001079217216,0.001079217216
3/2,1203,1651.732693,0.001079217216,0.001079217216
3/2,1204,1652.671066,0.001079217216,0.001079217216
3/2,1205,1654.205897,0.001079217216,0.001079217216
3/2,1206,1654.726652,0.001079217216,0.001079217216
3/2,1207,1655.822776,0.001079217216,0.001079217216
3/2,1208,1657.114236,0.001079217216,0.001079217216
3/2,1209,1657.567101,0.001079217216,0.001079217216
3/2,1210,1660.01998,0.001079217216,0.001079217216
3/2,1211,1660.860057,0.001079217216,0.001079217216
3/2,1212,1661.836893,0.001079217216,0.001079217216
3/2,1213,1662.377203,0.001079217216,0.001079217216
3/2,1214,1664.057265,0.001079217216,0.001079217216
3/2,1215,1664.968004,0.001079217216,0.001079217216
3/2,1216,1665.87764,0.001079217216,0.001079217216
3/2,1217,1667.241125,0.001079217216,0.001079217216
3/2,1218,1668.368229,0.001079217216,0.001079217216
3/2,1219,1669.669728,0.001079217216,0.001079217216
3/2,1220,1671.047182,0.001079217216,0.001079217216
3/2,1221,1671.984259,0.001079217216,0.001079217216
3/2,1222,1672.963371,0.001079217216,0.001079217216
3/2,1223,1673.687445,0.001079217216,0.001079217216
3/2,1224,1674.648462,0.001079217216,0.001079217216
3/2,1225,1676.362486,0.001079217216,0.001079217216
3/2,1226,1677.691227,0.001079217216,0.001079217216
3/2,1227,1678.630368,0.001079217216,0.001079217216
3/2,1228,1680.077947,0.001079217216,0.001079217216
3/2,1229,1680.50477,0.001079217216,0.001079217216
3/2,1230,1681.81232,0.001079217216,0.001079217216
3/2,1231,1683.273289,0.001079217216,0.001079217216
3/2,1232,1684.171657,0.001079217216,0.001079217216
3/2,1233,1684.558863,0.001079217216,0.001079217216
3/2,1234,1686.421122,0.001079217216,0.001079217216
3/2,1235,1688.080143,0.001079217216,0.001079217216
3/2,1236,1688.933869,0.001079217216,0.001079217216
3/2,1237,1689.703154,0.001079217216,0.001079217216
3/2,1238,1691.05156,0.001079217216,0.001079217216
3/2,1239,1691.515193,0.001079217216,0.001079217216
3/2,1240,1693.053021,0.001079217216,0.001079217216
3/2,1241,1694.017565,0.001079217216,0.001079217216
3/2,1242,1695.832554,0.001079217216,0.001079217216
3/2,1243,1696.654997,0.001079217216,0.001079217216
3/2,1244,1697.342514,0.001079217216,0.001079217216
3/2,1245,1699.229547,0.001079217216,0.001079217216
3/2,1246,1699.966817,0.001079217216,0.001079217216
3/2,1247,1700.820303,0.001079217216,0.001079217216
3/2,1248,1701.825551,0.001079217216,0.001079217216
3/2,1249,1702.92325,0.001079217216,0.001079217216
3/2,1250,1704.291412,0.001079217216,0.001079217216
3/2,1251,1706.256032,0.001079217216,0.001079217216
3/2,1252,1706.615665,0.001079217216,0.001079217216
3/2,1253,1707.912312,0.001079217216,0.001079217216
3/2,1254,1708.512116,0.001079217216,0.001079217216
3/2,1255,1709.780842,0.001079217216,0.001079217216
3/2,1256,1711.137603,0.001079217216,0.001079217216
3/2,1257,1712.155398,0.001079217216,0.001079217216
3/2,1258,1713.055342,0.001079217216,0.001079217216
3/2,1259,1714.717145,0.001079217216,0.001079217216
3/2,1260,1715.825283,0.001079217216,0.001079217216
3/2,1261,1716.769984,0.001079217216,0.001079217216
3/2,1262,1717.974485,0.001079217216,0.001079217216
3/2,1263,1718.954152,0.001079217216,0.001079217216
3/2,1264,1719.724469,0.001079217216,0.001079217216
3/2,1265,1720.498071,0.001079217216,0.001079217216
3/2,1266,1722.844662,0.001079217216,0.001079217216
3/2,1267,1723.532823,0.001079217216,0.001079217216
3/2,1268,1724.733959,0.001079217216,0.001079217216
3/2,1269,1725.638628,0.001079217216,0.001079217216
3/2,1270,1726.605701,0.001079217216,0.001079217216
3/2,1271,1728.166507,0.001079217216,0.001079217216
3/2,1272,1728.644486,0.001079217216,0.001079217216
3/2,1273,1730.023873,0.001079217216,0.001079217216
3/2,1274,1731.014194,0.001079217216,0.001079217216
3/2,1275,1732.43017,0.001079217216,0.001079217216
3/2,1276,1733.840825,0.001079217216,0.001079217216
3/2,1277,1735.175466,0.001079217216,0.001079217216
3/2,1278,1735.624715,0.001079217216,0.001079217216
3/2,1279,1736.305663,0.001079217216,0.001079217216
3/2,1280,1737.893885,0.001079217216,0.001079217216
3/2,1281,1738.783238,0.001079217216,0.001079217216
3/2,1282,1740.169116,0.001079217216,0.001079217216
3/2,1283,1741.779168,0.001079217216,0.001079217216
3/2,1284,1742.467681,0.001079217216,0.001079217216
3/2,1285,1743.426437,0.001079217216,0.001079217216
3/2,1286,1744.721512,0.001079217216,0.001079217216
3/2,1287,1746.097499,0.001079217216,0.001079217216
3/2,1288,1746.595457,0.001079217216,0.001079217216
3/2,1289,1747.781696,0.001079217216,0.001079217216
3/2,1290,1748.563987,0.001079217216,0.001079217216
3/2,1291,1750.822818,0.001079217216,0.001079217216
3/2,1292,1751.617795,0.001079217216,0.001079217216
3/2,1293,1752.511511,0.001079217216,0.001079217216
3/2,1294,1753.661355,0.001079217216,0.001079217216
3/2,1295,1754.76337,0.001079217216,0.001079217216
3/2,1296,1755.169694,0.001079217216,0.001079217216
3/2,1297,1757.046518,0.001079217216,0.001079217216
3/2,1298,1757.984077,0.001079217216,0.001079217216
3/2,1299,1759.240086,0.001079217216,0.001079217216
3/2,1300,1760.215166,0.001079217216,0.001079217216
3/2,1301,1761.8549,0.001079217216,0.001079217216
3/2,1302,1762.497689,0.001079217216,0.001079217216
3/2,1303,1763.719121,0.001079217216,0.001079217216
3/2,1304,1764.591477,0.001079217216,0.001079217216
3/2,1305,1765.400494,0.001079217216,0.001079217216
3/2,1306,1766.676244,0.001079217216,0.001079217216
3/2,1307,1768.295971,0.001079217216,0.001079217216
3/2,1308,1769.940952,0.001079217216,0.001079217216
3/2,1309,1770.243677,0.001079217216,0.001079217216
3/2,1310,1771.212945,0.001079217216,0.001079217216
3/2,1311,1772.328,0.001079217216,0.001079217216
3/2,1312,1773.894916,0.001079217216,0.001079217216
3/2,1313,1774.660431,0.001079217216,0.001079217216
3/2,1314,1775.341988,0.001079217216,0.001079217216
3/2,1315,1777.25586,0.001079217216,0.001079217216
3/2,1316,1778.041735,0.001079217216,0.001079217216
3/2,1317,1779.552271,0.001079217216,0.001079217216
3/2,1318,1780.665228,0.001079217216,0.001079217216
3/2,1319,1781.355638,0.001079217216,0.001079217216
3/2,1320,1782.439067,0.001079217216,0.001079217216
3/2,1321,1783.08483,0.001079217216,0.001079217216
3/2,1322,1784.607946,0.001079217216,0.001079217216
3/2,1323,1786.342201,0.001079217216,0.001079217216
3/2,1324,1787.049273,0.001079217216,0.001079217216
3/2,1325,1788.215123,0.001079217216,0.001079217216
3/2,1326,1789.24218,0.001079217216,0.001079217216
3/2,1327,1790.449562,0.001079217216,0.001079217216
3/2,1328,1791.25441,0.001079217216,0.001079217216
3/2,1329,1792.616103,0.001079217216,0.001079217216
3/2,1330,1793.525391,0.001079217216,0.001079217216
3/2,1331,1794.178482,0.001079217216,0.001079217216
3/2,1332,1796.465141,0.001079217216,0.001079217216
3/2,1333,1797.376336,0.001079217216,0.001079217216
3/2,1334,1798.147067,0.001079217216,0.001079217216
3/2,1335,1799.231647,0.001079217216,0.001079217216
3/2,1336,1800.024724,0.001079217216,0.001079217216
3/2,1337,1801.309637,0.001079217216,0.001079217216
3/2,1338,1802.301283,0.001079217216,0.001079217216
3/2,1339,1803.796844,0.001079217216,0.001079217216
3/2,1340,1804.904161,0.001079217216,0.001079217216
3/2,1341,1806.289667,0.001079217216,0.001079217216
3/2,1342,1806.578392,0.001079217216,0.001079217216
3/2,1343,1808.714432,0.001079217216,0.001079217216
3/2,1344,1809.119274,0.001079217216,0.001079217216
3/2,1345,1810.108893,0.001079217216,0.001079217216
3/2,1346,1810.873719,0.001079217216,0.001079217216
3/2,1347,1812.420077,0.001079217216,0.001079217216
3/2,1348,1814.02414,0.001079217216,0.001079217216
3/2,1349,1814.973082,0.001079217216,0.001079217216
3/2,1350,1816.338611,0.001079217216,0.001079217216
3/2,1351,1816.758023,0.001079217216,0.001079217216
3/2,1352,1817.710609,0.001079217216,0.001079217216
3/2,1353,1819.260334,0.001079217216,0.001079217216
3/2,1354,1820.187882,0.001079217216,0.001079217216
3/2,1355,1821.305708,0.001079217216,0.001079217216
3/2,1356,1822.427671,0.001079217216,0.001079217216
3/2,1357,1823.766266,0.001079217216,0.001079217216
3/2,1358,1825.213677,0.001079217216,0.001079217216
3/2,1359,1825.915684,0.001079217216,0.001079217216
3/2,1360,1826.795455,0.001079217216,0.001079217216
3/2,1361,1828.21127,0.001079217216,0.001079217216
3/2,1362,1828.621092,0.001079217216,0.001079217216
3/2,1363,1829.83253,0.001079217216,0.001079217216
3/2,1364,1831.93638,0.001079217216,0.001079217216
3/2,1365,1832.98494,0.001079217216,0.001079217216
3/2,1366,1833.273239,0.001079217216,0.001079217216
3/2,1367,1834.72156,0.001079217216,0.001079217216
3/2,1368,1835.883754,0.001079217216,0.001079217216
3/2,1369,1836.827673,0.001079217216,0.001079217216
3/2,1370,1838.086943,0.001079217216,0.001079217216
3/2,1371,1838.640289,0.001079217216,0.001079217216
3/2,1372,1840.195563,0.001079217216,0.001079217216
3/2,1373,1841.478583,0.001079217216,0.001079217216
3/2,1374,1842.875955,0.001079217216,0.001079217216
3/2,1375,1843.771058,0.001079217216,0.001079217216
3/2,1376,1844.759044,0.001079217216,0.001079217216
3/2,1377,1845.417534,0.001079217216,0.001079217216
3/2,1378,1846.353253,0.001079217216,0.001079217216
3/2,1379,1848.330981,0.001079217216,0.001079217216
3/2,1380,1848.722761,0.001079217216,0.001079217216
3/2,1381,1850.601184,0.001079217216,0.001079217216
3/2,1382,1851.400362,0.001079217216,0.001079217216
3/2,1383,1852.342205,0.001079217216,0.001079217216
3/2,1384,1853.519343,0.001079217216,0.001079217216
3/2,1385,1854.855632,0.001079217216,0.001079217216
3/2,1386,1855.592935,0.001079217216,0.001079217216
3/2,1387,1856.389179,0.001079217216,0.001079217216
3/2,1388,1857.498075,0.001079217216,0.001079217216
3/2,1389,1859.495272,0.001079217216,0.001079217216
3/2,1390,1860.541388,0.001079217216,0.001079217216
3/2,1391,1861.379672,0.001079217216,0.001079217216
3/2,1392,1862.121465,0.001079217216,0.001079217216
3/2,1393,1863.425465,0.001079217216,0.001079217216
3/2,1394,1864.353981,0.001079217216,0.001079217216
3/2,1395,1865.367434,0.001079217216,0.001079217216
3/2,1396,1866.836547,0.001079217216,0.001079217216
3/2,1397,1868.085191,0.001079217216,0.001079217216
3/2,1398,1868.706746,0.001079217216,0.001079217216
3/2,1399,1870.421472,0.001079217216,0.001079217216
3/2,1400,1871.416043,0.001079217216,0.001079217216
3/2,1401,1872.441566,0.001079217216,0.001079217216
3/2,1402,1872.865668,0.001079217216,0.001079217216
3/2,1403,1874.508361,0.001079217216,0.001079217216
3/2,1404,1874.913774,0.001079217216,0.001079217216
3/2,1405,1877.095064,0.001079217216,0.001079217216
3/2,1406,1878.022251,0.001079217216,0.001079217216
3/2,1407,1879.153303,0.001079217216,0.001079217216
3/2,1408,1880.082325,0.001079217216,0.001079217216
3/2,1409,1880.611766,0.001079217216,0.001079217216
3/2,1410,1882.321975,0.001079217216,0.001079217216
3/2,1411,1883.408724,0.001079217216,0.001079217216
3/2,1412,1884.005778,0.001079217216,0.001079217216
3/2,1413,1885.198075,0.001079217216,0.001079217216
3/2,1414,1887.053895,0.001079217216,0.001079217216
3/2,1415,1887.808841,0.001079217216,0.001079217216
3/2,1416,1888.938183,0.001079217216,0.001079217216
3/2,1417,1890.348129,0.001079217216,0.001079217216
3/2,1418,1890.612129,0.001079217216,0.001079217216
3/2,1419,1891.678511,0.001079217216,0.001079217216
3/2,1420,1892.867701,0.001079217216,0.001079217216
3/2,1421,1894.558538,0.001079217216,0.001079217216
3/2,1422,1895.697156,0.001079217216,0.001079217216
3/2,1423,1896.585494,0.001079217216,0.001079217216
3/2,1424,1897.513693,0.001079217216,0.001079217216
3/2,1425,1898.829373,0.001079217216,0.001079217216
3/2,1426,1900.006145,0.001079217216,0.001079217216
3/2,1427,1900.571884,0.001079217216,0.001079217216
3/2,1428,1901.891306,0.001079217216,0.001079217216
3/2,1429,1902.805059,0.001079217216,0.001079217216
3/2,1430,1904.089325,0.001079217216,0.001079217216
3/2,1431,1906.102756,0.001079217216,0.001079217216
3/2,1432,1906.597678,0.001079217216,0.001079217216
3/2,1433,1907.33278,0.001079217216,0.001079217216
3/2,1434,1908.433063,0.001079217216,0.001079217216
3/2,1435,1909.46593,0.001079217216,0.001079217216
3/2,1436,1910.73366,0.001079217216,0.001079217216
3/2,1437,1911.704691,0.001079217216,0.001079217216
3/2,1438,1913.18249,0.001079217216,0.001079217216
3/2,1439,1914.3523,0.001079217216,0.001079217216
3/2,1440,1915.054629,0.001079217216,0.001079217216
3/2,1441,1916.606372,0.001079217216,0.001079217216
3/2,1442,1917.344704,0.001079217216,0.001079217216
3/2,1443,1918.786499,0.001079217216,0.001079217216
3/2,1444,1919.207778,0.001079217216,0.001079217216
3/2,1445,1919.937457,0.001079217216,0.001079217216
3/2,1446,1922.101626,0.001079217216,0.001079217216
3/2,1447,1923.280838,0.001079217216,0.001079217216
3/2,1448,1924.055831,0.001079217216,0.001079217216
3/2,1449,1925.231988,0.001079217216,0.001079217216
3/2,1450,1926.211583,0.001079217216,0.001079217216
3/2,1451,1926.820093,0.001079217216,0.001079217216
3/2,1452,1928.417519,0.001079217216,0.001079217216
3/2,1453,1929.48756,0.001079217216,0.001079217216
3/2,1454,1930.258387,0.001079217216,0.001079217216
3/2,1455,1931.760069,0.001079217216,0.001079217216
3/2,1456,1932.875755,0.001079217216,0.001079217216
3/2,1457,1934.416436,0.001079217216,0.001079217216
3/2,1458,1934.907943,0.001079217216,0.001079217216
3/2,1459,1935.924849,0.001079217216,0.001079217216
3/2,1460,1936.873094,0.001079217216,0.001079217216
3/2,1461,1937.968633,0.001079217216,0.001079217216
3/2,1462,1939.050029,0.001079217216,0.001079217216
3/2,1463,1940.977327,0.001079217216,0.001079217216
3/2,1464,1941.822862,0.001079217216,0.001079217216
3/2,1465,1942.633569,0.001079217216,0.001079217216
3/2,1466,1943.367947,0.001079217216,0.001079217216
3/2,1467,1945.153796,0.001079217216,0.001079217216
3/2,1468,1945.922717,0.001079217216,0.001079217216
3/2,1469,1946.609945,0.001079217216,0.001079217216
3/2,1470,1947.917048,0.001079217216,0.001079217216
3/2,1471,1949.03003,0.001079217216,0.001079217216
3/2,1472,1950.743202,0.001079217216,0.001079217216
3/2,1473,1951.536696,0.001079217216,0.001079217216
3/2,1474,1952.850129,0.001079217216,0.001079217216
3/2,1475,1953.448556,0.001079217216,0.001079217216
3/2,1476,1954.418588,0.001079217216,0.001079217216
3/2,1477,1955.315809,0.001079217216,0.001079217216
3/2,1478,1956.848165,0.001079217216,0.001079217216
3/2,1479,1958.314404,0.001079217216,0.001079217216
3/2,1480,1958.851883,0.001079217216,0.001079217216
3/2,1481,1960.418845,0.001079217216,0.001079217216
3/2,1482,1961.359278,0.001079217216,0.001079217216
3/2,1483,1962.233572,0.001079217216,0.001079217216
3/2,1484,1963.621185,0.001079217216,0.001079217216
3/2,1485,1964.357391,0.001079217216,0.001079217216
3/2,1486,1965.37783,0.001079217216,0.001079217216
3/2,1487,1966.117659,0.001079217216,0.001079217216
3/2,1488,1968.471602,0.001079217216,0.001079217216
3/2,1489,1969.047618,0.001079217216,0.001079217216
3/2,1490,1970.30501,0.001079217216,0.001079217216
3/2,1491,1970.855548,0.001079217216,0.001079217216
3/2,1492,1971.970313,0.001079217216,0.001079217216
3/2,1493,1973.182663,0.001079217216,0.001079217216
3/2,1494,1974.347202,0.001079217216,0.001079217216
3/2,1495,1975.08061,0.001079217216,0.001079217216
3/2,1496,1977.173944,0.001079217216,0.001079217216
3/2,1497,1977.271446,0.001079217216,0.001079217216
3/2,1498,1978.801448,0.001079217216,0.001079217216
3/2,1499,1980.371772,0.001079217216,0.001079217216
3/2,1500,1980.910043,0.001079217216,0.001079217216
3/2,1501,1981.748769,0.001079217216,0.001079217216
3/2,1502,1982.663279,0.001079217216,0.001079217216
3/2,1503,1983.923805,0.001079217216,0.001079217216
3/2,1504,1985.41654,0.001079217216,0.001079217216
3/2,1505,1986.757108,0.001079217216,0.001079217216
3/2,1506,1987.873473,0.001079217216,0.001079217216
3/2,1507,1988.251877,0.001079217216,0.001079217216
3/2,1508,1989.702003,0.001079217216,0.001079217216
3/2,1509,1990.478353,0.001079217216,0.001079217216
3/2,1510,1992.001706,0.001079217216,0.001079217216
3/2,1511,1992.784988,0.001079217216,0.001079217216
3/2,1512,1993.577493,0.001079217216,0.001079217216
3/2,1513,1995.16874,0.001079217216,0.001079217216
3/2,1514,1996.796177,0.001079217216,0.001079217216
3/2,1515,1997.390914,0.001079217216,0.001079217216
3/2,1516,1998.279007,0.001079217216,0.001079217216
3/2,1517,1999.545764,0.001079217216,0.001079217216
3/2,1518,2000.434515,0.001079217216,0.001079217216
3/2,1519,2000.929621,0.001079217216,0.001079217216
3/2,1520,2002.896408,0.001079217216,0.001079217216
3/2,1521,2004.139669,0.001079217216,0.001079217216
3/2,1522,2005.077848,0.001079217216,0.001079217216
3/2,1523,2005.900935,0.001079217216,0.001079217216
3/2,1524,2007.12518,0.001079217216,0.001079217216
3/2,1525,2008.41824,0.001079217216,0.001079217216
3/2,1526,2009.176634,0.001079217216,0.001079217216
3/2,1527,2010.153325,0.001079217216,0.001079217216
3/2,1528,2011.020705,0.001079217216,0.001079217216
3/2,1529,2012.538935,0.001079217216,0.001079217216
3/2,1530,2013.872098,0.001079217216,0.001079217216
3/2,1531,2015.186729,0.001079217216,0.001079217216
3/2,1532,2016.029638,0.001079217216,0.001079217216
3/2,1533,2016.800076,0.001079217216,0.001079217216
3/2,1534,2017.386767,0.001079217216,0.001079217216
3/2,1535,2019.2646,0.001079217216,0.001079217216
3/2,1536,2019.884367,0.001079217216,0.001079217216
3/2,1537,2021.196043,0.001079217216,0.001079217216
3/2,1538,2022.545618,0.001079217216,0.001079217216
3/2,1539,2023.572912,0.001079217216,0.001079217216
3/2,1540,2024.488262,0.001079217216,0.001079217216
3/2,1541,2025.878906,0.001079217216,0.001079217216
3/2,1542,2026.738259,0.001079217216,0.001079217216
3/2,1543,2027.573317,0.001079217216,0.001079217216
3/2,1544,2028.582459,0.001079217216,0.001079217216
3/2,1545,2029.38548,0.001079217216,0.001079217216
3/2,1546,2031.750551,0.001079217216,0.001079217216
3/2,1547,2032.420781,0.001079217216,0.001079217216
3/2,1548,2033.017893,0.001079217216,0.001079217216
3/2,1549,2034.554829,0.001079217216,0.001079217216
3/2,1550,2035.07744,0.001079217216,0.001079217216
3/2,1551,2036.527526,0.001079217216,0.001079217216
3/2,1552,2037.217111,0.001079217216,0.001079217216
3/2,1553,2038.841738,0.001079217216,0.001079217216
3/2,1554,2039.443219,0.001079217216,0.001079217216
3/2,1555,2040.83912,0.001079217216,0.001079217216
3/2,1556,2042.344586,0.001079217216,0.001079217216
3/2,1557,2043.217117,0.001079217216,0.001079217216
3/2,1558,2044.121593,0.001079217216,0.001079217216
3/2,1559,2045.037321,0.001079217216,0.001079217216
3/2,1560,2045.80276,0.001079217216,0.001079217216
3/2,1561,2047.098336,0.001079217216,0.001079217216
3/2,1562,2048.454094,0.001079217216,0.001079217216
3/2,1563,2049.847526,0.001079217216,0.001079217216
3/2,1564,2050.906055,0.001079217216,0.001079217216
3/2,1565,2051.718388,0.001079217216,0.001079217216
3/2,1566,2052.40779,0.001079217216,0.001079217216
3/2,1567,2054.059917,0.001079217216,0.001079217216
3/2,1568,2055.180267,0.001079217216,0.001079217216
3/2,1569,2055.572603,0.001079217216,0.001079217216
3/2,1570,2056.620867,0.001079217216,0.001079217216
3/2,1571,2058.450651,0.001079217216,0.001079217216
3/2,1572,2059.448022,0.001079217216,0.001079217216
3/2,1573,2060.868247,0.001079217216,0.001079217216
3/2,1574,2061.367059,0.001079217216,0.001079217216
3/2,1575,2062.572651,0.001079217216,0.001079217216
3/2,1576,2063.283559,0.001079217216,0.001079217216
3/2,1577,2064.304868,0.001079217216,0.001079217216
3/2,1578,2065.832672,0.001079217216,0.001079217216
3/2,1579,2066.985229,0.001079217216,0.001079217216
3/2,1580,2068.345639,0.001079217216,0.001079217216
3/2,1581,2068.669941,0.001079217216,0.001079217216
3/2,1582,2070.504718,0.001079217216,0.001079217216
3/2,1583,2071.377083,0.001079217216,0.001079217216
3/2,1584,2071.990455,0.001079217216,0.001079217216
3/2,1585,2073.397604,0.001079217216,0.001079217216
3/2,1586,2074.171065,0.001079217216,0.001079217216
3/2,1587,2075.028066,0.001079217216,0.001079217216
3/2,1588,2077.11757,0.001079217216,0.001079217216
3/2,1589,2078.155485,0.001079217216,0.001079217216
3/2,1590,2078.939288,0.001079217216,0.001079217216
3/2,1591,2079.567628,0.001079217216,0.001079217216
3/2,1592,2080.910343,0.001079217216,0.001079217216
3/2,1593,2081.799687,0.001079217216,0.001079217216
3/2,1594,2083.300277,0.001079217216,0.001079217216
3/2,1595,2083.779993,0.001079217216,0.001079217216
3/2,1596,2085.389814,0.001079217216,0.001079217216
3/2,1597,2086.580319,0.001079217216,0.001079217216
3/2,1598,2087.473341,0.001079217216,0.001079217216
3/2,1599,2088.712281,0.001079217216,0.001079217216
3/2,1600,2090.036207,0.001079217216,0.001079217216
3/2,1601,2090.44755,0.001079217216,0.001079217216
3/2,1602,2091.221581,0.001079217216,0.001079217216
3/2,1603,2092.473218,0.001079217216,0.001079217216
3/2,1604,2094.335917,0.001079217216,0.001079217216
3/2,1605,2095.138257,0.001079217216,0.001079217216
3/2,1606,2096.34653,0.001079217216,0.001079217216
3/2,1607,2097.371606,0.001079217216,0.001079217216
3/2,1608,2097.951922,0.001079217216,0.001079217216
3/2,1609,2099.311651,0.001079217216,0.001079217216
3/2,1610,2100.593745,0.001079217216,0.001079217216
3/2,1611,2101.135489,0.001079217216,0.001079217216
3/2,1612,2102.5351,0.001079217216,0.001079217216
3/2,1613,2103.390455,0.001079217216,0.001079217216
3/2,1614,2105.372207,0.001079217216,0.001079217216
3/2,1615,2105.994704,0.001079217216,0.001079217216
3/2,1616,2107.172362,0.001079217216,0.001079217216
3/2,1617,2107.617911,0.001079217216,0.001079217216
3/2,1618,2108.938385,0.001079217216,0.001079217216
3/2,1619,2109.963143,0.001079217216,0.001079217216
3/2,1620,2110.822372,0.001079217216,0.001079217216
3/2,1621,2112.907088,0.001079217216,0.001079217216
3/2,1622,2113.483966,0.001079217216,0.001079217216
3/2,1623,2114.396137,0.001079217216,0.001079217216
3/2,1624,2115.506603,0.001079217216,0.001079217216
3/2,1625,2116.900056,0.001079217216,0.001079217216
3/2,1626,2117.722399,0.001079217216,0.001079217216
3/2,1627,2118.618646,0.001079217216,0.001079217216
3/2,1628,2119.456428,0.001079217216,0.001079217216
3/2,1629,2120.691563,0.001079217216,0.001079217216
3/2,1630,2122.465151,0.001079217216,0.001079217216
3/2,1631,2123.344042,0.001079217216,0.001079217216
3/2,1632,2124.370369,0.001079217216,0.001079217216
3/2,1633,2125.5124,0.001079217216,0.001079217216
3/2,1634,2125.958785,0.001079217216,0.001079217216
3/2,1635,2126.975711,0.001079217216,0.001079217216
3/2,1636,2128.752291,0.001079217216,0.001079217216
3/2,1637,2129.40608,0.001079217216,0.001079217216
3/2,1638,2130.555102,0.001079217216,0.001079217216
3/2,1639,2132.080621,0.001079217216,0.001079217216
3/2,1640,2132.798516,0.001079217216,0.001079217216
3/2,1641,2134.154934,0.001079217216,0.001079217216
3/2,1642,2134.950773,0.001079217216,0.001079217216
3/2,1643,2136.086898,0.001079217216,0.001079217216
3/2,1644,2136.967471,0.001079217216,0.001079217216
3/2,1645,2137.509941,0.001079217216,0.001079217216
3/2,1646,2139.38076,0.001079217216,0.001079217216
3/2,1647,2140.949363,0.001079217216,0.001079217216
3/2,1648,2141.710036,0.001079217216,0.001079217216
3/2,1649,2142.355043,0.001079217216,0.001079217216
3/2,1650,2143.374444,0.001079217216,0.001079217216
3/2,1651,2144.895337,0.001079217216,0.001079217216
3/2,1652,2145.505754,0.001079217216,0.001079217216
3/2,1653,2146.625894,0.001079217216,0.001079217216
3/2,1654,2147.785367,0.001079217216,0.001079217216
3/2,1655,2149.151849,0.001079217216,0.001079217216
3/2,1656,2149.91064,0.001079217216,0.001079217216
3/2,1657,2151.776885,0.001079217216,0.001079217216
3/2,1658,2152.390227,0.001079217216,0.001079217216
3/2,1659,2153.011964,0.001079217216,0.001079217216
3/2,1660,2154.263624,0.001079217216,0.001079217216
3/2,1661,2154.935346,0.001079217216,0.001079217216
3/2,1662,2156.394727,0.001079217216,0.001079217216
3/2,1663,2157.85649,0.001079217216,0.001079217216
3/2,1664,2158.878072,0.001079217216,0.001079217216
3/2,1665,2159.902286,0.001079217216,0.001079217216
3/2,1666,2160.853062,0.001079217216,0.001079217216
3/2,1667,2161.692172,0.001079217216,0.001079217216
3/2,1668,2163.107122,0.001079217216,0.001079217216
3/2,1669,2164.04972,0.001079217216,0.001079217216
3/2,1670,2165.011437,0.001079217216,0.001079217216
3/2,1671,2165.503949,0.001079217216,0.001079217216
3/2,1672,2167.693444,0.001079217216,0.001079217216
3/2,1673,2168.890616,0.001079217216,0.001079217216
3/2,1674,2169.263829,0.001079217216,0.001079217216
3/2,1675,2170.787075,0.001079217216,0.001079217216
3/2,1676,2171.396362,0.001079217216,0.001079217216
3/2,1677,2172.250963,0.001079217216,0.001079217216
3/2,1678,2173.528297,0.001079217216,0.001079217216
3/2,1679,2174.745021,0.001079217216,0.001079217216
3/2,1680,2176.204119,0.001079217216,0.001079217216
3/2,1681,2176.939452,0.001079217216,0.001079217216
3/2,1682,2178.004209,0.001079217216,0.001079217216
3/2,1683,2179.232185,0.001079217216,0.001079217216
3/2,1684,2180.495318,0.001079217216,0.001079217216
3/2,1685,2181.252367,0.001079217216,0.001079217216
3/2,1686,2181.725783,0.001079217216,0.001079217216
3/2,1687,2183.330584,0.001079217216,0.001079217216
3/2,1688,2184.103191,0.001079217216,0.001079217216
3/2,1689,2185.965528,0.001079217216,0.001079217216
3/2,1690,2187.085691,0.001079217216,0.001079217216
3/2,1691,2187.798456,0.001079217216,0.001079217216
3/2,1692,2188.558763,0.001079217216,0.001079217216
3/2,1693,2189.497073,0.001079217216,0.001079217216
3/2,1694,2191.093363,0.001079217216,0.001079217216
3/2,1695,2191.778017,0.001079217216,0.001079217216
3/2,1696,2192.826771,0.001079217216,0.001079217216
3/2,1697,2194.23153,0.001079217216,0.001079217216
3/2,1698,2195.231688,0.001079217216,0.001079217216
3/2,1699,2196.715978,0.001079217216,0.001079217216
3/2,1700,2197.258747,0.001079217216,0.001079217216
3/2,1701,2198.687513,0.001079217216,0.001079217216
3/2,1702,2199.302965,0.001079217216,0.001079217216
3/2,1703,2200.351021,0.001079217216,0.001079217216
3/2,1704,2200.915953,0.001079217216,0.001079217216
3/2,1705,2203.277454,0.001079217216,0.001079217216
3/2,1706,2203.906365,0.001079217216,0.001079217216
3/2,1707,2204.997802,0.001079217216,0.001079217216
3/2,1708,2205.855761,0.001079217216,0.001079217216
3/2,1709,2207.172162,0.001079217216,0.001079217216
3/2,1710,2207.802741,0.001079217216,0.001079217216
3/2,1711,2209.153744,0.001079217216,0.001079217216
3/2,1712,2210.208015,0.001079217216,0.001079217216
3/2,1713,2210.850941,0.001079217216,0.001079217216
3/2,1714,2212.343568,0.001079217216,0.001079217216
3/2,1715,2213.700256,0.001079217216,0.001079217216
3/2,1716,2214.949926,0.001079217216,0.001079217216
3/2,1717,2215.820566,0.001079217216,0.001079217216
3/2,1718,2216.296376,0.001079217216,0.001079217216
3/2,1719,2217.469375,0.001079217216,0.001079217216
3/2,1720,2218.521007,0.001079217216,0.001079217216
3/2,1721,2219.799816,0.001079217216,0.001079217216
3/2,1722,2220.852159,0.001079217216,0.001079217216
3/2,1723,2222.636605,0.001079217216,0.001079217216
3/2,1724,2223.055058,0.001079217216,0.001079217216
3/2,1725,2223.777773,0.001079217216,0.001079217216
3/2,1726,2225.564645,0.001079217216,0.001079217216
3/2,1727,2226.332734,0.001079217216,0.001079217216
3/2,1728,2227.246229,0.001079217216,0.001079217216
3/2,1729,2227.970574,0.001079217216,0.001079217216
3/2,1730,2229.127959,0.001079217216,0.001079217216
3/2,1731,2230.898691,0.001079217216,0.001079217216
3/2,1732,2231.977154,0.001079217216,0.001079217216
3/2,1733,2232.924854,0.001079217216,0.001079217216
3/2,1734,2233.720222,0.001079217216,0.001079217216
3/2,1735,2234.814935,0.001079217216,0.001079217216
3/2,1736,2235.546662,0.001079217216,0.001079217216
3/2,1737,2236.773644,0.001079217216,0.001079217216
3/2,1738,2238.1548,0.001079217216,0.001079217216
3/2,1739,2239.167744,0.001079217216,0.001079217216
3/2,1740,2240.021209,0.001079217216,0.001079217216
3/2,1741,2241.536187,0.001079217216,0.001079217216
3/2,1742,2242.62118,0.001079217216,0.001079217216
3/2,1743,2243.373668,0.001079217216,0.001079217216
3/2,1744,2244.370702,0.001079217216,0.001079217216
3/2,1745,2245.565287,0.001079217216,0.001079217216
3/2,1746,2246.016558,0.001079217216,0.001079217216
3/2,1747,2247.364431,0.001079217216,0.001079217216
3/2,1748,2249.550199,0.001079217216,0.001079217216
3/2,1749,2249.770767,0.001079217216,0.001079217216
3/2,1750,2251.046642,0.001079217216,0.001079217216
3/2,1751,2251.845318,0.001079217216,0.001079217216
3/2,1752,2252.678433,0.001079217216,0.001079217216
3/2,1753,2254.562247,0.001079217216,0.001079217216
3/2,1754,2254.759079,0.001079217216,0.001079217216
3/2,1755,2255.824566,0.001079217216,0.001079217216
3/2,1756,2257.346385,0.001079217216,0.001079217216
3/2,1757,2258.501847,0.001079217216,0.001079217216
3/2,1758,2259.517842,0.001079217216,0.001079217216
3/2,1759,2260.890259,0.001079217216,0.001079217216
3/2,1760,2261.660064,0.001079217216,0.001079217216
3/2,1761,2262.674431,0.001079217216,0.001079217216
3/2,1762,2262.878305,0.001079217216,0.001079217216
3/2,1763,2264.6764,0.001079217216,0.001079217216
3/2,1764,2265.768446,0.001079217216,0.001079217216
3/2,1765,2267.384501,0.001079217216,0.001079217216
3/2,1766,2267.879175,0.001079217216,0.001079217216
3/2,1767,2269.226998,0.001079217216,0.001079217216
3/2,1768,2269.919103,0.001079217216,0.001079217216
3/2,1769,2271.326282,0.001079217216,0.001079217216
3/2,1770,2272.049016,0.001079217216,0.001079217216
3/2,1771,2273.347534,0.001079217216,0.001079217216
3/2,1772,2273.956289,0.001079217216,0.001079217216
3/2,1773,2275.068665,0.001079217216,0.001079217216
3/2,1774,2277.079318,0.001079217216,0.001079217216
3/2,1775,2278.012628,0.001079217216,0.001079217216
3/2,1776,2278.525942,0.001079217216,0.001079217216
3/2,1777,2279.507306,0.001079217216,0.001079217216
3/2,1778,2280.87072,0.001079217216,0.001079217216
3/2,1779,2281.356484,0.001079217216,0.001079217216
3/2,1780,2282.690375,0.001079217216,0.001079217216
3/2,1781,2284.056011,0.001079217216,0.001079217216
3/2,1782,2285.222242,0.001079217216,0.001079217216
3/2,1783,2286.149814,0.001079217216,0.001079217216
3/2,1784,2287.046159,0.001079217216,0.001079217216
3/2,1785,2288.578849,0.001079217216,0.001079217216
3/2,1786,2289.336285,0.001079217216,0.001079217216
3/2,1787,2290.241458,0.001079217216,0.001079217216
3/2,1788,2291.097664,0.001079217216,0.001079217216
3/2,1789,2291.928901,0.001079217216,0.001079217216
3/2,1790,2293.896145,0.001079217216,0.001079217216
3/2,1791,2294.687918,0.001079217216,0.001079217216
3/2,1792,2296.115091,0.001079217216,0.001079217216
3/2,1793,2296.998522,0.001079217216,0.001079217216
3/2,1794,2297.372648,0.001079217216,0.001079217216
3/2,1795,2298.612363,0.001079217216,0.001079217216
3/2,1796,2299.961578,0.001079217216,0.001079217216
3/2,1797,2301.234126,0.001079217216,0.001079217216
3/2,1798,2301.45484,0.001079217216,0.001079217216
3/2,1799,2303.295482,0.001079217216,0.001079217216
3/2,1800,2304.305139,0.001079217216,0.001079217216
3/2,1801,2305.508357,0.001079217216,0.001079217216
3/2,1802,2306.517733,0.001079217216,0.001079217216
3/2,1803,2307.355553,0.001079217216,0.001079217216
3/2,1804,2308.210285,0.001079217216,0.001079217216
3/2,1805,2309.370358,0.001079217216,0.001079217216
3/2,1806,2309.931122,0.001079217216,0.001079217216
3/2,1807,2312.047996,0.001079217216,0.001079217216
3/2,1808,2313.190914,0.001079217216,0.001079217216
3/2,1809,2313.68936,0.001079217216,0.001079217216
3/2,1810,2314.621182,0.001079217216,0.001079217216
3/2,1811,2316.049455,0.001079217216,0.001079217216
3/2,1812,2316.962495,0.001079217216,0.001079217216
3/2,1813,2317.851532,0.001079217216,0.001079217216
3/2,1814,2318.826035,0.001079217216,0.001079217216
3/2,1815,2320.088523,0.001079217216,0.001079217216
3/2,1816,2320.949532,0.001079217216,0.001079217216
3/2,1817,2322.812633,0.001079217216,0.001079217216
3/2,1818,2323.534274,0.001079217216,0.001079217216
3/2,1819,2324.512455,0.001079217216,0.001079217216
3/2,1820,2325.557096,0.001079217216,0.001079217216
3/2,1821,2325.903016,0.001079217216,0.001079217216
3/2,1822,2327.376856,0.001079217216,0.001079217216
3/2,1823,2328.634875,0.001079217216,0.001079217216
3/2,1824,2329.705723,0.001079217216,0.001079217216
3/2,1825,2331.01311,0.001079217216,0.001079217216
3/2,1826,2331.942708,0.001079217216,0.001079217216
3/2,1827,2332.987765,0.001079217216,0.001079217216
3/2,1828,2333.720863,0.001079217216,0.001079217216
3/2,1829,2335.531713,0.001079217216,0.001079217216
3/2,1830,2335.867154,0.001079217216,0.001079217216
3/2,1831,2336.621037,0.001079217216,0.001079217216
3/2,1832,2337.76173,0.001079217216,0.001079217216
3/2,1833,2339.615684,0.001079217216,0.001079217216
3/2,1834,2340.826727,0.001079217216,0.001079217216
3/2,1835,2341.324596,0.001079217216,0.001079217216
3/2,1836,2342.654042,0.001079217216,0.001079217216
3/2,1837,2343.259159,0.001079217216,0.001079217216
3/2,1838,2344.311216,0.001079217216,0.001079217216
3/2,1839,2345.570484,0.001079217216,0.001079217216
3/2,1840,2346.46412,0.001079217216,0.001079217216
3/2,1841,2347.934255,0.001079217216,0.001079217216
3/2,1842,2348.843424,0.001079217216,0.001079217216
3/2,1843,2349.730054,0.001079217216,0.001079217216
3/2,1844,2351.455047,0.001079217216,0.001079217216
3/2,1845,2352.195702,0.001079217216,0.001079217216
3/2,1846,2352.75087,0.001079217216,0.001079217216
3/2,1847,2353.912136,0.001079217216,0.001079217216
3/2,1848,2354.951081,0.001079217216,0.001079217216
3/2,1849,2355.810814,0.001079217216,0.001079217216
3/2,1850,2357.608316,0.001079217216,0.001079217216
3/2,1851,2358.904705,0.001079217216,0.001079217216
3/2,1852,2359.434859,0.001079217216,0.001079217216
3/2,1853,2360.314285,0.001079217216,0.001079217216
3/2,1854,2361.342542,0.001079217216,0.001079217216
3/2,1855,2362.718318,0.001079217216,0.001079217216
3/2,1856,2363.495618,0.001079217216,0.001079217216
3/2,1857,2364.751176,0.001079217216,0.001079217216
3/2,1858,2365.191515,0.001079217216,0.001079217216
3/2,1859,2367.24922,0.001079217216,0.001079217216
3/2,1860,2367.957702,0.001079217216,0.001079217216
3/2,1861,2369.220578,0.001079217216,0.001079217216
3/2,1862,2370.09339,0.001079217216,0.001079217216
3/2,1863,2371.100748,0.001079217216,0.001079217216
3/2,1864,2371.938138,0.001079217216,0.001079217216
3/2,1865,2372.440347,0.001079217216,0.001079217216
3/2,1866,2374.444231,0.001079217216,0.001079217216
3/2,1867,2375.543967,0.001079217216,0.001079217216
3/2,1868,2376.355464,0.001079217216,0.001079217216
3/2,1869,2377.755408,0.001079217216,0.001079217216
3/2,1870,2378.212962,0.001079217216,0.001079217216
3/2,1871,2379.726503,0.001079217216,0.001079217216
3/2,1872,2380.545657,0.001079217216,0.001079217216
3/2,1873,2381.500124,0.001079217216,0.001079217216
3/2,1874,2382.530831,0.001079217216,0.001079217216
3/2,1875,2383.356014,0.001079217216,0.001079217216
3/2,1876,2384.965072,0.001079217216,0.001079217216
3/2,1877,2386.430937,0.001079217216,0.001079217216
3/2,1878,2387.299084,0.001079217216,0.001079217216
3/2,1879,2387.813569,0.001079217216,0.001079217216
3/2,1880,2388.748208,0.001079217216,0.001079217216
3/2,1881,2389.955988,0.001079217216,0.001079217216
3/2,1882,2391.26055,0.001079217216,0.001079217216
3/2,1883,2391.754982,0.001079217216,0.001079217216
3/2,1884,2393.630593,0.001079217216,0.001079217216
3/2,1885,2394.485368,0.001079217216,0.001079217216
3/2,1886,2395.27017,0.001079217216,0.001079217216
3/2,1887,2396.603879,0.001079217216,0.001079217216
3/2,1888,2397.791644,0.001079217216,0.001079217216
3/2,1889,2398.558311,0.001079217216,0.001079217216
3/2,1890,2399.433833,0.001079217216,0.001079217216
3/2,1891,2400.152357,0.001079217216,0.001079217216
3/2,1892,2401.482998,0.001079217216,0.001079217216
3/2,1893,2403.418798,0.001079217216,0.001079217216
3/2,1894,2403.975315,0.001079217216,0.001079217216
3/2,1895,2404.921593,0.001079217216,0.001079217216
3/2,1896,2406.253989,0.001079217216,0.001079217216
3/2,1897,2406.732851,0.001079217216,0.001079217216
3/2,1898,2407.71591,0.001079217216,0.001079217216
3/2,1899,2409.441502,0.001079217216,0.001079217216
3/2,1900,2409.881603,0.001079217216,0.001079217216
3/2,1901,2411.126193,0.001079217216,0.001079217216
3/2,1902,2412.222936,0.001079217216,0.001079217216
3/2,1903,2413.976123,0.001079217216,0.001079217216
3/2,1904,2414.37988,0.001079217216,0.001079217216
3/2,1905,2415.576893,0.001079217216,0.001079217216
3/2,1906,2416.534055,0.001079217216,0.001079217216
3/2,1907,2417.278087,0.001079217216,0.001079217216
3/2,1908,2418.229443,0.001079217216,0.001079217216
3/2,1909,2419.507917,0.001079217216,0.001079217216
3/2,1910,2421.142944,0.001079217216,0.001079217216
3/2,1911,2422.152085,0.001079217216,0.001079217216
3/2,1912,2422.99623,0.001079217216,0.001079217216
3/2,1913,2423.504147,0.001079217216,0.001079217216
3/2,1914,2425.12476,0.001079217216,0.001079217216
3/2,1915,2426.193438,0.001079217216,0.001079217216
3/2,1916,2426.907064,0.001079217216,0.001079217216
3/2,1917,2427.640897,0.001079217216,0.001079217216
3/2,1918,2429.185596,0.001079217216,0.001079217216
3/2,1919,2430.265813,0.001079217216,0.001079217216
3/2,1920,2431.611135,0.001079217216,0.001079217216
3/2,1921,2432.727569,0.001079217216,0.001079217216
3/2,1922,2433.705897,0.001079217216,0.001079217216
3/2,1923,2433.916873,0.001079217216,0.001079217216
3/2,1924,2435.348894,0.001079217216,0.001079217216
3/2,1925,2436.1916,0.001079217216,0.001079217216
3/2,1926,2437.794076,0.001079217216,0.001079217216
3/2,1927,2438.671791,0.001079217216,0.001079217216
3/2,1928,2439.927127,0.001079217216,0.001079217216
3/2,1929,2440.82616,0.001079217216,0.001079217216
3/2,1930,2441.929837,0.001079217216,0.001079217216
3/2,1931,2443.03356,0.001079217216,0.001079217216
3/2,1932,2443.775436,0.001079217216,0.001079217216
3/2,1933,2445.154381,0.001079217216,0.001079217216
3/2,1934,2445.744952,0.001079217216,0.001079217216
3/2,1935,2446.398523,0.001079217216,0.001079217216
3/2,1936,2448.988312,0.001079217216,0.001079217216
3/2,1937,2449.231032,0.001079217216,0.001079217216
3/2,1938,2450.503651,0.001079217216,0.001079217216
3/2,1939,2451.181708,0.001079217216,0.001079217216
3/2,1940,2452.283366,0.001079217216,0.001079217216
3/2,1941,2453.257486,0.001079217216,0.001079217216
3/2,1942,2454.300562,0.001079217216,0.001079217216
3/2,1943,2455.482288,0.001079217216,0.001079217216
3/2,1944,2456.514552,0.001079217216,0.001079217216
3/2,1945,2457.907999,0.001079217216,0.001079217216
3/2,1946,2458.5468,0.001079217216,0.001079217216
3/2,1947,2460.013579,0.001079217216,0.001079217216
3/2,1948,2461.202295,0.001079217216,0.001079217216
3/2,1949,2461.731629,0.001079217216,0.001079217216
3/2,1950,2462.464295,0.001079217216,0.001079217216
3/2,1951,2463.569667,0.001079217216,0.001079217216
3/2,1952,2464.927816,0.001079217216,0.001079217216
3/2,1953,2466.183097,0.001079217216,0.001079217216
3/2,1954,2467.640861,0.001079217216,0.001079217216
3/2,1955,2468.186816,0.001079217216,0.001079217216
3/2,1956,2469.336264,0.001079217216,0.001079217216
3/2,1957,2469.781485,0.001079217216,0.001079217216
3/2,1958,2471.539298,0.001079217216,0.001079217216
3/2,1959,2472.336418,0.001079217216,0.001079217216
3/2,1960,2473.107125,0.001079217216,0.001079217216
3/2,1961,2474.23785,0.001079217216,0.001079217216
3/2,1962,2475.539354,0.001079217216,0.001079217216
3/2,1963,2477.021755,0.001079217216,0.001079217216
3/2,1964,2478.014854,0.001079217216,0.001079217216
3/2,1965,2478.397598,0.001079217216,0.001079217216
3/2,1966,2479.977352,0.001079217216,0.001079217216
3/2,1967,2480.433607,0.001079217216,0.001079217216
3/2,1968,2481.356767,0.001079217216,0.001079217216
3/2,1969,2482.683412,0.001079217216,0.001079217216
3/2,1970,2484.503238,0.001079217216,0.001079217216
3/2,1971,2485.087591,0.001079217216,0.001079217216
3/2,1972,2485.785621,0.001079217216,0.001079217216
3/2,1973,2487.333836,0.001079217216,0.001079217216
3/2,1974,2488.113832,0.001079217216,0.001079217216
3/2,1975,2489.261157,0.001079217216,0.001079217216
3/2,1976,2490.051091,0.001079217216,0.001079217216
3/2,1977,2491.105516,0.001079217216,0.001079217216
3/2,1978,2491.907474,0.001079217216,0.001079217216
3/2,1979,2493.489295,0.001079217216,0.001079217216
3/2,1980,2494.866178,0.001079217216,0.001079217216
3/2,1981,2495.84684,0.001079217216,0.001079217216
3/2,1982,2496.485337,0.001079217216,0.001079217216
3/2,1983,2497.648465,0.001079217216,0.001079217216
3/2,1984,2497.969974,0.001079217216,0.001079217216
3/2,1985,2499.862043,0.001079217216,0.001079217216
3/2,1986,2500.564386,0.001079217216,0.001079217216
3/2,1987,2501.577745,0.001079217216,0.001079217216
3/2,1988,2503.185227,0.001079217216,0.001079217216
3/2,1989,2504.008934,0.001079217216,0.001079217216
3/2,1990,2504.772153,0.001079217216,0.001079217216
3/2,1991,2506.305352,0.001079217216,0.001079217216
3/2,1992,2507.151886,0.001079217216,0.001079217216
3/2,1993,2507.87104,0.001079217216,0.001079217216
3/2,1994,2508.766046,0.001079217216,0.001079217216
3/2,1995,2509.652997,0.001079217216,0.001079217216
3/2,1996,2511.66019,0.001079217216,0.001079217216
3/2,1997,2512.538221,0.001079217216,0.001079217216
3/2,1998,2513.579517,0.001079217216,0.001079217216
3/2,1999,2514.259859,0.001079217216,0.001079217216
3/2,2000,2515.286483,0.001079217216,0.001079217216
