AB 0 0.04031945288339052822190738746701583694973297718067431863428835487957420825589961996946186113760030802995859367303403374353722065988217051052381695302638187294404972336333260415054572289367862946552897118767826735565255251 0 3.957149871645024505013479031034162725438305531155348816763960997388110732847141137322840141058244907794572678380556143644311922654678865686357960777766585575223693259352003634769229116377681223308911744567285034930416438 0
AB 1 0.04135680569116983109069699975898902548273102509704967000214504011203727301671101128139905583098347685117626178579628050793832079121116311548562751723180531469259733798265526956399547475511050315909580839997498318297489822 0.04066075193531429241838351276745077629648241940177150700228246412020685213092960352485027273673499985397611163774005544557046877625676781686274566550719551263648566082398026603593343222575600783298012935199756870336090449 -1.438235284955066658584833015902150121041462731827899519637275251155311453226092169880280223006551516899939736197000504358249184541833138394990786055559345360021954192987702681057598570395103922908915404854611476153140973 0.6235827402086591597423849762217753068891264765211674828645661309229450022937110750678976809591410087600550005169504537532333399497739001089748422320393757547805392625685817250011319117469369406553971054098569956043782236
AB 2 0.04492222462617253454551038393019872234965729471208119491662098155845901649924547123352450969139991395197743874853963836706415443981581513895338172850746584752586843706728654029994196389382233594901382910292545813696612744 0.08354241476885258283549814853988386228929671792761596865583576681754385732138261272272736298930601141128085716751028141820293369365902117762625305744271888938518446192522713437380656159743227829712307647373019507351874760 -0.4832723446722252638223943416513719992326394138667546176924386122984439881580540452882708706846344121572353804793165931905266255207347526623379922313652055434604696930813746205880308585749894954375419614031962621432706297 0.4424414754002542585560495694783656155856186914276319840075649205268653669436388906841403283182695349295607476875410238186667814595996541317951306322635691400648201493973564605372587179107521130864107754512013928216588580
AB 3 0.05292979183643650513982146260864661772158649916841354413563709586673183852625873856674028059320323365568583600251715108314726617023917303650664505653136399226612168443282905765883297626832044837390546425566017364003107440 0.1319457915150233977425785936034496301304412520255723571335340924522876238608401159912954961476052282419581860334389316771656346753098439455015908947890334324155948831135206594260921444727457417771538864317836800135819036 -0.02493248675634822940052431473173412622508668332306579333024117619144943497974875067876067036929164809738516466795796534509174112634855554804715052431722494883933793113007679256390462149576545993124530814277402267386612437 0.3790602795294489422052779986195820482468197675499326953703890345164180501192374894106792816235252528478620072695245465956544101384915220649025193089839629716348118176948167537817433442827237741909945364862042521156918761
AB 4 0.07196314438404559912116650624458552536376586487811201987672572983988755535164857622306983775145397854368770154224507844243887825194972342089401257820522422816418617568663986408651570418328519245074398185615124950584400015 0.1928989287419688990498227241776085159057048716425825735720527694616610222600546091710405327202520970247985192342851017467588331020226221494417252511473253113347411181787855798556211565374327607019096630411188926330449658 0.2816851553817307182599180861473073792301611274859577494781518270854653492100817396506679316631394043395528705368427461153964991596092692025028611068854894917514906129836551456011064767694836814445363349937342515534836135 0.3470002919016330671721176175459071783546484775896890095794011139693510678872239899392834160061019932220524608504954614148827130401769955369962066716847911166089587654978877628064884984307519047667687622065566663188310209
AB 5 0.1342650961618349245961790804494372226426243384880564064997561516457094032433172891896355100235196896945513286813345238521287143552358061177702406735026725459808842193045154727518993661481972176514434985468435885501069230 0.2888624492581265974530395440483533128360119790398568504004237982137640062260248348920249299671521855375515032651432135910754184404415965726304333596031395960079063303802247382441553045008127576153876011748408204731205819 0.5136721705487835484012798953175443236398456910400450227114043481822850489056333635110366405732742196630839261975223354517222000833666571182951406915779167455374517406909015824582460947076253038590686838151366529632548700 0.3276766764067125873819077560541375506422578969009844838259745827403206855339021469316924465154471395444364769564843162635594624344741779437689804593420785720354244200693184059653679583109580091069395516110659862889177045
AB 6 0.6980580110341401665768783716955670982726066856844822944365739906926411136701021498081150465249631044870482828281713845172247581553434742594779371250206807861420423731100876931845321721324777175238339041620076466345362500 0.5803812316360063537193830638173727647935721647898560616809294699736589898538268891350841589870861170610612516490041015565256310633579440021549037814083542347271104342296099656114521027647119325239909903488703883800432799 0.7008188352244149837188023582736363537047926039556177630301343899447184438196161260537267888428086968128154491194964798690581687499830958725105235565143035468390823258150755362131260098746127248524513201062764140449251013 0.3147652747724198177449417027885076541288934264680042829326464975226027719258706435218486493129537124169249724485697387347054546535255650426527912738842317512857776171998114755901583807186726031406671331312277422067132468
AB 7 1.854911275776756873212773143485014356768505979301636431044132533525279674466140871343001046005077062984483820958519782659145121101087581782231061545897373997842994567475664390452513715860088893463129952932460121213977456 -0.4626587387973959436586511298753472293129640433973505221689517786762851520716487319739084328716364008520686315790068352544178517665103544172011992235954749440651753895080962984997331123638200283770680548383873517763202045 0.8578861808967440191529746491932420429925039509769297695208620979605971512509159922386246043841908170196381793355292988017414701219867169031081779466971962662826985414348724885730935974362740143602029078670039937212258370 0.3055310631621751447255785344468128878321840263868686687342156567707395113865193305618340490532379175568221003671537900003837430619434688854170162879368974497740768146947548188860141860238642544812210666526562072851826608
AB 8 0.2029639052729407497280395866797902667895434330494499204675142182250250164523108689691570345013260280989265948053126076211924304715350811994306886624937275459532793262618961083768345834075921899454256306986879656883426675 0.08822399395742824788919790620852173111078470252489026803618226118752034389657629957917809570700220766535012517646102583428542280738869376184919750601161431177123398194211104345048854699746682745112401960666417369311537450 0.9933135427979716282689289283581715180201897656663640352803841654891457642825407030529736628095362836005796164366189620677263040766379255441022578564474780737915694233699307707931147991443535286507861241826952903821077611 0.2985998965979050564606570042480316844466486463022095910562551890032344176644431485107676607436833031361617388528508686819598937447710453326612714622666664841251681299292328967134336768085679891608838921173189563031903136
AB 9 0.1951158842131583667067919151818362322757737438667945883542050423718938329441050933667950321941356616784261907737470625806460811746919675702674329692881242111312319246295586649889902450233032050544096248523649858144599643 0.2621166181567662171564246181904468484773058821943118553882271494547884192619168370612108520591233719775887337126071859885600763640147452847523266419948342747880900775897172264787925062459586834169306637418593703044766695 1.112397789508507698949868899291015444517003969100167164569354560106674511945840192077022458503961096134617138738335893605853414952140224408119271003203450422374080442684276925547962276911641627729142000711259019327291876 0.2932061384268230417185945591952709174816866039960202831725377266163537011346601397665037806037307908850944648826674297367139399197237461835872787588587000089842907247381836371531508067894426735296408245290754902814239571
AB 10 2.869245492992425145914675498769239269999256778997608911599013119972655284727605699351957393146892500399699406256105105936784511633742999087975760330771067474209162647861448087570691434225924767482006248857873338710665180 -0.09973032557039108047069821676513337396810081553562656583482512846415730913809857333095402123642323737426160882957014271003867960309853243772658308622982732399791799993771912988116178717000122950433072334447870016842731555 1.218689723903368387838053402379958624983402913232047376050182498296036600939672345910034445327586304421241302050956910283008794595873886820905147068648092716331210358014630447594370447235911402052733426627271244922857909 0.2888895373849034802321912659175960822456749456497880677309161602808154824030623026884238001357594061855135097094607620486260184684085972424818590479291044038865909068768875311063410515058817066562246530756086978321095931
AB 11 0.4637351683402899913392661508922430305119853814851494780100251291331837556214961500636288307616598350059042524057396932745404439559433932702520740821472544166854042051867974438336897029091703874949181622110298614006062955 0.4708704560971671752492408475291466000386666506012205411279894652764342132881637457326146688610562623652545649123446465379124005888595185142764318146098856283941447398000605053630767659002836886278328748104936152614923330 1.314689408362801788429003284946247996224775381401413293110045269690180154132268078755846466623693686707724971243088830015128032337123164733530512819367126502885207410770242222394960618330257883686941068159303183107749512 0.2853568249413738172783148381013621195242607490158729638145161105080872629833798601302773743924206269540902386075646707101684554316135476462030463354546447711244013308124173732064431150031532654812160298276437025410843430
AB 12 2.378771346583037632713948168853860260221755186944760880688353943102487053617466129361406826508377039587120260675656847128975977593461328929793459565053475980142379705668271457785531814791473983025726644792763035428278522 -0.2930983052559733621300525242017005795533788663186160307635878683779129411025866428729420729518875210427422291627911132389158618953801933265719054766211879877818186383423180547957724439242832915175336627221693852440196147 1.402225415420007523192010848825228445479161271029963980501374159295277618602699730337609987009829639004194375286884267357752499071917708060491534899599898847934135247336821125127716254582708095853529853910093571505138418 0.2824123058240588235259391702760590901441653562960265741759216127328709524860765638722428744351188668914791195270934542210267152689757022728988972928245415327687522475283280755978867500702308122913019524545952144817134092
AB 13 0.3144215706531121432316794236570836969173623114540597444850894826470728080099003332223798644806361119646744268962275489549424286761529732523954886264349411245593470750052824367849181719338359528779145049419284288831356723 0.3497152419687241167751759940421393923243297707550778161005457586784119801385470932499896319124614699346322912490907858167448513011752275018489335475499809567788410407522771325854562740096840404744142187969599908730612541 1.482676531418068204382844459154614906279690751371702206987159917750964052933923270852469977186980766486421573609257037413751612421784812016330197605623397675109003527530370333247026861137797670712730767847148287495159528 0.2799204044635672593333177448604983193416264175828468988680724039954527080088632487839395294878564505452461402422933250962895070177734290778797698658139260288136781865049141191513769526120754917989423983319323684145253166
AB 14 2.594942240005927375362987636314787156069045138113527464370464137783781903467888519360854310251081163384164019376368170558982800354338121252083819369764174795523324333786847394428226091401610712855322661177467845121530250 1.037272569948501079133784367607154138620352979285277880762267899157193271200243102977102536781912049372568066629923037538056381278831260395073466990860499314430165667267359123754345328058150433218173132730206296959032214 1.557108639569901106672577545198256095929225138046346590767505345650080773696075089628834122542603188064454200617099052467495578076062495548129797154142727009467469858376453322682511433283868632443705930028801478292382583 0.2777842297036993838193019469538975331447926039881803069313176627577509094459865873307620936480501800457903303481024303362636291736484100331732591953258078973773269396685717789855374667344944749724842125558758456452887843
AB 15 1.906988043944018266311390727312359233610905857534829194856241662693242554902057572715880874555211883528441913531312333111548242790909649346774616144255954360956413847643913115321363767334611193695849993108320452025344025 0.7792556378679703510717280127042288420345803839666152529174189767174433393901316322816909426599227258101488644981574081402614816551924432985388178966864285694018406456233728359681625067311269089861642833785337213063185741 1.626363056786890002150003766829069617508659480149355942629851733429051265906024221336877924709904478929819239944923071577210024152663005549826371045537484820605306338898347834716326147869050048140333745975486438640302438 0.2759326985143520365907323499911407312045081406482736803652930994301452854394885814540780526562528466729500731349255868453297157042050787092086202946547295819582204020933648284845509684113146693762908679143534252357361037
AB 16 1.115937112991438571312342804573064833067870760921927513027000970859425631656402414458063524331060520391721491333922820431920656452686144996920405436681546947930656226172231046516336743728360447479903045228278428525866552 -0.1318281229208819268752700269228965182001858548844087792104912692486863551384340402447171794401467703485065226765882509717606229830980663434535142655544789851680857992038194642549904907918163477393137220917926183375602990 1.691115666741681350842502638882806893921307068042009839585243913842696018647264069537782563254592303917594792989268388106223627182769914538437534625246296721677079635916253276509613047710641659403307539549778930009567698 0.2743124809785228823597006653449496929403943185035326515099988434242861264875256389601328409774456825797906531155534160930291140168739594178376655963528488730756709880561358298141655192380788332548994596321052390884711264
AB 17 0.9229609179309673445362590696370645725769138253350820077699513473640208169920378424924124151093078172838133507137949908431842451894523096097193243605212292880532006648492979998068609606411726286934098276075009634412299860 0.5670066084166098237866083908381239990743131576169698407039351521294243514318150563116586134021826102044080061295180259119930080927445750535186986707414884557001652450073267098969234808449138383132934637223476847392379731 1.751917742513055169475295997518966423042217389099218539064709767939209494457854711056759282684773741095479330628041830846202216780817927198059428559622761426583360393444349819510899898091085804154707917458228947468139526 0.2728827844644171369425047438032800085258168537580866246234263616681596648373523222441622020571095673016734651756504059729363469774729811219275902519613494585886615648089450316475809226268492912775528826335007893241654632
AB 18 1.968414908526827613775363569716360458353819413168182064193869778370327927067685167371080885750965781923997670632412402330941261460131206300678796561951677134667071244493734774649625108055338950530369271175415538218238604 -0.3349531917032858635174142442023801811926839871767305444896891834552086884365741068730773422818052465727940730946331214477676368289394513784872806784864528042066685947591544586313929942129711108117398808767847288479759582 1.809224880119178037784130564350802663425336606133447412446187212992985439069418658011879798335629777130446912182509653296110866491480519605211846518491115651522114493996703917034691069103443901623710160849578144300831368 0.2716118743851247533178732541714255048728379058069111534681128703030598290892210181463454197636306634606948515150059995279296978478935379042988361839994497099003452431926911634842941729904782660486426731310464350513666973
AB 19 3.019056141949822846284285679092824191314071066040120020287519895657328800469252073038037010937774372336088272496794187110512103742903727277938056164580199978028727320176875824442849069732909481144533318663222456393229684 0.7262848214006854777602623814098192927068531863617845209659580650441431200195347328733723865050032721831513675924835833439800632419189840546275602884219257488943625325859912826744574117024718754548992925731271000116879193 1.863417977440652055058822841171232882947720433081214524808612324806848378333653827562517673471285257789520484557363710726491581988843007941703444898862258883424135235108172447190440252503539659084372337268232799679806408 0.2704746925335596914217990766210532795144769514989190233431924191271616811236451720255913845137915960765639941104405606994942300680826641605496373711258950347085770574823877788786943751931944577477003070847998715468960168
AB 20 2.450160528893550843216245758842744368931030825295172274151181677562260586827340176632764438612808493034255443831787099536640727743665510905940535016536416328254599795644224473605074601826890525723308241942117431816637997 0.8583509569946211306544288005834510742174243109754336025396903586291715204541683964494341611854354618823661683928490609252699883211331400168600969308606848511376857828683222394694384548839719951261875352887739756561306297 1.914818750837984655224886757756426101711349061490440290944599111544516155693538814924866410588902551665432742028964413930491576134811576550607696787840459434990029459130016724016192293414740968849272504879141187209713571 0.2694511892597985540779553055791145647618744551566544918636905608694198362991645126972057099338175563220953440023181550498980575467431195056967874026449883041131554677730765959850652868139444040847594648662105677179246322
AB 21 0.6984760730756864845037243610217700659385974186613067931159269375283644907166138156628861254351792865197919188278069942349397606637513209970475676748274699108689373012294369605900083822821592063738429400008532632006681078 0.1789393457171621558771882613047225755639451509045841573490195334076410122006660004304318545359087524043402777541259420081930597888098853867642498188105568904288340918233678610195678257886636755271421554876293009933581623 1.963701414530441413031128129639967275101950083347795021225545288935086687749170108039258571023831311867043583466142393616199085942744170837509223941541555483191122061014682753301323917530459673617265264555440629691946406 0.2685251317755878674114226641885412613741190414651626761897348140526415332811471841039713033779660605339290280703838248696829448650677768235511643647796377413051255472304047977780113896848152579907478038136922559359139690
AB 22 1.505723960184755805924060224148310862490234870655050269068044665325956726999993511640572083130550599725575028266161080150506838125991743899075284966143146605543514741425074925027570472527949921521625766372311670405149438 0.9247236061909780982694601036999878542204969571072476591735999755457725987078850016910841480663550197763437971130233751793132343282593298813387318559867639827358497856047672615842639059956746887516969841690843124545122305 2.010301609579192469306861489861094505624230435309156987823445708884700364927716685226149481741889908607163272425138650393593055075785480859968838271713081642960673382778602872924532811382445545508919675574439561727822218 0.2676832372242682138664791189009207503770211810789879338669464782017173459894033306786870377609509260298689784592431900850762088914282552653484810365335251275907838261599678280139235362426975101044531729480293083792297065
AB 23 3.377647961604969681108244858122973882779253586690891313449387256333742953016814082684071544497582364336285874639799670042199081175602529217540727838352930058026089724378757316388590248557536147776647766467329843902093886 0.3873783529269675362260819743870718202179422269784339104675213384389079844537985142449429289015094479797784011873558492511144434114070253798205291953033462356591585755296445563268925645729784151855192801289680092152666800 2.054823325876368658879979083557658307380715816485392746783894992113070395735034366597605077861591551049114072474679766841727292916483718358840616746879077666333964248686350950496605793895313862919688001311696237687313929 0.2669145317532376896838218168399490998806659254069866786472602049963294671006616393387884477849273773808328606769934083294959846044855555130899758569560345733144973601035509773410421199746023095038081192068258120914828558
AB 24 0.8720386157041892702599390894502877307983417507583409443212389104601554326815646570159491355475753968350804553779658652849338916969349906816348804687332756584775487005906887430427093184203574109493371180206392429594275108 -0.02353956289132026857782428449378713476813412415814233491873623186254750079591582178261682567403008197974794736314639914806394153145406111229933842012310998647274539999458339958209926961224425684369466730321230492358829606 2.097444335923636516325918331867754451498446358678972533051504107721935967206708119833605539257647281205879533606517338740020299635806281726867457417622427740572717929584577182998474259542516564612344685000732179417755234 0.2662098697193697226550059124851935437953147279460423734841043508206024608513025658002240617947030061247546248931045611130446856396586813486721802487995857493325911586125054606075525571805177721697853331356621982644753581
AB 25 3.021736007182115232619703874766382509384963521367960758765910093150388483022388792516051212092556155293734687395271391351340364655035265800838410322594333635932481817732257599813415599672341938911544077896889120090969658 -0.1437391459128594704789210456514668975531810130744831283910793467313561773551154921267408959117681248079355800991202994535909714149069179439258871650749050244937953951647557579100299191188081927171294558960033772096200821 2.138320509008217121874284633073632603630414961528738819479294678559901828226296018533268869524270158073862180179706113829600209328230283222177322721220787170926468877451462345099427229912376811175259822489849062562326830 0.2655615682198983183366893171045361382794239141568476892081446068476192038681539548825210798253046158205138013748258932671042570933468406071805327708701980076768336629103904172118135287085106603832559651283721061085996955
AB 26 1.692618339787516094516822517272918289484822259731981595447652064423918713696489950525859566255985041949184236942397153338322375457187730844614636026334574850091473837090932587879444009676823667751338521351688740174069066 0.9053544772939169471054711293832119324645344534597827568647710621149232132484105963273062990309542565659162956316748289242280463704618316208488131158179884720818530010470693621193039719841621432815162745341511213694490754 2.177589271971582323051923912633696397305344474494720665355197215087917327643173661476153933210822339916590466531733763371325672668463445488652367507859609226547000548765034833792779310505314304408234684522338168349067247 0.2649631259185096542137045128642928097310181099799293457942322047603587696340747688461105485200684576940485149444440806025796885330518339530693848872864244072691918776411537131070712765403670729410727364234423128867510005
AB 27 1.382462831627199791062242699428805420056522465055961341002377514957539644292654230870193215181924284382790805407502438454410173564548063008782638309371468844342685291340483654573082361125248063514113526628836434850768726 0.02533097019616510974556865449415968870830895932281495929553473951887607739325328604420063132419032574027063869533755246756267258074678822031696229998346865328669258926912831282113089603782370852407078153073563310445318819 2.215372411663678961745752978258037346402373588812181042999483765213065283479169829648861136615789635040732819374299314834437448247063556972396728794741439285599100541948589719272640651506094050499056936239164552645592087 0.2644090043245836039623092440850607523154727311698533420830197148561081169603180721789079576299564838928593443444933252831868937278815490502798588043577260842239450416639044906994205264006362450418150124457253042377278709
AB 28 4.053467564434662973621221948156363930981727520688824359756969784620776761150592634027623300298063949677880496311912293778427343090188892443710367403741040895665447134645906974644068835666460748582300967078476934734553891 0.2945117897010217394018388800107861806456178003603342375913512901188223689505614568049440590093730721785819551301401613309408384344490795297455045423401786748936734777239899784108297890886736251909489531840713821236873301 2.251778364001116109840695273700711839445967578215360605727588925237778532925835755700523571964289366861972526927493762517070037647884682892729054170038956395597293391539651979259935470949878306250100851581691889285098786 0.2638944559203902699232051253375426874212716451471962798105245054958343835589419727004683745446508231338640606920589600611170625708093068668952049846522774826172808586079564347204704823778213399238975093887825890436161559
AB 29 1.604524549067205310741896815539627344070627667285443060217125970829597425534223957878974185554953188108160465414852283473828219853736840103988249408010910000859213766163460062171790657780648375433704186172127064379073364 -0.2114126305301201461887819156961518630966376414873476051611794424150325827123837068914689283030492860341693108772598696836410812193731943007991494927096250725828542500999804687584749221915372719524093781968294617973969907 2.286904098611413107717804397874648943512546717929221945525958648912539837006148440988446798659445467095612171946995474905908989540842638435545463288716116548814354407065834546685349801382341004863834324514262939720842981 0.2634153878335478127139769021456727214143442104242174041391900267527942530326074190099300220608171400535224692262742955209981888742871213123062882344828176711818439621347905023840020429194946079402130694629157901751098099
AB 30 1.555978677114247902120806732331020731937825592786616988009721585290476633224816993812068061110917746032171265817673429874803193247837262063117885885207122367937238446538416897483981291502861514700253885713678834006624562 0.8239211634502147608580359939125772550082513628002281845931696862564066895477256195673637671261870040776594795967876472451951528431533676372745296319866287013098170975062998518248966085373660063354176082337338673378257299 2.320836681953727895100774240242870551437798438924162934137663747439489271122511264850330867385822987155817650353911983479448972858075175968479319107492037450059551124494239694774959844287649140166070111673708537388363575 0.2629682527645518756377889914096988085957796470198810197724633974380522763277323070730327170692410037205747473107818315573523597320966059025697174999984927702679429725188350828767831537264402494760013918618194353276960635
AB 31 3.028377047907496497847782679560257906197155797181397161654553149275578553425368838069128750265945486382685156836308824239401342062278408979191774071763671781445815874113902788082838426304586009188811447764250341881084046 0.3418244918152552369764530530680112967684126959582491469768984649615316953186332885366402421450535826435285365059690925849367160906377418599578112475058679653789722671961027135334582364292130969530021010483614987388173797 2.353654582623532581143874011285163165461323236294681887464897025850950483023215934297024604751801558969894346071321384431779345567452760306174896165109751233630690610075598566286568283839574512765691842946214301263399719 0.2625499610175677345901729517954428807847163899057782762676233668944341047504743306318771679410569493796662359746570197063047793752041380855046993534425331617577470811069256946205424811858160787503310077118827637807699213
AB 32 1.973347182110456233292479234373403724195092068728672779274092251185492529432945586659265484663719435352209824725483090487996869520260729902213667162110217771576328865303539732816602269781823803835877548124581087437871676 0.02922513233447069734387289407416682923573895049028950371588823758359895737026963512008377548507973622376991722746447746367416337268332988502633363882111069011044585925829759947222199335919855626524643345001745560891879810 2.385428768280886554819426319285149841090239411804802135029906136186406557346766178957355738869123565237967381243688750750403325716987381890353609861495003050991837376807577420562086005571489106619204238653850138557333308 0.2621578090199420268391266535342565933063740808789512467279057817263033120383833179547767814776118350849607336936387123887056009154125651389056521681812856363526598338547064732309255767662059765007820006113485589140372570
AB 33 2.152405635118025468203499626683186952748321849347189151101243036517937394026524692202251881355541566009499436237358368391974949879262157970811696356141053027939506183526260531757966846012730961404409077589611347304664244 -0.4893175134942638198032516344268968271666869456136032909752020100740717038902189882489159873702062479442032792255424330005478392012934324423026621616109909954554192060848943500901599045952674372622390171161451198559457351 2.416223632915452917019680452769122059847879169026232823007803827876068687536118135962050255357034048985400731111269619565247722113495241083460965580042840687320036486261440607015252530329398341640163652682315383430987502 0.2617894208341008033320002392842891606799958347656699633928563974812936937923300895581280361042319760845470945992948183924629895701992477416306486562570343425455274035430682700775275163451060001397182243352859244303472643
AB 34 2.906800669246337943850199056564820136195175358086682470236934363198192885393480537479732428476436890477900792628602564356671887176882377336965354526625606091671049854700210006097467420731485078799381269273124196337452516 -0.4716246501916995625486487383630233109632188596415787737406343688545409790726576989324380213487935106836790146174464897675813944782792097365353728008740825442582379838630336665897211578720905108750073942765517126846542938 2.446097785016473262497137640902216557515112161722167754571212674716366446720004412007512441995425847028311642642669616976903488865087489850863435555748183367709629110542482644760932656202718166716582889236618871041500109 0.2614426999878450921755425805130337433877094330066176262548070998499466660428432358830084002573766158591499404479664326576390954626646153819405644906150307167830511155556141065550980331690868474562653883041768645125266213
AB 35 1.609868578587824064112754474100917674990334799229907810583408949590464535771529281554926351530267938157993151586834056926368819863551916088664271803974025366731080206216533432102496661054895888027571840659328004202386777 0.6458158247845881099448420462539696511728571619826260080350613526672849377250122601270756827223611340303190129462753702188376164942580296117174862782826240766390567815802477250765549321706250471207839393130846425912803020 2.475104720973550841207082824201996827345578423647579266470417445618773849572004597029682772070652538368567594346459045782644208265052345877776994895166927126708284021081218370994954137188796854915252965332441734080368759 0.2611157895600276726007827871498742198291985138595117287787890404798231994773494775328599813947936849031612474469850354087496442496559058235314711015552157522611983495708699826387781703731143344266954851312657380869614713
AB 36 4.026915255889511263529761090405577789446664766124025739367786467561071831331857244482403279594754452142284303207153523060445798605637434374045668322528195565786245498688194556633656574225522626545306774559653617492687193 0.03303535883670411156459923589189376339886687299327402989014800149777288611463769734060031138095295031306639350607608409706563095172763305010524265401358603553724417565582270823080592997054021651433183714447426331508809291 2.503293403208203874823243010166797100071584379650645889545802921268291894654961665623815965065436116407376768219046641386113899506697046634134761569448846786061337004947454499088714384516519789877468918109343609517958839 0.2608070389168839913258364912771279484123723379675385906450125277332126388387351581700509205268748230952369853026642875593271626680830498071507110642721654461820417402840644814412847707271681719200107637492253525730680196
AB 37 3.012126071573183474877948249975711790765231429832768263315671848249649796438022593210498037967506830865309529933883725374279429701863374096420028076378917936784987791110728908037022752378440176726783182970534512949661369 0.4670861046402120545566743492879106484323145891548030582697469721245963634225946603694862349794049478275498309053436856039865681344141730198287513680151963814390756461677050545774753376099456637897349689304531685022079531 2.530708758774909147232063476515397061440016237753797845459359815599106902019182080351864247758761179893058137620329006371647566309789319042243345006656086329436813642107946951757100031093063794516285713410842070325260014 0.2605149758411447958748065058580402822671127505725964907510554617119297706990487264331489260603431658856034252473053408990112880141665487228775244052281317007065182562363186039327220033829843692768516768053666623665919108
AB 38 0.4424414674911377129024707687023074452442429808751491444465570003333445776722513087847863352746512223237792680600556428848019617629792135423021136989866006021490954784473056898020640694710360676134571660863724990873660222 0.1899266712950872545901876219292637567726127514655992763576512893575610535116747287801582938340263233721316828953263341909298262625126428667261881741891640096866821945686847315190383447866859323826915200273530705968362094 2.557392111216473940595973487294079557299841003056943494780057374544769306159386153507139628058526065612438605973931200143271395658475620595657244669758536897086568054699350579967162416192573902119496204162665546203696283 0.2602382830607915632223081584493392463104137902940848562515773701858515846180056761954767077800042835041421067945078214565442971766770087728536453265350625791006356950793528405652334875497884889135639234801198174949774572
AB 39 3.298410722713386106751848718707765508715409840602490048095598596684507486319845908839056977268483498506968240519901351487480919073790682222983656774627231842298752430085028691980436529582220198309646260696635228029065884 0.09030930385752081621014998679634912205951851355133586452145906996058226609496934481397288952858758629806959652446462703586195023963300534146595856101557848541979502139643541849281411827691934279700861052144687824452893749 2.583381556122079486147621164195125408121140849213722223131003004459442242280029011029253902998264488345744884692545020562885501348480094439701576606292030714107756703283514969090006461962340933710356936807214930872003748 0.2599757783879771046371824983850393686628350453233780580745789179160499321565302680541923783573057861638224546606276497250536834799555581962416947943677326191508167769836951240781535098663923906779466760210292371299969428
AB 40 2.485308691800929630777129197833921820694603957775236706634521100606492034705603541933720408119622602686650829067313171103212975941877406338665517501221248611779203043043758236105699778265941897006767076988285841415748667 -0.2711759763120978479782640319058252705489951173599414315270927075696852318674023129884634516559188131931233977289678840287654750361776568288594921524750669509335264223882938486443024609439252865064870300125222412061232222 2.608712288975685266873619988413749546265425181121285754611064554141884239007124084237208707723576963736210647934034157251297038836236294210609858157292081985426399178728923565793485498483836163576016328106613434622486737 0.2597263978364855493029774030094658156410601597532575064199268514740501021432982725796384722443765838381208635443446626309155046703769603975014541043499910759522605609884842590479191181761861182568333180365245242535411854
AB 41 3.890656096753383486970864236588345577920701044715500106050309122141734684859889460068608440962108108901458002953910021033302436768066414389964748023975085105459258498970563351802186454907177015534191216344109279098546630 0.5540542588558464909415503643193522494919125857374406936399349665133022461398878114251134853829302692743040326153137829242848639951804478484535020347962974384793540496930700135880004363674796857744122975123568104550766207 2.633416892391303423350527034005010753824345950715871436432665712759457479009932923099801614944420053053218589501404384812394283460536649608280574188732718958856549080265964201262166555322867366463627513284345680566996205 0.2594891812093175965433786722172365860435130480272551099836844025050535318784779713536988629618158805745988219873351174769637543437082743046168119891725318148271140855052246927853971429637223948101499447645075842188132498
AB 42 2.082725720313494340983448658288772800147089212243684280290345360122610336302050417024777735056007702377708369092107524821347821861970939909490614384347497331667503142139370602800475166249524215087887183442359692748224723 -0.1922771796624295178142146314228537395255574858219949908717258784829939279046226129054095136482131391528560298905962234124308530661305805429060583742603675368894699154046587410253361639330871506034868511376819373373610817 2.657525588629369234734849521178390226195567897662379424247355257363273101463596206330242822310389367633175994586641012092796949714817723137142745362251373701490986612240817324121985578059820872171849202612904603005166432 0.2592632597448035388819345372977664431861047831353783428904961547356761680407236574045492426796827422177612533811091326089874538770928940449732793515157216807976733821703588502087187057821685912186997975355575592280938487
AB 43 2.359144960343099542010508618060530176751892765250367817091812010376520545999748288215891055219860898151336869030169207775853073200650198521292691640498895887515865056057135357686250348807022469669683283202794691004267500 1.004728812802137702172861013297694879828072788986834640961230104528649646619073892663132991696081338580346453867160192180819335228685876309065983344225631514225102961685767436639931446332534639591025216946786822373600988 2.681066462313541943317444804559462084668465207414442695591902301462715395361382625242167314514633786101079188283843291362154582257271233162890478514729894495606376269419404539398758796922984054554476320666234969844831174 0.2590478454862046516617927398936486199811862303302915047958389600393557299911373393894297079606042179608422090993454840748321944528943067146681232733913803849906157483263793214234075545132753374314346453058558557971100234
AB 44 2.659880885294595333052269975006484708176475276991103470866641684809532169680997956603564631643597428812770109707083550794125229823167636860942672867733020644365582991920953429449061179274885513145324493568189243423410619 0.6981339005550179186843255996694961895573066316514481599279541444321712332213574846831679255072758438091255487452467100826385033668803485340307153189529884969679755058387093079051890026523033163724667201773026591643227526 2.704065657472483853652642791029676192677379758643117377982874453572088225882007837637996064937822522984303523541986146850271950978363957231814836092604171704984892829995329330691993772090421514050596085883127080893449347 0.2588422221006660192944442652858712959275450570380189999089864208305858410401819718111235206298938209665237852539156978158404562692852351069804258889244036231629157575653355806348903838650385332215828786180035697417622150
AB 45 3.849344037983939411103662968090671753990234352290705218229826663059802964082806604712002330647897250078636928755400103232751882364617945925968375692958597576016276497714731391927630777804734654895556417887773673491508946 -0.1403034334059051907083536674633095667180259234575603254866413066047225840313907498322034957363338086994600096349947762175120247278923521806299165240744024111330028616451950915994538165384393298327897951551779930151231167 2.726547552379881839935242377923138323541951874432538773159907542680718214577071690328743506226765174250702522984110711610347715028070203456905816496671806134764501445033618037396830594976345291265971597262463545250234306 0.2586457369221088071841166802340109572238604633183062590542018294206897003721026301990376259473143568903009811085264788763447436899984740916210539136899439760700365578981800001609766023339037987196386351889681806870932084
AB 46 2.518084139470226103232429824131405679528215164456009018733321209278443180625571156829778773857871525586706323160878176788362571439493524071741891549571776576756078943997867419012802600474243099367068778078273388279677625 1.050614539551682456325550318594581449460711806369026398506567892319328922671252858976849783310396909137608847495681137815237247064777291393290836445979054809143299417520403784869890879208893621236118175585424736981795310 2.748534915129677288500114049561918486104898995804148220838588935371709797461523196039061478133051108050121360797716385389015549247585184363275377237980518288037087059742023875424337889812335869594365941267043593482080462 0.2584577940318439978879882515378486192690882350710561720149446949987866250289604060625668663302980022346033855900412478066960918486643768877227888589722257957429679405270412259681561666270180755873819837576750637706838401
AB 47 2.025271654923809199047577808847990679729004231090330447296708379580976101853985458599815125925993924774751290394175609880881697394039065175617976587273956805200244573053897562409483521694523542002956002835091887775873095 0.7705977998968062423042463514974871298952966281649048408960702266069042832596662628816704629029050712779230354060720905539404743487904612684217443944670319106785887829138794644822470030448099645827807377209571280955630605 2.770049042439804059109956942623169162715065731383766104151441802157162099896717225567648670592465995533129527920629149658049792385295185657191855333605617528288661141288648571847545596412102079780992590166806988353465970 0.2582778482223800467169259516471942975966336975745761097448660825697558024225742721386637851027594185031620398747480095151437507635183299949117464532898867202126040391237799782588737258930347287494906989831237097391943116
AB 48 2.164134237919509144342521456601732803115047852878763607484174443771662459326407216067329118203969127687581188499948564595657118354267235495894596313564400696545781603472226104496060780046774604360479201511538384248769388 0.2482447716824445245441413538196430344494322551807158300280378819735857763296683374703497692709757282231564868576926638952453197979391340904986945562330902250919293590025770122495460533652018361248604521836190880946584776 2.791109883809073502087062651167602973895746862184163122713209331263747106769410761844467887566534944264681075060499254315190526817112420652895087327490213085925999796869264814927408256327943214928500369484214700505688567 0.2581053997156466510260805354648089353107502453458918034819726132599519954491840863112547387726221010945327970161585412294937845488016823216240612703303945192823188379287933862360259854897809434612175306157565681363185349
AB 49 3.698505574343800948687023709398522989427352247868618762345236910903327555566650485811852959212745566082153205268893683102506992224991504162174496022860396517541393747052239255527950576290801298308863983964482246855741297 0.1886221762812861521681043293073727398414249098030552112798538219614118804434686226712019587966955419026867058372274829246198342116424861645844630236245515754095496427337931440651211785221061865865774298139940512102838157 2.811736152844215710221388220479893844796268255042287445532730940292166011887735742349759427108693574634257354594911307526203907229163328388961816578157272276028869394843582946934542653211151073817456057074819064155420642 0.2579399895278779821966363645933419311036216553550532104662209857942763817529177821966760175135966025750813196872432337280892905469484730627516108056219174174348243061579909294772799129899954970148249824674630520234702095
AB 50 3.660378338563806444970271373085488738537459350751814406117745615479675541029395823010473185798625851156732648641153297284148002806578235690942179227550387790804133412583272822081008375952614902962812277062473253057163084 0.2163841502161424831041826620746483697018278237453393252810081847908696780944792944080980930690691280671239164276017868231843445595735494175435993149900487980724379113182200298804429321984094644119228665355542159002198305 2.831945427316347278525148583502811976131845998646654884573007939911078668266822988134707701469561363526887961639786770542456918767640286115901883979263372983276178752283368125694303633067660206403952087558764610907785012 0.2577811953906368119045988055867631895699827696946289507354532865430774709365262453521974598393470181454554810532021839092012902247042609774486221074229975513187755409167238792695767309782118891438225287042825310632077326
AB 51 0.6717981259604376763128176569768670401157645107226112592514891155269036872965460352507935216194154542617588935659174469244088643498095895406698715259054918886748308488184265132217488673632966234618381461982880611886266350 0.1307003685203434709888375966309444718237948881260765908842063680247948962796996380775341461598959840344327117059402211139916781092274631482608732145285110576637203260438247473994444749768728749639506026021242544632058160 2.851754239289363186342567219036100333147999183890786898103448544220563379387891920463229556968444468829515109695431188493249741393377494302065682129215495650262860280069760168465204098413966413342871958646356716569829307 0.2576286281516575995931483599362564425346791334401030865221563086392839494900274963371678391138291369631602865434025615517711778073912549998133240350522200609949265222388048916287242770161128524933478000534985263390422570
AB 52 4.854126721624716196828549882391479646783551021180937172640057185971394353599077609553034939679513446914569860876430902910761789858921564891234796000214727915157955655237465050242327370540189314589749877989523774950335174 1.077186827678264072946436747126643302959608732517441006056079367344474625306298787756665342626536042014748215625306025344184017990884853179653977727234242200613708842531777634783083967659529442878330754020828241011027680 2.871178156479759149022102853511436313138535507436345398178784012201769649230491371091890425545608986872392214261460958478796681617048761538533457569977815351637879197603868208324411511329794185505776124744166954272290462 0.2574819285909265733043514030505351196030655933208624092910400617408956934575078426554965819697082079734264879092219522073951112852101052024163156752507389628501515656038598516407357033354202276522636705300066193700609154
AB 53 2.031217428130430567073554507251281276791717790666142340235767502039559310310675493008631535905034600495274390379996302246032682192997082851215523222173656970974557861473700345800508883502436400747050940059162949556427366 0.4021554099265853831815640178777063691754311140654266350765204570854385999851140089841843366547405901381929206992669402701388756945511906145864125379396774238515814585179804904921614760968670805725774883099552165246029703 2.890231855852369831738499039060351046926180973322617052795104661220970112986331468187151568206279996226207459715005657316655481567416360836233369881149510152308759285856818075504349271889651978891149316327482747576437322 0.2573407645971635651513668051538238976352354442021279556641057997926982670174817284040313764653495423288102829803282073831116786799699428495904373673278833726037851640189011323004045638106105951663424849497196546933547218
AB 54 3.231470653613308543412883293924814375325653625006754379967323593067794622326031436111024914890935967155656270661445700823317189442580251424720605406245824305074861123432284353980722138735532445794944267202334004905229528 0.1726015380925365708832400978752425213216812788486046959076151386968678632267696711234941613662047109739274822014689467330770024994365776561769853244233375245792218781525262078827607709354901496382128021484061291219696554 2.908929190324736774858506662583145887646753113980596291374622748365382831198795383431624303631650352234236759499604824521285404610309315076797850049807828845453906672490816551578187616353147050455310651329162489165492400 0.2572048286579929056313697790966200720428861855063554445292342500779892099850034836713030276996248555877919571888832307843136937546411504828866806284575208453482827999678112990869281858138189471870151012269684329025290152
AB 55 1.870026503753060575779097737753051387800155816323757553487029846925169524017535752758517453285575259875138073384172656883641821816554676535693486240676823212815304340679090839863331127280568952676113120605952270140493489 -0.1410565949017845558148014052774538657795034320056340345991465613338945781900294270640894989691347959011818233091905264876379030721122142174851555065021962127004161769504979643671215356773089140810786216862030422820938843 2.927283249340446133261636324678470545192342162459054547620775358441825156070140752209029800079898617309474438532304095019378748227531888212144670900049361525107147013241986814091415715998503650659039913520041973141170737 0.2570738356238842920230071903099034718596968772514885441212895512298452012425830406425204258960744799248556415417114357346666200955228832901343930541491058058012924152193633944834851135415718770629781433291662395275148054
AB 56 2.491972156588392988660031558445616293598637954208198393280358702199198680052347505439039265272387223166656050900131072827672128583183186364513824053996916027740999216257778364251336854119646360171112825552072646453333429 -0.4746968166425824040301615790733806339057576584527344535469428529134726353187675982290805982367689624257118545632994941926584561863394443349491418288899098032713619231125511670528504496385427706031571502492054211595067216 2.945306413975645116086025451663653025552474683800761991011714437195255602251299510225704165432151980201319737422130193236931353938033134121654858487403099438272474830232746163075723394177982215945137836982999200726041906 0.2569475207116464941187574566384049414390605999568879263968637328025634330071315762095705508378677200519016839005983908145406132747602993978758494099941063836947359454655794880261476277731771538861546572147379826555017534
AB 57 3.896400291355841906529029318278837530246174298554565255810292309724207461647747700034211295412043181602605450771214101557334617270934495038411890628923535093866944037568130735152781939267016148920428426687048279147283203 0.1743947582252475045473430859568214963187797456539185117758414538900657087500802954968579347122062775075538095701497681463398121756180669255915174761322371753182397138539691193542064761853538514573955160630548115123723713 2.963010407160462351632975283450258587927785832926579088167544901346771637381204480913740708386992296419311554978003023308580405249578701463359480063602049630650038467883670016397172031862659642986352495898496710240463383 0.2568256377180585339117873023878337463587160092480902456364414758872501439196066061179436162360500798439644326359744509604229241831706931590935446932660286585291069819541836136838228185550407422215608962341260609354970806
AB 58 4.520710184862598205759205974532590716041610361267702462642156842649294073104832699775004320874589222146821869104465234036865254564010216584918918948321374817294558317795712873614853280574467394782308052552228217534519908 0.1100142671525826297168942134478907222304377063064368609353175583550095309210783076134433685894358228224200976398826618846781215526968757834276531321668673872719739809421173600618871551585187736373977834191906933267339780 2.980406339526079047628888366556614853721738269074871048721921540542424850560901998392801924452943453017497230021788514937333472320650636799169257407346825622643580571611794454603380210742779682593713506478129725181305403 0.2567079574182797525563102841461012325497205995106131002239068663273362699256697406127142456760251139466921108175652367758896725759838752666190498567072064406432455261506487313832969928452982699878490199887176705964725518
AB 59 0.8554258423500220801340384371124264538084342470236279743768435609493700875140886426324122082321784133156253767793716102759180740343801774017837942272582702492865857596700928032403808483001478362121422725151018023771589687 0.2054123427385241530890546638645256278739033618985781874899098931645278714464247139419861285711052946896608489776779427273631754498408696657404738935860620740968663560637450377852804331864146786316787469037734348134190628 2.997504751326949838081892327119764231394630279152963494294648616408164223773087072822846741225816881240926303636478175836962281076744171572241189130256013537135526495260714997698095359729867976999397112606445850576708811 0.2565942661271182092984563641936587593298872247114071784634376425060217784771161078393170285064002958925459903182775387737790010725200656547550917502942730688339717931640484059437785289890678057527913923002763052242671252
AB 60 3.126945242499236869920810064445597876403685769812038127626995074497024638768887412071876532731979550764167113193595151673654980459981750492370528940312790897315060237145346991308298440914602021528016387464625020860609636 -0.02866077796717995365350314649934898882637402258188140186002910730699744117776139872925758890786386689954760467846444150408887397939302551731415785242963386049642829691311656267238812117000202297533691363130731554076004958 3.014315650834678861190692129467000378602625037483667115364946824548043525777153550450271285315753857113520255462453628474796572832820287123309657022185542542974277623885128612210800652808912177525132893529279463314818560 0.2564843644041592521566091841971427761975936672927191550291872039386366966443815749001202117502211345664034008633744501460188859757448228394722525458666641656650011394389101990285041482947799433733166935528561028056204931
AB 61 4.174689227481884931887632264831494582769521018939887914106284117394029221488621482158816501583517735145344205613972739958413258320210067981610631489033212713488636165608939254114433434667751716946382480759366047873470502 0.2772259306554076543018998070575467070433340378208999556550924956482124221744425907667412782066184526120765743883305690114323591717050699367250755018130447804150567861608443021857219940929734408592669893971307153943751331 3.030848549554086774821751659044469316864987180100762657368395178135398400445545649597382427953651490360770305700905877261508457828682555693158003805784089106417697910041939998952581329980771205455686067812918781342858005 0.2563780658862473774256184553650237658314428091075392048390236193817982374971240252147351611146760039130723016207189527749392055438808109591747084041568374517305591174876398860535915561748966987372476108301925389396644294
AB 62 2.120651058960162974221347234741280777203600635266876105172826163952033971956677223304715410103282577926428511025178801660669460545217435345961226849290614547814107208496060742923802997103848960299584778116841601273806611 0.1559512008417461371101718384890713179110549863141610208568097127740676361074307417722971930488605433493597484833624154593546917221493318568643352723158013710232559335209384202016394457791001785050659209242521713936593470 3.047112494572027698067935963989558192579543901323329883120315743241360518924844413142476046036060008248298523290876925505442292107830673969233455347119226346240715709667055174858308880483103200451548909716033495732750019 0.2562751962329441801500891443189384877374032820599578503060985386955927165128924491559330256445286190143301562101315220450622472739732450751297084540201033381642552853644430985417427726930762178757644648037256330433906550
AB 63 4.580914800259799154443917423463165075250714880514872882302288482522162497176539691509691935086249009961614232043437758105313677193895403857718905646802701370958544943057616765693616152227353802207639573398746195240967833 -0.09408382447719697810584748350828543135849308572119894604253044765836382083375937132931557918285065840444164689776571122287721008518061044154615434330577229137175947428470186957633605415830906141967585622744184021769363552 3.063116098314666382200455602343781771967985655780008516024265720999876020876246864678897703556098955501692146045919627579246220574422613680519565654829424014827065808375262861030770512199620880103137783047081535627379400 0.2561755921724106785142764676276870482670954775503838258354478828332467502299691864663837352697218573289102052955093942296093138729899303572303838383330959606838883830839320179461282877126403913176353130508216037798754924
AB 64 0.8566420389507576745686517947312861039249108523770070658692343143834828668065372242791423972368870669555480877615810350393073610071511549861219229060715039763337894549485021182209136353468776415153804032897955652524820832 0.2968220234198871314156307694578541681494974431441282976244227708612256734423269792770255898568676899548941761197606755413449593114377364257404508466934826737703165548902697687984793423586533746373987692933636026710102069 3.078867565958476760487318644096181364721383193098392863890661794264505604838127641887679340441914246660890772921148588939084460021876450912332583314232203879194220365275417158860176637500488865724514179173206538733448656 0.2560791006367310974289326066678881825403980769133067485857409840467735304062078568939220494201259020935145938165568969507839124797283336576123368053687685782402911156822356866661566097102064799369309990450545182094329790
AB 65 3.795308486570663655948459644620133978761974546677818296941242203286397780359142851304021289199301754086987759550273771745748133935742698802903964244263381345696981387732135029263682209086907222696344329738116909417675043 0.1305386668771078736294568222968516004171958299880328376381155794648775181411457809202111439649622613167953028160615631484838269612708128620723210250145300959661644159774395610378860260263760293910160912682589728259061131 3.094374720713558130563758305642810712715455291612172377650057865375370194972795650332974275772336859696630465764699036486710941778045695832284548401866813852042361405248449246795048409438202537857948097966707578497515441 0.2559855779770468045333966854361095276008916008983021365319689799103931610271497848474965722869529725425813829687052318783951055207526088581600312836699609148247356867383038391892965718439033297588748926227864889308339362
AB 66 4.195731658398699524596443293123742416155924811563235554583100255169399232064097105797904187168002255056627101206141725351493687021660408526468169326088761148072780371708644410698172993880886677632040570268068232255322951 -0.04667262302535023198249033789134657196829150489576065300324899184798348357081742580553052333925878664059814093132335327020342457200471521477352523874876763885780644508225773457696103588665506044984827810592559272536261708 3.109645027174463474189013946831480234473167994815590074934169965067710117211714273175774047591924385002417297843921236989893684567579989424308902502746043893133037871824692160338130970278899114638336308725670116165757856 0.2558948892500364096439978632651670467446025714138825994903578862803222722402201203563437307316732765392148868734291666543705468292349551602348545665001726308132538317282646226971278204807374523245295688625649472663229596
AB 67 3.410690382614620450139202336100969058036147489904086214169011477463042733942118469956280717693014027693406131771074484800070472927161991723504795995054771293338916918536228149387318280109964410432061502887834266876871316 0.3614393314187052452243873789245859035297221739108139537937225729116913368354884039199386032654291484978112020371075840489567215885167512963876536430925396382253376559746564517910570209238235564721464819396626857131029509 3.124685612913153252586045368708163449667476538383965997841404744651323235250139949733605477331776241976866102961055234480340682393065484246432197161332215290255861495787980403168086834041404505938574316870061288711279070 0.2558069075682885691389637191249906950634198818582406497658782190853441484028158458779276528945925037952461690499881161531232827513068694848404706640901738061555801570771528570741556568340689793247795473947454577773248119
AB 68 1.864678125693006540753400481016385722183944979676782842254082618070430117895095476609113370833251720682803070010941976028528754630841612651508578418813193182199114672873284554548178371570743419279029810875521926211452817 0.9156164612070223297533047335953948163645880978773199935744643020089578755103935185523129580138523812013596425761482023685759152169086345892800617021792598090905188945758266016673212017968680324722094603220868872228853186 3.139503288470550580693949652324279470510994385627950993513798628520763837694738146855324705114512036548486117031771332094189975742474880604404429858529671393961079583372730839880225415962906866072657884197933482473033178 0.2557215135079908342244005764566840645398820164530210872049346252953124461918760323838870824202801927850880517703519898057307382117548344990855525126155831123342375537875610983330280253235299569977421970836443565296943486
AB 69 4.041939157219642308455336392385982645130319002697756562171238032390189240904846608327850478421284981487559127334090180451445294084725975540127975612566971697304011807734048979279001364189283886405992144247624899911201645 0.2698114119328967487948480413930000136780731614436856768949949049358407993169468930932819280879660933961870825350886101772031727330297605953150063989532683791632906234658622165768152602931221781883159613599029362058154503 3.154104565887158266189704633071187886545080402129489232321203944138572428788021575021125818374872960874987233624576353322785694538977579937368335877073885208744300947536295584432862221727065546308530704048870470723483402 0.2556385945681203259382596563237660299768015356644635378478131093816528886852092294271063520631733762477474549053956514936379445810059766127008923022159265739359006623356698077405760658730263560225059428040325570241828577
AB 70 2.737477212065727606856882096854726746035035981766813091186709857727625408969307742253549228052783635496351661800966218881899745156136851634466464757733729673260758962076116679951125234572615998015895198157213409407989889 1.114796464156975696595582820681447782018113412721312040184210028179264450299619420950967495176019045441334923783731927540007138580538659278734438358651903743507679006704187847704157535474689582278622506868550832249503687 3.168495675899029473660626885992874923980650190940430381852566693044279168436419540387949321602239462656804556145634435325553851994960408163987892926072842431009263271015453888829136269986226648253521379877492965838073448 0.2555580446759864445957256091510327944762890857941607612923095733921179506865077655119008154621319189151489323013413120130313390526237204596027801837952328317220977517933522559729975283638510436476330292895390424189707980
AB 71 3.309524262762602421340109004173269379364645189210882336218891386720413155159226070217002101969481769700315610518894260442710210470833450773494172977011211591122821376255914186866941164988480192638271603571193430718037281 -0.3485721129908373355310325516163443196897903857970463778771387395682464515040806936693035832517458995359455371241236189594520291139857376989104700662307733124083173812807509184230253853834395889047552671345286917580438390 3.182682583912825549901638862903348447606138841993567932022220006350440026465328786447782136667948815401147938854087565253436230814097172169538224787502507892815208138132096512958115842455610948298780119393108813607372622 0.2554797637345560312313702836692174609179803520202347841385111720670930003049036324657213199939243769179100739785982215395627841784231383975082799058951134988847961424992696510561926153663224393091031165815876465702773118
AB 72 2.656446244111345487635039365563652953295826580502340052560687679220900321167981064849637585793041902533161475260680310852199675161166168689135603291174007895569768216960344307436933917199408327277759721693121192442737689 -0.3595113157312102040857140359960351239621727633260379639450666517449380254285448519688217635175068502762347570673414263844044776546626363326947287779062696316323071844116403412362633969953358086537956602837506468652748469 3.196671004862543732474022668017833765382011249259318035555877707432533390257891223425661279928640074924914416460646945099530347033158755332041681810793732959277040318094751178694344848010988356055780305118893412668549968 0.2554036572074990888000878807306691159453767018418179083178254926640168742932078419350336895873953130684444654858509405930209830862499170644686750211945796494866458609955517617227657183006120467202886855449730620339170696
AB 73 3.274993867972490341056225982177469040903385784979206945367786159423977640370365832921040787714911180477695615779211986047367648368091372938815214062586634595366068242867731744671702589347321004031285238719594302651779631 0.8857998655316488943198800409721529358482496223494925668145959429886264773220682451756523113901669859271333115254157474596407053663006784350624903943670230445210190644346039057238691722923610904798361994336115005474391551 3.210466417040579037375397172307499685667301794233373235948314883900039051567638987746905945889281916705929691351990289483414437664085616297171637925304981709731351895372601977765219022059376705699498119258674276103607354 0.2553296357383382746863100475512097333195951432066083043127744741894344471023792598010548832421556872502818314120502238459194143724701791756718652801480691894134015667579884693016798349427591092248427193641500391699472405
AB 74 4.673909494831804994420963275078472013657958578109911060198622484924556027476797739888415891846702965766490310122117707474167664203929973478727109764488805295571866024316259002573647943795602843708150754483151767118607483 0.6832767066248617158395038904771134547738091780651483457001352346001830526475018186188257982695394277012143626518309917777895572186322680792044058882703504063972203388034805915918968986557190900847839325456858248395977659 3.224074074986947418021578962351794186431172259137963677081043658135762964389339509777044526136827689912894870579762608226525891077032826336690399558009980375989179537680867124963900039986174729329296344497286001974381197 0.2552576148004763502590990493671561125527241756359230514812121635889364379490878619688624843940881696132955846425495448237232671067675442574652089583041903272242551824662411741761650172450352988906064042058790558218359672
AB 75 2.329102700461107607690076648584869812632897027320846230372519140482200773897371604262513612299533731462707365166308380205973574454456530151405085519673045279572986921422640815698034368077990552095500089122025329127426541 0.5224090460636121063256264542837767493879833862946562777741186924336200283964047329944916529328581797135894496164966693156436136089698628215626429674159077889720250087004399640528347270381831233280665741356065680719127889 3.237499021512610470076001356722259381385054693799417549396265709533835020894670349005983999144626543120273088547190349291638742882327552771341577982882391018963775533393595686427875342080015816003071312174495440891158484 0.2551875143752198344117832989602564629659411053331330248186469016953402958361203847794037246108372245101212178531058325864729244567547644899601399370313738461268699203286025024506980110533223694884792844215183521908373430
AB 76 3.478467651510935315050589957392264549004083816413445307058834364064522390137307100730602878457509888271025681651985675420310050058269174937755057140813794953386317465985776476361555365688866665285835766136157439605895203 0.4070811910924190337024966833166102007014853317454461522502201728309177401894937386921358656888207168682171773745756732092633793324790358757952310566970173667564511363215645571891719564969307481353020479344937930891691492 3.250746098925792048984956630716367426308214628803437943930589789207894031937125141210334426160132372811028793777676957746896655359802370580469979723981193747342399897657690996965612477164288810328293968547085643868552901 0.2551192586552204284448104283834402689375632322894166640989201981959464748886129826160406721904921115299249368811359660416460030381170650418432926945801862967717212489295372074284137926598223491698640179041611052709889417
AB 77 2.081837993028828036703603734446796544831968017798536555989939118039236535367127751290615167386968968790025754983002318158784614413682682489203544555597414556731060591333545704102839771158185235983247210571146326190780849 0.3268284554388123695815279264237723889411946099135378325008551227745719849670918177060000736020961608681010256398807816614966488725792053772089784973977733890075225586973270853491121106562651298188003779838094696386301799 3.263819959523865552930218737189388452818795497319586761567459559668444704568840367326186491847132808412524767444316263165730509369714518132056632503470067952779605520773459199071056273248146255497184780295983076928541184 0.2550527757710236498365853729067154044225225652519877970698651437415275956844072396365363132391393537009390228982846856056316983942043154966957460287690773929600719155514858887077983640357390043841613890480925771412913966
AB 78 3.982534885040726257136146736902809600552745613347131215197653308360008116527323944123995537846674081908610423887621362013440365441540274119509763849562424050931185127054031675944365514103798628172213243962646494855675647 0.2818870229729809359021729044311706482498063898768092984369313546537085351342975344191343873128754495813599844640788074994126140178472188981943728570933219465282271249075758144040309976218712762271570268542033141732065505 3.276725075407731433321523446591751641775926029490109478489983182607656118838654509911562718728969512636169959312178554472222573964183343734366709782905920461031127187673197795585513178774879609309030415560853369610752659 0.2549879975386510769134806187396257513259957350112993886225584222389016317015921898729568114027662796853123342439822128137552704170246051935078737449722121103010679920200403263674969530634320562613738535382137318718748792
AB 79 3.976937934494188631128191707750799314969206835109233255242899359820988129349055647614581420360805418882197342206704562837417815947062514962293747331262098985874523947441735443066600439000083927462664754643737766942762719 0.6725561924428587433891137827958979540911371053201805405564267899721139068214693096026432601335689228623216288571162778560807965467226771040456927466059589716068364426661787408161507168571589643341235510583225181224045356 3.289465747670522815033045899998043740958275290108210229086967053138736073832030697052942486693709095803389848081950403082945489689348796357444437338731596500781664525236423115041840081791088220276548392336570916677741150 0.2549248592263525769684757945809939574620340896195803553462934155516269220146743570081254970971728512743106702281000989979583481804483218103150103140979867492973784500672348376078901531185569186542243294729647879429277329
AB 80 2.471959781566005033006796155704058935258756342502546865981503353986328804678536438057676798540300135535933247677352419816365328659305953970826467970657957373004162422855829187582681564623965574216205799412204735352633006 -0.6522135915531031103586447837267777034906464989372809634685100935475777463669971020786137367173857904091676103022198360355242983447897820717294530067944054562762174681586029351550872468719474636678670935102074060076749663 3.302046115007907464763930600132801521459356147374902131589712881576176290448844193000789493874253575591176219215883967949804658954520278107970159119220200219724462778633040391865950424332760157513883157795963010436864923 0.2548632993388512409560067581807496270750887547944175392780442843542222447709200395562773288857129270694015557385188264636948604571861113498300387061867675408865960764561776504180326977050958660902250769269122298363595659
AB 81 2.841934950682894929640673553512485137115861881701557054293440246992534947852852607212591222260458375656713269610220986165112760195406938830805271991950098785509674155748665620587500257519794481977630684138068139735803999 0.7374628956590823815664566941370721414458986934759000961488041147534560787833928647758122178511167130174594263200953356156650948163380924083030170961687406553158612299894362692081101830421496244871166340559164678858505490 3.314470161793139409960661029313752354996112474838977743893347166975702313229854763863424135377431237109691358631703085111488904359002982545583036123437627736932400460079307371685135462861194097193331798185299287463932618 0.2548032594175693943230903561540028183711292184987763357294952667418264498060390794128714792387149614279030826149398572709988752994020488170536016503003590443747782827450113438399810779984747028117872764994395769370102081
AB 82 3.937541132553016347337347498211154841054606266172364459575847225261764625266592947035337555380122942868210096666265606632121072594744173396202004887021662879073670874132391384095569200847737515273124226427199962867821759 0.09477109734906580697100282429388893934472823956132240144529864885205913471738439989494912422621074460176389380164135680417680423174557129530021706125192770539525051604544941661833843664729317400981788804644792118060027192 3.326741725656302999459773492935651814114176838351219961562767702534380313793918434398954014103586948259375794838372942723776886440062527466242312799036041988306709214608118279935036651602990250417872856884052094692754544 0.2547446838554715205253334599050122593984948039606442685877063735962298844953032527291493060989971086840859968391770185300949771651636438938475546523725281437943900795464042696353541493159832056096761652178434775367060728
AB 83 3.276027724541369236704833283077431522869476909821224270415686246511292382361250259084680638135300801579016401731907211322587492237409412162331241205652587348006464780960580453941849468172191932389527425670044247257949377 0.08163461425549467978162580016360367322137724550366043122327413255177966645964569044978538734839728855584379555069197234932461142410082459702703485877495331385359220582815095518588613583195018622947691101667694389622575221 3.338864504603841931284754064841550269769874904316657921748738647235760648624981229281699893297551424054031916192128030867739693842131208095286506076507090564072858609052207934815008173032352281990314822999792082020436234 0.2546875197252914114512620787620281307352171489219591323949447525164827070728199324967799074521056159669722299058936562556859279958178312543109255331238215935884001470671850192441008364265917061545069052888837232262667997
AB 84 4.194424560413000315355596744592071793174691258366078136662658698076537225680689758734252740528007603564174591063563627917544895939826966553235335695941943313586755907770712845631476106357253340391721288835663937542189368 0.2276776502754405237095621863592184245180537819347475639265866681067030307819509680990123089302504097438678931634125779801902194353858780560315122880642126488267664643239140403070871889692998952199636576291163642958071248 3.350842063711436872433709161598811284346953690818083996571867248341813036380060372051552632074596866727965016112706330810398170952493668197316619044549973932011688135915434248056254039949410965168795549814393497327759713 0.2546317166200282506900175848051883521146770536800677830457650231059086655704444235546850590252833125185481054275680319032802536568750334348444501562996333229862854440149693673218189308254821403399094271582170565120646683
AB 85 2.602532186853298001822288986691769886984690578835522088592841529013322280212260662718493316041619759489333583432722487887169292586466356957991851503463538130539901851337155708801604492853950841160275997372507725697219422 0.4994449318865156836753009814865718617179970965680048783441359202684865671561423693431219248991205296895789619994099565887718618619370424531579737200436910808685003597439621844558851319861246179422950025531678182836744700 3.362677841420553487425445655669202883462373106465118032479818347960291766882814011421571582819684392350667561413989922960309594723188078768266724465728495113367862336752953870608470686132724643826832561441310883774553656 0.2545772265047012983797215153822312786863015443370224332889619821838799312911593128610474366191078554505380686125569113404803919253492390313919796659016285935363249165957975640393044002979491000728777759532318765789036698
AB 86 1.622913590149193555125103265728762413720886074900103352197203959536910659823027520715466116561723624301463750865912504852232494436056815187401137030917591255019018664938649228568462356410790430242551281247443433698596700 0.07269956256844968483928639820720024850547487120569812184152535770046735782997789678608491600944327669759967751549417003306869899190163937814846475697877715194474272049633754386445007861923624279768083022263107681367113773 3.374375155466497718330566624713249820681147270502375144611867399813394471705563035275223703664725205026818384974872883375466988273417093784225204957909824340173533217262798809986870805758630655527340907977693555058413786 0.2545240035784468253880329275662735094807394673465393408624324566831637998655801219185021521197356012744215993215392444126565560418791613283021169805727009097367802598428697353703936973815506936874251493462512275633920705
AB 87 5.421642583718071416040572452517507263023186893563534271309470641524207064307014525947915504441392473988190885373403616284845743617030373413967263318843238631485702759256629744832698818446846060794806230674039481465168274 -0.4468697782370493246185610884419890748263443442176999596158644231141249480538445503464286960252287801097092039710752876952773736990478591613507045967956214938268276266490026470553301051930725301970834113156605118657784410 3.385937208463560263371527276805246018998262673652956091085546646674300984687707510172836243545349854188921581911468859491582807235676521206042366889902526885412783432147823815020542876255798925444671002588778949547992629 0.2544720041461252022210962610175103491065214823483108335918325590170104088983037421830345140198205398573496806023546990119060223680891869912596597126879693497069541546798252613478291849184025356474090106336969176375925294
AB 88 2.940168555033553358638071248402335337209744111638909474995925281431237962778420212089082978030948023460562974579670847023211390764364090883020238131362530038620373593089586915833277259670267247986552787432866236933025509 -0.3597731110988954824732468461135300437929467268190411882062718701518823459368779592678225272716825881536339703111809171373709783356996684601189842864688410208207607102558173969900779705123169103362288842996794278482361550 3.397367093170783690167524550919031302540474738204358690304138139407416357560051146957852624154932538336206490617702709194388978448331070212114403520995310713196904539198026892912599294051054281024036634983220724265844267 0.2544211864986816889598873119882164369100476146852744246467284302912210849972025004334289441811592424118360624063200503963116929499419594741198278558099109400109510077551101953219742381779300896416248111940728848985232614
AB 89 2.911829583504425057471290077994342166444196571428234215089893540324393585971530828615347738823415386886694571939448009984654310315361758817770290486100801029436393670484549169318558237797662697591565271844618379007347338 -0.2909159364573401436544187044428092362409355429171643522080879254208439607649779717393325846645233116010937087427149235992830303845658788600668755340395042476842656707490401374731598899379545896395460745049271944572246792 3.408667797460022480313896115665058636969709829725110723875020930108690310113754998969179050009412652115450352822736341289276998581146050739262136282816106657996373576296412390598819072708824311915559762209810500189344117 0.2543715108015724647943062664591197820605698631331481703688586062173670578159357294487716400591678312542916941123645755820931918571318379334643380810145050509526794285654224333402285347058581206431410064286851102243561225
AB 90 4.653097248866729327894280162734451713558446977360264211796992676971923150223258910556432843509303730933585675069408624009557494499620572237496045585972032383595645736604583870889284049135354629505709939153624790030405590 0.8650242767207363005060034384884386291576311624605579221288405009459077026712764603358117941910657276321274120371431389045797800717288569033961908369691292164323597118649364459074018228671173234615932543061782204448820037 3.419842209006269872021859846082524301210951309224505047832126533019984881357984088464762960782388197163957463351442894079578472817976480046523577589808532067915231702654187559247751886087443184113859626899929052256502963 0.2543229389906286291592710289317897195379214275227403642810692985150091182655304012409379719475762587558548378085122585632192633886246736080076401957028384866331487136833161191077396991499103056378290986485420247367217121
AB 91 2.577407747538301577398959602204444465555718448070861212663618018061793814009613165882812517733920605113095160560401750603000775213811708221661400633271680979867568399188357858051209214748542953067379020620292018073890808 0.3771125401698989950369163819945731181287635496023381541305864079005895971580490066660463843358818050632763462365849478032478966641043535142885736534870529468388692787695838761998620712041159624414042208881680974241577129 3.430893119718679049492412697191218671930260147628602447747316092990886333898271317586991220526616971348687574194454974100286631596399428811985981074449511725718538300949034773098537983096860555869081359950265395671801130 0.2542754346747860481521982670351381443946316411167986651712359241262037289519209902803359117310152250350173381268573054288368301311467883724015330276561051938482468468661439050765422087596974005198653479408797860961524626
AB 92 4.040343939203668889819524966225599525007363650099855374067383453416818024146366266440068620439226583560055437865714027210616021502011002334241383642318694051922097551643381543925725812013372887244458914865789892581760695 0.2913431606942797997279271449141743467807588420251583549529933568251286106674566774509740103502394515385223295841930518223497829378203005699171810753024345974149864095794604557733498734383009973679768122654988150344016184 3.441823229929295240191299806895494566221703261891535787146919901855835266641244381051714717152379467372906040090320737654716943277651508531667024715634564598553899877540247928357252885565707765782015495910808904282391233 0.2542289630451586675876108751369725534979887148874463832653647651882038414028146040910929873461773725493866645380633737835199729260632365255596789148346385323042258356569651853075290538796679452558533721579931743529232480
AB 93 3.307059813621640662449900432165509567197096776312007193581547022628077622350601404355544117328097732557196085167082753521936085616115846547446555840043758657285023109922917320012077067045716076077160235368803821562861055 -0.5015724886268636388835594503249155665034041906744164173723705405738388888786124002287091193772227907979137622855418040323175250253548086695438811483291838652990072872403778235461846849198359656147713406698848007502081799 3.452635152355226442751519692797563051506337133068272872844136437523082784398310189146671341561264010987728152847441926239802813021637095916638784785972762065031760180945700831868647357897470306754509846896212133917956217 0.2541834907899778476876600115778414046558330738246896948137408876775887748188523391877822629969835963049639605166694093751875578269629517743335258616701598612938015019878289284384460461112998825566342653091570329044248137
AB 94 2.547194573180658633445125813657852853036516817760691802006653679723531075282972160839496091580079347687758800608696712977628669216785425255016560044027899180334507361312196256125937015313422404522979839238785542735890386 0.8693850548661593503584283475971731323409065800255579122571637914797841625179973419528529628937777224695491785976118077767627184163429460159835819873554652938069538261056549240364153721148319095671877972415787892823094007 3.463331415848802048802895922288787333366268855358960244820612774151387487850915205106790672907016555343336290230614286471486323623142293062861701564915003010841582801266789930785479993536195548820654343295080289924688218 0.2541389860149609061185971113051906122703487765059064848576573375140356902116736365822414738472754747963775453509187109481470319899894209668897547642849382335556765967669113146107421986089737765209717896979451710524782389
AB 95 4.047492510007355079500873813948272687079398650210593730207895719281841592653473695606737734832533307147159060157809526841683799519955334224472793420948626506486412445278453106045048232562610826785016918585521470380153801 0.04499505082235556950953477805742444359903090776840477582731896716517490414313288488029547174643419754985046908765192655758795034619793548624184886368056886532771709532566764146674449941374965555839646552700639208498959908 3.473914468949190018489417679525771254330362448991009603594180945194643331895466721894472164278586397165684728337774773217745448135317627051406675909203770030712313490377069233220110176363888681506903645100373331032657376 0.2540954181687088386719051937638236117367610462631427352953935142898568703969497837249203407613873868426877785932822659032143216213380064508402445731148961179514708357401397714819633676696749243088652270860111590788511960
AB 96 4.899297163862405226350879225788114082830846307353364321159725445985899295734061754107144488023693783820663343567197674019323775324974220509793936500637456360328006989066290167498178455303555543078763443208596298381726208 0.2744564215730175095265688730527824423941440823619310239866049594794093046577641937421558277981568939801475830915548143354425656192180041838983770463305572464610943353190760156696614303759263363980626240614785794876721605 3.484386683247955101785764212402751417632319099312456682884613375803553196443601822178369980242726312686601641168395481159795808188577233170457753482933888988212708939914041287887611598074077364274242835585145227209133920 0.2540527579727665212828991951130564927313334372059434430108197671141810323577616016512285051290172721746886446448496194944565144766272181180822416746213131443052362585394842925966697775688523767196735594247754052472058813
AB 97 2.203347189040109861450637132528026138380136340627608945086905469888584197783658331217466778024579677067874723558398052515478325021976466129488819998558895351687505133217307901028209403414902699297335087790359284099271652 0.6898550328007589013467572557094148461398422052338290298951844817412876769081844640548036323446497658145671995232317194663065198715062415312712947050113665434789249432239883112750480548595530822000948030295043535722995020 3.494750356580134423197470625764739893213807845496117133217382523400224006237989909799474710208283696060334255934362375168508137730096780877216708001681604933015197655428589749810583882778803375774945799828643907183478861 0.2540109773560089387437819496829577103096489778126969999220673778123234233549559565043118731741834151466918939969357495022707746581307010524476376860355897136279571397419053346512693953458367630418112674907302466440923258
AB 98 3.752815341714595733111742920107786005304795211074149841232465072156478539780600355694784457970440262140877220531241683374144240921794534353353386758259984748515769782018162184908439588942680793585987273480731282251738540 0.3735321124608885052612252872444773865030976151750763870666141385464974835235304377138204949979293253310711972141056743306561458056756763676001618094830035152762462565275111339369021832321986900089840516328739509026169024 3.505007716051574990107813222731173090156003654294333500939809761865402600106987915145242052581148999678451291269798727571501933565466889650027171545315197389780406981223101183820485885294439867512235048725756046143490275 0.2539700493930444499702825767256898520586436015757780779900996335664203515793249386878789719381106483509256575952764831852506638407695905355665525294882415150300368774288821912828311966911580633948742092354631539508880313
AB 99 3.192704450877094981296769753708825402898687511252634548472750676771602046757516115952512116745672117023526213850660392766706237462941143369693006566310127086390000234706949897155917961368470762235756627644316203125906357 0.7239671395950319794373609887681955172795069883126916118853559906458136506313262802660175276101690751001945896225659879846074605922272507292095668429901419519361906285920720423284604924656792148705293273374479165251126621 3.515160920912513538935707713867382218633975243704690126372691404107279047862923330546944168851435893488720225484671388464313065684710819087086230330028148497587884211322286927381414339798628350725341500978903763243349049 0.2539299482463510675279008876343302530636652892211418322876179236438172364358033521034265467782732936650016030219440691272354743408742999482727838088872467977382133252584149729405917846133423649194054385134010586053338934
AB 100 4.479168707527001830431215842482560556842430533508344674498111028754781053279648014874200823542729605609820276980392277062711241470681972599588732492756556596795600256192740385314546557009967689575352779482245094274089248 0.7448163788404926776748518541999198256902036056677441532797281105426426482574237799520347787077645837617223760100186851140979752716526429663025480919073707086042808046769190454982452806870201206208302919408578977102160119 3.525212065286676477129553169567812817286975613269440907500004593121233004193409603189518759480710208790895819108642577519596199125201158923496286783263290748635387675032018346642470129254546321784836562309179298393665886 0.2538906491118844499682096912194900410097393701104333052366421892939563986014349369467518958270170251015208294935569610883484117497946417043167508376203278642041512355199914610497674253527172562257647043132174545903508825
AB 101 3.886822856444577565901337879048076310061721880772012410209224379470242850240486687848106892525044861879248264524597914567622964837396551564170192479709131815078601525605811558991050890660177527140408596273429478389392665 0.4598823101196422905784522433327806204053910621214049459262655985962193039304643351200343611678833122277013017492952002290841222497153736258031503974768920517536065185922397889671798209266559562194345886876382803170821399 3.535163180764531001271697675320729180604137983081064957315067246914077944654699098725545849296071464327746510006704566736202769682113415241477788798643941234125686565958507469865403588226109971055147836309900762778697175 0.2538521281679170018319872636103440465442499514056690334210784797845882554578014705748929138796509187169932459915583102040899862379130074785393427571175295605851019627036435932764529308999049692068298598097259141822499553
AB 102 1.410276320719105909053176565888000232812938143210157610994885260904014711776423554006335298609551553719257783790270218764361071611883844238392677170271450633628433423855552670395468634481344391499867896938238551261518281 0.4489422690005751332910296672640109903161473822577277162068538974865207023618620477466253561886218469516949478981506653123893414431488882117934651282142369807988217985768677665797640545009913173225757276753798097133089206 3.545016238868722804183206538943543806055253472908342060084020135816975465297720527224056660374378782193242933993277111439136933177429913026132030924983460715540175008986803705950139538174838248893314675186810425301576169 0.2538143625268863464185611020439051108671566066175496870993649320602962542853412460227807485708111329999970088825099665968329030819407851021711802237704256946734064757053661383196249733809744568402813582073382496127647910
AB 103 4.039104911178570670062638597434004741401694665136761460133860296440852476720457779007211610624522073671204828581942090186271548881607709247656024737093689159486270887693972852900741795598588842056036115106494237024667496 0.4044558311714728917368355392776485788272377027419135985136321490697530109429048608347597524743848129680122592270832188769437302043342934779690210275568618095726397870235465234589887279620736752935787452433823358363531395 3.554773153399186644028022469954543994440277517073045004191477637652116244645618629168977974313717208335522173924143430796987170962932703952117916658825082996542822793060565435453655766652496035508417162747459204229591639 0.2537773301900486578788602003795977090209780743308466068862827759604847473095331478831563796346965964088425036538538310438765846574224926713006535699567138247494846406979263222915128282766739183328497084999544632240605181
AB 104 3.830633482344716429708512542406545074546448218350956653566314890102594572173746923471497015008119570816592004041440801105480171405553145397267000436806215546439719581598751337907318382357703536662996371423942957745165914 -0.6860260845931296556007786104323019189947101152527895313766439953884943882294120046074313135519332206186808240232942727193667267755497170315352967768254143255614776512631997018674195626957100489645132847488608073293789667 3.564435782664909386685944895575012073090926368553377114952688954327532624010501794618402027699760680064849614805731906471403619266851659927494986080371643661429576239391837489179152325537814328273852052746347788006628590 0.2537410100047480703927975167837247241014307276475006740515879220633815328722398847218480401698665226813594465502131715767640759103959484203452721439085929462389152947623844946557725235696223755350912197702243613513441991
AB 105 5.022795493296753867268454399567224382580765763131910726492096504852114699166336425277499372687363465323036580185141084569031898376481990964650092591257888031465283172244711742646066048866120588268861800352404786650961902 0.8091162963092464132169407043279656515880289500180083987823293673219474855289828004888811749484800287237118861443422459774188314651762564401141206551309077512941395004313445026237487059550730442658674788251130540621564012 3.574005931608857287617135749918015410696086601914345423279106181053994282768724116421784139090203046447808218904985000176162837931838413518434381245022749661632618392770250654714671846801655673615129816138745907973404905 0.2537053816241277650622270012949696040798767903070495428380570517273930550944299632624564597628145347984283698462235926845433334375053351498885373940885229630268098028379186966768112645167275675831161660344111898730672525
AB 106 2.154193538625179190438047383392273309112574108198386126158800825685582103372987879697241689374024919277844608827293167866457161738819721196335488406462791362001618194218482500191802935605872925017772942972814519949544659 0.4268271716795314818260789467318424937443275927438303106531881065359595976217584681392378194465320698120531588648863831727352485391739431078826022394731001069737519871306555272420801318537474696693310824614898803276418258 3.583485353832146936974366239321085528507170034436055713769316521517268877762673223224899582126838360150310580504472545639793336973837010575795108330611120512880314215877512667106529775781111806052993429491553544649676033 0.2536704254691214968842566367207280163948197432219875129757987702415510746139857755950535730557792813484137051140416501101986098557646741201740909663312802200533909787194236589101584059761494970761907345307424657673346093
AB 107 3.389492914648678844772473575841141666684972407192800220146023080679644492321341657693120281505768774422870926572298366917746733494730995617290083274902076391200489007796778194580861087138245201447697430892009300059505610 0.3286371304690930690247643009925035701765538996565965326367270091392116978163490362117480605249227539101782707469796287491475973235071151480579315848054584547344925902360266215137852559009953798693370990988268247210671758 3.592875753523139449191295014964235597152757980476580542775045057234534872955108807753046692747274634386686567769546928120592858254884271250592153518990067650963700542871164589537373653783172133967488423004248475874017073 0.2536361226925763788860395162147546421340386010939780249372618444528546505580164440794233147204511892338851310382966738372636552641738710945434781397148798001089738515377939045096636161713592306238388877810146081111096171
AB 108 3.716739317129951088355846263112310840705775790278122473221949990796172202600907785931660147439112676883053683901263852952128028515609616728657669559196267167134433726295572703131493087385628061786383395388874805774293304 0.5409016402634616993053608226999515731296760950459919115022947056343787208556006684203642202016143292592306485497103706706134095631868767968150757246665321971839223965616224773949319889223103759046123159008802570997494699 3.602178787296767412604109341937944392865419882655332135295759259977222955042860790309771501559076382452382903375022991053892471964895744150170526482866625649770326385579662614404259185482339396057849103594224537673490009 0.2536024551453687906984318045141248507777089358593027479286244730749197673261402571032633941525436647138172138554378348921756111368003752025768403136145769676759796321000179853607307352100136570032745523494235911431664728
AB 109 4.366649976827707581076140192328344186223184842681701710589849847035001166323377576781146903695372669184232176440901835564124019037380119112861791904403227772335296433470982323151410470706092792269115610479120360695199907 -0.4098546836219518501404672596122588360237140563218535227917354924217170101110104807518713282983679818763032973371601397146990103382264783660639698719322397803979826835836074340940195877515261428906484104389724189947790598 3.611396065949061353959149572399586729013398433939088899335701647639563072412484643446622848736054131671775014322481968074060076479330678064711453665477929035638202020150205082976995441125493623749655176966787588630076125 0.2535694053443854166759611947671984025418590130295734039767856246512034253306367380837047575102479861520979297650875281499748916429859460361452600069365083643707547545723278189418014620049440478573143874512432076214089961
AB 110 1.915913065205930582102948842412480409669342418621081504614252447769728713827655822349187764252856744364712790624260179456715047952579611761452622442552080330194001869368721825653060083507805402642227550361910860891223005 -0.4894734702539506533537892866478825286208437564775944298502874002892471485867776375749185076593723862267695975131681967503561003334408385593961668286822952107021596764859528193855958958843708497793884880277737567933626391 3.620529156131524770963746542295338682695401276191438463973868888278550219522239161851640245266564325441305878505162065284925117991267559279313515780720500343102768215106644435931890972266692399350376265259779101255961797 0.2535369564422507270732919773232807364050693571828377724666536035096951733475955839101015685174631007521954249116154687153253641901251729458952465523629181990800902955661433382327518429623424962978610976712543610670199908
AB 111 4.743480624710575141142057259693209819093963648006012136508374825174252542532064679183244062082103903838348082243025999464508007383139095070065041336395714974998491072906148039534900865594376939400325713459937623170696244 0.2221130541032388964972320930205204617883272335573314064951695583249728779210310677991857165119596028755790202417613153871183256282596756284556148738700377400978455769235952491732812233655894304348518051485184528890683224 3.629579581949712100816756945936668089256699251580404617252239381838307682505513374992070218969505650771366810753105955503964390845284213846048628630747079665548845312221815527076057806646944218116844258243921054399942319 0.2535050921986907694839040702965725259784609548991577174288666516442175715820587453539900150880226853892802842823459832094081688748719936458801464021330557240663997471955032836285616006663140654332950648864592219024269768
AB 112 3.529814388272780289546222720386008244778913866958275608312974945452862247994112289990583699227720790792446475216275009351554508046708351019892818647404547895674616774285410193798026094049449515275205419516988487208786931 0.2348900647661295200257367635706570334754192754321798393379621113385670354764657971037372153455554031910987554556309707927413764379639649461676688219196587490510013401468747831562794180812524663206504445882127366125199433 3.638548826490090464710335207172764550863497332718890931735615421091920201850317810183615005479427257983704159874501995609887742430830239211207456039061931084437849411390145133658784828244105614343955385312396173078598975 0.2534737969534310041168685583336869220725479342846699383390407303078668881698140875349693970621455850406424288681404726334669656635950126123817822789939552805949566911948753689545353371680562857617747786060163482942606826
AB 113 3.835717693939624303378380877301807377110110032367676128849270813484195734554313282083316375489652724648107139979769360633772612471667042166974950115138817628948194730363487160527147524330079855377609647501308172362698722 -0.03226107076925588999355221498837222447406856800378196917216755990520564449240741462564158632562365724565480042726610943604002263096083427356857823067509486339217928348550246242454499456664052108102079468782275179047624758 3.647438333279011963820472910205741764012973553844082454927679463549233939777662502960472659676991192885330315956132086362222621765901402745984287763972918328976313193611902150446780985013359393659641994589805244489164689 0.2534430556005331563552377639726888942289761852846927722926399318640888966156582705984429389429657789981310867940424691803038926084841909887094893049496554694224345570310041061038660678951250012864567973274205945467060174
AB 114 4.658589573482860811368643410870735479140480104455190126071703899381299308189084772108796173407998119603114406851893608546784089035335317369054129224391472164029219433611258784495145704877813388131447667052601907414133043 0.2896301510170039220794103935446471569379645814444882550498168403181636051832360612725100919712069139601925704740218941864860534377225034847131649071196963671649592995820295575659589672688739569996591249927560229300197015 3.656249507677387156846766668305733789395278748473169147681158390750714129552977135234920623539998734752996377690072635099839339165252201039457767651507311372062299272061074822496186023965253494119874588136966130184686532 0.2534128535640827283588908737028519983681106217007907135482240450208752142209093063465435724191204211539300137223221966302296980704302363135512402252045722540795583889082192626422854484487330757271211620506879125713508394
AB 115 1.186163460631834514163969815952345174588031801728038551531396827021503334014622893937140884976084747250053519106215549515252955915706766530718649604878167067175620780016565819590560250076050980144517131408445464700408801 -0.02165860327122377098605617973871694613342008913507067480183088096587849912503854103418881131692727259652035173089068809789638120173455654114941581787835517701594954850409149974180197072204406664335317901102654295754640787 3.664983718214430713258383731783759557782043949614190078073804506791992879734869410252128696573978015463629422610351789675665954457345557509899552817235590431573654403629456964482323525412116348806411425439710708759628639 0.2533831767751449579436344479599666323461988224613949291546355004275783732126774188670050581361169947887098048224835609515506252725878553492592112641312901564915573036376781752379561177026288373572629622238244314592468344
AB 116 5.342301879767944829618630395054947514026411407061182959669333322065403533555937306829410661522625481242872408489072228876080252998807483199485308527441572685316845114439596887288733738674776446127748337051065544026788603 0.3938510342204412589260616455286191257693154453041191505366337399064148636683793931212960454651080706569536961538542852100383493379969225385971816730586864046678995574521849131422962935250148095188950957190108883739625386 3.673642297863645822713666362036124817099512718509080234711960496371882827365281937364553987665813450596860373518844570617456855583171516989178831513895923897522247814667119068940861746634641155183178952840405100943100423 0.2533540116499126825723566797839608659186740326505762246929242400850995080370228492765166842870538298014665315081532503353124696216460098412460238126633524922085659917988019154508465556111727840816786567264539236532768916
AB 117 4.231095198906697031282064464081387251938030182102866763897028721007279165954401826323716494986021743575486548830990084364187951490833014476413731997998987044767084742512780296634750360546232887645098097053701072608542358 0.3568572534207323232567235255032591430652364217755769217007886424490761965963263985937745289700769981884779423088515323214837972324462467286156381270572639516628894628537384387455484569715474242032209160236615575399885304 3.682226545264023572888998146419460836741499985443990716555403426421604016087359062269728425698944866945225791558788355449503142674792200336721199167667215473352839527683498646306770170565230466964153177354817717744221087 0.2533253450689747997892553677724620456623279328257205524602950996359702263052157160483925150944134815774743797927500604311620321426304363289913501181230686944168913961847667662687660225563257071538927482860003960157252857
AB 118 2.940720463428472963832572704132169311855646701236198067228248725319448414005544881929325710171916155058839448583400137175131620442288336221880539309726335336590474179398270408784178946674237902929749830442259911798220987 0.07083159847402899377959364959318326986441087102799115200620039642045601266868315804215090645926122232592060466805597744932332494224335244630635708853012162263733438474354714862207518859515975414222137296252042442774534176 3.690737725889256108644793702360662327257637097478744388273952258786864276444852875328296127692361130755022567484571744078202351386344268630926591029747680690718220126037077134927851242522359537599438975583392944026222817 0.2532971643576388497716290687899785058578047526981292723148028469902735068825350608203841395926805400093526112414200634134747463077826252388702631266128737781106430386964204912537246586679260194826358735930417179073980872
AB 119 2.620179583362388089720096871667262197755933669780936315688540348865722773825584990750629582161553938742242431261254354931524299925940089622120443408826458009448680103899333083677953159517412081410799077374736758040026281 -0.1096588213387411833364679683790579061102253629656509528593202437737777669882405224755098905525565535581566184348863701663603740878654325984374907100848818165966814493943924854437811331266047646880938292278343563023212082 3.699177073167596969451036112438203110604856982427009093549331163861230775390033995830162851611479076189398004393520131624623939025827420734433699377158622610934031753637076768086731416374845412155349457867843639639618690 0.2532694572672457144064037062690483782042292972773704678960621439952422226005211861087956268872937450145567579403665505365611211409080967207933183827246239200746296042013001150396443101629028966021969536440224230498435083
AB 120 5.098049168509713697542138407907376700187525083751773916995730016272270635152784494766913137599950981160270955064178306356613671958484007084174571508377646005632144861894740618493201722999894071246221078661714314613283567 -0.03844046124182572394805493999901474382838244069423379262892396123237112849365467499302836512145972905388263074747589370270870723124882192241342295642839152946811960077847347186470839456949296864974662373216922433906281332 3.707545789554847666206938220182734107083228486266129579017311115123120289156927712012112285557576667551051673583692237564769865143743979961071859638768436876653664811802853837939885374763383227467021673671453192405600944 0.2532422119574185608869578960396392287052099420506995832617998969185985817058190110751625096162016842373902497071807218142349159353339339969619182825547881993714639614498014460734437838646644978032965583519850749892731756
AB 121 3.342819102068678399372385367801539642486404303680550938920556824699425665362206833273826896789916846313330563057895542765872800825661280322956025316463075337355509775746843040082808733325153325415165460122278077202253058 0.8115029786328330763212354411988861830577934032359709453184855193343090508491824484879513377908422790612822171245283012138470056165038554288056424539778561648081680868185284552815524307898596960338828107060911804897114069 3.715845047562805474931084144770212092239915871378560295082280859316132870503823069319270341964709165799765210044078218747631365987180903503546877621956259974160925843550402185910874288874472540327462015033047007768671031 0.2532154169791919839668277898564306379031374924573775135872692071322020467580016374983993599115039781309530120537823289209718296927788939939689137408995362657023455244452916425638055473555241121901188979370673917567942726
AB 122 5.562652553148241583107840698059187148725013258252102358485673703546671252919998675750998139619207156375607747109984515364083164772188641280559686971195327541819023198070720279409767629351815335974085209510728411405470953 0.3377437508877049135317580798069929470255367180878877670186445795139755142527070703644894294542070131655253201150563800986919271857982392265777426365678269737884666213373962643595254320507830770123109425497902879556078462 3.724075990745372833383728287080624486905446437065497237061333099105584079752996338705158149079223989802690038311259157852948599292162789765477103608947424008738422357631845824977135101232825811342796905413902006158389370 0.2531890612589708449002645385077472336773420847918406044391174502214197438619699037444932558145361035927873601118173549948369243515138130688634130951594075896312690278386689654861634200738208956190286068442568789691127376
AB 123 1.767329509975680725760567731196626434302330825843930950288414250988671481806837317267769349761924034092197510079525506217629779163518875478152591107461521995776398278001269398695541579495316166218476741823541996688614043 0.8148718298363761408953500843093207198286664501324761910196979005510516906148763695334169600577472698276044777151472991259955458858491031983762988585366332765120178793342601855886605489507616446128698355109642953358263427 3.732239734644402929698827771229647788389330829510657452637188311141672357976697894519838543335157391806716466369609215590569519530450542245739107976548639432401376353496774521875084104960953066099145081751475138679516916 0.2531631340832715896915792400207140560359673541549920159581741666643533982572249512524503962856362221988916075644610071825580553848514202518787385666163071712853255341546421744024505700244628587762505960552894080340637045
AB 124 3.109241643560293559470639448237869636330389140049306495212440139147068444788782305130420794422786439350082294734861455860444156968475220226257435179481196611120991820498378809173835842287555703645337194685533049404100655 0.4640989690479705031419105195848528094063325884535548317350843880291576306833561456435435866302994227922684974587632715436425535998719984313750546797485069170236189548436468126277822356998252566448636783963210612504560723 3.740337367697238428277248336852271396145064529383475152597539836917563226384096009510851177862703985827825614922115608366825920504600308314333096333502886956026130051741211974526779989970593933205213465851082332882982829 0.2531376250842018754764599286798375656472356134683824335780010927341847504941148386465405283190287678606855838175126916502732639067233523934686361615108307583962311395823776113617383779096034769958077353204000839652642244
AB 125 5.244648085113436165883813517809410674863453258002379096115229155585732184810175663919949602357593038782596495551876773174676678291001039724994682347845898688624492208625448681296530139537249152580939563452473253535660474 0.1239968837774928978598543082355286701221202549814269848521662287772580615286852613553454844939234102917616128326148720444184269230170311484132027586754796385031872497802032952450484930899550474814713884117787487151836325 3.748369952107790197793068600074726486743454772864998381982291589813168031074470291901346301628069478785739791150040906918262535488360328234038002657727210408798476835759540401371361346272103660966041347843953603771005512 0.2531125242256371607396231957880027238451449913083919554830727417749630207951135975320634906143231601537684455237564283011033340150363242827006780284639880535305025940771287262778435516316354260762409959384489010323519561
AB 126 3.007422634988284317384963223098429996757144673013374735300058673285708490498735317216765279550038482671964190747512345059191552180043998333301734831422842274430900975808728236261039956716041011649759339743735121018760878 0.1124683450595143328792674093980333437203783909258547832536574407632992486503707464234533619906816476938013407176353551633558539806037791618576957430654459149978513277027334069808527651152081193847472322130462980399871347 3.756338524682899846481217052152743228391371822062431976642845605580206519336641113404448350834608754906926204886460968698747624351728856465158810207153541990595401857147315963285411002641283001688295586490273470058094568 0.2530878217900555400400706693902875153143194095531105095499625508318058343815423626558170918835693505748641320413838302816050333874525784695139567688149105319358892238835299236287531711419547260888385363707712827400578620
AB 127 4.174886192849436154013962915278262749406749023464596954488810224141037231456399405927554673926777576615592317123408777747952267361382383698297019128133170362051220661097968737550958820944144575493286107083672391922857246 0.1279626906192628409167235394227747120319379551447227821473832181624279059670252293432061477373921616377618090447236172542324172807796863763707282343145885119248334582614166565444139132778704285318423776016521189694249222 3.764244097635633331125006339863747705228304443242018315249858036506295498658307632728998281996907476161806618160396133565769087788770571370365513716279391959347183836469838462430109164435976843879514569168928116679752792 0.2530635083659945428661216803555397542443883963677400572019345086969648356562923690574845031730158840183237471769895140485850014346392323427562889201857626457976250123677136601180532343731069517995569894051323485551734762
AB 128 3.499073037072010205777006096350860687158588663530121399068239604953438186787436468659933833455032126805342681252535573269804112655274675670830574233955183031644962280532449284342357378356514285592576829405795059763643270 0.5366822663294126853672287089432120040507250456041636015160875072581552577708274353467225008212567309231227457530406789563270897862655632568882312141199573845658656918527003255102547249612116375481009113493017809871694808 3.772087659357062427787484088950663216993811899725240408712908725664837071297635791717963617700826839490138705551930278585737324875949931909065836605500037753798895077564664337333492540369622434707489890725978455126970264 0.2530395748360958837093409182644406837546239914335185987963127079603779537418867334217543595718541000656830782072230508964494676929147973975857016984476939334362738362622737863372389609644049311655638347126982325992437046
AB 129 4.202086769282196779611608074219587345504271482448892315965755552605557994147477926838711696664310293071361001774060061420082368494995553844736179647893823548724429083083519509490160477170735921184557756679370218998888145 1.193438449194723823877774781114652255355118211082333579814315281184142039744407913657307172817689027257606529177955798823103318026950069791833596442963209043849662015316281534235106609961884573335192389613080624516158344 3.779870175158006009634878977137624364215036893182448197075069188895927122517104599369131126504509172825184144994489416063380124532652984235434755079005675315612390567450704781343782819507343764834800463257379086882765903 0.2530160123657062597224004929818580388435493385739458902238098429616614983541415610317632127962654802196270539119810093915953522190094552915672464052909007400974825381180173307889273279684688438763115927845483302060513012
AB 130 3.590027785170538438040045259953490139915790519123994489559728903660414211659858468432249699504454858915423386753702523637819319586393990285966784120334723407207216474897934596286340453468207119755688859447646706194069740 0.3581518277785248822116829235450594334789379780066498013429280485314067675522386288103192377089449755354832678025415801662796158057195539212728725757393092179170540182405316459446583270667376293334539164109269261007196874 3.787592587982123478302467888645896814060432671606348060719273959516336508688320537503494803081114828490272342511279696019982241443819820467868374184161469615400673945477555022943471299805235434520163313614596895316397318 0.2529928123920042555789869836996202359473163112356192498505150827075226360277781931539334520052969595511799249328407763082410615726237309929936077822308227573732480365997836216894439838425271472085839394422695574997902693
AB 131 4.020516481085390198178901618070218415377124630298549441350401564098738000720180277542651110845873115058681770732028155351933106238630320150712943841042459248346348436544392860285395026968048992974031030231109652744933309 -0.4352846312902671112366906630870843526859688359610098839182671682393353455900492023795491954664772933920241816407013615806439406506210536432980795995420232760167192335734589777843244558853513164326640862870273684274953396 3.795255819091677978318534642226306285163273971736816903034620281102648086664091646798030417018557960485487029588101779600868671787552056151209913409617100691196950841890519252338975885387730318732354019235608158798088572 0.2529699666136252435305407178562704951062256706851495248793552442563370557280872830750426096412831613388581712383260791265358300362752125587581748283310186156978755139609556035111203408918159106646192097911127306216517939
AB 132 2.695793248841974785817643002418402293759356247527024615613125177187116592675993445272229914069575278996442172456911640207571736933256858334723607989963786026836846300486292479394559594325404590668002297577503455370108725 1.164436730726922231713977263659943450062289059788116747782921114699416451751558324089621582051657801755111754150171207560223054339743253631488954980262829100687565254655646746554184533985763121299886845656271520771715684 3.802860768727216854828241090530347741060189016606903552406468960720731118087653301838229003219229192282513003643207134057437094946238057671001583926649981346769843036346639066127242543998455569610621096385415291159721136 0.2529474669807578703725098032764193969772235536302866687609672394366043379047948757693694835468595674279944660574396104712995594219917070277351262750588578976625779463644322493138728152680100818936225891729866837849919530
AB 133 4.532980285370920309095880038823163219003197342114151655269218678777705021453242423713093838908409006630717018049308881530278443769032259945567156397346555879256817684088491837608378426296217248100158441269444314937593857 -0.03618371645105058145793993561548261343504454712902362517978357092903274593400249691249425649861108385655657082943294351481466975259936354547160272537258777402471781576941360045777684094979394405765690669626090407982800178 3.810408316742350884188496208503745033767848869973959496684698847284947917116308894376002553036586618045318434368890045701864088011251524235780123771809682047678818633994863587273983538956085988051290783270719197775231147 0.2529253056856873114644890807138987967890312584946116977241478609110609929590444012821074039364611347168905173717819953631507150301377059403789317551434525552176734793777767932760671704577340609353851059865148081394046460
AB 134 3.566962881403174765221951186636430129206636114452051086075192817387672450363524741185999332504440276039464810711208894825342558372951423367634038487354519279427537487984838460970177859578460429486896961305198391159824429 0.2562911791705545748156608689662349681317610503475937921361696892697356310767882040900608083225336275028325098629370976481656164351575651267545183763760442513630378927602713050444166373302246388475477045660719461130115689 3.817899323214751829043019783713284186451789845385243149283504395573070305323394131301580893585580538278465286772628039974634605913353774481705987080071679733358357810519004925030025568588139834411460620166852728717398046 0.2529034751537619536973011699657682483698620297045065387591382133474268389962154402439873315537547857213117793424521428926879203208172280741596900181223487709290992797846954563299739508225396558300990748598669630613862051
AB 135 4.233224641536135529543682334937434951360807231069667331507323336361168838915776988527705866623204942577299164596372386658561295064172719819553484122975670740314446232290483102836860128138610751756568316399789977159963951 -0.1438733283121460409615684167482486491674283158333701018754887463451291792728967919579471508502895958021279090169651623343837590385175198602980775877561674938458246832434242095324046170897859635170995546008416081091450736 3.825334629034429579607352666861475788598481382616604079218469768034215808740155324389109496510522682592419847448841791624671363013325970737391711838127849728140096008345387859877301327390166924159278754480220807077619890 0.2528819680347615522679893107944690973570553254993977552001860040287287143182878471389667510250557421310045939071685935597332977129162507503424701317937618821320237656556388777460475558156274598660025839430007592037221435
AB 136 2.905721441912952173764695069078233083450535777408679431263964228164947305433886647539929906717931021618467683237070116795584059439695909267363619365524719005678635149320173375269857962705983399721436396230067193462640252 -0.1813879099200998754515272549865998425727465028446408146955946960324227964223382277112026147553725665757704689339901448916651693878573971876513719287177157705437316181159591281685674140182043228145658561542781465103976892 3.832715056470295296010454898137916039436101160582790881896041894007049199581532424317171977431259998227131756511662085964267739558377252275368856266099792567224560167568490453487385149262918495479823642509378618415103553 0.2528607771946461975739243160279967747001607997966842515514840264851908578085975568695642756807955002368226492233392124268055960626798915052498284572392181232668579122677380874926782408601983572638326096173985293015026091
AB 137 3.893235102693587763695273743964698152315117255639660707360800824268426926324654172605347028877809676050384319170727048975690581656412110668060269947212899904421732010135692004359763651951676089943513149512379807050242960 0.2672373572980526202734685163805882987572396263032118442999022416440139359588768466040111742248725989210757402900623482753351346208934420655075303977034535402090162700668672945470674563178310923923409010513451007573747626 3.840041409715965335531334487794722983941005266069815396094922491437168494430590386035857254995499345234610905454212223579951020508066227136201723257268904429966544847885781617399066089671294597400203404015448830993596385 0.2528398957076666351497241718923519715402091216604005614942623999791709262549052152011734942206655126256611141961608140288191717731005491994910662974959708213577806885424754292091470892811106983973920338747315813084607391
AB 138 5.551176069973155418382323729131163206183257770654051731124872871089423744178014269313238305686586056636182041254339418491826052636558786477503008024254761101682504415878973792658471616980103442534548283402533316599966743 0.7263371535562075490878125283813533172156457595147402820759407363428248878457889551860597573777833637231563116992726871798715430278809977952977042088336260681027864687581594299139398098827632911072242226429110343469656314 3.847314475415712122841120584231502881245842233129206009324147667371622951930855954267646523755001076323003952355049269696781516267822475382326809947254500784554401010801352554276923442563623238791679876084391903834413637 0.2528193168488176094929442924877181821560051819715184652103343785320611149874547599780856919876557755494002670399324799515629403069843093280326701621131252753562841780788729814480946996568835527012401047269281913835081576
AB 139 2.541762764020112663189989606586768930043385962150526659477326014932137444527573782115153960751885802281705882589525272497194583442238771112173912662887988378399695051517696361468276128479353721518784890395495186518207047 -0.1949657594026615389925186274975893457897942079129965162167006476145012045052955036835897433668005483662091921858529788791143725364223670428425518626072799379812220068754112077038108220600100919895930781468216496803500748 3.854535023171422305531733044318708255999720229836249696672678116045158782815882195455037775664513620720084283201471917854964926957548676975000679745460804445599142840224401470388259522103381253592964921546740070850253928 0.2527990340866169575175399044643373324191657036550817888549617214365504489509189109386920571321659202061534325802793528791908076854218419046631067616342112696630536516699216155459273237861403202893110192333172961432577711
AB 140 3.535046255779010846599040574003650038829295563735144390301786279680761047072792593969520390283635639902392108830112953371381334647838519006762304259024013941469275399304138552071258907214615916206487467814427100438351247 -0.05102030991154825300843872766565454036055351453114876165615254566767796202823872022267816920309387852762245810270409039718553931820290902786282885324385920986011078670776045184801492943282824014669075969043577307450295348 3.861703806031379349913450047842306587798203883063780755046653588898861733945837787704547400457472907645927730096501875248441842079259834254621872896156746872663193452165481182708547193185779627023385629295031342582391159 0.2527790410761941644541682562785701440994026268721106441173209786564927508398613300782481006188306055224767673381519184749382421612392292861761598321827519478550505928606690914578194979350171054892404642442743704255061161
AB 141 3.604519058818148847789376138368994455224988998752374438332033539572457245696408560852315006380641383063092193040661254551758906262632790693513903039623915410924297869833340754791398675108983147790164255775172346755568853 0.08187363378933425084409261256496419304462789987270617643226054921071189390674057429416078195405911070027387275966602510433852352069816158726340083831662728068828405596760163074056304868252851540408269478156692508920637784 3.868821560961647004842210432136628359613267869650014451224721562337637286423758966344230296719119780422636328553220852580888692544904839167299625235288131619824439007266847678672823995114870593908271893965343198835795880 0.2527593316526730190927967212886526403153373123418119014530170744452891533778542221684506644133062013502601781012076571947907988993015688110150577421849229927306354684031829589903531074664293704874167528550559338445739316
AB 142 3.851459162558756075853582638800241439820926042860152686649643447291312232099050416078695999715016367683737541770765879310435829173061357428653072209327650130854733730734530457963300882511257944013815833376465971807554055 -0.6987808111523376769599624481426450279499143308815936951932891777017289401288963274977228182922442442322762434563359455445830809564902911441842492145967092057370090992514811237425625219869046884022303509904485809286793216 3.875889009300791637651143748834486727877821667969313174483928716321613108120211706458017875602924527093825699095443702897405732401934360661365746549335305090283872791414696782085658496333824786922516925976767550690101322 0.2527398998248338707725808329748940152884501110706529516992996628649009317424941250283123846085944849880915906868882215037839560155854447036123290253054132689112612050755383268910303982764909149935306953003434218256418146
AB 143 5.473336910215183733454312593162555452236001920259588893091980122910716634097888228981105972185908423821244591707516343668301837452177692185383074634344309646306046184929856718915820255758891812287444972462427620637329365 0.2413805469518304063635089351898654881020127518926655631082481418306349218666739198932453226490005129399920045476369369078814104300585340298458137019562276330944154145759747424656486221907708502810355051243757238061660136 3.882906857198645180558172985230338702569909465422640048855138931359451229315254589325146623502486143834907956832993101011989113850581727375359413326949058446379405230315357140840679261943478849568619239516119443575778532 0.2527207397690418015620606701724399508036941813151002985344445172766719480210885245132999617343480060961158276879804740617367903377804969676344375241030800015238427694165647853567717566634206821991997954455466972286205125
AB 144 3.691336003061332773067455089668981967362668598473481304945313024490026294085838973812941540457458234706935661170392182456401833879311504365530512664162407209399726775314145444584536663847242459438553412732431358349671612 -0.009327825674824017832121108246903262018406569652356673504890478994023006955952611929665863700135911410205964680481157574228792400702153337779095531257295960130769175876267649750715909701416597860140089682073811628717824009 3.889875796039776182799043695155672093950301301570834400672659619959009994894913762075582852491906727692958455081293346584992550516111709646620617578067353198421399883575524577242094133686662860411764280060377928991676094 0.2527018458234277874220402271840999644755232220554734171254103360913829242726807816269862763421960762436819118435630433085618828341965640827196027643820017707376231287454318129666705475096219882873569344658058536248533317
AB 145 2.574505485362774277775705641419752840763447862653471777164632473104714172656676340875393424485791120529366895088623095160935216456885750446651257138840299955847600588918499571919166175827538592911940633363409767844658921 1.060226814423394863800292816280265051040368049756576296191053455516619345183869953325955921456523610956112753837374031763362340403279857592371645949700869372355701262499924919884369417260787183761984882720931400368707333 3.896796502852304117164238406332068234421078234620999285782040040994389599441465997116873005812270099714557460011843900253537416389169539550384985367056657527132178596708860585968483219467385670100162828421581452216432604 0.2526832124823106352997560808522115454106363153054905006621429091227221940206858055538523577890085325623473527508065766366433478959493945046679724007306860934689907080693652236094946792946737548894943981168723115418703405
AB 146 4.997635763659362593829429427631106992581831283169567364731905899930230052877768815058473020421832763622537450045767611141247304047772279828754468022742264394273979101525910268697247642846594150615814210013481902505574160 0.2021249620228561079097150866887941640596784202903197389540157183879654619979155217334939370479303199944228383041352910874412742404151708564878168319795170559822252987200272121300152252116996560935895277744615335419318703 3.903669640702661522236226448821079529684693422638408139328380782806076085065088921480512858610759307603691313472717941191095913609172672832614840482118842233953709299277298711685803131467592172832904564053131331030786007 0.2526648343908481522984350415033842658014751271438306752594452410984569345571504857844129195216381026505590465411095064795004912092945191085464332510486760917810830304415081626512789664349700210485878895827270656900458567
AB 147 4.001497957738710447965577768050480692932111593287234471151736646346688869319273551085332975736550845280753504121430488974214210286667477573288558632582722081487747236834701563269442484654692398452323739387339363887083930 0.2398188428014693638755489982765529649298668338491358657716660013280827938167672421073981330361133676619682538820038578251427159122736811821511759191391413497263352134817549515218987588201898878116551123509692785337437972 3.910495859076879664082506918519531104507317379244877582917777088346568979216419673677559301069498614555937223995216846836902111104939676517608498388316025502713710246821447950110055147054903515234205032452148467581530896 0.2526467063399066312915431830049077942589024566076787533953070676568216195502056297673849132848841774339965789915276557878254158306753761129612898646122154532089528183132923957462051572533083437376176243053138467200534926
AB 148 3.292887048712919452068910365274081539366596224010076107952178160668068255223479230078748947953833992426275417231775102687746613209955457760189235114754618012575794353583216119524466259231956832979052542857241877012330021 -0.08836231274710740776086721074519258666933259470545444801635918724418557445716290208085347972064115286695692804473015516243644979589684703457831007632224938136747415296165228621718456802695908202636218628182757171249502095 3.917275794248946071528879195714060903505116651229383848907555539657794950897107160643133606705963998376234690602226205095210569529228737338324720201667006117267403695362128532421641178255502281130596304462652498958834724 0.2526288232611383273741401562321533957898347757040252759147907842223613951580998133103761318377807116234561112405963113935795520070851727733147137348034497645240929817199798876675573150253046505517100501028789273631349974
AB 149 4.856377654202969327214760389838206822194210970108886577094116835892572158787546346562575191787519332210158049307885202954464790659595286947520936639466975209757833564880997494472698541822932177163948577462696061299526100 0.7944170115158665082128965743131846993094233535060757603873087832289443653150489241505057304199334132234485856797625377790167920195710403637172177478504505517228051690323260262957287861772031667302073191729856828909893416 3.924010069636756442352429955906479537975922741963285729223603203850493849146306257815297608423859323042424439030317997439291449515804628673369143361581686150948245600475121350858407903748314634143625654768776086785288634 0.2526111802222571539286138039433509040746586111556056443142213519177980388783850745084470672526114410953363019960562089486318096140838892078929527689244291152334638165218075223158583182492819424779610517192609678047560597
AB 150 2.374087198404759928462900545209611344260412994721342505077491845505402219964023172399259725988619583492404591938251172332810794984851019734014431736962536013183895451526541893260948461661336265994725178838645295136971590 0.5986660140260072673993788450459845355218643900753587877411206283666660909343969908751655280332488306269141515146683776009583635461184406237186049751345912572765035304800672019297797616014137007881952860905279724915711538 3.930699296146158945092599448630093310594047840574794437477104552874303012506485801323461711881853309712430493622919263245528264062702674784670280851042987733151711531621018451278048277429711835975680459768329858885621382 0.2525937724225033482045112132519381819435055499774066379155269721752422173134972995394625396078734704322206875301432979633561026035077530945315131155578643166211814673416728373519712200528130218154418141009473279622262148
AB 151 5.371732015653464302572547130977788204967764408501969713285344432789180802324846229072915803305162993771551887678760685697513468515329634697833263079381097328585583267168831659577799473119063875496053952413402246332636829 0.1596212142930537857264071129322225193112815645698631509598750724481910149472287003177431426272837263723634338278334777009836963358944098882302723152818621389772159197538329165486156051692634214516075911946911171469304788 3.937344072503565769875562963786787428917833531723974785481045993366297647968090511164161793826477290602730121524204347997876843951090772571513806591777182603998288856536414030461601105358952760575525237278231608143683577 0.2525765951882883463749642934833298248950201322703295523825804698128758173083601516464302679663641068034134096924654748897903501718802045965226758659897222552193374652612948790072211461484132637193968712209364688006905659
AB 152 4.556782268492285750304137251837311468230257774924702287898530839742086360356046621952708046193855862266648912132651386047200498675660257829417454896898130598695333802743432667714588916440343735026999506718303419577457957 0.3140766010382882475972056714115247455039076757766394959797796909660817400154818855139815616479777692078382053455554708088565222474333420608076182695244620360001884666672468527167106899338240839058137639474358503378344493 3.943944985577584834344326103724873492904800873265337368113687493138846531027703068485820124481464645249118037047344412218725988135857509131323582095150091825239844309431826340613901750461782403823498119311294010966918245 0.2525596439690115690786850444952249174669875097180607659888496460283497380490780072748189989555623087102804006184271021560213967754699520344625639466717613426545165125195308176205984042339585206613520704935293449832318267
AB 153 2.238726227246112550866109903689403547574526299525484046030347718442891729399558407144451688315704510557316671316136448723245217708402862555410619086381779988673259918888491869711774359830276913747487730323274255740483565 0.8385383534542470761219055025503926568810504865035588532228765439400708414858307155716838876224067532354220392304458406975158300837244003569588306753616597670800724917483293558750388555807439091201228811950063033405499793 3.950502610690103755220178770999267372004021840514698361525738876407679292242045650355381327326505853992265314410893792538753004489797206577385522453196445070429930360092483122750140772643277097310480368927448489858811680 0.2525429143330412523831277941024004018874280889054959465995454912542747126394984972592983946687183377885090660446194905487669657416858515926230149902606277420564366416237515782148875875965140394872524365665817287689101118
AB 154 4.652495047015883839660902257182868065449398307851086286981317527188791157984115530445174742071439994072653241700999503998693445793335019532559740916028180851910654381819132642911591952503315470403652464103783060690660276 0.8005175536919689252152274750681444481353484942151223551618351836393713241136719034931471834279616515970165423010700849966885663366095530361737202408796330773076860325803703748851424449831405325065040636153168577146064031 3.957017511917238484636038280397767739363695509635533045497147288832930671620142351384437681459805729675319806279271473764471832985745374768248710692820827558637668182188542731535507358909851070559657221601990585624644965 0.2525264019638518676721751687931692560516113581442663180101690763049186127943072555655487475981690122645880321076586986377746088836836764287669687098645708035464844944762866794843859216040213242419315129048790971005463419
AB 155 4.487421368505638399475569452536201322559389250488894159290708461567446417344207951004252411039538039502109646610448496834435376404535231411553911516476914326707588988471161330679906545157086144484563624893715144751673850 0.2726891929263871278358189921221981306557696930649618835390618636715591677887618518689733564059818492542380138798869183424236028725927503383578601943280698001816832063556168904819002537188931471098633971238908734787836791 3.963490242380540319998577561892907199366026416019775686546340353467110941731584892952203711324124222251703432129655821630542571591241091380049495930999813553220292524166499872654879524835116293667990396850226920169282937 0.2525101026563110588066229581459664286125184581333866896897222220769585564278438421245000263265308844036355992697196316395503005233950856446663815941885472799365244550860753325128272014428464883370940627637216819800840859
AB 156 3.524592797777377754391309134136219227832012236303197550217128002475174192626269891243716063871145353218921502549095950091334631891062352723680945325080125452485927560308623715228748310724314646235796988055756741994166247 0.8444428518692293872425226996835580745980085766750725093451250141412877556184361404909746561992609577740275263409879661004028960614433043215398570818728649941131416016989630450597823595793273713700401561812415525136793064 3.969921344528837267638431351778275703107009317720086950265650520744391700786825388233406822408467734167105315650709606809031957214256459589935890380624730792518525735537239861778352663563554819485574684836041740061274725 0.2524940123131093875484799847267451600722600864329567037891533184330069286722227737819757172371478406313792688904181069845151889157437563247078013160303518118123322977962932877884792450439564584609389893423898913650351784
AB 157 2.893553685612357248784915778037541438778051100308176849710152766731599407970769634117441528575329109564853006312451403410645443244664035822052172474732894927889513240303874165978629376439360497654958126963875590723473099 -0.6966793675735988895996628821030404955321870064040195116879948300408924950023786796738076269337344534678876135658987703506486281863718311932561753413278516356460999898973070823569544002722900363640931620349648021783551310 3.976311350411068918559637433733095099202472958973173495434087956457920531343628256629501592683698688491663100710256046657773045171819680298483857985196061014303894508064133438189003754337105133196644976779493400514295190 0.2524781269413265200947852987892483494252896894480035544785548460625399856033491330091184669223531127348597409303937341378675080246533490596730261950668497247013994094932719766200835079663015634145730718736449405131092014
AB 158 4.272871740008311311437432795826095835378265779155525291128731704850908069960403109862428705811772309522326576212225433382220220683706187365564412543684178994803852764653962186896075696610739573366453509651172879636050704 0.2074781117048506092154459240382410264840158499202846037061255687406240171086155892499281582450018493152333733189456817722045330278568098166569423370347786846789146466026717175912588474744338539940698344831418094601661969 3.982660781940458027379083516417591157836091575725078619091112754560157062906463543610553615284448803016798781121128636857378074878636452535695456437147022346129378095059911131836979513932347359036573167023788427222009417 0.2524624426491278099489497625180584419268609770615874087614094783484383021115588644465534665033624192319555220656006585505491882334111097070417030707453535865944249170962670945134303627973275448564908479726311296428363853
AB 159 4.353627444211538594864187190730377780865623861696560811962958540522243121508637948915488794587525651819280573771983359658386259810346598915112500055990379116187681945619866207302838711730417605901895755633147163726007842 0.3296812472997749803535817080813701516582108119850952588835635325994777587627439227682942929442883793232348298746934186563921886005921019027577759643519070412959914987054823784440288340200712221632443375798577266209291888 3.988970151150346824503183047678077696167911904657741415774094952220709114259345767141903131252943052486586098620742656153907989306031878459790577654739934769037694945507337963649749846660671806131354029211656771287192711 0.2524469556425855364922062040745967274315182518097620409121640932222995996077085546864311597360943565300819364007927332461597407019913427919153487286749186745753354408153750983679223637067073996330142277094344303951597092
AB 160 5.648143697714648862697182882531914919529684840010722851231523103096066781852055103150275415347149462331081210066963783136558117937794030073489063115376409827237989036634016748569212536382853974022231520453198608201070629 0.1882878788759536551562132090533665161295539697999798537498620973467981042404591439639923100295070231444753305799647329345908211170646260170323437889603186981702118827121356383184712724619030264047173526246910365621581987 3.995239960442011691216522961942157931592215941551463732015462029478188636851097825014790239877909978470317295417375305275140691000814508028633105974026572756790487936597822399528094351850998429565918297893458262757273632 0.2524316622226193456450624900249897014340955124150776914370539914506492729062457908256392780111133014499562386894633146647073565914617114762952885280750694333285973480572251227942323671718839484225724846839944486751504847
AB 161 2.008350584684622717143616294964545865316558237538206224489061572915296642143761593723098357446515567222264168094179285156203425002520374279012211103281135720031577785937911019181090906868059409156962109635600680397028026 0.5397746948742744157505736101277808489366781599519119258609004418789030848756163261012668925397801762437898872385628527217586525678332478743090201503773366732768309237812742319680209270913890709932720768530027421180018909 4.001470702824756144986389332163490827125210993964958038922177559970018285561367638946571859381144963113726457236021898495140772873057524148312811533514406602230800873002264659928160682908094283264949871612965631453812554 0.2524165587820507099912377407179894333614116950879455056470282605140834493813372607524320245061352232693892277740365953593370546108264151121817139589238108550010552113527604717311413641838656173756275304145425139426525944
AB 162 4.059499446026564993315789239103336647848920821277452500412051354507918658938735027963978193696811226409596038159825232865311947667578701795637083731961636188126154300695165288555931356670153876545501611519614646107363373 0.4274336087994399631549944508141263212791919667748779437264583895230582053952991514558543474420078041740161026561686177622656017011018481197443678025543168779871567696011857122517243662951326766913317742020886979137620964 4.007662862148569077891539301381330388169985517164508191244402549753422074621753805115670088544079511073773441017241351327289177312269024631799890535565593617039707576570507930731764572357324799297353602025452900931158112 0.2524016418027664816648196987827458769334831306335839369466520137074557021790374861600172351772269713370920088372985261012943707160407127142555572492413215919136200852730629922868567393736518827864418193699422213722384427
AB 163 3.600842054084776439027921242786153682819180875265191046929027620165310278566417017120113223489308262449095624516847528806251817129721265220964631150967309818412004025793850350865328056068712411695554523870413320972072167 -0.4850417754687017601951105490727950090417272942961941270564280196829230513636872234757910549940146829582039974633711087395788428186604020372095878936377408100154879124364526339344122160982239972352627900213441867668572244 4.013816913329622827101095414545672613206404076622355074293508256355248869526939851011402117114562815552101255678095909305837621715760715489827922298325651936970236223675526940808956348330744627997620703412844938324989030 0.2523869078529868530988719815180547516525619790527268627166363955096977672295001933485606935422421973429199999375307735784647043405426087736044112742497127727301824675680866293804464212572687878905920162075568370018704733
AB 164 5.219366342392853545036743070609380912109865375665175545285727906574307384519989395358521379935089519034503625680118817786233294931898423851385123390676558660585988278690054939288179496787118358121978464272031193995783699 0.0004414745362080334101675785705718603049553812131566126900186284749549673365202100816480763691222253082751080284151142814752329486636990699874178882589498916093751462164959538612319841182138639245647694301786586072193416402 4.019933322568873897495979851976472337400901618900570686253231436651640965587394037652377286220122375264577991446229912298141082450252012486399112659640978068600487866462613221153489412220316692241373389251029687079012058 0.2523723535846332692620597230060949280211002998934610523033960045520470263167614346482814616775489553061180723194862086565031049379857699788112864189682490196926641452020619608895452540029604294873118287774435030741800369
AB 165 3.997009144113647762176375806445556679518658174495045583888003160033133647497957187008926558127999124185222921425691659217886407391839422050364564068690818973022827578231703490514123573839586084206840927888472810547271766 0.05211912572204089098550569165979582064737166427889138368977489722880917777717568181845891638996489167097866171634277958986525355039160200935827034893494868691957872334896340721450445431343132185545044271112979628155971731 4.026012547564017969721367959494160266913903758120253080043884381267325987564353001978068918467133412189569077658336890695382686867468964113129867709891369884451007790958949361441040134223067656960133117308761587680937873 0.2523579757307920510732271405039456638722085105665331141491002178090299594640281239896368378426400018211525346057733696016469736447823405301227922065101240731460452679105432963327572652311458788718568201361487291159926348
AB 166 2.537609428207956138485554558209798397956291453001146456118037218119713260589624680773114286849576413482369075357052624293328058665161447896662015119137127134428731199370351630001712525976997831048037561702494668379036556 -0.2117705499413007630300592180280642658442608314266904432347289285435123229465398358307893167635191951807171525716461246522325686887245195053314225126780566327180928815372777684441051436906912686621459524992777105829349046 4.032055037715040181066616950897351853981081806736810105888384317215870276790443045892108982901698128478000919238684044840441470489218757737834940487186094529463196645357946443290535350523461157838225418008000141305385107 0.2523437711032696940331393147940850403325515379325060934249011602449599207754667867915263529594169056244382008833104881981581987290822377364959931319372763638055807814768733053859997079269396526265719873269889021013775827
AB 167 5.277709030786891065191055946120656515141973141451855629791707244848587876815069577699598615028344210784646004292841296804435320826496585649105055499597903112051474643741750590068400523996070833533946075596525795893526260 0.6817204483580811299326433667316503893746763725630995721334768550794117078734741034311182496392339203253352595919385027768253462158859979183786428682393065257780430073265592654641626558668141278420608461123566640682993874 4.038061234323591532341007855030361692265745173968752283687710575840323728159449854439760984835056031904790448775077005077770620201865580721206354769771349176266660075376539062940924934585289840600445510438894180860487783 0.2523297365902359994492226785926680572670912681457546144762162385686705928610397357938758091759498628263737671288253704862664778132890871414869632084515451151551150156478163423233800349220664836052765396044308119727994414
AB 168 4.210880184824627831486414194508923537686355966969124601166696887494647799796667485477419066852626253619324398500756328401149198221131049511273365860775352291138793813458685800661031452731008769961941491257215908900787595 -0.2058708448559026316468769313156622070589927426507290984078042781566864750269472973551701807528069089470129798822577718294935144167625616135150710916572576789543534177044676117580248017098589020527044664055725779820094636 4.044031570786412623848187670713755831110520519543827043771810032844960415605004406741247722732501726470542471131351546247746098868557082227454545932876285193225933193878508962645883058558506553251405961361616527635006219 0.2523158691539513786086080273055900855612853882944942577596088474101179388008109488651881697003717595524254506077592981489144603603492190786888168039409880787140254823762352146841701345317487243178941951140305979585402965
AB 169 4.249254197958880089995609154101429727483779527969413526911089342025760264485608032365068275772917307374747446886392872890683601294420380788250193570031535438782620513209152256694271482600558947509658587615141330662496568 0.1565911783930725679318398824293182704377693190369385647268174873019551238249622122013897325573488163860225462877121166294803335769117665858795226005690648341258863987089689036791943280623542842349551328385528173954235151 4.049966472783016731790868886361812746574510845275133155104240522227124880964059935840425578475026150451393085925203702075177598779420447569811536893046737730888711682783221672144413043357977095398429298640642627426832178 0.2523021658285748434899348663967768475122954842271471079398115555205198886332079779133475326113942941323395327114645502993832435343591634538941934513767802625398664223521641287185496451714297932628176520317849095302354514
AB 170 3.262026060360160974228307101233623699910977414685624550124179623564129092134278964092051352915476110475608668025211506313806219272127078567868914515952454824670947062385052422648126613969929646999814586870373089621427028 0.5275102350404146609675921700917040475876961087713428285284550567181853508190143735044310174819516382315994719394966411189711570478851586302004157893801169180026307260858240572919795360081306766962412904142141239296760135 4.055866358457835478618286554402494076037109667288989684546597530878715186975210698128367624727200848779687816202399785801078657072566273320415342861603894018935718650515162419820055364468490961912302615507896095463834779 0.2522886237180493616684016433218855995279915219101859441299370154362360204974668161747645280734181436085322280662540743197884537311688070581740526371162424227177014564788338705034325960524428094648838093608306565700676364
AB 171 4.336873212206307899236422851343402949205948951185649772664822533812662362847471128376608556162671304900140517766286258811099038286336124132244732790065410500154749163788154507065200409626954196143382815350265948928039401 0.2464601355525767170545121410770951924624818910040568521761339575816835677632868718170611563739337908014182123127081621035612534202498925981591527526117259862284801844933349249997850956316589050801061906607340873805176141 4.061731638597022004048443964822445811078911706216351727810480925586393916376111083180680692352965973119056637637182226596638024645962720322645904853173027145184604910671039215580458603422921796228635311293963751138801731 0.2522752399940614084977570691862112924074608320719824346591764988387158977851814483096061389436048634486130047241365825525320523994061103764096347775450429655487381648581369796702846685479088437385444153067608231152572525
AB 172 3.635971868080082762212074767992744434863748906677117701223923183998914625142896745196242126804558613918321423355264388484387371773822114104730412390306395435500569547936840567173767439696834943389899392987192270561935404 0.2418592482678686070598424461193925833949979781640712202257906031803637151257207555001991883992514120261702410849538679902949437510725832366289715583629875239499891537155581938715314964199545688269741697971599948012029203 4.067562716800098586178138821836216708816340348706660060164579649097747090037975436286493470478246089118636805458895688587861559953099613984010550215588802844543890376377732923761112515381152037581719023533398968574867382 0.2522620118940716969493389759279729546904762242845703557669392659350279750169949610322308267608599696657161708141614856490112851108892478691552876708528277898856471888959935508590121203906886554940486389915935464134153844
AB 173 5.810492494532198984903636553676359203372649281450617079682030435673363645632978403756760394952894602970951796180902479860187419351533180191539125415856924718730742031552900422513022694856422653813448810736818883434731457 -0.02555610425637872361109124912503947661389217966518617406277628767560410029320222183869512978027469652151633009610470733629139763432043330811036070052484331990760543074283769764033713059906484509111588567867495852607975999 4.073359989646628073910263069344505801754198531829206015408743257965882370948190834158699038763080626930284343402118981239838351623036079391524362265394727006751611769778660032114856942661448931013040194228855652129299710 0.2522489367194142051219751505386662345582684656817244344551254600764662996158474818810893576522096558420008412168085401033135783266773209366467396464936304030298622814102368788022384153611804924104930014427851258887203382
AB 174 1.390228581905059074382080402040886124716385861013673903398505102215076854937410900699567173948759678874674928568954738395322790863379931317876382026810037792983519209048197844515497390922371166367161163507921127057544607 -0.2185554084756682587946141708423044861305934362265840783850977250253325582420739386373465884034013640092719843546354297325089821372028537959413416890651282711727615859792714932649520797201394332094566823277292069586560566 4.079123846858081253725929885271231335961266435995998458156078743886875998123388634616377656014317158978978007545865662398906781800600650044619557735990875269900594092375744785303432419687891908277155896712481315968131013 0.2522360118334607538479433228243558478880471929426721137078532008931742566990249434463351183065565430116774506045225074368567276413341148228751375951499591927196120408224244218382435833479346869330432728360681605550845601
AB 175 5.750450139596713314516696710525546930624621396837390815659086851518511845040498293567837846165597846766284775168987858149423791393890270643485985733656886507050260783545678286713094910781987712537955917599592207837438119 0.3142196636026468947268388193294363460287424906475648815146908537539103085703631761970323916072532355072320500827501935232689844591007301692073182077386739450065739107358777129018216539062807624592793096785912253862788407 4.084854671455065367552627707300810322691585646655548322531140578709923491132316706683182099909049888384779875610393478742518564430067194359658021901709701530317011163982803855162486136810505258914478857666360476373649305 0.2522232346598485124219425333668214567176719349896922972724761929687747777671348846005535669622153873827530665750911244240634380779316985612787649427099285325149393451808785500239953584469503139669375726539608619434866952
AB 176 5.301316532897127791931951282899916291000138161163673945260468624471665702031130074021076589483156789931056803787163873477873712630714876718585873576472420281281711172626005881888376785710591911819203745834947790347200211 1.195514864613123388646443560843828637014684809514541010383725380661776406080427439769546421393692460309744421210202093689127328411189041073179440262833339883257247858099140195007838735892112194557729306203085756604692517 4.090552839910072407102023043769843690885553630453677951296916622302159839782831472655593864491212008303866211229828989881050977881439423888541830632169593592880358702788803473270991987377278515162316969444977261592785508 0.2522106026807679296590599056358632361920452626749932256772376698927340873853955528080341474065558320824108837048719247567108262801293357565183328251670237326491996918650895283937306548087506394318238529516125027180112769
AB 177 2.889015064443328793013001781473132314486515762073122244711472772928538777168804134370474461540561845260519797652462289779252819760293787124941852249205954291102201588548314477755889208553651859315102696821029066791463260 0.6013348438704369991809075514184573700737658631304469805994988237342343590750933755534304687797847055790725890272392064363646318816282709376095496333223169468876523055507079713300678742642120607610817976242626235114749489 4.096218722295899517510420729889539621204612532807342772246025077273620643703250035664029245636599156264994853561309947320583048917376733649763177388939637091456486347888279648930885887278997985658907449357592676247255928 0.2521981134353087006068853333203174656481855713191991651528876763047553983842213623837978505572211522235648915381902657452184664964743278842433192741400502275917932814438927713036425024833245946005903162768169705549502990
AB 178 4.097952750827524183081861849036705193998530838139932990121487415728404469582594125993635393281650502193016730370463664559237744229847917421272575591058550450801855070682790227154951888663870734071557422625597220002179067 0.2324493873196069756656788355911628272724429548490788561335280152028287009631098238273482465994819659976646344839994297407399227412530254258785026217408106879796448690264278434061889053527699478847458206949988421606329884 4.101852682429887834254608101066441798800926916074923021342742348396408014977547754284105789672490610838145538622682028388851685251981395815061398590495105102397860273054602053786351884374661880257634914209801498031917907 0.2521857645178614866366681707536681820950671129670012887295515996174762271991283948592547816624839036846458582296956499434759329459137746906826367327851674067839661088858977444797660347540664556376505413945325107798551109
AB 179 3.385135620051267117769342275655164695520342937889369904895273350616792862436057367221712565828365039267351734331194039306934036598267341665448644330366288466218183725601875949731204722574569709139747963938874158367168410 0.1788705477778153664190580060300371009035937389662401832482988049964976279955866011151795186989997042253579232596997590256845916763380615684987383354845687681378302526008161591613404238768802537639653924328315097051078235 4.107455078014120337828600360237128689311244870269425498922959458693919981237612208873515227979829827566644179664293792896468245572060603111072717402664276605968171410684802796307366767100890130183663345442544423425747662 0.2521735535765732086382407643136924449130410720662337426117914150017632464778142523539709667778110818771704539866092440734861786246223241769978557549408456024226606122941930956734416627638331712461285846244194229653465762
AB 180 4.388956207391693296073570550840399419333444987867040504649991722537995208604723311201220509895491541488380075427874544354184838949545799582221492484664376860431686407646128389580496178083598210051004633046324828366835676 0.5427822102132606444446379836530900611384461076899590996129446839326535532894268656473263785334707255710696275290583699287507201335074406980039651797100396707573302125687061912787155359149873499781397557658946090016357478 4.113026260771713827042718021428284730695892108219870820523113013934231861883185607685385667222850292872516231776563405038667788320616248117830144140074933695104291251526751369324426704223541089642334233826101403371436425 0.2521614783118538299433440152557643315237658646090001535041770890653992863976317369286368783818164662029034454099150736685215464155085903456653622955973036362056735380002603111080891191597265930290529409878526577737255891
AB 181 5.232168182938557795979279433804058152909039346390879042020199004861112835766238414244247522961937848189984618735336368008235345268454057142587535177234038262666027714563330026795432215590052067628367817384628596177712822 0.08847447055326708273736892784271226078198637745312816148675071951733780481495794417368260367136471532443150974110686111637391507568049099111988217602457198716931907904053348001600865451056590050794997552674778602559599731 4.118566576579334871284215633217029151741766745743079469575763470498535431099072813440013836059899793124134174073469715321377200455408760711490513588947470761013808081914271442204862912802685902761518344503857146208540698 0.2521495364749326376837393899450554809769235214207662158103047192858931921204740457911286522504363930950690684890332270335659234703555110847004501703688896419718899162511093336824418568447605253657593421244443702795085071
AB 182 4.088426674560407491333396454106765241628344604391031854538888668278782911646972156226497497949863677157368836548084359391516773485155136218209204351752834924294595585919723988378734834944486459031363824046197805669293208 0.3993749370937168333546521403783384247329944243064043199886139493679070828061127880112166202370637261480504335238798705406087906428402500250999235235636701706546110249465449116288980204418210397375316948136485861554099157 4.124076365596064592600407186138274698196592267022075084406330665690716498152465713355885828592308886691398154676470933462569159942437817343186757167974617320519403136510389696171321473479012729275702599238198788726535133 0.2521377258664621188188100361405554573793198196267223355813796882694958205240314033029089115951357042775884308543140810995833146692429147668544606390915846264818620161932833162130994341338532943719260732699776060255227372
AB 183 2.339097505800217405393254178517969502257370812806731776618519690559287008504001002109016329383820472873216589168813888283663218712211504442291159521164930393377734969956712578019209111805446270335813685763383374539962324 0.9339875277709916943417698843166834276818313499198611783686284063213595065580112124751011856810612623878397142068498566543183914079901765011475647326628218059998754688919302065149871623952568005179023530575333137267052885 4.129555962388732338633866896917952342204861749909398547931454149082544494677933863260875116861436378591075881089122298785369355390448329159347995822631451547685445702823560180141589285632993784613621565877362336877857673 0.2521260443351676102910585862717845256323178065441366999148767173681297212584227862390163447462049539153521015478156118033201313071855149296981173402789932399862890797078302010202404139833007388241883483679490203937512656
AB 184 5.890585682092318181781915212198773274845326284265258256941638422878208223373563641724284969219499602993894476919551426735431342292699230109620726948126978750565351246305492576617138168820547850486944168508251222486004979 0.1426599085053882910235390762318087394271352048312723719269663699032934071971507471221721812217677950169335982152922465352795613478792744416568495730502875330478228321122879234393389579182063837918583654268754943592007306 4.135005696053833726479068560539783837987871968125739130177735020060901759867085580956398345592556260342209090573968772971059235475220146123593038970844186516243651788183044052306649858372253315883189627222990005043499804 0.2521144897765409819209437635172957914345843238030778328991772155760379302516845963259734878988063391690011069867754311412226391663676919573918732440074693348607158384428273091923981857261587533157183791786309949822377397
AB 185 3.230224648045723031931459251169918859983880410388698478853089112690973468878305384475751425199554191935011216727797808870773047472065344619245715159453226549538872525325001770922011815838901597566524747050190145538888171 0.7301990901618005705237343743977562365154755838409196512834338442166863504872097534974126620879225308254002453309361018631835693855208890095330376457306242405314346010165057398099928310703494102736550825829707666961850413 4.140425890336144155249228793846308402259121857172034522725550234648333301943448359824455721167572789943634511349573056782993915470820343536837826795879840051419483231996331514917856667163226979169685486173049045048252826 0.2521030601315766859548950881056986920307302139281231017297092359722221306877696606001314067370591164791118460233855965336695320444127246408004260446309522537309386546169120457595875909410571773071709357032633330902214925
AB 186 4.883628414435913487328452287097896966983520636299829357407107323748557354410330201160601474117086527032912029955819973948640874072265240786255467362480534990612837365893978705711473138957093727783515661982232846851692963 -0.1045882674149916050162143747382829919644786110769419625958718189300534902166351828516949866713738262955990094690018212046444746283736129701843546358680946180199563916339696334989748113869577655060492189756497093540034451 4.145816863744134691899173140719527403865477738552964111343920490760075275353787552274151638926280861398088225104435775154059049258202121194607386314761196828289807829644462327227820230754325135482411042800802779466728197 0.2520917533855485788391253424306225313791117677717293246318226574589969996788502582829871123872349139515663800405526275519774420257518440675450985622209000538011057043405704070565925432703635702471967779433826020953467230
AB 187 3.130088599378721633634204891301940733925256410265727634054428045255112282195619540492188055014873766633674848571613177416094065324463636074602674106269051738554524493870880121481943112371182353079343042769738155516470416 0.2382013457756923734625824025802624497403140980408284415867721228480908316292449540543098143348195168470405841247261797955606910769190055391670223471573413030641113453715178607842472161277308748199886892987999372552278675 4.151178929662293221519926210380998912598412557834033583712240352608078586442370958178289861604117102645601919434605212897956985784811334671645977328103842060407428960848977262643754194900553448058192362014816714860079772 0.2520805675668259890018670384584791459379292069291792085470593668028345052387104038531974228722453466707096039197346700085585937664514126241380451094011764141495443370020417028877810373560152864636419893926172317850861764
AB 188 3.736934557170517151508631563786381403821241440769729667100562951381753680184363384845085553409748253317735820555903309075553786713188530914262669112291653008369629473394080431177787946262776901643671897622470249545166633 0.3930403891107324335328354877263460945351077690377755883047254115034795617784128564812506431791746452102370236644702502109691318955421129894963412761223870549099556980601991888055326619813768900540826810287977101647324373 4.156512396460449911265409540558696940126004443076183957331466995939793585144885048380619684804640674188151168022521417582935725875701822946042421012667518641863297040640981906681674690279111702070669332718263094008886287 0.2520695007457275693713347685063956829781749855116341566294243697158157964927479262431508485323636695257375763011740137483415224521972819958208300587376380155161153197135165963567679592242717809478860076572532859638472270
AB 189 4.944650090373063709778824850553922359377333044177258532779134656927421506322420128780995723152208135344310872304231797155313463562070436383147612343398370239525546260281427809112893401488219292954031662903434237415603937 -0.1204358037024755074484383868842886698414101972687728866804017643501059454092469529734602273657673887089364441440790762866524019355717425795245311674961949770891504696787546187954260292774578296719469214965869278447637508 4.161817567600202358111464399079906409318114076570082703985713964640378337804525944509356664639875026597985018733205710763628163621948236817875892749462907439367161433816843122001132832846251113810334568625104230228727723 0.2520585510334115352088264358029564322013343582890305416507854717541603936949267068738352573372521931930808241745875945628408607482881025057170486208467451537484414347725159915930988006077708047007537271899575416559515384
AB 190 4.138522231153978882504827944682094442142582648530914303949473551895633819481135768874541474145773597968976054990582335632223905986537981369522617439385698346869864314988161330766748720330757588331851246295713053101517491 -0.7897662611236606985957147976537875246438698866659644721607073638395651809972846492412889820099343700121804242767512844253329488262638287675422696196366895337541515320865848486442275472146630172887558673669035765757915494 4.167094741738532267034515068946127599913765381962780716460836281634990326896990858687377395479371953345592172597244632188579646464246538951612062651199133612011692526547719820731220261019228001124908684549079750867798671 0.2520477165808009467586872635208593532213424587068917733059853653907101260205361375243763022908845069743299233512213285538645757389282024973332596414948088284437801399556887201285789130077003033310608302083186368270517560
AB 191 4.090570331411821376066453092751707019977550865741223837542843564676209776163717691323454595669832306916784147353711293762389167476358343116645279826032199525037814873803720482142968448925880125304431944541163403439334249 0.4887882084238828155481242753638589857605607331321911164370964931754166539362680179549413116797172341003450862255495625127523536215775168147669799111924196653752011917861351561230055903367640166998623691897462680268876811 4.172344212828702130590489572529442273336513991309699282743756656344903669513608042796932294492900807744919182093977729466995899200147678157598709902758527506439334584051300530595646465491956301568031003932555693372261203 0.2520369955775427523627617585647857594631543718468013673022000662143369207970486738510239562126769329271850080042990881868415541607216315498983089267625791500493347004905074294774830891031863761651426450882778543496410468
AB 192 4.070039723355661025034701262063703750924479010145621246810648138739327254816160612239443962448068619255825702659115097108302713673117633937759959215517050452990016585345183752390805338609274479791758943064308354084212554 0.2892349935663491061128052245258440967947132829588494702239427999808134919105034177561954138601118834586673342686564181519591181070945745459462059311277394629507004096653071742839886314250080026429285678536620081273364387 4.177566270218517146316506585625016199778524783370011342598993176224528355439002115059441422836285974375827276381586039554276984691617447903750019376696748118047923528540556036579684200455618281982081776182223541687220238 0.2520263862509993612010531750111018303370730001589014213239108349296023851963285630400776833795907742196887563773709774969690909721704377583228075962736993900908515854136201230405986683347581649850102679089659052855558493
AB 193 4.581843803525186465374373222841379835619585820692078883290839794119361635783511839729415286349214671694075608004298830110012420047756178632042542458440837058379624411949135377498790844523238951370854082952030187050860336 0.3740679894812668041716626159180336314627038378273061195622129597933737722390812443702359365553646707185347515736743467607576818989382511017239946015736780142096675152800627377525210316577450194169405681030231954389459088 4.182761198746034508272238020803030514696746714047288687948931307402182631322867964731314661375939356430611841292352968831259336287570551667124035859848001385193457948042126999540117659496362543363632704084592492570352961 0.2520158868652715658389587123094554263465683263441071290735001604422491664228715540655091224548313610732535322712208298395696051228998152196063252103761225453933121473755910141437359144684402550671973597578907435345956481
AB 194 4.001290739341367209899193278072038674205036005011130005630499501386036396494458524800667561139102246931560252028074572161891050962470422301789355494836498098882175239941483197537597328001931780884634132089354459591052041 0.2549759363066676153333289236743355693974433489848856861886335103955576472805133146328414033180661006534708669879479417418399255675707717381335825263750583230042201969186496792035004757052031144596155121007803814698719485 4.187929278832799237129658093099629540615727064245623462653316563827076839201826392345219223733442929833757116012222350347885208254964632358056783657728951206648937625650980670302711920679061795343474198136433700201189548 0.2520054957202516834132812152072757930574387577064726471365895311221701944717592984454411778487688020485467571180977313941585535717347894817670600177805105015088976339198721229524072333619246150185126029866426778734843957
AB 195 3.669757289689634858624234851902392787204347901933154555654277644403156397487581144733241199984784229004129932950723284953320656826204705624156972562977366288736391902561271560848467736366792991039815124149671393379237497 -1.101190442736896836365527484542356043588050582757191903212865821446835431358201268108577986057517593178757616824964268892128306726611687284766925599841519379985589641206117728513295738269127256921402600658700023021176577 4.193070786574682863575667054049404088057915231629567017052765735464627175073749633314008795110295585333749034175975582395258257870997673094446102429218673162737620743658973466842181503805985526212336515314328074903496453 0.2519952111507058306956081155158707508215883562649304196381247536848349940572251653069833850684799854407939441175171775863794339386967922093043383877553723061439703602210812934628395250918096132759651363480499906070787555
AB 196 3.712527787960578008620400919850587316317185769880028744767491707801697993210576279865289367683602234799505074075635528960387724791981322504330316752416588875356995332269163163575630556937146692932549453787685220973903927 0.3796490570581013612009423816199379267202607063937790005871857583077236590214534465224626830488354835299843264251538081322527878832081245847229044672892287028150657805171820725007017510580166649891213261478119441055488346 4.198185993830398546781985397721961410230979160916137609431236851068042018812305600951769897702229818909714788138552908502999338784494700566037483295742722200667840158331634492266805246904343559560379602069408489842357194 0.2519850315253842925471576827904694909536836794619156659239800182153068678256584674429034215884859372694925065762074638433824917583565319302381819747032417828307271931284311290303141794619126412818416203634618269786445087
AB 197 5.795564653289170436877312172580819110433483179255021184804359338360537764371725121257911577822721834980807711488962297187634018398457925180517445864259732228648748217244801349593302051590235694662914987364104462701396306 0.1898386453597124316760463244674794715431797852680185188744481440217906579996027073526011214075314468228818948834127600388927121203006260403299115669705835877553239372038762269028740548673269627908527651167786436280723031 4.203275168307763587977486174372685357930317465454551520307578077710296451399030561417847854602568788352120032927322204954693668790498465528350347892547189884165790033043224408365850230761456002241572038875348731857338702 0.2519749552461589855319864758450453167470192371550233188845924423865158332258930927283590441214716268893477391466369715245316256018481259237207857238073007400295487248735871653594241476166456709113340625001414572682702715
AB 198 3.928476025402628068528020871928146585891650778680389372838343643640971153008994318246321935161911505727146252106310466910658188392876044799165408216266834619693376481683983804105130147089886566023305390841791507891171846 0.2231973329368540611527300879408973513742934652976636534668967779236016617877469879303068824847841344727951294609010330776127210085543668349041483072733360967358799242668516450329316752108505370568938556394818209290750128 4.208338573647777783657116983776645057086294597171668972072666884820014986790828064571380234707199877927434065873489871949786088662697818432235834588652610230961316685681026737698908130319721478858466560259555843010816133 0.2519649807471870587876862625648017159218153161410393908803740927170345816315349001369045406265679887230199715196014915850929855596397349801983466888294106710335121589906558152473846832588213785662566384722146699319733225
AB 199 4.567475991701319272292593392285280625448076309836712138780614493501005423338725342146640409812928551773995607147512948685347026872905558440055655527617588909293196805964572698993408189594388879727093710333822740720405313 0.2844836875887716884579318445695522568058364423443063854681387074737188629939242068537342214361624265128634697495764757770013295455826936004354290411800928429176300048229102071248042807046773928306025185568813244239989088 4.213376469506583648861720706580229263387379141234707961221180351404374683523840065246773767098045217654335358234512375720581162710611180509959103677627538053322510007584665165784913419214893266630992418811098893011835459 0.2519551064940997127608829150724966989852802654735208523681692651099837497670891529551813243751191670333843225360760610092088447896076515294567334998106632149830280620774143194697356307624343956823249335267995930038534786
AB 200 3.827287699479840525796156096766543245009123329310363989722491672669643588169014400271143143281809506288233147373335010202985759190934698647320468341727130520032569177114193618382364804050070294764735098805016109578637843 1.077130012204364699422086229506406226368470449192656556996222384519031447884176835409706064365836516062429315175619841120312657878167158406124367384374524393559932908594103897221200053987040246982381754595082266465234505 4.218389111635372223688872247494693287088762682572277284086621572676740484495986108287028603592080517471452404824043161465372685844962530404805163495372546164210850123927765178221574873702005229690100947823595832371398090 0.2519453309832153531901852642297088525587247220350550941529870609521624359543141092402126764401396318048253914392080831979103075421227646994823683996555625843844687399006879334676991406155511254550434942741087961701169893
PD 0 1
PIV 0 0 -3.210921224671442441488340346052950396876573714679316885047391561109132465643310966520610121708514885787557478910390497516641733072549191793916176210220638651930795639794555136037033950014323502335343805246508236265282919
PIV 0 1 -11.77721063428102145477679071695239174696186234180774093815648523259983387893195327656140979874159479964006704290945441614029869501053297586841272748130250120906884002367063392499104453473206366767123615182905184014502966
PIV 0 2 -17.65222524242928592532372457402913572041445767153836448700789476744219438211718168614404964073213036569190279222213042642991619072007600084514431161228161403570536564442271498410093055196223011875731139332172753483443420
PIV 0 3 -21.92659599141477063190231565724146021631008969351230040182220417661796402840085207514407638610472189852053594510822314290247008586555773486958531377805270322108392497889150315763805873522568380502630284969803096481726434
PIV 0 4 -24.67116624031097101543995577068657590152799505742944747285992967620235069659357031203332202351442259536443814096826663813168265676067685590618967163796702300531397931779874871034010898462519896528356969208333204693046694
PIV 0 5 -26.10376144898628650170026047543997309162044418013878736371978278761614967152949778861090910729951143292392499835503055012148206257700362514402163493502834399051054597887807574732049873915376096324768342808434933030846585
PIV 0 6 -26.59674750256252322576476972533115106508240149295440894083230123115149910412053955231144629504637032022014930158562841392948333546987051514726876881515266767520419842633291162878402420636586035068366709944893882836096570
PIV 0 7 -27.08101209727362549114272492304526522292450331423159435087910593062246928811625296797108039632493644556658849660638737600207173677769877693452016056605562083123952336008687359603259445665393263041749750895768323221876962
PIV 0 8 -29.91924352970049266717429566488159471102138298043203082030704056964894644595464782409596358868817165170939769001231846378691697762976636939332700751379640943414421618958433972576181820785364321580032878149382635847193461
PIV 0 9 -29.99216629162455792270334900419999602241086008384547750720831486718192695674081314918993602333227309865820667169302688097249849275105495614518989193610435568602918364174069635366168970316494640087704269624810940994221057
PIV 0 10 -27.41829798426360874998442250239476935292551033962563791128209851652325876265548003817102480954628289993714224297752493296529080874515105391542263366361753540073459991576022847686276104228100933793546976000535666398058242
PIV 0 11 -30.68146812773765199961966542804855674557710967676163046059817779036367857172446340319178622051038715694725643654489608863848441938851302900289394228709415720608886426363213204632031158319078825354833678040879091777984000
PIV 0 12 -29.95626054014813583410194695732504809667388588180963787220204245778080402731377698637534996600936711840475081082873138613904635812515492581673432918479563957038402670556518660898194828088407662747861884005447163246751371
PIV 0 13 -31.93011473792090087067168800602809702664083478950873007997860261636176197611740057600872318995105964212307753852116931561235897296596974529005121945254096281078765726594803797246201668808344637579181904099584455654821589
PIV 0 14 -29.69065539728562023232303670075606061395419702485910757309911280076151968454402325844088278388180556216186899762352187007385955533587559086898754033184914533030803370873851052899959252920988878828789119200900063933036349
PIV 0 15 -29.82765278260944143410044516476913908101475052066679969826231182466767166210523804877404496474322716641455238108977121903685948990575253717689914924425160632239962186649084503526933346441579677609726121598009956791458620
PIV 0 16 -31.31249515005224132214571196621667024435974842671425902771915731108083439446721179938712912018310509925640538486182780202140243202524417490730339453371034092803424629596569370442413243865159363788583387019526599981257555
PIV 0 17 -31.53481632720376179629059857218392030834546905966469720123030387503130102257831788476491773786023746750515262481066582240400670227370042126509502131292374911969575629640336585553231360080318069970558095812476646736324000
PIV 0 18 -29.99197992978383868695552437476555440779089609873924098157867771056983705551020882865764593058863176845722444150231620024350648171088071473608442590562778303101073708794400889962581774349600165176631909706914212654724674
PIV 0 19 -27.99338672845960017041248081338115012565603114582245513262656352446900084696189957517714062355380803784176229509559958784843324894801987816164342176387580789331228423437916940580511249536388735956821647190119062342821115
PIV 0 20 -29.21837444238583406249043328524461116185310784727045303842221406147570134178322239820020344034309954410708646740814529396167287697981326481801344068885193994586861866822191472309293300380567365790416522500847122617244982
PIV 0 21 -31.24825606326818550537029443272770497196023980960500292165113375798628641737407571805251778493040677865106827446939376042777211659138278420662419844017607291192104692935005189800186559406508018499330507246111358434918016
PIV 0 22 -29.74761175504456184084686723113117004399098215863265735577010950108778095995936840768674865669146431583694811709464346538695678253998652664288321916408050279264306741492094678846811043238460467594640761169494805202267405
PIV 0 23 -27.16546310813348884786854138328290417609610445739097164801770617875709696106017666549116036756354676563159062046629013428600427149973711930047796954712641612073078960931747309062996705856390969677025444342745924428762607
PIV 0 24 -28.94877735274940267894967586556374403020369250889188530223838646861019564635330158689115103851124734479110934899416615639396250685026578934168052593918870708240963238019099605499973983800790458700533527089534391442574164
PIV 0 25 -27.06096769019844133904509965339879117206537168851517308390125470771576904455083013970462534462185706474062566150482428829118888192892304854764107134007463159187089432503736657877612616225791416245283302876608587964668616
PIV 0 26 -28.40272301411644488659309435379415223150318815840602966512570239723660346606543454871453902350974437476562054224699380817293504342527621780516180478238755289284013001167850607768983972500310740761334946029037049585487573
PIV 0 27 -27.44266874538325685595472228577208712348643378655120428554979825113719330300675864078174954011407927212213036882302994494475145651187084746911827263333574622436323076234370975599477028439497341613858349444469989432570619
PIV 0 28 -24.49543873935526756953784063410307614672201903351270246860047941867117031531236883776046721832197780640818879677384912198703056517812749825269721843299786619856906895841894374710376809993063060177874936191081909544031466
PIV 0 29 -27.76130363216559523597244547466637842778704318260352186179068083493620869099398766513470873422048207160390341795384011492756832194888328302507875761333103811283711108596560071526610209450807541178035055275375368398806269
PIV 0 30 -27.78482899522724010560965158117983141748146864348547627083899634250151008874502668699883232765945254557197595159418151718572938043088054384216334518666381829439843350089481231632019567405272793833041228370201647578932871
PIV 0 31 -24.97796742119281908111692463830159193678933002198602965776015360437494299501083487750767519204394355786014987656007036871773765281532724917550465049691870842930167700087898117975608371913477057101784436590465506322639574
PIV 0 32 -25.26608965184949509342159638024529666448081619422933594699825682826548861998252288783530603200433824280897233918220848542208089563335920916223313637945048689515802569278955455122705919714548253047709050860520953962819807
PIV 0 33 -24.74708458209164446756184357465239012591426849657884481244732472962474758845041442267396924695454018338819477219897199337810697917145693954721854766171104646324063323591612673119790169839635587407338907206921108364873960
PIV 0 34 -24.06402072988074432638352286551133960239234659896243130857617131048187094421710675979203230948782122934940552334408166877201166311974381375045613907650588023444310488195525414879833203569015161588624914971370803484588177
PIV 0 35 -25.30818642942128133397830135834454140837811765767259286109989000910449554530353032066593283166448387339598012023108721602751141449924740787348762246805366732230594891359059563626291726191328361039428973849416340818608660
PIV 0 36 -21.62529201724619419349639404505990622179828425549081216582334193369543852892935167140274162275468861111451747770021288247691641239241549396089055065116945716396362646474656217149802879781207108080582786316906657965427798
PIV 0 37 -21.94295853143930667741651743325742450454105627151522683824602442135603584659371942053468061920466254780904975814350555581852286428462837507970955667894848929735052002359467689037800418133823701127335697794025507566230265
PIV 0 38 -23.78925233982189648119000584848063677205458983652984437583098186004827055521991995177944815836644566780334537873455909233541787210137651990538265905827903997809020204410238649992404851845536599739186241843946025886066224
PIV 0 39 -20.30199241656485051034931961413920494347260277971515156529154099152211083166666770112071497043001729063912047369675550242523979445213911823938143328379086134851676255272589357110462454245468341365778876263252495790740828
PIV 0 40 -21.39274003145148567517461218696465605348020330830920575134751902053648128074961351448777293533399932349054171369206305904673705750327932333266797366127703372717703091218304901492474801735906694090288033113814283614459117
PIV 0 41 -15.44200798085832505061429360325476590701252313649542838641934890396915648750538170601187087867703600144818373264997799062817916996176942084274524018558659721401660711422380576997310741090372415537250927905787168326960614
PIV 0 42 -20.48019764968606151373515896224975832688157599159047624125152717158240188435145128792195166540189527781721952498664163312039291999081192192303818596237838227462975288506621741259167723656047906237756507394422577047404959
PIV 0 43 -20.05641191580389599213132021122041267435403393656249886546733560955572028546790965810501812540755120409802839346414902543978357527971324427570606055179694572411335951979597288530777406256611466202601622659819727246044680
PIV 0 44 -18.34798047770086939299794945002340718658582587464000007311337043239319741917298911579942373369574621855703796757297832433940345791130400184559878724471853770744071501089283272594210203768161973583838945643845273505570493
PIV 0 45 -14.94347581845290197169639479704870529518061707406434665038285546840090920439502346845083505098411019999971259538350561122039737739532633570885628994716673764852192466389331825049751551722267002136652863029221514854910119
PIV 0 46 -18.35135528477832344662167502593068519890343932056919288687636191990034621048914273592902051597815347554417168383573766776921743189443484326592720504528529570735435636254245272919937452073589840853731195560949477356726616
PIV 0 47 -18.86140929701139329157750984672089940031256501291779474293796665272618454629078219004987177628844248642954446224220677569492137656953307024831980749762922510577733681704933019798020474179869824910839150709210183390752959
PIV 0 48 -18.86081285019706380801077773282727048536363675545575082671349529171289750810894839403750079940308912100592414523870772159691218959375693284630586403506865313498155211344166290034548736522813444620140755536127539125662922
PIV 0 49 -16.73952030612693155365030014003789218247471480235737619944638155232100694699325727508947041846007116971995789341906712513551455741066597499411751340797329235891741709585460233936696662662067084113388979521092165366128910
PIV 0 50 -14.94915761388310230964001387045370727219373131576808462953962793201223899446584588782943103761085970331445245779784963395704278346875776729010783518790995374392939306526560803293308052238034562867000226890759979718186701
PIV 0 51 -17.357134506152046648890321021969656617216692097494169820996082358787553582135094547155174038621045575988052598802410036182349373988397901679565232959756366040693350269192477322092728386933393000678437046271091644752014
PIV 0 52 -9.850264147670637772303086692472969941767664906702523064137257410381821530296683437899909336518013975609352963112226684103901377479431036653907456385114648979784264605993105049857767407690916498883664076146088280658
PIV 0 53 -14.9418818705998557178330330121495667236390344130620335588310834804216135704481039307160715081483212595088078895437094260494246382444505600797316069553115100179304694103687325892741149675516852957365611646018976432
PIV 0 54 -14.3511616893254720394757738769985845114299535131789946118367180242054003023214087686313878368653922980593446290195981974956060073294893897577586738516669844630613444862944162127620818897160842875941848498383816
PIV 0 55 -14.65055797084568323837990263026699014391056231388994803585002456308257872036333674978598368807583662701639542499302188099728524575251967675830128055211331456646508644381702627742394034954459953620480890712737
PIV 0 56 -13.34237839154834318529623664778446833861799561800555707747382329740617599079825988006521365216596972900108624172593375586508412900751294308690761149180353245540186163979359275542605264089313826162797963669
PIV 0 57 -10.413052007039248000794433913558821083415751189903929360797628167836169095555799944708892371562818285587257496404790013171124579599768363496081359837716622317640914398550291494928830555684932769408180093
PIV 0 58 -10.126332666825630237023252792550265081479204001216255738478562777945527159756609196084264988281429789065995884444416910770046599222605288162754281935421759940874893081172392660882593984288695016321867
PIV 0 59 -13.9006493650516446725062868135972990491697800960260986019025931101211581417425567053554404503727543624300942485420325049805011159292199419470983086870855323916984827036920634830958683962278917429402
PIV 0 60 -11.3968814403979585529738224052820163770290718857707097981501490512476206652067356444691445972008524547395578951263038071850307390223588994820358920292576148711910464491019123864666696160594382117
PIV 0 61 -9.52054609060639114371511404677570104030433344289680261020817787443675014392507234269863382155993454333091603823005035690959163801071194732285401851596192038568899963530904884691734774727935659
PIV 0 62 -11.323113627550944350210822734157266385005843382203464270572310581685836707560931028684171725096876040953115555619673023536459583727760031535467358798356820239307318674955768422289311228642274
PIV 0 63 -8.639459846576094833378742174794000820265128643619018040829508758296461172328431393014699115820858961480258400680926744930495799648086351271431606809110209103073889048550005151511055585657
PIV 0 64 -12.7042774525508420513420961279239122632831152002889631883209039535167584326740802482734115285952028387872622791227810367651805145130239875510868965676493644519710281151107249329648744211
PIV 0 65 -8.73083692896428149506446090379494446738138040284738480639071276632922476962193850633410847313954644313383516692137671734113982231481490818183630866058452323189267931753393573966779424
PIV 0 66 -6.879416977434288170241036469619973284782815338179655713116776460636920246441612045086637214404301693728670362737511042560177072786111160723691544279490444321545237012515986579291144
PIV 0 67 -6.4592244689189957303747493678551954966927138074873861162488006457827720056147932539178030587084276742995445396285869708035713813326865646223019258829525703431676197147087055286308
PIV 0 68 -9.72687125522395126637150235885132872003809124791996073460262294675159227713690514692573388057027684374333390401277053532490602282712957065630630196139841139976740181839308669933
PIV 0 69 -5.086220134291924530592428387986617015728482983060536100724007668704311646242187290982733563200636290293332427188559622834575353952394130057679330139408836549300186964708948135
PIV 0 70 -6.7212847304441692171895352935969598464230656456136597057305737142025558634285942804101274760080308297245222653756095966360374247374314894913133558210091352209345873534683931
PIV 0 71 -6.22151621054360030602763898167686536273197119269136758986133535299330761811484050050455944467234366855505576852126739626276330297184142152412349552678922557727286190417162
PIV 0 72 -8.171347947912065567262776171771303734288062057467444418901028525981172499309499896664009494806826101621997622869414212928576062045039709352421546066527627080089461402642
PIV 0 73 -5.32189379669320715314344556141613769663804525439551119686743917867561884441314133899195490111321621739998525069078078986810257793139758970624146955095981701244294420177
PIV 0 74 -2.509314567036497886106355408408388908142041372688773083216248212455144260822944244513391375599847159296945343700725591496276586311687716093400192609201354781668221834
PIV 0 75 -5.3835881737308842787991677081061934812722561355430903038467844709101117000011700116908918241933990940120946122407531882132765634898902334804483509245159902984999486
PIV 0 76 -5.30340039616152130110212774332078265478180606865128193649587679717794180808028621994454891730619843004350997977290764143815319075656639954244157921673680167920497
PIV 0 77 -6.1622503547782273149943215242521791350944169076769132563080893652915135797599943705426325818853583246536033630343201448073207457741133835850149844289507902231792
PIV 0 78 -4.70467713684155393104540904359729380457268120248896430985354611561919007698103567142616606106361315148842314599169371460904481356936164471895657269569490531712
PIV 0 79 -2.4590236544914984763754163604557624581279204463752555736710654364116023827772670946422193053051678731460886697281247971449075247020979407075220529564201633158
PIV 0 80 -5.26689913336786919947123226306471538307781300637239603157144863413151647197755123649836224237131227204266965088952013948725009399303809678627777832175509571
PIV 0 81 -5.139842141290188602751213108820759113653512073502064686233712899625761632093878340818296004431011055220563761108333723275891922035863981908816243913510113
PIV 0 82 -0.679743627407853886434009377567400897767915523390185829283603884372153388155663554188162919613222693444015508475161540555182879362946305778703947245254870
PIV 0 83 -2.4288691537367714206889852448198388223159086326392408807569620060749981526982777872344878336848348530965290546682164406795536335514897627746398032557466
PIV 0 84 -1.5650203202611225696892555445946096763313077717282551158753679310994315734778781819953131020553170189112272549470020616977320802398504656054174036724101
PIV 0 85 -3.69841271951197075710255162901483513171761091894606180787398141962245114288079711461445533156109765638059990097684019839941090618630709418609533784324
PIV 0 86 -5.583232961548254843664198580565639831055455339707018418809249822183044959713341224249004780196495826374678586002440556919300178992763216459621518979
PIV 0 87 1.0656705802032207665845370180567210032933904832859693245080121381043108407360767080207781781455349918414249297570993499222741322702820765869267828635
PIV 0 88 -1.27755743283925703600318121857069227882194855474881456341355861304205058791491686147495571227477101165756366914197832009490603200994675864336127575
PIV 0 89 -3.6565343633852194634079720346110906536504223877833155633944398973775125504266207660765433649109235323864266630024054399116414797720549054378152865
PIV 0 90 1.15132463516296755667881799441908220789365604691412345743190342628557180481561859961132321123200156879736363371985154726240899750531249190760021062
PIV 0 91 -1.539583980523346395940314141663600998831800079981362222368488700641458308388086991301028955063956948432573102732490602947512552481682873187239635
PIV 0 92 -0.56208877542657950002063216554825063318224868783899340398179529047143975308769903393115618827876435923041897165000996429716333743136296115362375
PIV 0 93 -0.22278099992018937422132843096041811033534401027259455335128691418824906205412225931975144736832774801455388761482497095295812243338365320920512
PIV 0 94 -2.6962302670494626983106082293455093954149607453321492223342768373944366756656455564572500221035004578741822631092409169781246399039496109189346
PIV 0 95 0.9494680553235375993530597293518382126031496902532193289775439440081600074842588007663416904754407725183879003900056094931848362671075386160621
PIV 0 96 1.1578330436286551119145892462476207251032445481909349786120845147856536903566326986507645064626179085848180402991494619433375391244288123305686
PIV 0 97 -0.923576324860518393616760464828837238843389200281563459502598430945068659114823532129341898015494557327158189967682300309026871306511684345057
PIV 0 98 0.255581280073766232008208993110997963467998299239490871489153157977650484815221535240327275108502188594648038756559472337694265347706508000943
PIV 0 99 0.04379928085776332310224915741080893961466372842143762712573956374795419583638105284328369586530891472839737527403161577179717202779347275768
PIV 0 100 1.166198085378139600799166543688648081612956545356999240894846574204226015873607385245922501205338152189783546596291765488165599952549663271245
PIV 0 101 1.077579392429044773422225317536547732532635520719425157201391757036385156891120813245116881708643522657923701417302779944389574396453902116865
PIV 0 102 -1.01876664675547699764586265951153465370484134448737763429127466820635121455002337662434756342426793500167173850476026190897081135077195148003
PIV 0 103 0.53851985892356071472981987910723437543531259468455247050458953489760256628821113853350989012688325054614592942329353064026246160849123828309
PIV 0 104 0.30836345023757148173284266629321629089084635339783579134875987881234564087816026246836750142136913974100363651640394707586427762051211312337
PIV 0 105 1.26137901032431905973443404991725646606350083125906282189497036851530412073578911438665877680652629656041738295651466717170848685854806377471
PIV 0 106 0.32791354122654751748319429393314170807563848710041516198628838588120515948117937182921501232831915167969359904770698892441631415353695145299
PIV 0 107 0.78369669199653867839448384529852689105089178086074428968865493478859795792121518455227195740241236348770184417814932612028470975234276654448
PIV 0 108 0.8433525430013304740474835705176462441326086517943315962436983195471630446417351164694099674860675051856510185989825501190991317331357429802
PIV 0 109 0.9155913877282218627319456569106586608081982612040618397535879293495739745884493027862388978999724601231340235122845640110098351239431271381
PIV 0 110 -0.2381648779889612864201779209151965668714072461877769077059700359340807392835489188911268657608350631779098263693852495594441276854218471367
PIV 0 111 1.43598354796590670987057035972651397747232867927533925838235521384559704955732037575834809535808236818743250076174385078156358606078755227233
PIV 0 112 1.12086114923251133090201853220180554960251555474800673722893618414428063383687069063345913536467965871956233730448596259120111258306967431802
PIV 0 113 1.18424261986882678658320161242681922664443172096038483663727461300447282457183870176398527047073356027619081656280961550779273738015329900957
PIV 0 114 1.44923072610857997122590955363449510736895173725581145157479792161999191933549950498882149782917417900288971934376762998503189552745497983373
PIV 0 115 -0.3478205335742901577368530401320549369947975720233108797614187929240845678571887379398933867529300093605185327781858073780755660251467192074
PIV 0 116 1.60731310015292275651255817308146963592833783460725600630611604578014513055203286101960490263120356516865447219501563744694406754276713427821
PIV 0 117 1.35624575854140532747420197473703412441576117485672684324477191512902890920677645286963961728555437732501636371759235317823795221706965892066
PIV 0 118 0.90810269264993861000947516874489884125585506400178780619819350609356293509850677794082631397964416550689664611373790275313734001767622361119
PIV 0 119 0.69936564330670609312121200260281814647168991595098375910757461729985639103042408714326356022476378817192001268494628855802518131882821411563
PIV 0 120 1.51949330631778765966910160621270369159672352029101985153251347406150933344927050730641547282009158405447401547665714007456796159741746185878
PIV 0 121 1.03547782332132743583066142858347922191492608611894978016574339504737720555801261683097713162898509366341521281676668306088246949478429705234
PIV 0 122 1.62370486792864533523517717035660191132389988055303111171022887183508885456552600265037160674769642486562384129828237152191212788999140683001
PIV 0 123 0.2456252351815245587068653798163602505009916304453669874690837629494778398311379466762823389497815999775231426647786986314030624136962654551
PIV 0 124 0.8692567118666847041405454377769050807968359149127009338126771670376534414788882755276638160670540281572501857981163418673001846666266012896
PIV 0 125 1.49386441830938924070339950923605040941959527510117642030997429501522323965238691840380677671899319230117471520159554594116035706597153292129
PIV 0 126 0.9081791801008850207187498839662039486556194142195754840670362808393229941514348573282440855044253281321943063065818948787995010141933945962
PIV 0 127 1.32083242676837561347993321073526916862830121665652932437700504636652918216595457294449377689392570862570233876241074779088202238488542765346
PIV 0 128 1.14756566585081092624858696033230785333073382286040985242860307839619798569069832700690034917373124710047474570505924477072834223732125446706
PIV 0 129 1.2462336588535183538710081938151523781554428302775865325565564378899705641692877552102095406849921759869734456330714643781861365013126939795
PIV 0 130 1.09300334337447133468446761145469545806020199999472321831505954422597780162439166936843046054209756389546820937081772152799610845846294671752
PIV 0 131 1.0888368083471978120338734887031268107166492794341722781690351973579103100457880271439269286476551865710614381757091869546023143146148949444
PIV 0 132 0.3282799090574456117526427954409808631607302273225919744336947327262660999476069463873918002247573186800883814151018131965438271605073639650
PIV 0 133 1.1688152076133584525621714760875159465264370863424183880332358087952571142336288582577626322166279345384008460883883576105446760519730607237
PIV 0 134 1.1120136350121276848855223683301033215398896007077691709969758455307790623101624899953569808139887146963983809512864185131715952302678680350
PIV 0 135 1.2823444207776538193504916317749638568108003515670113537999042844790579204460220808170566844850326260245176985288302926844596110476123237495
PIV 0 136 0.8855494822483885203755057132382434546756424441154530108798930498029562679081682478845843437120589193042079864037459581063803154251539929763
PIV 0 137 1.28433619459858010099418556868115116167717845382884132054645321182970199885334957118691523847510854137053977201315529359990654509880434193627
PIV 0 138 1.64419680030344397712467161324973936188945632407994280390697224874502001460522269747291889717601328872490272462943577436081943327201557640733
PIV 0 139 0.6998752999263332891516352716170979698580223899375573248577531292472369783019585378328499246398186166802601244079875098789275241143194258412
PIV 0 140 1.16971769009408796052668804473457542046105413310254452806772658441156784770234677670100099955094728832859519966148292495124429521847521399681
PIV 0 141 1.21358285612724589474308874565079222713176236747074688525699807295474278090859385337006436664714541271500051604541082729455163155502023104702
PIV 0 142 1.0306630812068733421436541610067578791756253797407785246236030617554538349196389237729653976176273554831661476626573395234373741089392266702
PIV 0 143 1.63516489821833876120270821707275755344361690180671593381456604308092163452148872988758622496606167560453051762935378604688751917559121018124
PIV 0 144 1.23231810568051969792563450759919203284777361022442502311614853897100959716433055266091795566435886892427991337025676661127341519600841422564
PIV 0 145 0.6020320215808874520666980535356480302562300718302796333234321934950947769712002612652391155521435141529165492874450480239769199897004860055
PIV 0 146 1.4660548443967506748994760362221623688716269925524163803722315982734977673908032272452153772452722893139092606216981366773795604137839914098
PIV 0 147 1.3007978254182071368844200014363819550705803691060417856952809330413335191562560500862055826977270501441728407118147715360945852233545418821
PIV 0 148 1.0583734603128336910983383747569172005832495802288443011057525841570050095436454019217860639181518765078068655323083109730611680674686567599
PIV 0 149 1.48089435607985403725505665748529367661993509712453914513260702287594297071065181401020126276968440091965443601012927681459223617327178887277
PIV 0 150 0.7421161917407366645044807183217645604191050860346792873544856758643076127092444551226405484598213102393815362999633694009702056629213602916
PIV 0 151 1.6011262402768083779300306838721757416836040691939591630971184832680329197505932008004882349795397355002889570677365853213458723666349016957
PIV 0 152 1.46304644700472974826925846203992068918950195254827661266865974209425747735923318903097781630365263783520990889380075042035695163065838398538
PIV 0 153 0.6638584067540730136699767981779013736905368095075668283652746541250552526942134979460985481267472941064848324284261513439830141577986998864
PIV 0 154 1.4717005060843741608159447424799296228724837382450898700398851546637548468260709256665105563388440458736206555559257670742053926070412700576
PIV 0 155 1.40981292357179683223627573813880167013883119464662767361568906182992688164054272711408719925342255577718063117306813397977599965571584956756
PIV 0 156 1.1678360453584248383223020792334996124895765666348666148232932600538055863488714971566436686604836266748638771590646032301712359532528007326
PIV 0 157 0.4387819118903736906235368528180041991036795882701327629848123691476477331978005928226525530586494635103974574679426349536087042150696882768
PIV 0 158 1.3620903387854393232075874934751974546841554258049483033792015202300224991705197690016714527416270048711509332758417505193782548853167466790
PIV 0 159 1.41926637655441520847280689729202293220665509741559460615461692900974458628574442180154815456049704596218218674675073822862435594337521225719
PIV 0 160 1.69114007696046205524449178404190831123152278456009367484434627998225702649518274651407690106619877749473049921869191798480692109975744132344
PIV 0 161 0.59539252735327826532596374751398292109578870007857816779641420339914215052549687485343023166019581071833963378644588083835069347398634408398
PIV 0 162 1.34560920614974987706660900324401744727677576810675409689393876599919380378748353983483506026535309435807287990048685303883131019410731969041
PIV 0 163 1.0074771524117852721032258078297208605031634117520063997890896166931954911946217260487026630523488679682351301168238615637578134936560963114
PIV 0 164 1.60067134202316962945054548760447915377641165903427698281327854262896683595740621974911955645619233512443992916510616610527843556644288868318
PIV 0 165 1.33001802354888106617079490090298742727636311100605517404808174592239468235541926867136003298438335588544242767486718329022356822820950413716
PIV 0 166 0.7873939415310267603941995116487536633344467487320874783001348252806261329420950847389940652379577900347175326581455422743890114407884733747
PIV 0 167 1.5667920788421186864545606190202859506213982977176682701479528062180647442383941290100711400081331568231499475272350970108248425872843616661
PIV 0 168 1.3330965002437780602116653150306291220980718796206494984408288136024496327967833190681884975333529372186407873389645708317574606072888534596
PIV 0 169 1.4031556988266247063523370003647742483756149370791209499913855641244775934629879411770612176934381911393814671823040390929880074310605290144
PIV 0 170 1.1242024761023532392691407039713566086082075940942995946683986393641290179316201341363192983951627520211287211486031886662483961432093170396
PIV 0 171 1.42015630787349073803954354960759067437620397995047311963712296404885593769486822039891809477024066210274145902822521318145182363309094313908
PIV 0 172 1.24392536401661584291579657592688413021655837120409488284502219712286529299722268622465481318606744432728334180234830064415829982407335525263
PIV 0 173 1.71572255541948455834229021549747980990653563272186837918246248860526648788494481145881050586490557132563770764890934530501664216300262160249
PIV 0 174 0.0970137239290197286172142047560444304626409285464151493330458165143348332334304729372954330108401090226397160505840620305991955568730999333
PIV 0 175 1.70239286384147208199274500445365810859766523485649283655104998762511210913650998302122675894056045714322002819044768611125462195993136964229
PIV 0 176 1.5108373803792575070502333253498648747471768715516543524307777635380508037238971851592368241290127201216286507567065214581177403461743551817
PIV 0 177 0.9441955002865925835128410039139328336697069390423460949253605554343806144897215394003398986900623019954011565676310358265141315105936702290
PIV 0 178 1.3328242401595528177895046723478895908784197281188857999049519332959279030821741389213967166381222053932755900431471280700164533483621601086
PIV 0 179 1.1526465621897443240993551413996877365397341003322389523667361320519719903530776368699720050271790001357947928713887504821658546410492422926
PIV 0 180 1.44082215561919501839441759801002295554581384552907334606155700699919699972369842842572755622756899291745837462099789155252769869578286624021
PIV 0 181 1.6060064400182796044770281787524136855594443792482348823305381679931734791800076157075733755541601917985729315453473957071161467119931465939
PIV 0 182 1.37254294313519074631292465987228091484741850427091642620209000505920438223015046754728862732969377724141628299141002617915791751186476361737
PIV 0 183 0.7388291302920768201059001689303011612306946709582263056698360815016753015629414630420706430309876778603681434591938059763606706840241671700
PIV 0 184 1.68509830854431530711177417202207966017077927996216271843008767977378265418815399649438814042664836895725575688435618775131416925030299824748
PIV 0 185 1.10792788049526723901176896464069818123604846450120568602524441954526920458136099958432346060266851205500677211028491458720171911456034735707
PIV 0 186 1.4691238558020485433993769141042295011547789073833776372798551259875884726624838425218581600585429414139173276958239726985494845348212191644
PIV 0 187 1.0772453427919413541637636730062394116455064884148625972750167583384705461948548602493605454274755915112114938186064894896984788318525910204
PIV 0 188 1.27711257194989367442325425703951920921120489238806789623597167886538184520075693625962025655238410278196405236914342190291933303315268057517
PIV 0 189 1.5234163708056972274873102977743175561810889740253274274221784569020706157959530801004200615075035292921032968003463171577545041034285938626
PIV 0 190 1.1933821390349829672850217807228673758364878689947153992074464356681222213793611012023038339534241108177108813863893799703910610386919764691
PIV 0 191 1.2642447506139983325293396971071730458120321293591732895654022780183338600930545114109619959648831103545760460962414865275790437977023649641
PIV 0 192 1.3490271434944779567497202892909594487847999510593620271320076293949023627472009584895889669507048278671846362351880280986491362266170768252
PIV 0 193 1.48813540735525347591167208724194546044259712281408254732005053632824925350572801025256754207969390643253847076588516514722004696648093258249
PIV 0 194 1.34831112434738394152056460044618835410126683920984614693456086297279304624060957508275148519598344231897880652384386305307424794136561117039
PIV 0 195 0.855180504776713115228687429566534804309524269583467392262643940756101987393626105936839880680333215989176876430606369397059242459198979242
PIV 0 196 1.0503430532951117163801096898309808823908553801723808385140988040659599250250406539398835336840795265031973356100301392500947364349384505706
PIV 0 197 1.7075578474479212708349027872847166490345940046936882818182356126241402989462018789087786007408458440490053244723065159654707270981036342452
PIV 0 198 1.3252297905665090257059104506418449422886974928183038707529557294941690189668408675303899840045881377488989888343046149094919602649795563606
PIV 0 199 1.4898375695553842909980536377437239591126249610019165548694519903395961894756700372493903753410365629758947595444189041956642034755815005561
PIV 0 200 1.2336018455985495382953864025064227067577634160428541096950907844223195903189794682773998972416413687826987751670823774102951438014974045808
PD 1 1
PIV 1 0 -7.270083665187731767681717887355773303526948887951055686976345857427302187247886742683427408159235370406105385812743928687427451445362471624379556921981455676764396022644998819878622200587638148008941758178120717880684886
PIV 1 1 -13.37667374880113911872795778994395680598429427080239875476528611301003997904532696375952496139764515269671844676951721076556634289332153843594056172041108584672805683676186658042924663097207576273713068652189119421374101
PIV 1 2 -18.43124046246966593660913954891011751657976061877330921975660317882057407184977674643579259343650966219127487085913453330513528093312525194496909015125148254773079053472205187225520145366526251785621649835825461733401019
PIV 1 3 -21.65933210749236058565225610279323623739091660762949964971603113681134170590733389205695005173097006717749345496305918038672417810046185126457339084259217161864474468617140937858323141546443927403415824596855687225431826
PIV 1 4 -23.34559634487803006129290311296914287606916965524850053818617758772159542092826787561732731611898753744501018403356548122111623337329591510712847036900716508050146392037394788649344434202744529631738162127813695251596171
PIV 1 5 -23.67135486307580576515502193465737098126494598198576405596694166113265051845463192110333096927490423882187876443147636773029608550218507661637720586249555267140981579641553673653739843720331475031074682815625707230986999
PIV 1 6 -24.47559457760900887193078212619900234470844824188011669160729811265046941644639834794757545615093582240397411831763617535469215860507244133784167830613304042605453020772762654970327207161752182958585325923730183324375139
PIV 1 7 -27.59568925072240971438811190144918846505591524636691227039824568928526077487614750696716475835994460620214349199831084571951442336731445416218370705197270309177073768050034643248180388456265840868143661162931729101378287
PIV 1 8 -27.68443938579383656278537296531317854704960688894670901189495525542543013071768657772361132514310947167946065738605815387761935371188258188562027654771721140478860403269471627308210708841793464697945453678264839929522732
PIV 1 9 -25.05143684570232290158871980151991914804869383742864965925548510827019322784143453786045928872624756385214167420115930230768715710132429460735851834850423878355345469223076177532964252522948851276234113269562171249843926
PIV 1 10 -28.34702405408073832915929548691188920745137419696234069667013153627355171242070090607363775948058877028380891790045224175894588154134397354152390363865304346869006854064945448526813610331982948286348228421526740703285752
PIV 1 11 -27.98743423045129468068604240906739299977398980012696831749642791713090534370200704790486222280734980041003479782699672993378549685428861353218108356177524757946090529149078064770753056106249112011834915086161371989709631
PIV 1 12 -30.11780923880949738208424723476313210916197811125259661327233236654449382619713227180633450925570302387041467249340882774732821221043279678714090344464049812390574714515705704584140881954370452695137598091356501988421079
PIV 1 13 -27.57404281700224353667415410547019588292722939919753108500387545263946158966939457022317827951351935106975586891259038816487132232445316468202444800740518932809709721487667147847749098991350585795713715069614333818629658
PIV 1 14 -28.00513801533192808026734785216208268233432243149723308591960643503238623587246390533589440798338466956880855527768501195809342137522213420373476306871614885704738783512520264596442251049994830182104951976384959198682788
PIV 1 15 -29.48701103700934325174083687266778144948756207938594614093283073608515624834365181479584038241398430204142534269095881343626340124601967621391004804525909816967312166398440822870091173202100470493851589801642882491551811
PIV 1 16 -29.83485640145559624520256788993758402830240132096923563021980368636498444223900615819053155199381878745101009500394861061509320104796232647427742440192973390081456879475460654755630175113256956776992542314828880792621061
PIV 1 17 -28.37990286797349765857517109093073236103508013573537458222228973670214339655389787223702856937799330984663556245998428086301261526557637451727881250008309515673486935996241798730306635555352951012443956922467077355240881
PIV 1 18 -26.28706950231522351736021465723807471135344960885037937704648285953324198227515058055120593873401833884884994132589747483744837853448682782536059908826874740216338769413257197391413411486394203922503338841017912128954218
PIV 1 19 -27.43696889999180909610687157154028199176796366377444608358459836417100319179263165091758708790011094238595638446182360273243576773433687023273301045035972268487591268839468102237150317495683281661554780800162506579450342
PIV 1 20 -29.78802316501420383214426711521360998782947928751222406844238041666865191603434239382271254241881711982864792831547875389458169787615607709549964293140712717308301515508013296495524286978624682771947172884519440227142185
PIV 1 21 -28.39482244843751910710303014935131029735458012693470650511033282505740772200618125129068449265754915779180229955723072145920234264263888524870389313056693853159991292532044613338312262118857906702165996137139556791352297
PIV 1 22 -25.54546378980993944935492640986321400017205381752647192303015552080396156135642060359629143786652153489535503989766203989448870487415543407426304658498674441240378619610373166292839095333953006060157654329165066716722731
PIV 1 23 -27.61410602252346833581818888501208310665060034539212383362307983353100258189835189710066212158079713300917537391548149666002219758300702737048886331390247262447459632685754481081383732589340405409137020494927362055388711
PIV 1 24 -25.60487942138170997144414012144378639214763433939609671943977222594721569272945740405885319766481149128306082297384751232523029571142289675136349903347974084031391555329353967050499215621566215892461436913828047384765469
PIV 1 25 -27.09523391838057887167740773742307178042239144245663664265813857622115551444704798928725765284800030611351533900979429206662344823695134187232055033571883923732415170521655822476776828161010594965704786724096409936835583
PIV 1 26 -26.07732263282127264945607276096554160299618928683696329011253723017307595461259305209761093575321766142691671415774062551800912344726332404508509125347261703459821277592930385366535907269541911165510404767486529188409710
PIV 1 27 -23.13980494107933379414809827553792004836317181471022607941402925587625204338438284183348825304771797855840182289078132313813244070534440090011187236695188177826670873781734462719163978818390170902058780682090793860052503
PIV 1 28 -26.32509668954940214103417927186869653526346894458261233733793983245769923526273047934718726105334995245411783317495527061072122002681922028875834105083367601464590263922235374940096445144680332202009040337610089235233092
PIV 1 29 -26.65612212674250699573564238753857279449954154216745273800748065628061302569974843620737633945694512766112683036928840446300246628826368137724331099336188861222248116661464669727410014063055798420978446137763418397867029
PIV 1 30 -23.92769510886118002489606590546856894911762894613101066354743071919052847409301838913522120053027161592142985204072499559289493396453105359950762691176977930023407909291174275680939410638011859875194476867957780671991245
PIV 1 31 -23.94252958124964579807205456659354481300650709634696312624849793818204790075050754995621814275075978762845468684632262037454918911621365088663585732707812205887505309961948026874540483238607202351756224994175408896778152
PIV 1 32 -23.74810018391764395147180349551405830457870181265248542518393788163505899742511721696411184968699164077505708768117622027327701443925089278027790033964167997254278954722518663579467745760469440458622620025198416679707624
PIV 1 33 -22.83909162210859652376975822504285477108470415314132120374645585342001692224963010182226531687493220676802888442781439439028096937003708386730095435238765373013625110069762087392988783871309836880507301567403650568931306
PIV 1 34 -23.98538333210802195952390843299639272418649169141835671104625446292281508781677624598952587507623492716976834161785407311025453629552086400554667930886958463527461479261117501084916949522746305196990609153668370654208915
PIV 1 35 -20.57879245415089737546618140343238998415155566693487097946509367986545101865731692994168164502318175532955782641255171980805930374314681360371427059580467036423317835664225643997244491044294169619558301238252027010242351
PIV 1 36 -21.20484173752615957360611403714328930239916595106608802165201883033155497979424159316228247225066219168672059590642317154822520942513322069351076485517880627362921568568357409801967072529876402468952664135628737150554848
PIV 1 37 -22.73925482083376544899342364273085143999144120429407209525823176970127431702868500302523225904197396919223167381112474041939851159371421322377306969246626116422088601903908381693254246135380790324969091148438454868710331
PIV 1 38 -19.23127916695876609036735061454170829463100222624359058684207512724279777216997691940813138687206978449090714103969168533151354908804981121091065237867468884741275622543377414006413525684417984901782529484212565898173789
PIV 1 39 -20.34787169713143887871217236454364969200408196711701531652474368660007077615117835363247306191315682783798921926491391908519645454052947949323917603069031499145759927761170482203367938398464358686753024854009747105240837
PIV 1 40 -14.75947374149707254941732875684098579317294726086205584726193738286171812491192750684713468637031165548705506225855847092322060204277258164285149048842192454442575704765232327841302906194126686301239895144853747173660104
PIV 1 41 -19.55578687946330429384326097873964316469703731960914976746014848886700000643240174976176624673777121222368451939688458455691267110190699315036271179273793317890629607725090091116707200157658082374232479335572635771677500
PIV 1 42 -19.13112433615278877130662931023466999180231736708020015269996825456463549319999587216697352869798070688794834924800894628533312564904633374077729970131533422304234592434056236599877787392816941625661889559074890330763395
PIV 1 43 -17.35561576070326355636595440241216058104637024464057534459305229772710900425982296871809106800358379993976682617384206260657990735517598219044729483018154504598994987340664108079355198022666963539160194230985672550002400
PIV 1 44 -14.21350685766586902512369592619975598239987349641082852783734166534388012885532590933365016927227234939364411378103571723329308115443125108459191266502176864408492742441497947997035781519481498868015810536536259337245424
PIV 1 45 -17.40255866177725752901176472479369572159731579738699866819198153004253317114874077194533478830093883434842095625275770675026620169923105893071357277694616632226136972066337904101130921322218588779692129754752627424259172
PIV 1 46 -17.94169637301034946245051091248711367993111814626891231681654419978095146700932397706225124550585685146327047431194145238400345704621890361166408959741169438612780616587926071238135163605812190668287890141889184537841954
PIV 1 47 -17.88353984049934825562484836135763357330919104179996719361389810142188457987667575475109165199365304370000265757891199701577847818924969683070332118574561575718488949229218909000956459622862919500803570748522922960170616
PIV 1 48 -16.12255599885080795430078886726251052313974084349537014692713101471628865307183141090429296112686806534700207034497531990113981426583592557087898852849123951329994078514800315577639802021066969381656846344954577609797163
PIV 1 49 -14.46174450089405083013962859893206766209270980768509992399888460025388109962813429754695432932951283839168170492924053965637049390804671261374450674023886261328796594791084598581804432513946418630574985023362482740217903
PIV 1 50 -16.51647489764928970804581553072273029808578313977670273451281320521309766272476466352549553622345193514224218291563855993575802719763277155409224800674498670227008736155963061950603603566612931551276003894837813967709740
PIV 1 51 -8.95946483432065174280167284714731965926177730603673624639212313507260616825754627792333588447997665075613596344717497814003615657800426847393638979174248973610756475328610738268695094655176450820672925791045029251912634
PIV 1 52 -14.272005744923939551442538014187102638319231294814163962110839739233555674727195530584723046230376666127410165484915027855061587271456715953295059360009921754695267339817586254223246018928491066977797709018290618431192
PIV 1 53 -13.725213543635056656012147420825327027187520800808662319189669620290671265004316277075278387271709785489086307403875660697541871429727827606471657762470201628302008108480402807765606640212427186742502643454034247335
PIV 1 54 -14.0297778483943948589713152754160360047118551991853580131223925739181623119557579390157851567784492819964489297487357987229984722693690825949199324863306326970432633658316924446089865844308233298555956441643029720
PIV 1 55 -12.70654832006137698405383123012629405851172727139076529923462276907985828453308490045180442199169005697574447761135161805017508163847142041478192329160504365856672330633016644550318986925385880859327085963728234
PIV 1 56 -9.67328544500034603498754915245948451011112396608183115116090692027367658483341680288919858398349772676423635236511552150950418506413623379414976450183199468107781366972163764876100451608342423740944059796420
PIV 1 57 -9.548942943574138938961769976226897275885735716073069047724705887802667923715037447438890770598842101931947564634434073185650723778234583159470787786876256499468983970602407756091093565515850432847914665604
PIV 1 58 -13.214567316473468524333442107238466283600876709276607591434168686774501128927961518937679959716711183865793186902787455294377720506260996454016428130490612343606545853859296885929349466743245346798481004
PIV 1 59 -10.8028946635054716751089217964766012066523140107660365929128539668707325957593204132699540704877997052399077142869683301887024086378782290691965488561792349518201611856430066306495050798075596260043277
PIV 1 60 -9.05213407703667100944910828714992535740167031562437567398423083022864893684675687626259461521519355558119944559173435712770930895095856841068154957631670457087269868118833084780359275824902436924824
PIV 1 61 -10.53831190505109847395921315476397350458354548321574044850654350536869990552338412807999879287599025876100915978023165629466471525581768081823876138467039212660765223661122590487811031367305315170
PIV 1 62 -8.146080976578575737268253037747449805986688885609438069709416212052680096324872066321448809176053790809286509270669642494525178075555717835812340920569616608610300511470291170410070389178221801
PIV 1 63 -12.128271315962536885240563015277001639220287157408597849642787795442072047914013308895650397989326822326372126353661111922090208715922920247336438438634264792275129961767762160497339270475509
PIV 1 64 -8.34397099192756361646969848388330526610198123883352953620084195325535212092311860630689638960641870629700115506224413742375401295856234917867245214166307534541167638136214063377102245701787
PIV 1 65 -6.262399593793513236693779342795109819207589711872186311203851859294124049603262309317285064983614159525492382978861823305171687561891351349939794020083993935523837471010876682794132444016
PIV 1 66 -6.066156983390050491795764717372458885981675950045614295537161770198580071827032188787402911230626130256015366977111200936798928782223246578515235081203174994346487922715032912577433981
PIV 1 67 -9.19880536192017650775204513249090808776187160845088415964176198442931053085822541403049877214384700417011516713879997167876225472175642913693962953086228047630863304913516428662237244
PIV 1 68 -4.767863049563643986992377903574450073568159665446244595125732172177046443016614258853043453372592366355235870036872638019842184869793128078863501137185717440291199095723603322561701
PIV 1 69 -6.2349384693448779590718271467363256940382786273618689206985593927448645408576598925040187142784679570066345352108177718126298822298194725877925667894817860165174994707883866885439
PIV 1 70 -5.73972612916701372258880775394485228962324038925528929714764213427511302184812379500030810670671572596875429093268065411711784530876963385290053066509139950157980639057772971966
PIV 1 71 -7.752071300473993630925548044305635028350582453339465357153717229643967085631081605091445114500855218549383881730575498761637924225488921179363716490681950463621173316783744804
PIV 1 72 -5.03934050716340220130534071629884616755037018512032129856208017483642138276043704724503121361892165849581956399032555679714380210685029905607151338725590994138595639813926597
PIV 1 73 -2.109242244347776864853471278752926173838092766576181993669306301507705429176885575918927529319738945126858516625242253069353967468566104145536803087814494453366483311216238
PIV 1 74 -4.92284239735410903687229910021424188606369491656980222612678660639407309531389950767820835926906389668682116898786783216700472980654453502932004146992479338284586498345810
PIV 1 75 -4.926353270577415260141129376805810923303652040221777261605054813186029804494792260682773409224053749153442337960286337519967022212939259896046436299020699566135671318671
PIV 1 76 -5.7477903916321991698230780165007560742077256155204629319073196507145426739848704368675510585665388413929043005109362104097303074926297521260353055966463108143671614749
PIV 1 77 -4.38235035992688339673210871404148858384842719408902559322822282598277752088141520551346658617289267880102767632177599282426762524221323559149222535788474319388724545
PIV 1 78 -2.1222428254590817091703893587039063948924459045919560235643737692965854005343419373209506920519551922680698471780871156831776789480807514031759190794454202969934979
PIV 1 79 -4.861336125177393107769665369279410789605504468070442422224209832614161756125089670345277515497273218238526341796341666655569601964704498373069987599319806234920185
PIV 1 80 -4.9309658690974389324685860595861230790300181021113589182425434974848276473715317894795751442140538687672734585377077881303301759400466242555802911702771385115913
PIV 1 81 -0.4435095104699089377922568312040128050646842925895198707263965423931741971234439218742880577348370722386787068104449916869891865284876078247785327644094371474530
PIV 1 82 -2.17245812048493536562297438035021643711363783364139635501912301676796024525290725396454254678637117117777563408331914238864486215237021685178831590304219195975
PIV 1 83 -1.2437890451700059182793099253022192792215358351525584350422545015280735566362662161989602349420085771317135320003311352459153245446979309663435693944652383108
PIV 1 84 -3.305923688983256180689901718685081720781774193942130692003694878207097092922491288472187647448569619711773958924143766818465503046367223915391437421155317832
PIV 1 85 -5.2301781776851812913089747243828335350526660735437083798494094049812175474668646965636700476953844635254017624343258534968721451131218286714705099695339565
PIV 1 86 1.06763423351841648300239007551556485599462918060524267354932377152995154352982793329612778219165833954962471310498859746196713678368032513168453252080799145
PIV 1 87 -1.0134103865559713430674108114627835077354716050662880141665287093724556487514592835607374133593473764896310150244438430608320532045489574751847575245267727
PIV 1 88 -3.25706519858732816347607114509898214534282575279252340656280637916953461618235198156288289144314696463433635594833600794205177359285294348016923136992992
PIV 1 89 1.152525930890676790165275682151145833450661035497874400228369775046507968697262695705058711179753352210033871615793884340657322291121947651721430560682764
PIV 1 90 -1.3228155411275381508683074301931053779987341033302388163768833894766401241096546231754811056665988679175044973515440026719160482263129362704414857897917
PIV 1 91 -0.3985029283901490362934528672103786960604469540574578883663064142166341054787815238267808068636866374783104117210106592764772476318065718164882732335453
PIV 1 92 -0.0116839283531794251629069144031290049804451543611515824188730503636376213416242680342420166273063706027114934013546182881437310392242694614040810409846
PIV 1 93 -2.41693124931469557674983052840745897141197085197920129988831965378853556635762596890870571677297590076526517784129486472036639428754237405359007737209
PIV 1 94 0.999167341080452803543757959201510603699993644466405911594369133664031128704736125467055409717160702185751056004022565801874100871436552053551053517001
PIV 1 95 1.210245519313101933270428898537982724508154077167699648098104556612801039431013718432619592087246544245622474357416031564479153038114544862520160302950
PIV 1 96 -0.71302960497764354383943982688902185655868009333333076121934343053270491102165584271175241868983394084829562949831130013187475592695905195363200933159
PIV 1 97 0.39910087021581158094220646763673668788685685862341974409797254427325338640660167424568782211415978565652241334726278464742798096454228337770430323739
PIV 1 98 0.1799378589265497141097825827159808724342486339622716455821466441630101023802634267153398035816760940621747077131574711890283559696433198749449593766
PIV 1 99 1.16936803977811250511946555704785660066557303723193692243789015940749464761697445954559632360303961054079789994621115813033990749646411489423598662852
PIV 1 100 1.10855038990958009999600371129570358854654636119528135398815102988955989499338427605348784944451051716460987648664042096730334349846758566515372350822
PIV 1 101 -0.8448778095091679022333176741137061243050692283689551719519796364738468003381787183002723531111380530943679004098711129431180452566516180064494983732
PIV 1 102 0.685620167655249109393003459015115421085952971499677858055156492433003514519509621616070954742914002113924894511642086348205099900421056599677794464
PIV 1 103 0.308150167178969234319679957540225580307369010782114945717143970791148328460706496177891418676608714383924179709341640700460183717551448957713631688
PIV 1 104 1.2740768046069976215703278154682108412917963421862131453672551862715593334947056031100989166556531357834982096639840726729300752147090573976363039615
PIV 1 105 0.3549235910779196885129051933722489498589163266269849686480243952337910144525060135968519053685403384726936966009191715289799195355879587006011746190
PIV 1 106 0.8458534351105251978956184175213160599045806351957732306801182680986346360152228851092732907259792527427263486972650738411342790152653886182875848060
PIV 1 107 0.923243150916383288901912198341191235977010900960604328774697058681895909894764951480942671902396367171338697767118679744504293293594747566399837525
PIV 1 108 0.948580595040965309857445635897623077976670031242583744696527039811086415324097285812315676895164044815739682609195080479395463320939835775926683640
PIV 1 109 -0.239380212817652011744114045184364399859387302314723383770009059362700161598590240437326519390587108267928008465344410822198584502632273728463461921
PIV 1 110 1.4358432311675377807355594422322778621561946938283686012516550684120238301728955409576280317775621025490183565939291594359359390858463813702852719407
PIV 1 111 1.1245938964093194262615408140227811825691262962020241079403223286847287410903787929902331613063489837035649405231659395957867375053166314797136598983
PIV 1 112 1.1954195747401255318565090605464014596399280811113823715753240418896544409240744030316799459055327624678327587790118060048957330782415122449226310825
PIV 1 113 1.4564073156582699764777286506237885596465127900456518388841479140648954646940862947653037298895264544778353190299884768389899698546672878952732303384
PIV 1 114 -0.336744785074441041291343687198180688368118210757395728875949241411765877611971251833698807704516038379621967665905171938670596825377592117248012536
PIV 1 115 1.6088856404944699304952275413865218021559617440686467627936125513369018911805746167217018281059651062519532848723065309786655077492309554686627778325
PIV 1 116 1.3561718952843785814971497270344937195775043937966787194754883526073452696028533527172923770081365323061023495975148743001199213338629996489183383452
PIV 1 117 0.9104943212211850431118108650529476948314754768405185511131951686551010554307106300576440953831647828954200431315289579083744501133402152430460889202
PIV 1 118 0.714613734726160915345145831450458731153290917309833984602441296365922164249152717656779036565737553869709518839784900901788949774985743919583371698
PIV 1 119 1.5283741700578283064534404785479365301951244819680133266668926695131905495637597871672884677438203981557932653665923468695477456480765566423503566202
PIV 1 120 1.0391906611445650995672674309693105202809232823102841367695932010934852818466292236962791127185348529945789460321632295863283086292503648785809388730
PIV 1 121 1.6303760095735386596950788124907983781695647807116040465054126886943535517361557428310570838501112053087101963159533678766328346874004145595221376109
PIV 1 122 0.2760857840109985102201599464953101041660305883336723354974664626791558292246387253035849515209366646805886412226876570719144540046009287421765865024
PIV 1 123 0.892164763025584333665706083836972607456666270835539665657114112481095856657351157924107430256972546074089237945336913697911405967416523666369591627
PIV 1 124 1.500079342511135252467171125723882642414624586989432480534975955752885700702350599392460182252613108244857240523599329972194043383495322325060625136
PIV 1 125 0.9097924066864810275112340008734352395995112264307180065109677285606983401843208017171725849533300832951989993606245983642030758469633867355136772206
PIV 1 126 1.3202669086118757971543286219987917657526121214114502894039137933546388017058085390094854723117407898911216634194340207857015040509896277290787286210
PIV 1 127 1.1469899714016523906305403021334627281978095652445516616602102855668070670605112524820614044832613433632257961531396658764167887034181237934800327572
PIV 1 128 1.245968766363288336874832384338581065542707478522568702615991875906444730354919188044015720438694776040783192124842350882368294113154657488705596865
PIV 1 129 1.0942987832476982522661036134319296318470229540037569365331036929668237742623249166479389626243758633148873513197517509362758110784479448192254312030
PIV 1 130 1.099364546893049138887453758072550762298909366336691712771587809033775777082740206443020963321854405164278813300868746698608072670947080314097409449
PIV 1 131 0.326934962724477355692516401015244094711898803549522818036949583545875209586162240794664342080499724258317257443185058648536339393186850072119190783
PIV 1 132 1.176605362028421600910245786644919056095834069271757261738809394533389158687407933197963744317322284869152040918660093964394788554273213310371942023
PIV 1 133 1.119530075845774674308971423881541706296662763394780109497315138291158460563055524062786079349881015149250720456915833180494515447643117073582775443
PIV 1 134 1.285783870096992636275972241474442916024175432379699249665043461497245978408660755157576185220382431493607036582186863646951559861462261949121557379
PIV 1 135 0.886023048499501342262611157029962528697102900139386773920453994702839030852563597601025228379602284126760263598544082183186429717344205873207506279
PIV 1 136 1.2850354279841397001888344423429347512670051341127026021096954303824983840489785957755433500884057290592837057819191735967082543115710088158907947798
PIV 1 137 1.6455909516305494353806043901596044577480727327809739998423415947467393459459680277052472987109688089717335278267334764178468764351372095025657865454
PIV 1 138 0.699150869560452824148125796772069585734682705470489374625717853159224121183585163769713217105020522367170457714478022141321831495870651145602191276
PIV 1 139 1.170296932000108148543847974589313070285546497380377004329659589083883542210631225462441634195227912918557507893517574959598230798583333244905812244
PIV 1 140 1.2147385355824143987207957663926180369814632245831121676135430323870221974991589675299683789080789954486471551073862105218186499401187696996575572511
PIV 1 141 1.045118599652728133466272910478339515489008052903626370386951536007928093417676211895951816649325218488587005716837805532644693509384661054640655519
PIV 1 142 1.6354888174026166665902754745334365568647046417552604743744087912308102834781594438833341074319621730600967148404639894618061487450328186417126724110
PIV 1 143 1.2367177766935672599097936327599325675263056289754225148159310800282019762275628690293494875445733738302181344897076144139052951253743624981658705132
PIV 1 144 0.600861970279109603340718176402222229910409306126824263225910947412543129418805450441867729086533590622983699441451409943339585332866319690325252981
PIV 1 145 1.469740225077738578944899848393673956345179173734367098522560147791847376476161307462309527149451884397993162992810959337990895660333070568869729000
PIV 1 146 1.305101111824027508663415146765707124212437811561342997029464787787578625330938260480767237430662068082493785205484573087557960358612783617850769400
PIV 1 147 1.062504544187827053092218334792353049257461916342776345220367770631396414503377243476484501650006166297882462597840407580646962931452008307495099172
PIV 1 148 1.4837001054539759503455497183601705124538166047757412188294566778330067982001194364465658030297604207709963325503465685951910868974101942817697011892
PIV 1 149 0.749142630489478629169615925322133363113996255929056004502894874358459990250675758446790138991446156980724552158240909731301637768593224777910334079
PIV 1 150 1.602612497745787337632733725314973049039831717651661786466020308479621260160968957627560268659427231685261361254444229957482998704612376511212276865
PIV 1 151 1.4638784649358549270034651758297139011764046199197131833852134375940069663808909313637608770545558186768536778628750363125681765977274583213861491988
PIV 1 152 0.668954862263678400288246957582516042969560380804916314757346527906018049331242001019480294327594139335712400381953621700369610741033376917869999905
PIV 1 153 1.4734736962627288175291610269722523620534805597420539708015015062295585294134374761899098170316396774774481278343835585819256620669217289544245492505
PIV 1 154 1.409075135566523500474077616406516441591001814710983342140000856683445219028444698418466450762603655733884084490259948314746896805559980879988259581
PIV 1 155 1.167904695178248664377940721149671242839091405390923607060028018123343636205547442844283578850225899399352651863284510781787889665630065447759571211
PIV 1 156 0.442933134183446868272709131537060502546503380490313471812011974635284952120374848689659875878114441678337507084713522475900338268175347101748247442
PIV 1 157 1.361833441604406121384329972258574868468911789998814094968346223136819304645531040499574638391475184414863422338357798731126166449081226500928357396
PIV 1 158 1.419302708149712047558114863125599342853539991729120381117931353503761118751562587938651746293720575627821350904817140151180938020208255693660235317
PIV 1 159 1.6922858466951664299948026113926488439429373077576768395326094577629764397565231011570565250473374986089857290410500693253639926783999858733659313928
PIV 1 160 0.596954289989972803595774982311979847603032651756983146011372059335535927431673847469292034682803092682991432331368775823238784530304562504145865388
PIV 1 161 1.3480492581294173371404634833353519186277610354608906064917567892131733882239660308663028604607057611696723302832222772764554772588065664445843080395
PIV 1 162 1.019437795046176861178534765536984350324061384916103316833515524245350854195733037802870463896174885424565106617044533865087192472698483939510017496
PIV 1 163 1.6038801574535644644966946950218720687802669665247328294983176554107145450979783504970676865718311093896980284523877506483726751192687465224241915011
PIV 1 164 1.334303759288294587548654355623819060175921666939754685244556732905830132693315583986835510320589096949175170542913487040988701383067078791242160935
PIV 1 165 0.795619101920610959753837644888955465034155651909152147628055452292896340617049130720315021413709743933358819556014941142343788162706234929812031150
PIV 1 166 1.567722799863597636605618903069052521583594418608911856508792478307056020833437814644233687312192710305140754711308689129021676138598706265965640146
PIV 1 167 1.336160040304971290127549424475401567996237509619908271756641382152971558529393186714175733937131124695614763726255363919099348197067306251420525797
PIV 1 168 1.4052383110224711276161773727976985164875066211951938788150599101328214616995011329674241069197366340067859199659661154439089055349057242072138177702
PIV 1 169 1.127439219420327217606667993013032886090024170196529800070081366651762960486362152116341198225547418543332208826098239199411563091636449726197396958
PIV 1 170 1.4219967271160212095096101103702747745798561929415551362126748230783159984703968286528332172091078540122343525392109628868956149133875341404479396565
PIV 1 171 1.245253925313822233714510306376340725825277626301249172734312440595860540556539601288812704880995605523293877444053352965007556707421146477961635773
PIV 1 172 1.7155576861095342595789752483537702560467801095692983725933765484025714421838480931888936401503269104955440991394140590765658629974207917955314527117
PIV 1 173 0.093588194556632732163222374226594476285990223067391475017183566797728723314023497722097578550460938619519767290770601690207417371128336369983272341
PIV 1 174 1.7025406007674478998518772647216339002338737201086712762073264456791231516110066783095831265998608609719024615933977639275950125599132624571649951529
PIV 1 175 1.514083255991576443012295773582059955803465370350608372950811778523497525134057112004780098922396424194501669191756407909615861866363810172306521275
PIV 1 176 0.945288115827830691260833976219925276180637176279536840219288430162231424320488005654051014294410950469906754948621440500483246744501196353428325351
PIV 1 177 1.332019750983161474227021569177471177001481474133369948292381538841925842807668338331150129835580245450890655610898903493423537667149251323115060634
PIV 1 178 1.151707372966282338087981922003849474826827859190079346522706902269175886324175245478527083509610504839293854385220592081715575260436125393572387739
PIV 1 179 1.4402595005158270353096932873544491749126708642469367855648831780047560417482859389614860981594255868144871549898297469302722558028461774625987390879
PIV 1 180 1.606022552584032162844320161802261052606507846926725507995166762840124338803613190787146817899499191135294905387626095915062909877062270128568387448
PIV 1 181 1.3722456367599204880459535171505180312727693733042419070632033905831363102377243397385209008087987484776650617656636514813716494843867989184191297381
PIV 1 182 0.737398972074601542850105401999562237540998404796692628745791841686184371369901392357711442743106420444817922952791114012642301003302007708086300698
PIV 1 183 1.685631598544411037483007274265169047224851806850666794507991321115226684555381855067141507211724773590957890397225085455376093072112926543555688913
PIV 1 184 1.107466517850658523970280912933173908693134103019871528640242966794575688308573046463665201894618388635692548722998997846655923729992191178247933483
PIV 1 185 1.472095225437557327337094839295448410265254082531688417935826166367269909579613785443031815379114209168253101098841913097489920687483402147066634212
PIV 1 186 1.079862806590567984174226258763418258952914843818599777238271908218404832115735213227219136130572282869887084595159668405610448971986166121516419329
PIV 1 187 1.2791399510377727999033813475005390466206430770536782293373999862462243170496121269656597143856445558837527568227271428900917255066639208410097171211
PIV 1 188 1.527471432548244276954243049484956423005136086127882606930333337963472812857881813632052039633147737762503620275482029093208195554032626212177822178
PIV 1 189 1.202273823123156255229385609019859221732241884896036684552055616588775272030213685440454170359448294020875981031088657901716493896293839167674432185
PIV 1 190 1.264416053865211884710162022271227126698312857466892251484050767139143258533163444606541656217643651563410174669116317198359457080592595059851160834
PIV 1 191 1.351165919299382569848798548925558923418175624777850280954738307144989544221691673064607705208526556201740782609116527226563033976150971362452580066
PIV 1 192 1.4902598868355836557237460495822448360188481001000190912468716401893216886716287403829947949402350348618400157704571183714749518287041049429303519606
PIV 1 193 1.3511805881151540928532176156990417192684615266552437001833284055980168269211236610443782484441087072494776664296293777931932522060745075281198268293
PIV 1 194 0.85879701291867747566763466079304697238331596038894773014990279976408186785728750155881041097156098381616727302439824527719957316276850315477665526
PIV 1 195 1.050273327666750098469895738660684805355395710724395909979307986341780575628073018827386301145868433391151968129276519390697180721641295855654732579
PIV 1 196 1.708506996936342847283627598359083350759459977824229542390363626895802393783439552931960314705897693897121712862387057485713741350013513865885816079
PIV 1 197 1.326664715883281532063958844793900383042099116803508994197067788537952990544933988029145311219087025584734959758208353907685375366709548166489858808
PIV 1 198 1.4910045692131034173429567774032424783333210554831428121213887448323261036702616527513031802673619361664469423267351113503228309939349948632086924173
PIV 1 199 1.236397281188608065753743582085632758409462256756232430085623861515001550571363674229058153643771991837770086164658005813254945335584094332880432987
G 0 0 0 0 0 0 0 0 0 0 0 0 0 0 0 0 0 0
G 1 0 0 0 0 0 0 0 0 0 0 0 0 0 0 0 0 0
G 2 0 0 0 0 0 0 0 0 0 0 0 0 0 0 0 0 0
G 3 0 0 0 0 0 0 0 0 0 0 0 0 0 0 0 0 0
G 4 0 0 0 0 0 0 0 0 0 0 0 0 0 0 0 0 0
G 5 0 0 0 0 0 0 0 0 0 0 0 0 0 0 0 0 0
G 6 0 0 0 0 0 0 0 0 0 0 0 0 0 0 0 0 0
G 7 0 0 0 0 0 0 0 0 0 0 0 0 0 0 0 0 0
G 8 0 0 0 0 0 0 0 0 0 0 0 0 0 0 0 0 0
G 9 0 0 0 0 0 0 0 0 0 0 0 0 0 0 0 0 0
G 10 0 0 0 0 0 0 0 0 0 0 0 0 0 0 0 0 0
G 11 0 0 0 0 0 0 0 0 0 0 0 0 0 0 0 0 0
G 12 0 0 0 0 0 0 0 0 0 0 0 0 0 0 0 0 0
G 13 0 0 0 0 0 0 0 0 0 0 0 0 0 0 0 0 0
G 14 0 0 0 0 0 0 0 0 0 0 0 0 0 0 0 0 0
G 15 0 0 0 0 0 0 0 0 0 0 0 0 0 0 0 0 0
G 16 0 0 0 0 0 0 0 0 0 0 0 0 0 0 0 0 0
G 17 0 0 0 0 0 0 0 0 0 0 0 0 0 0 0 0 0
G 18 0 0 0 0 0 0 0 0 0 0 0 0 0 0 0 0 0
G 19 0 0 0 0 0 0 0 0 0 0 0 0 0 0 0 0 0
G 20 0 0 0 0 0 0 0 0 0 0 0 0 0 0 0 0 0
G 21 0 0 0 0 0 0 0 0 0 0 0 0 0 0 0 0 0
G 22 0 0 0 0 0 0 0 0 0 0 0 0 0 0 0 0 0
G 23 0 0 0 0 0 0 0 0 0 0 0 0 0 0 0 0 0
G 24 0 0 0 0 0 0 0 0 0 0 0 0 0 0 0 0 0
G 25 0 0 0 0 0 0 0 0 0 0 0 0 0 0 0 0 0
G 26 0 0 0 0 0 0 0 0 0 0 0 0 0 0 0 0 0
G 27 0 0 0 0 0 0 0 0 0 0 0 0 0 0 0 0 0
G 28 0 0 0 0 0 0 0 0 0 0 0 0 0 0 0 0 0
G 29 0 0 0 0 0 0 0 0 0 0 0 0 0 0 0 0 0
G 30 0 0 0 0 0 0 0 0 0 0 0 0 0 0 0 0 0
G 31 0 0 0 0 0 0 0 0 0 0 0 0 0 0 0 0 0
G 32 0 0 0 0 0 0 0 0 0 0 0 0 0 0 0 0 0
G 33 0 0 0 0 0 0 0 0 0 0 0 0 0 0 0 0 0
G 34 0 0 0 0 0 0 0 0 0 0 0 0 0 0 0 0 0
G 35 0 0 0 0 0 0 0 0 0 0 0 0 0 0 0 0 0
G 36 0 0 0 0 0 0 0 0 0 0 0 0 0 0 0 0 0
G 37 0 0 0 0 0 0 0 0 0 0 0 0 0 0 0 0 0
G 38 0 0 0 0 0 0 0 0 0 0 0 0 0 0 0 0 0
G 39 0 0 0 0 0 0 0 0 0 0 0 0 0 0 0 0 0
G 40 0 0 0 0 0 0 0 0 0 0 0 0 0 0 0 0 0
G 41 0 0 0 0 0 0 0 0 0 0 0 0 0 0 0 0 0
G 42 0 0 0 0 0 0 0 0 0 0 0 0 0 0 0 0 0
G 43 0 0 0 0 0 0 0 0 0 0 0 0 0 0 0 0 0
G 44 0 0 0 0 0 0 0 0 0 0 0 0 0 0 0 0 0
G 45 0 0 0 0 0 0 0 0 0 0 0 0 0 0 0 0 0
G 46 0 0 0 0 0 0 0 0 0 0 0 0 0 0 0 0 0
G 47 0 0 0 0 0 0 0 0 0 0 0 0 0 0 0 0 0
G 48 0 0 0 0 0 0 0 0 0 0 0 0 0 0 0 0 0
G 49 0 0 0 0 0 0 0 0 0 0 0 0 0 0 0 0 0
G 50 0 0 0 0 0 0 0 0 0 0 0 0 0 0 0 0 0
G 51 0 0 0 0 0 0 0 0 0 0 0 0 0 0 0 0 0
G 52 0 0 0 0 0 0 0 0 0 0 0 0 0 0 0 0 0
G 53 0 0 0 0 0 0 0 0 0 0 0 0 0 0 0 0 0
G 54 0 0 0 0 0 0 0 0 0 0 0 0 0 0 0 0 0
G 55 0 0 0 0 0 0 0 0 0 0 0 0 0 0 0 0 0
G 56 0 0 0 0 0 0 0 0 0 0 0 0 0 0 0 0 0
G 57 0 0 0 0 0 0 0 0 0 0 0 0 0 0 0 0 0
G 58 0 0 0 0 0 0 0 0 0 0 0 0 0 0 0 0 0
G 59 0 0 0 0 0 0 0 0 0 0 0 0 0 0 0 0 0
G 60 0 0 0 0 0 0 0 0 0 0 0 0 0 0 0 0 0
G 61 0 0 0 0 0 0 0 0 0 0 0 0 0 0 0 0 0
G 62 0 0 0 0 0 0 0 0 0 0 0 0 0 0 0 0 0
G 63 0 0 0 0 0 0 0 0 0 0 0 0 0 0 0 0 0
G 64 0 0 0 0 0 0 0 0 0 0 0 0 0 0 0 0 0
G 65 0 0 0 0 0 0 0 0 0 0 0 0 0 0 0 0 0
G 66 0 0 0 0 0 0 0 0 0 0 0 0 0 0 0 0 0
G 67 0 0 0 0 0 0 0 0 0 0 0 0 0 0 0 0 0
G 68 0 0 0 0 0 0 0 0 0 0 0 0 0 0 0 0 0
G 69 0 0 0 0 0 0 0 0 0 0 0 0 0 0 0 0 0
G 70 0 0 0 0 0 0 0 0 0 0 0 0 0 0 0 0 0
G 71 0 0 0 0 0 0 0 0 0 0 0 0 0 0 0 0 0
G 72 0 0 0 0 0 0 0 0 0 0 0 0 0 0 0 0 0
G 73 0 0 0 0 0 0 0 0 0 0 0 0 0 0 0 0 0
G 74 0 0 0 0 0 0 0 0 0 0 0 0 0 0 0 0 0
G 75 0 0 0 0 0 0 0 0 0 0 0 0 0 0 0 0 0
G 76 0 0 0 0 0 0 0 0 0 0 0 0 0 0 0 0 0
G 77 0 0 0 0 0 0 0 0 0 0 0 0 0 0 0 0 0
G 78 0 0 0 0 0 0 0 0 0 0 0 0 0 0 0 0 0
G 79 0 0 0 0 0 0 0 0 0 0 0 0 0 0 0 0 0
G 80 0 0 0 0 0 0 0 0 0 0 0 0 0 0 0 0 0
G 81 0 0 0 0 0 0 0 0 0 0 0 0 0 0 0 0 0
G 82 0 0 0 0 0 0 0 0 0 0 0 0 0 0 0 0 0
G 83 0 0 0 0 0 0 0 0 0 0 0 0 0 0 0 0 0
G 84 0 0 0 0 0 0 0 0 0 0 0 0 0 0 0 0 0
G 85 0 0 0 0 0 0 0 0 0 0 0 0 0 0 0 0 0
G 86 0 0 0 0 0 0 0 0 0 0 0 0 0 0 0 0 0
G 87 0 0 0 0 0 0 0 0 0 0 0 0 0 0 0 0 0
G 88 0 0 0 0 0 0 0 0 0 0 0 0 0 0 0 0 0
G 89 0 0 0 0 0 0 0 0 0 0 0 0 0 0 0 0 0
G 90 0 0 0 0 0 0 0 0 0 0 0 0 0 0 0 0 0
G 91 0 0 0 0 0 0 0 0 0 0 0 0 0 0 0 0 0
G 92 0 0 0 0 0 0 0 0 0 0 0 0 0 0 0 0 0
G 93 0 0 0 0 0 0 0 0 0 0 0 0 0 0 0 0 0
G 94 0 0 0 0 0 0 0 0 0 0 0 0 0 0 0 0 0
G 95 0 0 0 0 0 0 0 0 0 0 0 0 0 0 0 0 0
G 96 0 0 0 0 0 0 0 0 0 0 0 0 0 0 0 0 0
G 97 0 0 0 0 0 0 0 0 0 0 0 0 0 0 0 0 0
G 98 0 0 0 0 0 0 0 0 0 0 0 0 0 0 0 0 0
G 99 0 0 0 0 0 0 0 0 0 0 0 0 0 0 0 0 0
G 100 0 0 0 0 0 0 0 0 0 0 0 0 0 0 0 0 0
G 101 0 0 0 0 0 0 0 0 0 0 0 0 0 0 0 0 0
G 102 0 0 0 0 0 0 0 0 0 0 0 0 0 0 0 0 0
G 103 0 0 0 0 0 0 0 0 0 0 0 0 0 0 0 0 0
G 104 0 0 0 0 0 0 0 0 0 0 0 0 0 0 0 0 0
G 105 0 0 0 0 0 0 0 0 0 0 0 0 0 0 0 0 0
G 106 0 0 0 0 0 0 0 0 0 0 0 0 0 0 0 0 0
G 107 0 0 0 0 0 0 0 0 0 0 0 0 0 0 0 0 0
G 108 0 0 0 0 0 0 0 0 0 0 0 0 0 0 0 0 0
G 109 0 0 0 0 0 0 0 0 0 0 0 0 0 0 0 0 0
G 110 0 0 0 0 0 0 0 0 0 0 0 0 0 0 0 0 0
G 111 0 0 0 0 0 0 0 0 0 0 0 0 0 0 0 0 0
G 112 0 0 0 0 0 0 0 0 0 0 0 0 0 0 0 0 0
G 113 0 0 0 0 0 0 0 0 0 0 0 0 0 0 0 0 0
G 114 0 0 0 0 0 0 0 0 0 0 0 0 0 0 0 0 0
G 115 0 0 0 0 0 0 0 0 0 0 0 0 0 0 0 0 0
G 116 0 0 0 0 0 0 0 0 0 0 0 0 0 0 0 0 0
G 117 0 0 0 0 0 0 0 0 0 0 0 0 0 0 0 0 0
G 118 0 0 0 0 0 0 0 0 0 0 0 0 0 0 0 0 0
G 119 0 0 0 0 0 0 0 0 0 0 0 0 0 0 0 0 0
G 120 0 0 0 0 0 0 0 0 0 0 0 0 0 0 0 0 0
G 121 0 0 0 0 0 0 0 0 0 0 0 0 0 0 0 0 0
G 122 0 0 0 0 0 0 0 0 0 0 0 0 0 0 0 0 0
G 123 0 0 0 0 0 0 0 0 0 0 0 0 0 0 0 0 0
G 124 0 0 0 0 0 0 0 0 0 0 0 0 0 0 0 0 0
G 125 0 0 0 0 0 0 0 0 0 0 0 0 0 0 0 0 0
G 126 0 0 0 0 0 0 0 0 0 0 0 0 0 0 0 0 0
G 127 0 0 0 0 0 0 0 0 0 0 0 0 0 0 0 0 0
G 128 0 0 0 0 0 0 0 0 0 0 0 0 0 0 0 0 0
G 129 0 0 0 0 0 0 0 0 0 0 0 0 0 0 0 0 0
G 130 0 0 0 0 0 0 0 0 0 0 0 0 0 0 0 0 0
G 131 0 0 0 0 0 0 0 0 0 0 0 0 0 0 0 0 0
G 132 0 0 0 0 0 0 0 0 0 0 0 0 0 0 0 0 0
G 133 0 0 0 0 0 0 0 0 0 0 0 0 0 0 0 0 0
G 134 0 0 0 0 0 0 0 0 0 0 0 0 0 0 0 0 0
G 135 0 0 0 0 0 0 0 0 0 0 0 0 0 0 0 0 0
G 136 0 0 0 0 0 0 0 0 0 0 0 0 0 0 0 0 0
G 137 0 0 0 0 0 0 0 0 0 0 0 0 0 0 0 0 0
G 138 0 0 0 0 0 0 0 0 0 0 0 0 0 0 0 0 0
G 139 0 0 0 0 0 0 0 0 0 0 0 0 0 0 0 0 0
G 140 0 0 0 0 0 0 0 0 0 0 0 0 0 0 0 0 0
G 141 0 0 0 0 0 0 0 0 0 0 0 0 0 0 0 0 0
G 142 0 0 0 0 0 0 0 0 0 0 0 0 0 0 0 0 0
G 143 0 0 0 0 0 0 0 0 0 0 0 0 0 0 0 0 0
G 144 0 0 0 0 0 0 0 0 0 0 0 0 0 0 0 0 0
G 145 0 0 0 0 0 0 0 0 0 0 0 0 0 0 0 0 0
G 146 0 0 0 0 0 0 0 0 0 0 0 0 0 0 0 0 0
G 147 0 0 0 0 0 0 0 0 0 0 0 0 0 0 0 0 0
G 148 0 0 0 0 0 0 0 0 0 0 0 0 0 0 0 0 0
G 149 0 0 0 0 0 0 0 0 0 0 0 0 0 0 0 0 0
G 150 0 0 0 0 0 0 0 0 0 0 0 0 0 0 0 0 0
G 151 0 0 0 0 0 0 0 0 0 0 0 0 0 0 0 0 0
G 152 0 0 0 0 0 0 0 0 0 0 0 0 0 0 0 0 0
G 153 0 0 0 0 0 0 0 0 0 0 0 0 0 0 0 0 0
G 154 0 0 0 0 0 0 0 0 0 0 0 0 0 0 0 0 0
G 155 0 0 0 0 0 0 0 0 0 0 0 0 0 0 0 0 0
G 156 0 0 0 0 0 0 0 0 0 0 0 0 0 0 0 0 0
G 157 0 0 0 0 0 0 0 0 0 0 0 0 0 0 0 0 0
G 158 0 0 0 0 0 0 0 0 0 0 0 0 0 0 0 0 0
G 159 0 0 0 0 0 0 0 0 0 0 0 0 0 0 0 0 0
G 160 0 0 0 0 0 0 0 0 0 0 0 0 0 0 0 0 0
G 161 0 0 0 0 0 0 0 0 0 0 0 0 0 0 0 0 0
G 162 0 0 0 0 0 0 0 0 0 0 0 0 0 0 0 0 0
G 163 0 0 0 0 0 0 0 0 0 0 0 0 0 0 0 0 0
G 164 0 0 0 0 0 0 0 0 0 0 0 0 0 0 0 0 0
G 165 0 0 0 0 0 0 0 0 0 0 0 0 0 0 0 0 0
G 166 0 0 0 0 0 0 0 0 0 0 0 0 0 0 0 0 0
G 167 0 0 0 0 0 0 0 0 0 0 0 0 0 0 0 0 0
G 168 0 0 0 0 0 0 0 0 0 0 0 0 0 0 0 0 0
G 169 0 0 0 0 0 0 0 0 0 0 0 0 0 0 0 0 0
G 170 0 0 0 0 0 0 0 0 0 0 0 0 0 0 0 0 0
G 171 0 0 0 0 0 0 0 0 0 0 0 0 0 0 0 0 0
G 172 0 0 0 0 0 0 0 0 0 0 0 0 0 0 0 0 0
G 173 0 0 0 0 0 0 0 0 0 0 0 0 0 0 0 0 0
G 174 0 0 0 0 0 0 0 0 0 0 0 0 0 0 0 0 0
G 175 0 0 0 0 0 0 0 0 0 0 0 0 0 0 0 0 0
G 176 0 0 0 0 0 0 0 0 0 0 0 0 0 0 0 0 0
G 177 0 0 0 0 0 0 0 0 0 0 0 0 0 0 0 0 0
G 178 0 0 0 0 0 0 0 0 0 0 0 0 0 0 0 0 0
G 179 0 0 0 0 0 0 0 0 0 0 0 0 0 0 0 0 0
G 180 0 0 0 0 0 0 0 0 0 0 0 0 0 0 0 0 0
G 181 0 0 0 0 0 0 0 0 0 0 0 0 0 0 0 0 0
G 182 0 0 0 0 0 0 0 0 0 0 0 0 0 0 0 0 0
G 183 0 0 0 0 0 0 0 0 0 0 0 0 0 0 0 0 0
G 184 0 0 0 0 0 0 0 0 0 0 0 0 0 0 0 0 0
G 185 0 0 0 0 0 0 0 0 0 0 0 0 0 0 0 0 0
G 186 0 0 0 0 0 0 0 0 0 0 0 0 0 0 0 0 0
G 187 0 0 0 0 0 0 0 0 0 0 0 0 0 0 0 0 0
G 188 0 0 0 0 0 0 0 0 0 0 0 0 0 0 0 0 0
G 189 0 0 0 0 0 0 0 0 0 0 0 0 0 0 0 0 0
G 190 0 0 0 0 0 0 0 0 0 0 0 0 0 0 0 0 0
G 191 0 0 0 0 0 0 0 0 0 0 0 0 0 0 0 0 0
G 192 0 0 0 0 0 0 0 0 0 0 0 0 0 0 0 0 0
G 193 0 0 0 0 0 0 0 0 0 0 0 0 0 0 0 0 0
G 194 0 0 0 0 0 0 0 0 0 0 0 0 0 0 0 0 0
G 195 0 0 0 0 0 0 0 0 0 0 0 0 0 0 0 0 0
G 196 0 0 0 0 0 0 0 0 0 0 0 0 0 0 0 0 0
G 197 0 0 0 0 0 0 0 0 0 0 0 0 0 0 0 0 0
G 198 0 0 0 0 0 0 0 0 0 0 0 0 0 0 0 0 0
G 199 0 0 0 0 0 0 0 0 0 0 0 0 0 0 0 0 0
G 200 0 0 0 0 0 0 0 0 0 0 0 0 0 0 0 0 0
G 201 0 0 0 0 0 0 0 0 0 0 0 0 0 0 0 0 0
G 202 0 0 0 0 0 0 0 0 0 0 0 0 0 0 0 0 0
G 203 0 0 0 0 0 0 0 0 0 0 0 0 0 0 0 0 0
G 204 0 0 0 0 0 0 0 0 0 0 0 0 0 0 0 0 0
G 205 0 0 0 0 0 0 0 0 0 0 0 0 0 0 0 0 0
G 206 0 0 0 0 0 0 0 0 0 0 0 0 0 0 0 0 0
G 207 0 0 0 0 0 0 0 0 0 0 0 0 0 0 0 0 0
G 208 0 0 0 0 0 0 0 0 0 0 0 0 0 0 0 0 0
G 209 0 0 0 0 0 0 0 0 0 0 0 0 0 0 0 0 0
G 210 0 0 0 0 0 0 0 0 0 0 0 0 0 0 0 0 0
G 211 0 0 0 0 0 0 0 0 0 0 0 0 0 0 0 0 0
G 212 0 0 0 0 0 0 0 0 0 0 0 0 0 0 0 0 0
G 213 0 0 0 0 0 0 0 0 0 0 0 0 0 0 0 0 0
G 214 0 0 0 0 0 0 0 0 0 0 0 0 0 0 0 0 0
G 215 0 0 0 0 0 0 0 0 0 0 0 0 0 0 0 0 0
G 216 0 0 0 0 0 0 0 0 0 0 0 0 0 0 0 0 0
G 217 0 0 0 0 0 0 0 0 0 0 0 0 0 0 0 0 0
G 218 0 0 0 0 0 0 0 0 0 0 0 0 0 0 0 0 0
G 219 0 0 0 0 0 0 0 0 0 0 0 0 0 0 0 0 0
G 220 0 0 0 0 0 0 0 0 0 0 0 0 0 0 0 0 0
G 221 0 0 0 0 0 0 0 0 0 0 0 0 0 0 0 0 0
G 222 0 0 0 0 0 0 0 0 0 0 0 0 0 0 0 0 0
G 223 0 0 0 0 0 0 0 0 0 0 0 0 0 0 0 0 0
G 224 0 0 0 0 0 0 0 0 0 0 0 0 0 0 0 0 0
G 225 0 0 0 0 0 0 0 0 0 0 0 0 0 0 0 0 0
G 226 0 0 0 0 0 0 0 0 0 0 0 0 0 0 0 0 0
G 227 0 0 0 0 0 0 0 0 0 0 0 0 0 0 0 0 0
G 228 0 0 0 0 0 0 0 0 0 0 0 0 0 0 0 0 0
G 229 0 0 0 0 0 0 0 0 0 0 0 0 0 0 0 0 0
G 230 0 0 0 0 0 0 0 0 0 0 0 0 0 0 0 0 0
G 231 0 0 0 0 0 0 0 0 0 0 0 0 0 0 0 0 0
G 232 0 0 0 0 0 0 0 0 0 0 0 0 0 0 0 0 0
G 233 0 0 0 0 0 0 0 0 0 0 0 0 0 0 0 0 0
G 234 0 0 0 0 0 0 0 0 0 0 0 0 0 0 0 0 0
G 235 0 0 0 0 0 0 0 0 0 0 0 0 0 0 0 0 0
G 236 0 0 0 0 0 0 0 0 0 0 0 0 0 0 0 0 0
G 237 0 0 0 0 0 0 0 0 0 0 0 0 0 0 0 0 0
G 238 0 0 0 0 0 0 0 0 0 0 0 0 0 0 0 0 0
G 239 0 0 0 0 0 0 0 0 0 0 0 0 0 0 0 0 0
G 240 0 0 0 0 0 0 0 0 0 0 0 0 0 0 0 0 0
G 241 0 0 0 0 0 0 0 0 0 0 0 0 0 0 0 0 0
G 242 0 0 0 0 0 0 0 0 0 0 0 0 0 0 0 0 0
G 243 0 0 0 0 0 0 0 0 0 0 0 0 0 0 0 0 0
G 244 0 0 0 0 0 0 0 0 0 0 0 0 0 0 0 0 0
G 245 0 0 0 0 0 0 0 0 0 0 0 0 0 0 0 0 0
G 246 0 0 0 0 0 0 0 0 0 0 0 0 0 0 0 0 0
G 247 0 0 0 0 0 0 0 0 0 0 0 0 0 0 0 0 0
G 248 0 0 0 0 0 0 0 0 0 0 0 0 0 0 0 0 0
G 249 0 0 0 0 0 0 0 0 0 0 0 0 0 0 0 0 0
G 250 0 0 0 0 0 0 0 0 0 0 0 0 0 0 0 0 0
G 251 0 0 0 0 0 0 0 0 0 0 0 0 0 0 0 0 0
G 252 0 0 0 0 0 0 0 0 0 0 0 0 0 0 0 0 0
G 253 0 0 0 0 0 0 0 0 0 0 0 0 0 0 0 0 0
G 254 0 0 0 0 0 0 0 0 0 0 0 0 0 0 0 0 0
G 255 0 0 0 0 0 0 0 0 0 0 0 0 0 0 0 0 0
G 256 0 0 0 0 0 0 0 0 0 0 0 0 0 0 0 0 0
G 257 0 0 0 0 0 0 0 0 0 0 0 0 0 0 0 0 0
G 258 0 0 0 0 0 0 0 0 0 0 0 0 0 0 0 0 0
G 259 0 0 0 0 0 0 0 0 0 0 0 0 0 0 0 0 0
G 260 0 0 0 0 0 0 0 0 0 0 0 0 0 0 0 0 0
G 261 0 0 0 0 0 0 0 0 0 0 0 0 0 0 0 0 0
G 262 0 0 0 0 0 0 0 0 0 0 0 0 0 0 0 0 0
G 263 0 0 0 0 0 0 0 0 0 0 0 0 0 0 0 0 0
G 264 0 0 0 0 0 0 0 0 0 0 0 0 0 0 0 0 0
G 265 0 0 0 0 0 0 0 0 0 0 0 0 0 0 0 0 0
G 266 0 0 0 0 0 0 0 0 0 0 0 0 0 0 0 0 0
G 267 0 0 0 0 0 0 0 0 0 0 0 0 0 0 0 0 0
G 268 0 0 0 0 0 0 0 0 0 0 0 0 0 0 0 0 0
G 269 0 0 0 0 0 0 0 0 0 0 0 0 0 0 0 0 0
G 270 0 0 0 0 0 0 0 0 0 0 0 0 0 0 0 0 0
G 271 0 0 0 0 0 0 0 0 0 0 0 0 0 0 0 0 0
G 272 0 0 0 0 0 0 0 0 0 0 0 0 0 0 0 0 0
G 273 0 0 0 0 0 0 0 0 0 0 0 0 0 0 0 0 0
G 274 0 0 0 0 0 0 0 0 0 0 0 0 0 0 0 0 0
G 275 0 0 0 0 0 0 0 0 0 0 0 0 0 0 0 0 0
G 276 0 0 0 0 0 0 0 0 0 0 0 0 0 0 0 0 0
G 277 0 0 0 0 0 0 0 0 0 0 0 0 0 0 0 0 0
G 278 0 0 0 0 0 0 0 0 0 0 0 0 0 0 0 0 0
G 279 0 0 0 0 0 0 0 0 0 0 0 0 0 0 0 0 0
G 280 0 0 0 0 0 0 0 0 0 0 0 0 0 0 0 0 0
G 281 0 0 0 0 0 0 0 0 0 0 0 0 0 0 0 0 0
G 282 0 0 0 0 0 0 0 0 0 0 0 0 0 0 0 0 0
G 283 0 0 0 0 0 0 0 0 0 0 0 0 0 0 0 0 0
G 284 0 0 0 0 0 0 0 0 0 0 0 0 0 0 0 0 0
G 285 0 0 0 0 0 0 0 0 0 0 0 0 0 0 0 0 0
G 286 0 0 0 0 0 0 0 0 0 0 0 0 0 0 0 0 0
G 287 0 0 0 0 0 0 0 0 0 0 0 0 0 0 0 0 0
G 288 0 0 0 0 0 0 0 0 0 0 0 0 0 0 0 0 0
G 289 0 0 0 0 0 0 0 0 0 0 0 0 0 0 0 0 0
G 290 0 0 0 0 0 0 0 0 0 0 0 0 0 0 0 0 0
G 291 0 0 0 0 0 0 0 0 0 0 0 0 0 0 0 0 0
G 292 0 0 0 0 0 0 0 0 0 0 0 0 0 0 0 0 0
G 293 0 0 0 0 0 0 0 0 0 0 0 0 0 0 0 0 0
G 294 0 0 0 0 0 0 0 0 0 0 0 0 0 0 0 0 0
G 295 0 0 0 0 0 0 0 0 0 0 0 0 0 0 0 0 0
G 296 0 0 0 0 0 0 0 0 0 0 0 0 0 0 0 0 0
G 297 0 0 0 0 0 0 0 0 0 0 0 0 0 0 0 0 0
G 298 0 0 0 0 0 0 0 0 0 0 0 0 0 0 0 0 0
G 299 0 0 0 0 0 0 0 0 0 0 0 0 0 0 0 0 0
G 300 0 0 0 0 0 0 0 0 0 0 0 0 0 0 0 0 0
G 301 0 0 0 0 0 0 0 0 0 0 0 0 0 0 0 0 0
G 302 0 0 0 0 0 0 0 0 0 0 0 0 0 0 0 0 0
G 303 0 0 0 0 0 0 0 0 0 0 0 0 0 0 0 0 0
G 304 0 0 0 0 0 0 0 0 0 0 0 0 0 0 0 0 0
G 305 0 0 0 0 0 0 0 0 0 0 0 0 0 0 0 0 0
G 306 0 0 0 0 0 0 0 0 0 0 0 0 0 0 0 0 0
G 307 0 0 0 0 0 0 0 0 0 0 0 0 0 0 0 0 0
G 308 0 0 0 0 0 0 0 0 0 0 0 0 0 0 0 0 0
G 309 0 0 0 0 0 0 0 0 0 0 0 0 0 0 0 0 0
G 310 0 0 0 0 0 0 0 0 0 0 0 0 0 0 0 0 0
G 311 0 0 0 0 0 0 0 0 0 0 0 0 0 0 0 0 0
G 312 0 0 0 0 0 0 0 0 0 0 0 0 0 0 0 0 0
G 313 0 0 0 0 0 0 0 0 0 0 0 0 0 0 0 0 0
G 314 0 0 0 0 0 0 0 0 0 0 0 0 0 0 0 0 0
G 315 0 0 0 0 0 0 0 0 0 0 0 0 0 0 0 0 0
G 316 0 0 0 0 0 0 0 0 0 0 0 0 0 0 0 0 0
G 317 0 0 0 0 0 0 0 0 0 0 0 0 0 0 0 0 0
G 318 0 0 0 0 0 0 0 0 0 0 0 0 0 0 0 0 0
G 319 0 0 0 0 0 0 0 0 0 0 0 0 0 0 0 0 0
G 320 0 0 0 0 0 0 0 0 0 0 0 0 0 0 0 0 0
G 321 0 0 0 0 0 0 0 0 0 0 0 0 0 0 0 0 0
G 322 0 0 0 0 0 0 0 0 0 0 0 0 0 0 0 0 0
G 323 0 0 0 0 0 0 0 0 0 0 0 0 0 0 0 0 0
G 324 0 0 0 0 0 0 0 0 0 0 0 0 0 0 0 0 0
G 325 0 0 0 0 0 0 0 0 0 0 0 0 0 0 0 0 0
G 326 0 0 0 0 0 0 0 0 0 0 0 0 0 0 0 0 0
G 327 0 0 0 0 0 0 0 0 0 0 0 0 0 0 0 0 0
G 328 0 0 0 0 0 0 0 0 0 0 0 0 0 0 0 0 0
G 329 0 0 0 0 0 0 0 0 0 0 0 0 0 0 0 0 0
G 330 0 0 0 0 0 0 0 0 0 0 0 0 0 0 0 0 0
G 331 0 0 0 0 0 0 0 0 0 0 0 0 0 0 0 0 0
G 332 0 0 0 0 0 0 0 0 0 0 0 0 0 0 0 0 0
G 333 0 0 0 0 0 0 0 0 0 0 0 0 0 0 0 0 0
G 334 0 0 0 0 0 0 0 0 0 0 0 0 0 0 0 0 0
G 335 0 0 0 0 0 0 0 0 0 0 0 0 0 0 0 0 0
G 336 0 0 0 0 0 0 0 0 0 0 0 0 0 0 0 0 0
G 337 0 0 0 0 0 0 0 0 0 0 0 0 0 0 0 0 0
G 338 0 0 0 0 0 0 0 0 0 0 0 0 0 0 0 0 0
G 339 0 0 0 0 0 0 0 0 0 0 0 0 0 0 0 0 0
G 340 0 0 0 0 0 0 0 0 0 0 0 0 0 0 0 0 0
G 341 0 0 0 0 0 0 0 0 0 0 0 0 0 0 0 0 0
G 342 0 0 0 0 0 0 0 0 0 0 0 0 0 0 0 0 0
G 343 0 0 0 0 0 0 0 0 0 0 0 0 0 0 0 0 0
G 344 0 0 0 0 0 0 0 0 0 0 0 0 0 0 0 0 0
G 345 0 0 0 0 0 0 0 0 0 0 0 0 0 0 0 0 0
G 346 0 0 0 0 0 0 0 0 0 0 0 0 0 0 0 0 0
G 347 0 0 0 0 0 0 0 0 0 0 0 0 0 0 0 0 0
G 348 0 0 0 0 0 0 0 0 0 0 0 0 0 0 0 0 0
G 349 0 0 0 0 0 0 0 0 0 0 0 0 0 0 0 0 0
G 350 0 0 0 0 0 0 0 0 0 0 0 0 0 0 0 0 0
G 351 0 0 0 0 0 0 0 0 0 0 0 0 0 0 0 0 0
G 352 0 0 0 0 0 0 0 0 0 0 0 0 0 0 0 0 0
G 353 0 0 0 0 0 0 0 0 0 0 0 0 0 0 0 0 0
G 354 0 0 0 0 0 0 0 0 0 0 0 0 0 0 0 0 0
G 355 0 0 0 0 0 0 0 0 0 0 0 0 0 0 0 0 0
G 356 0 0 0 0 0 0 0 0 0 0 0 0 0 0 0 0 0
G 357 0 0 0 0 0 0 0 0 0 0 0 0 0 0 0 0 0
G 358 0 0 0 0 0 0 0 0 0 0 0 0 0 0 0 0 0
G 359 0 0 0 0 0 0 0 0 0 0 0 0 0 0 0 0 0
G 360 0 0 0 0 0 0 0 0 0 0 0 0 0 0 0 0 0
G 361 0 0 0 0 0 0 0 0 0 0 0 0 0 0 0 0 0
G 362 0 0 0 0 0 0 0 0 0 0 0 0 0 0 0 0 0
G 363 0 0 0 0 0 0 0 0 0 0 0 0 0 0 0 0 0
G 364 0 0 0 0 0 0 0 0 0 0 0 0 0 0 0 0 0
G 365 0 0 0 0 0 0 0 0 0 0 0 0 0 0 0 0 0
G 366 0 0 0 0 0 0 0 0 0 0 0 0 0 0 0 0 0
G 367 0 0 0 0 0 0 0 0 0 0 0 0 0 0 0 0 0
G 368 0 0 0 0 0 0 0 0 0 0 0 0 0 0 0 0 0
G 369 0 0 0 0 0 0 0 0 0 0 0 0 0 0 0 0 0
G 370 0 0 0 0 0 0 0 0 0 0 0 0 0 0 0 0 0
G 371 0 0 0 0 0 0 0 0 0 0 0 0 0 0 0 0 0
G 372 0 0 0 0 0 0 0 0 0 0 0 0 0 0 0 0 0
G 373 0 0 0 0 0 0 0 0 0 0 0 0 0 0 0 0 0
G 374 0 0 0 0 0 0 0 0 0 0 0 0 0 0 0 0 0
G 375 0 0 0 0 0 0 0 0 0 0 0 0 0 0 0 0 0
G 376 0 0 0 0 0 0 0 0 0 0 0 0 0 0 0 0 0
G 377 0 0 0 0 0 0 0 0 0 0 0 0 0 0 0 0 0
G 378 0 0 0 0 0 0 0 0 0 0 0 0 0 0 0 0 0
G 379 0 0 0 0 0 0 0 0 0 0 0 0 0 0 0 0 0
G 380 0 0 0 0 0 0 0 0 0 0 0 0 0 0 0 0 0
G 381 0 0 0 0 0 0 0 0 0 0 0 0 0 0 0 0 0
G 382 0 0 0 0 0 0 0 0 0 0 0 0 0 0 0 0 0
G 383 0 0 0 0 0 0 0 0 0 0 0 0 0 0 0 0 0
G 384 0 0 0 0 0 0 0 0 0 0 0 0 0 0 0 0 0
G 385 0 0 0 0 0 0 0 0 0 0 0 0 0 0 0 0 0
G 386 0 0 0 0 0 0 0 0 0 0 0 0 0 0 0 0 0
G 387 0 0 0 0 0 0 0 0 0 0 0 0 0 0 0 0 0
G 388 0 0 0 0 0 0 0 0 0 0 0 0 0 0 0 0 0
G 389 0 0 0 0 0 0 0 0 0 0 0 0 0 0 0 0 0
G 390 0 0 0 0 0 0 0 0 0 0 0 0 0 0 0 0 0
G 391 0 0 0 0 0 0 0 0 0 0 0 0 0 0 0 0 0
G 392 0 0 0 0 0 0 0 0 0 0 0 0 0 0 0 0 0
G 393 0 0 0 0 0 0 0 0 0 0 0 0 0 0 0 0 0
G 394 0 0 0 0 0 0 0 0 0 0 0 0 0 0 0 0 0
G 395 0 0 0 0 0 0 0 0 0 0 0 0 0 0 0 0 0
G 396 0 0 0 0 0 0 0 0 0 0 0 0 0 0 0 0 0
G 397 0 0 0 0 0 0 0 0 0 0 0 0 0 0 0 0 0
G 398 0 0 0 0 0 0 0 0 0 0 0 0 0 0 0 0 0
G 399 0 0 0 0 0 0 0 0 0 0 0 0 0 0 0 0 0
G 400 0 0 0 0 0 0 0 0 0 0 0 0 0 0 0 0 0
