AB 0 0.03226397452595162974830194629974561414986814378236527936651157027369903565528056377664913993537486114876992954028690348244722212197982625465928817748586603197782199485897971452296389760684492017729501781311670912749888299 0 4.503513496208678386785062818314817496305204577618888918468693838151767860934123939782359280588466738294425522376677810669267619045611702776477056508322611591460316506281436854713200988059784254042773123387088993158581842 0
AB 1 0.03260759854122968424781673433265345515506266043391959101929515412923023255509055303555975040238991119030257009308584826725423932451976358627365838425324293659091688331344163486460611246961459314253568473164924062374577398 0.03237792936375492479918688782416247864004560661684504951521504330297721969312323871672398145307066219230838415430575384916772419384311138305397882738368174986739739004021981459908159119553774635401531657186930770845125358 -1.578547451159279715426992502431746634830867078965126569681778685786262348056599986998567410329760234295325691505700453867350227267619185292035702284589910735529647359558192248036268384455681625662559143808016162498618625 0.7111368045894941731832136953504767573978297139820372067533100092527968068610515725954862552300723446243065565061443897515690629831237928504674124326378411470182523433578337542154353501793448814189984487850534564285146721
AB 2 0.03369406311220271050975195163920182488873879625653291296934530113584978417728141887408243566225674459318550396467842881314122498899656363727994010050853075986241350264911767430990555852741428535824974204121915638552928702 0.06546136702782454864142257621379595394311249421898711137988431900643302733890713298939526316054005031132047649143358509105481785314138245622363817150534123386253224095411511293190950204074215635165965888295260216378937399 -0.5687220313675929877934875482986423537870145848862148610882206213379376400070492158951614832880895113227100706653931115326077367644854106287970798136472986754797377001811264040370962971207201132830178734682881424294943749 0.4888238246112019156003364367073980562703683210791710545258380387862500556008367842502573351395611387013222417815389670778770320524275728556120853074857090160749332065522816459260672822336884104338771789137374029321255020
AB 3 0.03571765567118033429471362313727214143116456950197492752431299752823452486355742875462492925689095969173696238418695517484293199767700215508047155135032633761822920407807485947612622108021220677685156856739564185725468099 0.1000758614012256126087040284307001191749409117981281283580163157324592621790425567079283601222169561569586746896887232516649310112384835370228270140859465911238371875867750814161622701505856732751729009720718322153400091 -0.09817183365721036537909201052253237605978863943405390681247378304495804914803508359810538306805159665191984358853137862178610276823323962731745469353364971420285293100361923391074582406575155162634464068142608090659785933 0.4103329526884919934172098982565575841518100000694254194842331581578690854588465145278449582660127880770873968641828555914808161924118772334627875148953322747080689733199506615814115888492228882521159731511164692259569518
AB 4 0.03913086913576445447803202973374720226910669219796183986152641119478817269109873189704953764326720660843672731090078643188574515562915472158037180770637331434771050854690561230572449816043150546581463789094555443684315575 0.1373534755172651896186143558488506361696713079720664242799102785214330625393145348516827271435368521035194326987972150364114533084356661952407540375783541034943105011159483150512880785750550431066148859733133760637634286 0.2129134992345961593574026893248399855916806133495081232733111369437651465062903219792256831761450203470830999041538884574615137404054618177980340992216979961065790207342615506996071329697216313419284852018954258455765333 0.3705493252169827854168108350122625828483563710156042573458796223497310938878896624402995100777746129727260307025688954980294439197781533369365917685431890568430486404802526934317469259453932404817123477461891803079929218
AB 5 0.04510749138627293321876875497107118628833248322519255571460831443846620766321243013818751563149822053372882754085261173401314343268753939649799470942483138247789029524578918704599305864556670387681290407313196113064515261 0.1791661945045202819940854248594725862629205924077662876884321016947912588076358915187561789545454444564617965622495319537125482670950928239360274563885337412140872039278526541848878211222931600634058748486611950194427659 0.4470047283377015802153756816387365074064414547456261734270902651853081468153291744772567490766993151837999958447486744469335917733960866589489775469447126965923350053899155371941509199576432323798990358554540516198313567 0.3465512085300276523248158253571998883777223643592657995374086110666469842609899125468182086152997748417373699768669903425721682677646203102118749292040550965971920036763596280633652347002044456053688539787611113936247679
AB 6 0.05907004266025931018763584098742821135074230890876359753817927609489567066294260579012386353880392166359982290265161940383245806037090620558503949632438789397978229916022614171928985244468779588458995956666006540500771574 0.2299380088416940497544675808004728034478855339604858091921328626963156188601211586965302993124353997546067715037101937065166335818331843492985841631252472588801916373618316057666381784701367661152882361749672607936787085 0.6353042319960121852852198921126203542162699404927865818373800908071590868953461497482871465214270637284026468736165332091051634978370732756935634715630628758883575522896479965417490076817959140546813921006760055968647368 0.3305100986085221881104088851019687636759210818241464557958925115358848373265861421872989552690243691460035054285355654133246867951956970432374648453335381517769938266130959167734212648302537404964008615892084564628117481
AB 7 3.171656741488063956396784026267505707304137736031380588155130343929355463881199833077623422262745216657570132115195957928581883303814464261508410291993914614002901727913322562421560378271803468170367445726733702031381379 0.4456291829186520460734663100218542863236412068544826290186665055092678627615844154212282038526220597592679992486076888546615586503712356453735934436864451369427469737414002262953835633796213887895193332997034069334484244 0.7930700692297852972506000001020376672873728566324056509872768099200534501265605766560663932300178717215805761894492961228866314062521901653199604689353509552856684485709333350265574832064317997627909726831360907214920135 0.3190349388726428447622704854100369488415776540175961887305047554302258975479757671528762656055263311075718334319109298722327608497503755896482220139799430720365268895116019096194332051120765749236073816648985363906666246
AB 8 0.1080855237573421864257637185645743344140464527189658883580206616166565082147788664766731805305157949998379296452722803871378296856744437125950150558396235305185126145903759350681361184679398071634976495293418495780217640 0.3490692838345349210078334440649623385148431404044532059951142363363096058161499717366125175026020572810260608726635305435769342370055391437295649874646775601573845389014183304129116140376952750234386133898385142537760183 0.9289521407384723231187152330202380487617333870418674481381113263224260816924587661713441135878885510332906028245192339044540713764409081913359170622628546028311405658181709464154344374481202725691063596080181974982683729 0.3104205151360312446419483467913673336501126783471892138029567401034538880328539868285700376971764885519849913613419099306598716922299285893270825872433358248371120827524852867590018873081596899043397995603872545658464981
AB 9 0.2054339407942672501069597197534928743672331911623257061928894102526371218901692192402088838923170282986355154496764916342685062468037232247657245465552857205366122455379216533043760000446960319544429831283475237596612912 0.4922552111576772160127497653292371907400763154280140467378234382315582175463158011076282812999268847619485352512021812009376778533139962520901098330245258977323712547250473976982718282875013671764243916367837987012798763 1.048348756103213829103766588471470035212455380166909272899164735532207110401530607152988529803518613128395770589990137567258009042189976826182893132781671605043206677167918523527705409100237022050631914151272147400678255 0.3037162384662748808905698015667309825513096037521579326824589613277895717040883373724469390540122295838118991864896946254395972102993793935466223295117111510214256956283679974254779440776151614653234953464991703144442226
AB 10 1.409590243491748494796468564137046051784336834531838014657250169969249629687623999354474692841895779652406264046114371290228847789252198390523368608165993771818889315190658309737987330812348575087134335455956329681741987 1.000614061577946622655777454756660712926991926564623649496573170713417686712319149562955046586842272212728817033928936171244786550181177041634337344507199358154937939342141837270763046038486013790296343888052029240948432 1.154864436614718865206596815719123069628387250234213088033272703873267658266169847406215934766624377290893253591982822484874609120226133398188831498188341637605139086713526947977366690720628106571732942131216056301078385 0.2983504849470443019276258864269690500083675974746851134479921931610322362238375707720073133830446115135012917673867629485714767373709658163034506387750098898851350986225019634769846851640969943274633768343431855864655537
AB 11 1.413451813503262435068812407977779555042609417967375574125647703747089334743819894110851813720091402995817138203886380664880098700053219099219553612988152225117415101715574295048057565178145362755577646346349981019805496 -0.1410129804103875292421116653701392342759434051793605223836881455374627156786613058220376556340323994162156977405111352543069383297749196909020020804118243540019157807113316037821435619354421298386867448012968807328699598 1.251029834901661301378237794161320508936760334157292497771580960858024452904510554684058432155269328903414868856377466017913701197090308131942622884516167721531779246203469766972756573795327195892760400619124145415672377 0.2939589363602009037782707706110405902165872575125025582331243260364475802559318915242125155805645912955781389672713478937443232381785847204077069376474239559051490603253063875291755970368809669464464226446538741177087673
AB 12 1.564255061101753742460818820926252980762197032778977933279230350006275244071010296181231576673006240425670445212552540437598877528372251317632024029375431785237406259232185465894521971583874445855253064595235993917261790 0.7670826096383728095514838721193558311866319872477409358333311845120376523069350224363114948887382696302494632391463382759343322551017609763225790456593341228705752953932970990300446422230010015682378111011483819423796260 1.338691976113191208647098727098629370818942008578331222151125489975639711214446269526325050308021587255455292647167626692134663343074999369584864461566866346038111187169041108938512755722975478594445730821282197489406998 0.2902984464268738126785350121443923389781038184919537469580564063123084518429314263351618067528303963218244516886474623861985599927233719105458458041799268993729898684076500637788918485096863689965697641178598693569941284
AB 13 1.308473912437721286922809103846085188094450074466065416735322818195483959603379043600878664169420507196300559187485079579122851609334916293840780007273176531540763282643620948053035794459739168509495766498341138011368440 -0.3492221652981491728203166265842348612836413221933203907085871626588849847141136141556743585396523346262348214442227806480918050469517562537713214600061553538467558737048769937644692824622042973781107660930517055168989344 1.419241311101478136823979185339870006047233978530787811313671459389791060906112772300561013940236710708604777655940697259406789140914647384180226217257732394556910162680725454023146055319499952773186069460289599562096725 0.2872005453105616206404458425911297150464651271007563011888467516908718569882317115237114674823249726706049767681666944211141912034603778631258689074407528469748300640724334535183191983047466492153182234898093881340099206
AB 14 0.3239030329284233636477949910049318570906614228824697706732980476297358461296409582289360546340712252763288621026951146773592682576890790927260796332780765863793884984009048271305064484728320221839704517383926948632936873 0.2005975425404663715336497946865226650859468640601849194076069858578850682334380576547455838737902920328548359906330595687622164018933340014332166896525529189012449176172885100248500715210376445212052476242652475859618022 1.493751388510486125052878293447901370886241190975224505923589390870771554900600579984531380562719712118212329896059605098008656631837325093164117861113668716677446155435201822281849730091921914854807460970641308631583099 0.2845448221465953969666377594731149216319629230062252467032340237948688937278714945805685072710518651650436205810708706815522259567327141242791638513977736822593469724843432146096659094746441887359895141664905713166747307
AB 15 3.070796728601316905934161492950060737595294434775392056449095454270876010635580368831435653841600299504739956243680377089095154687948956935489197010589223813210741584848845778717955673903043215868601469418853335106583972 0.8711985110923483050746917583095991366074791037476172315044646154572539907145987382149228578373238966856266246548732426172355212363167496357514739510365697611286539619398444566935429703733014275079900098098691271474680567 1.563068730246213728175085561065536522781083960348282196973010483387008382684018595359153313215233077181416243060717432968422237113216216969286215300357893577910120334547460293078941642563039668164717491033403641575282141 0.2822429324639159726538269014513827714283810520968319945933665389119940731461076632980945341597579699399278311636214086880419196965112503926507442302158851257965290460965734890529634929452390198485164520163236868466791072
AB 16 1.853927285364055532454064593972684258987026327915787230188961757330289146198504216800527717432864440551215002688744256799958533605481909725814365334835097111621268665314856021971533948213668785434826560419527294271238355 0.8394707459446208516307704799524068685274568096208718618851007344491515463151352073350159647197801478701123153159122101583692317410624973946712505725346244304182243391930895923751751661023243484468347596922852849673316316 1.627872854532879442887520087208042859106133878256434158817597027241662249723641399650250322980425533359175921834806001308117988261010083482083008312368993198156330579131251520704062612649082990782786045209043343910836413 0.2802285921005722017575842049674314970982267973499113539312162355786211433818726498814857999460070005677895029694202431877442291497645687998866476131251875478998824741053700877532277019219998464809124197525497989020366866
AB 17 1.124457652096417753286534946259954382132845139425233768536875695354835379618297691036227556141769180518972412537378493193164490013805294444075999127196608221371318248347565778611847026021926480062306759466068651493571944 -0.2193930974815289435690970681744813967369958519797896365866596328450096299035655009750457401975260736655233937079465378214087380937885166817316096513032659123123315972435984538653181930609288153252173229970250317534765635 1.688717634510547329962971010557522849241452891832050112917486265255525933959993779874838653943603199873410098503544985105726609418494001967447072706357875826241129324635000173228779369208248952516261013730845539603312885 0.2784510971790871505387577572337299179337134968325252954177045118136420829977229055696078020073853665198794542547479013355640611665725294916967056403386459823611027025644636679309197214748869028752696821904270522876898449
AB 18 0.5213265925377455148051120872926345153396289990191294199287636954569391008588943763452742695048064858780432327147768723357759369074827225719427018671609455106801333022864614651765511040871360563000431043425101781978883515 0.3600768817681940634989818597056319156285761876007751608755985530362305821233765380839397068075547431789917514433001666402520217724120028012710814146201794974576525487865173938524995833044768824118996111979000942737921376 1.746060565910235739397257337682232731659008641120863094465929219936415457000502680453081335756250190689691794577362535516078541777480831676105354475739637988178355953225581356423574739222974835199579982582442892362431579 0.2768710011333494129378069052383301642835914950983767937772436849742106479385097280822323845744315328304881307045896977896406474767249072697841410807528491706167465041890750044944255561458417572147035307653043129793095177
AB 19 2.857239119894959596655812622794594093733513730702640663473733466954993236828825690434914372820864050002603417678127871467941715338102872646319629348105881286932052574057635308616004075461439636955950426523963856839603299 -0.2197337148979170487180441352249683354896089026275760010167027198912201742825650626833614049156775587693690431590309496789644107212293141320363553874330863651036937532078910197710720839299354790065158857249074017486950373 1.800283960686214748477498479430755169773660241426565585357411246974823691163288026575959667316640705917866801464236739619250839511416255332357048481406592007115930863503597862878357901864398019642989430112936693512866815 0.2754571552289978422972456491577493950606022836151832742941584855868793608133455478478690508414328281504263796848950567981990407850730851787472850878492612643644828947494833177786048674191891107512942231680124401973104485
AB 20 1.971312880490059381077076118481540771572169213421212025802666442580701188929448592450901647121247717797124326113238100774202013273342396949618003485769773741058950567397352281445664605435297873699100068893963906168929653 0.9339035156830565958988449953029083327609225864231842429365168583270807790552371148414633678821866546789629276190358440362454832709040982937612690895190098483671133673987212436272505186380004692875990781298536199547785912 1.851710605309202170159368795689143892670144877280499509071358802278961030420811525392943098933071820086924966268008875495904167630806861172189707407606354419343423086366411419556577886719740147707238303135411917390304412 0.2741846359665726097305902694653394397825891638186573109050250713560588996777079769835178669625421293435347638860954452820752604557799544537751965783033052379102798698595755304290559840688755840980944674702916900647267736
AB 21 1.695933498020693643369341965841077377838300066521392938265917077147137984470370655579009810742716653976513942625961952651442905332422597266988730446284680799372678955689847089969271793102156929420107724070199061544460395 0.1109934422320764240282704642480450596809856053589312063735833872037458617602106762036180753339923147656567584195382660025002719027997558092402094706619260532941694810928626558680234835925200178753173543814393466960767596 1.900615535853453883217859281866704554307520926308886498952002658204787681313421051516862588326432996741764878398665470250814829443398745991539001101837354005072537092809750541696054800298748026949889452294078580853627357 0.2730332640794925098232720932812934288910901327379305831215411242074999218863272774994996283786324888208038133284422851488332220531565135359449130791758345955765539360239973457884855312262500551637174778381168421176952605
AB 22 2.123764624548243796796296060362690385957589819735553386928833485419052560930669648908633177927573617137304207152152319550520141733997708994277150536343722906819476716378146645546358302395375777535913787581540734270086082 -0.6309629053882120935853615218972679036398725067819443597001639419235720320363354442946464612345933263175032049400803657025414949686814989375045726204452800993562797442023843109974798737809227207079827202475106417369589207 1.947235033005362942146362645560872200091768011516497268332274623299035866306938662014956436629594800378823630824762933087327220933243256701745982861123046773627248934844356743533037442277942251824360444890409989997378667 0.2719865270870406891049718690160237134175223249646508485910255477166171975616882485584310540526221771744749359020058975572258649610574542644612207772330802458006195750028649765923516687263377590330539434021378737392009519
AB 23 0.3070201568991623521025971173163528090236040143824417509297956724513639231166310303210185792476213856667121370653920216917089963309577186197936449732138657245843727356941292625109959203060638260145512009405215840709783538 0.06936283498063248540369256683785095430730423666424845098890499951317980787849141393488538483602628182139487584657811909169367856867904965607238304466981107168552376086867246438722769946616641826889454912498737085503925758 1.991773590466705642152441027131696089053437588899722706342638770451207819099945689498349345266119528470395626322318493811513457799130689862301962801067705965006092729969907187378908097292322302606984802079816931147533574 0.2710307826964840607110458292899076277539304899999443731736938025551972662241346851852050511842318749598388825303481449157044790009111061279450718083655999538422581581514137616577976573201821133693653133381970495276977815
AB 24 3.411410877822919447870085224119533784958419378238214752638108375375503355349609128721210572479996515391680584207704158607285043284349065117510347523758765639037140125155013415640469519963472480910338991536018785197425231 0.1910887623000470431637807468700382216587796343432358760441929129084717020918156480170916568335952342496925142011744411215910750869996259953736757535790175714713512043618600864565090939528944450643003941590107856114085991 2.034409381920613320570756335908714001444893380903808720661751543588848827102759790197284819492268489374357246313996413204340928335984064184817680855026147134918708173223634598736788468659012832492138258526645158739475993 0.2701546612099457970017469860999981248756315517460149531951958940523276043491662912008028747121838887746690388226356642705278448732164287398393625841794991037117605630539123665702028947043303060343276536043653476645746202
AB 25 3.144077689938350351026444594561130307270951563702156435981660877705057609895589312705514246135101282511298086823701984645650082301827390257320699399376167213238847682654872493139803595349381128461616634169193780438000715 -0.02093341870575310947423693102096384868574069886032121090627568530332402115753052914405587046036502662506817577556751281600213787078442258678861388128529751008796897658443597247707263482634822111084041353699987719067343707 2.075298599306385109311202027246746201258131859666420355246003116772003619118796044958685510026926022158939967586077297047200702387549289734718249647963047576519623276311847030279953478114326977741267120888409069328703256 0.2693486112582027161052306299697501539844256608043111427367028125412121772099118269919278806804225824062886647152570088498852238110024202649071172590386326768854519517580736350816044284513734728326914736176033200856327606
AB 26 1.798342541632147627582398163671908951386314292747815129693490194165914060986481471227418168433056762642794506967940307176487082610071654838068786014128640660377312804975046377303957956252055811693003341992441475795902982 0.9877171581671752954584889138689175334549677525221624590721030793160644404703868577236006147902892160091734994535356845902156797158007598909776364318387335957964876508008520386406467539988558457538931518417329483779733497 2.114578931335183875662619562670766536444550107078591336325547579836939383546526753300585983144337192505635961562212155696394541977418120436723064110155895201345927820659232069353168390595901301409124154527720648560413015 0.2686045503010408108214113496858649821230433853579492883749901063362953386533146764528357699347456621358428947058568731535391641361861968831130521384055649235733270294106560506280971055309048320606421765555936659375953742
AB 27 1.158629366168941832548305563000672732993484000794382854134260637429314313348033370945686631290292880528639197233629245151962868674921510942554642887918843735302727800610628201461697385601916144084939824783745951225701780 -0.06967074911980938484192028691176262196207792911881235186975834521149745460616244628801437463598248391315165532830200528353228268355804147270623781487663550692548303684866613860879695572270021174422565738052819501282075857 2.152372379182963576342906612753716250802298991639649268473600646633490034970915097461821611811495855495484896946757431291069141791293881557323113539065716890417581305619349290548617650142028670805829981996667619547735291 0.2679155927503975587067082227399448514853538052093378066621273346144509714526239661782829608156892991422764474049127572964948671529512460167003393008967568299410403830341230265857670743330908180576617183821910259476109622
AB 28 3.214673763063810529256975284347863180926031467412549069653708429921358210826799633764554105723455183249500554000696862117281306272836396424049405507303113106426134702696373853858700798749160808158217567645691253479839270 0.8669838951707198366583613600488024750198405940121088471445167410124495222409609437763053218711348967735906345799234095267042658939104320425548329009708349978389574425538328806485864339259384110121808735219970866069209959 2.188787555541827707256013383579309215326707812915353363673836303467199360347718856577720273875609887097866609844132264238742090940156459249581961831434529224401684537874090574473342020632589254096670808017313463944439332 0.2672758363224325757862383170566390043655629015224396579461072445579841861087447576973249665769247322638200853805704994582093227885688656941133555416620742935317586471550508960424008024227140772754167070422064059995976552
AB 29 1.131107329378903825687989173114098780870002846460044253400857258206867688859762981436034251390937674246341299733699511970313267081843466209200202246692364439758744758606321957096592390329666772154687934232353067216730056 0.8134305702391619464892151474420263663370141109813065502201852237196053943194220507073173676386276387044576127745462910316177682217063057665931047604654716547048091792368553491002310068076553628850040991856568656497008270 2.223921576890304533890757521897604850218176347861619411068502395241341936431367717075714322840141194054894690632335718095713318538350157991803586802134364613853491634901269952118630905698316225870854709185727751374232391 0.2666801925712164211955694061486759124158611881672643187921028487571453644041914291284438860628725575504213035227586971352587423465280673838940273652922392191791926712155390875161897404210511991471793005668757890874172549
AB 30 4.085964884384230148056121385710029882334982653245092385960787239509345964820258253896139751710108514009290795241000696364104399027732738891347437767792290028165996632959725197001903817906104724947505159216456102439762030 0.3717112251248021225967913784050296062200845577208996261504775409670049507931327896455705328230199095367164863631203494414021073287364449829291284857920786738225011684580337495181446206955595089519820399432865458651732782 2.257861632492696214604086327864349375923851963156252265302483624843825281030551261556936318714607605639732299381270215969632569406540394444541830933218254702948731383433067242899971044601387325087858607752121339480790022 0.2661242513004128044084070749416461750661051450948163255476283037253963956824496272081578700310315358308111871648599160678620934637186144926870794514445080609972340590435714489798131430161115864755939997387530990239221035
AB 31 1.050459754784470758150484074655847068825509718312150714190051603094358831644745563476007260637775330305624851372532512190033341100894132328452157338105218310847297133549257604225456768877540574044215239725750900551677974 -0.01282875835000866581788961735965692527387874099468887383416647486066800053519270072414564027002482112727804436424667966511491934834670606294852652859595665562840943690896716408753397537485911685128946701614790957136747336 2.290686294277986163789251885374929690493706944068769022597762311745311710081982129838255596428656368239094280954698417475806470980502224025128115715975487410852255634474993798268127636820428159938541616518679597295254293 0.2656041712068329386191914337945623394571228482272053141074536179197934345227194030789874348870572996989214736477422347074526272761563333216562137623511427866574274410479858677275748729485403222274291665739354950487360789
AB 32 1.692006209053385423697119872597916728753828591078849850941120150400053518795891042039229579326459810156113291058379199823603869232308330873785308332752985696451248355734336266142658670232217408228980277226724051887350874 0.9236937271516589297051663356262973080701756542371235037758261114285303908971655884265517945362791752918436520581920112342764033708986999730775436941728103738979362861226001999538500179338123499116674512542697847048262152 2.322466617358515626785098913244483118516187905693674999974493012562401523005468604878155051562685029168285768572053297379197214631322992041622093900673288244073969656553003679537462738526408381109496025359699331741775779 0.2651165910202668393613083102614381670910638752564952395529976898764456168669190271761265187363558720913495173232524689424616136463608625325833665622331573080422764565450858844060083582565560084302652430677924440178543915
AB 33 2.838676239532709870075434488153635133604726889720353724794861877909005129455070715236518779227949144647793883929389835065883652981814897105691163131119363821051917001483218205047916752472936555400643762406607733472274196 0.3114695140486712565145066851760503302645924835393183274083783322119445161637563531101008976528965505859061710631002179655541862245328496509489509458879016113943452366454379009416211849531444763175933379260340875827096348 2.353267070136163026363087937183251836476429326056143765164022806871980159950677798776135346010547073069710709818220261325266472569121133724891008157551879013553683815860922286445389744695642683311027281633404744235802358 0.2646585567937601700587253697462452719191609849163400139889904477341827468146299599941900055290622274987035630583923279698465361918374969835212048600486466690731423731416928482497930071033907680659955039407914409686884668
AB 34 1.808002343910887179495529531416157979797032776460416249843439008161053222239004935609141688890601592833351426364480804057921230440548143188118603313390153093406362383614334765930938539404582856029519675677838685377730860 -0.2485390280215368343532442723405899010793294864177175586439931492094188354053714839116572718354811883495536842746469677693710683761138973579010196470833847626731065050263268217513863991374450856485850487503314414766393358 2.383146324737730671526233838846332533842018621989582111253592975613883068467394540102493622024025883572750510658087413750268427339642455005368014292775308086222065212573344737856958483196842046800943900657467865391502662 0.2642274620205824396264719858404766945415827026504643996060870176321492829547970591778180074327618129583817552071478624355485016565148357769063314901920494536855297217800995943102604041984539188770350802952298680559691845
AB 35 2.656838943284838584601195900988723725126192525278321919275079669548135904705905755636223786990427084484992680334357240654756221314709819203351739118119796553163232341433198792410818400844389457887666718900527043969242647 -0.6234245716066918034205726296611603594089161976859884671050221286141579905801756482900679721046093034567642742936616517803842662335827104270465251537245862834212871649520914755886196777045403549598311050362371150570146968 2.412157932234961770468185351233083090773688938832327329392716088358900694253079764356748070939888358464738235937058805947384729954896822334177463317906047087974203829291729351371368200733683059120549501810267125667060671 0.2638209980135185412686257052959699257791148907406090996481513175553592251435327718349069527591091178378303310207233402934724675841683189263101066228488778022759690800545179320363875801741498566516164479432632905451026587
AB 36 3.502767844912830338091698965828110757505150737084030289072518930064703721730811411516638626438734736955704729913017493036821815527985483495016772187301292223577979422325268352057750759226008319801314579188821791147229380 0.05903572458100756198064919894198457751860058841865955753552296977114769331995032900049258738254590683271676035230789265386943188514092742367551664989107523813557362117693144950497238481350935152934398619433347574061006793 2.440350902246818529931051255569587612267784306254415932800920450067095039621458488362326360479096687596329349689032249415029850667423502737727006994862080944007056895444545086954657635076839636781259606024065836948665836 0.2634371125517428122760107360824043529584075316705591829738702459222593139523600156395393424364120444011906059706833873236001927176910749940089010922607774459017498741634554503317579287150787595248625712101486953081994524
AB 37 0.5585641965851591478545708681702803356767050378023934008266397515026686266960534538136046015817053221099747488619986864443504414278253892548203679215801099186144166647545237066849584802412324320159786704857599851252217520 0.5747049916150749629555166788267005861286943822260387538395218692997230822344001657100894538059012368151580713349956592752478796281252675620769070011098303510907989725076272692658853684648073508878770962924532813605023614 2.467770202737001456984480493177224554881658088097638628779866463536028959903186497380262876318129137506309567753709783199595203601757823698624367061298068118547655306111614285615881188150214933394703586154321668199012703 0.2630739752316642471825030911523323845978699129185833654696227054450728556055428065719977120874782133823593403375958494465578174680493783944963070866366500735816674797669022052668194062223998868460426463343462631175098856
AB 38 4.197435552536502791986300620377888805387936065758521888549836439303092569814357762852637077622886515797630059758966875018309399183801005477170145873342354163862012473968136200304471591253042748042297986336671079120570366 0.4593540244272062342049767277263408618100796026976409686946971664200359184500036201891963652768996124561981915636242496372634647276334550029914431488888672585304595839110153589288517365828919556900993707909211541770379062 2.494457192848470536195066563897071515483996756788895530307544649318302481094999986130627735263882733644154133478017939297704109509190280981470563704385099962178024628981355653810212286046653762741879692462616602666388589 0.2627299482871932476077717808851478443193057537210369362112269992468616209720039534288517273473917680028436415990967107760705796526752012375855212182617276577627638843201543021508047852799236762690667654435546318432525588
AB 39 2.338094450242892426073641159869644693168070217474083106260700088656386316252521251344898919445233004918607854869417870718002872216113386347995509460720133195592359764939315561927435637974387996499118459143432069709369367 0.1242711990614475857411987307223035108883891013360398124078227619025047512660406724606209468225509466198548769722282652940564285511514983610987864429010002375992706894479090779632824109938436467542855908276471417097471922 2.520449999267279964259523963909571631157929798480316618739685003610061792405732155782532677650484805398546000390782677733460430966848709273981865138692535695813145689188054636207184310610030139488634634261168502508079663 0.2624035618980341880635647174937857128808445684917438329981052351923993132947685287342372799797419102505019191577147844285258590794230777392948593550840547118336313388239192179931929991682703496937282541435763411425632717
AB 40 2.196433001477115863303045381715312007214625545725395182153101374674647558575661352331388349287170076828621728110755758319365138191425155929243473802077171313539448991880643619489890045899821310771156185176013935766932195 -0.4135422895485511101223474794532272552199095018361542935053904785189451820781602670372996455743965722532354404185111544446834619994227960789002655882549666893150568634829986573027736763207332278723970019139981290237327944 2.545783844737624665529082815704211721993040929707882470243750657693368897385883222717263618980235295581127906429770104671520867497566272910606181492837668742941677479034803135988581429504406207059222980080573132577813761 0.2620934932008232846455688345390470452759795563234395750104587666825605798593942167124775900650519097506494011003815783137655579598191309261016607412592914483866716027782705467571745160355889912354242039406466850094841991
AB 41 2.379740432830480785282229085937264133646448575671113401036827848505043039465628647011751833067662768173323654078584904934526532752652802573049525510537353094521183620060287733694535783252737736919774822325113014960208252 0.8962185006363185116901402805741216514875049628774300491185453760469449689134113293191887829379432270785872035379231783261726592581838586496698043780761187750325553202471837581902125614041312852364555644350835166301534879 2.570491335851405971140768031246280967904677392617529859903328591683145321389108910764470205518474758410240394336630568105806269875223236323590524401188706694079829773041250389954835255841867467452099807019674056676920476 0.2617985483710898482937381010305073704176630941256912938493709225984518481378162729244307004090139462695106160142211965392626613596560377492915729551297792777397883925334461782564102646675311192590841952238421324549898098
AB 42 3.365105313565529177740796087989496622065028696175084418622035565575956599529817634238949055795268097161978873123761354122628532546366332658783702211770494681977514333245844617939323942936005952705187100543912087777004060 0.5559124106576203462093153979759122907176560789944749899414796651142430381988853235181483767668483785676984319885908573821275436520624841578153637472091018457525967233686323927620617463113355515922349655275980321252787953 2.594602716027671512764951464605470775552583580099943558740379930753130061006259790315310284617543666528290545705939559480441579562723681665345144856622477812673939892739229417688566877192625208555846884606539992788282070 0.2615176472643687695324858348496417142664946143279284914457772162416663000521919331040985681455686336219846044607807881017448904976131247434522552930238088903358841753233031631516564478716074114677125964898226345828302583
AB 43 1.414179451118590777959915464466505008168621160949321593674315324305179437977466986466844309778625601763192138607495844779680544761467804816716841890376247344895072021800964389143845859824058037200342003326990689419965609 0.3390013224468683502243892442126793678638601805691236533804738257355908903152168167358129180697861367726895667196106080315734197463261432736343504008544538774042630923114220376010424709202478485065286184373266593538782956 2.618146088618025430964482832349729006408620358477455614549756855248119822970336707320742746469125505262561995599639405897234381060599151255318332665352991449884290533334113608675693548893656733398359621858501130625780287 0.2612498101999602952487960272809143273345639417019992678305134680972481890525017255665358563598713713007345138270702283670657324268567449523516419741935267371552324159388594422867029766800672438279380120934838923392548192
AB 44 4.390869132515377170935332462051341080337354147239901256532378230010178755868066204391410331561431293490720237126357393103337379176377847265122291760614434454499463379359952093910012926749529376667491849076894696385030622 0.06336189046941698737024066438581211865325463655316021419376377920422756845041754275984479084940731773697028752574514481948214286877161321393613875848157534684321085327394032212831331877409673155783930877905392559180759872 2.641147614275931794758594509877406369892621117699013481805997592355586948989119199610830029212841828808404204468381288127244363208752767650561058768117856099438026650023128496108226072240335112563741237808765703558766519 0.2609941465465409848814539060680066199202145833693781591670239896829308415716879705159185251986708596288696918725602685792714453516934673770853862826419603296354435072368763402182570226445246282705059351877135411385108997
AB 45 0.8536614349641022971874688495230006333878986769360013288084432194367244318104247531510558312870378930887487130558671955385527446770776396643007753491203554096820936852767669283856296752772912602085167469618837828678004377 -0.2333829631950438376380459871562805072966816672245169088678029852995306029960879863186665523403096898462664965325227321365898823732329490378158413554444486159072547057699934750061274807717289078686659294635996333292523594 2.663631686073907092202070140969298696096547535321110161190703506464095310362362896829488685394604458783866450683682121187473068060755785691267445193391681987146195677694669292286663626059836372519113439834134180748261245 0.2607498448294003246493608077675454647282811720017820372358196004295343248638799366299651194712483929658037527126366185725511020805170283023066472743980024846610703163701040430531149180084416246540430746274752426849418650
AB 46 3.262333833484860308645743746137033967164095574038174172569873523570295850772724997413528983528192437499669036767244198333133495535587380330089574770334257699246840630624677271611602322683217392318757823831037752326407774 0.6312910513654816304003299550039469617368753376562658504941670393490998576999746786332641032294226791884072002152282314003461818514630341788568132604626489813507271303778737295889306219815637516337026208422843115399438145 2.685621085314224204911874039001867758761160016811630221233574741478205949549984080577944200631143133158287018582179243508781820344918456553077150870536298152629465511979145399579745354040719753384109330231260804342465275 0.2605161641278005362614380863983153716164126902605734543697136558478550633191322216802760928193624158740189548159591596596956890213454051402504318887585670423604887506242861628981521897396839469068302381735554805601707136
AB 47 3.019628782953410535139585764736175891294476889145722940878694970927319089054579994954987051696625823302979614687734922292597748230626264553772417851548623711730826215461198805676083819878888987323368716738024670248014414 0.8581104389674961366041478429212899622042249777955678025035116003267614740056793691996794893800440221620699127654409954376658836784307993373014309582563058332286559991902941640095669949201382198178150098383322913977995107 2.707137120533445013772786425836782950541697408756452722726793380790521623137958446210914874332094443997976295920658864087993670604111560456495151603011726663819672050549335008243360728787476795925436579672527294341333362 0.2602924265703526601422757867156223278212462343608986185373803113493128246310165110229471610349087251201182728521090115384048395988197279034508948115380216225070163023919286107008125558636207129375012146921760162969975878
AB 48 3.451254360195243536339202227413035319257981801104221212128449710863570680092629695998931911821910367088982610128420687244869440478229108216947910941032791009355153457774890334553521328675702154885176963512258680105053519 -0.1960122960209974866349178599066099980323298662200235964554720128616145393292508843904651944329171828340390234296929390748333209115792517399113067636100834200529972204631038875843257168465307032980294892506670360349880063 2.728199751831137022415402304014999972662669764295035777981572566951321387455318075881874644782931137608045192508601342883519255549815882099492514725952817775066801944934887322230335896971001798916061242498718084579925943 0.2600780107683127147413128261820717030490669938932069736682632722597745419075433928039760506195782931390843226093306469675012105200263250721124045897916318280779557341994928174755117480425359349516287071820882759264420798
AB 49 2.580391270452618998650907712616668716702657284879947495996762614318528827586904371251480607017170094204713940069355367356411161992377331839852068634113863049403627611466760636359708622706255339300993682538749749609805750 1.055173662020040591619468325415191456374815180440515070781866927128688355676172293098725676663894760489211345236164311837340323502910070926019698558027439428776313074339365330851731729429158358366003747870303495491734663 2.748827702344460966086936400110570784201578986295116698791833984038223597193243723727062707835034576783312661377350967904381364450291969838272296326593248414880356756018441867950195649921206757354104976058136958648788971 0.2598723460528343387062476031438794531368363228268582157035733074007316030635853404575745652058572442164189702676389848829446518268444237303346280487860931402111038085211493523432593676487022081420628259959580262366798361
AB 50 1.688701537158034435824058438401215730238628422967186315272212994596675823295153725991207977654971995131678203585876111916642020307237780384884460158165200698868865346501033557762492171523281861596816937231004203028780168 0.5836963776833660286207237134438602404719152524889489600414345162641975462445830492233813198367938187123263267443105742407181088481901842720252284459764733860270763169510913863727663679156056015745222850849171382812013063 2.769038558431744398706864392435156731342100671987287266041213018616437991736798346737852366290450219388175952161059501057481299524553353154154884884720854973897909554202193513701549269265770292889251359157261854913177102 0.2596749074036441353425631270773420991533071041297459515891505987190113705755126819484046186285484552496111272446958603419363511426471482964152872683902180417447569808687237838000603277109535340154388261936479941394257846
AB 51 2.170955939892456847228228341550205023167595322241128954030278917557072639077769832981803435336477300615684163721137979990428612323949501138799806917448658305808021678561024289027750666822346513753562166910766006807931313 -0.1496822385072623931344912210759750328734934424038580141197929349153750587825867852013929018627363301058997218959858994865179799841361425481153366635055804689961224365116898434336595931085530910962101378949468888408034159 2.788848859910712160785539532405231410576301914670002485488012480906043633586695750873467752795910800624066691562553643031326876917377750683581885207763629732000686267227186371228700436028939915614233122894294420327495762 0.2594852109742548497765883151773014306753645438592014979544606653591435781817176442820330863519407521557549012970035185907781960245207543762042502517915917061534304147167758423161946142984794768490669426401895654337385199
AB 52 3.727321821614037696823498982805686072089354648043669137325952190600801388163786214839976774236583459573633532064839298886067023447745584079771993532943858297805849155526532491938519415813205711907403831880599079619582958 0.02992619335234555323622493304552138007025474099563778373988042667621783128864355412878523301093820130976186635687110726545475213811818955706937030295389103699439305048578405662620449361796258783171606197709120424339392900 2.808274181513509729963371442667890212003927060263897560328258563596647147937769079624729293222386147119039138684091201177072766488772459628124537695922670590443890719026519501868805311903374562201869416730919576175343575 0.2593028101334264445952012296686431077031977615404843907114748595718367636744477261224267477626934834340973470799009840999569837781527443179571610499888845934436028881143602187780550807413083689875438407885104258223402251
AB 53 3.570280791126282674797269215348645137862428048677301666884595486564257895623025811325515480115002791563021082748103458412717917089781955760723275848147416344797390281775029657083366694933386341816983456764003193069487519 0.03013196380833541774938246799953182498504001121814525369855657279880227517553104982709171349997349044746533204910800700509758636467147485404234731228091447772089593685584546473793484532874134962676820596067117054556069463 2.827329206565192409839333471413699011113615243379019787664952165135593541179526225390640274000123930084797249374628582540786980742439712041012070007762082818152277206274617878875744064300609739149873535150712234657686779 0.2591272919547021915132962792011107436907834218546452541553044031337972642686830878686594715982204888859549480577711421246106124748825742795694162252201766037764775016982336826473266886125050385068640921962920506245690004
AB 54 1.622626018216144672662229089534789879357519496809387900705414249503275229256244573058425043525052029150118523578519275834804102447001527988345993478668786668790953489508962142766679343003851097113402500289487106544735260 -0.4412763751324481322525238916170814190060292925297939769066543804232601413255072534813241288985149575683752875899674452915680942470775164238266722638641669097624089202672271608059048474309954095853773873070518149986497277 2.846027793760220740818944035284401201170091705854635587792007573801577828213966374948749970129414571517448054306461189711807973865852715216961390593410379262707253376363760043318194832569428619022836352672598131907183205 0.2589582740959448328212722980915960176184648406929462517721286627779690462249536482926787407757759267043385026549781706013210886876729749983484882123095127727696535473709509430829845010221804125825765344969786059921807225
AB 55 2.179794254546012153512227432803349453731045859871480244472862874272206674316818739831100285792867249729291376299185719880712264757279653803186328860561801833585781559902412045187738888510015636210977139377001475954520210 0.7283575520498287399895704497374288659209024327066263158041892357249379190233503226109646199708501116587717255053112653010443096693416905530047648069707865074136407705093669576086558740711256595417687417727812564373221383 2.864383037798832748777585132080476301842775731276547805472504165330588628831445206633597545210477568166644914714250097448778956254964382695425266725967901943064427473103145885226665503992984998716706808325180993963518385 0.2587954020192437224641482584370806038105469610954324380274405799658397672780099144434810986136268025066948469796032996405239665396582044691505958661714363592861458389641779407628713935706678888249270025494433103428021258
AB 56 3.868848463426866272854878300974188992089247472595709489728940833867633611109613079310733143553766602276151473692148299223901221343682140591301043013992316894174793447331970734718534876013961718935585373204078812756734814 -0.8341875312886594692296510977792576807204518215297784364042384123618856591892386077506144929348609483337495298762500156163687714816902387861634438194846689853513843923923425890035301225168351044567238440074985652093345153 2.882407324548788770615907087585044446825893514648110894648307447488114927658773838403695176458702860896775261359811764821718611046178530157915981908477741874424745222205099883743369139933438244840079883047633532925703927 0.2586383465086525877609858657784806042393998378027391186379503651081274616822860251306096155266519892673634672048885952871227973498800781171897050740738702030564415675627505419018467164343222771041256287832456378662295778
AB 57 3.470240161955377842234192707975087014731680841657846831169302274484990855540088438787226293604572151197889685633979030141739547779064673292547970235933773721636098266696723135057692346642355548140409107077452128768747043 0.2167672289386635550404658315480241133104351202456473275801764773284237726853142901990386206791036983537375542847378236397238219849997794777173789547962028267813525336494264245277774828403926384408086720936330487395617664 2.900112381315299623399207360067969404793446693964153596934950220879952835434439816789510931334104723417349041161531991587120811554242713117773475498474906117345313520165801693721441413548636524458074025605217994620190826 0.2584868014491872050969812179768196154953791328799917043270466781432119335053113448469510516898703158037049842565219683707080874032488081685230685761782726884101723297495734241254149657301201139590966581339815519481884917
AB 58 3.485816165424586017138448668487880082254549271130887481821533926519821968281192989721744004904631776064141924029203203539123464420655996556082953812031520618351917984701989895360854768982217138258004203296395611384218830 0.3786680554697564880499498440110852662269107312707049320886093481984102426088848343600202269181891723829571472655970627789149519015514735829676224175127115208931760888572611346144460748993403223596748948544063774451939119 2.917509322730803610570959501409226400942747094214447961857207294676617164695040130603162861919231721876586249730196386527130717653892555348816476736305192206781316779281652052105693193373158196159093079478872165151514826 0.2583404818355557651098758263123939319041690754142526362285760201781104321345215257460593657585256862874708490047599816636114150884941197684252177247617813716316628402301939344185186471789320795274428986127880072844037207
AB 59 2.704244954324765785537875946392181015710539998376738940360675020333243586791169431716465387877554662458598849851842656478335937971892015842724817560791240878188707574926397931382025451951016894279186363984975817625034431 1.154367869543175026269848046129464870446993867392752949562963589713354895941430612027473394127904210788680509742260745490568666241675173645684690087952741867148710174984782945687121627792144540510546446903773177681784330 2.934608692714870998849956780959445807761680508615918848399371191462048136460686348287159929449732771066979082199622764680418773977886436852606628564851588942552759369692615856343316000258117563819700467446309057972933941 0.2581991219833689647373198850434314126767254468852782038874086851172574703078611638703332043310537829561328147785717817541992270756875319938430899072657090507864219203436011421613477776241450305487171269486468352436195593
AB 60 1.574158002349702241425203069291848281891786050843836959353286059076258698735156336006023628164679975736059200037614474497386762712571849283831026718698527864589784238783179713682520745778183131820172860197290290448416570 0.7663048099450010117572751133914042227505211848864445765288523087583973656018150623148672458178029641974337515642174087149399571120352515399453490017495185303569569681178659411323841477605196351084246689305394823841511597 2.951420502901405314752681343803668539631826700267079248529746515596446650564653254787928552901400774315565961763172257666382011768189966543245354651294463835593435676342028263963964182944395292500777373997083155529081149 0.2580624739192100861518436942336644899488740714706458895584622242886155222875835583600403200967820259159082205431953252282649868902557757954328693309625156010832989610942677735835735506390050181099604344299133632105615395
AB 61 3.874954457125410200600396084320639882317281594201334194992411457193724398420880851892963327909435239302515746726532900096513163536116419478763661802032491097397066869519250006583109837772177361693028683185983251300908755 0.3506990446786916707218202944310797475353697176486127761054507537755763617833188496530231955061872049112793395385380041138895452211919538557862632156978547847364184934704920748081210742773311120146576672248585697023290600 2.967954267884243875628974907896444653374878373790880181905909211039170798042652943580549962792514122554036930939681164574007821909250911387628224239969613119985182022732558171676926897534855238257356749138797959392925511 0.2579303059290425768740616923130327284625888398375872530898861580034248915013778922579589272991895956958361586144994492253667654669508129290585537866089518545725550454894418000649516203983352873434882024338426430432917571
AB 62 4.161145057948464188420010301669528478178723583101594493386401852083606949237281756875483844467093847601782255072858542224266160102945464054009308356080969725207054890784401629289234886030766028640303679165031136921585548 -0.02560377041967672383573242759918513594184665019726232116096758447765609661462095422622277078293852772476000621752286156578439834423987310285788749814007458452739089566147658113135564699862744381762291239891273710434874811 2.984219037592201683463818722704106707238811731523615662112002197082750758172294580797350344786826018236581182720729904135474943198296658546835054261382028082290319836664832393534573150101748868637361360514501871737873649 0.2578024012470803637436558250913895983700546075973976741813740252998126798299086487719936316822242919006773202810026658344324258034729045079694399775219898507599772100641617553131848495702338641555786201343975889463427668
AB 63 1.046538888211839701699912065330959879161834196314338818729521780061167980082998168772407096693324829249052674038409677991480960118198205754890708566518446255558364341335836731448204477515084255243837296845996811808438823 0.7275804353520540593918585946102656773413176972987793805529900317031093091617326403939288075877137202604970607079779718742017676379193716204655634089944775401007781418249101230877362124753463633475058290129713159128103274 3.000223427069685395000920725075633193458092714758440443487611687984984458869921701307771750674368725706912476127507414235351136514475435522730524751651985742963804568959562142993073495303589738432351845414711979535137708 0.2576785568695156596715973812810562841470727069268370722824615633997387954249711251919458430176604423440912177900475242979632122707988769920717150031043406294897509238251708920867824628976624087625253466319029121521762583
AB 64 2.865883635284744604453465118669776388088732406773276214669189824331998114735749422985551783735675037348551140451339305202181394014774474469627197429705892924399855754515037436573968037266764581124516385132754061806185241 0.1040735417012448679838856797310244749596095203032088968683887484064940007499620848944451652760872008134117676617263048531907885451407497850040154610213802745388667782037440574797931860687776495956878143624564959775025818 3.015975643908496849072917955595150802088347108014470848207440958916975917732432727072055482944127103951108750388746553652293534088387917284571185440007014497729318896209255106406881842726984851030326068088898596767608128 0.2575585824794494397674051064688943813317447279115208216722460054972748638819844277166534539376225268450699973868812731225450661758244608501392031178959023756022667457086656739180933998183311635873120478590667336099892778
AB 65 4.228948176880005011387031531174561662087294471063371781776491490536879763127763477432308811514408664483326737010126359185439999904334880346800687624234015563594108578071225441762890783293083668323561327492633592052497153 0.2665697439333366970842680582854232792914100599607899012494171055744027618476491689035031915415468836746878751960663619191815113556736832944930992338140096264843274690801996356278422127339846939818305942563451087140266306 3.031483513549731520312934079285862730239938330409206202982224961453132593338924279246563833953154981766675736756066142689617694777200029987657995112559127481154054125430483698703927767489343370323967871618096531069475440 0.2574422994710501589592663792103847915045759668043043828153687421035182368977766764835531672809589095130076883420711566319352263233636679951652024284796289683522527421158699293793500474927393501034512245357616705556254658
AB 66 1.987013610189125116010664071252596101080202251044235494308017058700472528310619063155358316849042646480550238112653276692317339736135887383101771881322758450411528839289805301293724277806496850195648006667755181913657369 0.1088983197340660699686947506630677977967748133449289700325338100795000393121035245674669966760857175000893140331828636024616578261135498792683085429175802013063874131606590502174977431187567450419560524915241194745281474 3.046754502651233701233981186012775867861258494866228374945048069687793107246197047052928985131932588897058786440424104369524531526412194541452105370234638851948362911104969512882975237596365571999547035831211597828416785 0.2573295400624175632376094459545632181146684195502987169405216362062115094383777697092881311957761849273881198666910731286765879773868627100686791585115977767575712412199611435327042006810335990639973223738196793726388812
AB 67 4.777481362144467733350970284493262976851073688035548468107771828085243831266221809472385686083453482249988494795778474296614191891920169646772616037970303257749269407106169332109423713167275573841484789343952750173734869 0.005631982863141742480991209485785554838452688854362810709976460531782101556258412648783475476638772706266112350880208791169648528390077893153545854254588611380504953830955515436324357950880456771405281765369214283283139330 3.061795740695453422314741711119847728816020021917517823311684683727779231437768271007390963710250572154624993780542358286621793572540474079715315896237749623289715519245655143049535497821782192881577856086744198269677400 0.2572201464878848027918884148378928969460645710455134030905343133934364816973531311647913273878370697777461579133280120765184395003808078008496691209890701663593760090128131938318564154727114036085518871755351475504142177
AB 68 0.7293866748099413086717864779768925552936188110859712448441404890157988977836827171710980011647268562830108941229467642659569272390594430871192605368794639607092768446095014310354225794858683235966675700369991522167750238 -0.01394785904666214536882159437352100482165459812932783343635031396590939177337211577850042070530573704347079324623563700970032408160605317751828089396386389716111976540159013983835395903532219786334349911245924250712326325 3.076614039994382257803176552690617851011444119111263946009670424774556852087910107843750712429206178753872871247895645400392873783652548587657242451856053895311714374047042153334670720696720873879553297409258762650225300 0.2571139702615821490256200639217824558966548979878781509289429556978101693567476453145657482613068058116452727841690017931347386771236122053558962664748368269445167212359884016363240727471759432088113383903754044475601991
AB 69 3.828491485373248253164993640438205281381215857159988546053366154042583955506555399355378290443888135381113663336899135272111627023273374181966435755730728165695663315318192841315899592533450423674084035205811352175010518 0.3329804183318892685202720608222254512892537231720663123515240703575479346024595026342037214956990156336776907720332666971419049546193673641012886180683290819057849544798928371616392346536055346478672479465683230098355742 3.091215914232203696626668395490600274477078260036381268644899412770206351183664240864276451873015172356162327572765759566768133562496408848594997296591018627615059480655517373654671873266045393145331790112449487393347631 0.2570108715050335416099488010729374083272754209751436700749912434272954375891895582961164921614702158425220318137427696516223163663856893997462623399415799306492343907190789169348705948309496559377126940348052524314827490
AB 70 4.461359092676900482382403041432775355932320536962223697393556686498408947365002183126129829708487356267550148853943985532908643616886952855357086254154681987912540575515920919681884772867953249469317068355749679160414816 0.4239093706338250861383877667138571252366064911679811412649919141453293834406403166670249897813518460348257882517561478326223862718294512894907349435587759549744313534246793599797695256733927137489905160124563561377489231 3.105607595672102675167226105587531877905771365379735915356553720998230702030729788271470630368712485958903733384609225579209690621740380707104596148115996181995397368707654431747595208135918348137610707353675319471890876 0.2569107183323832537537032436655298861836863228755647518848478849167087870064711421183123441878505986969651799339590413131214345296546381006071929411585788562053288191259681530688697096078192095281003681168174469561358939
AB 71 2.912129854765786733784241179056307675734642626196132757339473311846184905378287723284661192205351750496387442737235163046086330457331936209103922093097862164122567313798455241649422933702078524260757290017859712242375917 0.3975910348669325835202414433521567345445474830833816445910125685168332789938251820639490107825958256516691953192018193752908506823938455889882263292420176504883139338453834634356652557800195332811803392214798437790929998 3.119795051141101412771953825994879814634812601328386239518278103200042433697106412604225033073984246211619453700718350392794270009989484154470719053329172390023432198837864955394705208233743620495188866685204182678753309 0.2568133862875713253184541370476440389714961883568231713865608278797462168387444698804205896372228682525740536694132820321977466206275502641951450589462041965558031001648626606892898858680751628827907924923496992638885193
AB 72 1.359290156134732329940385024823921444504805361471770575486903770244678105911456708476529867796002819738704583255279694334329841633755651666662011460154501171874741590412328362601802404952175830238728681424896100955520919 -0.1922408477084621232074255438539935584859365257882595983972622735154939133722893767932570737824732807322091309278070826359878401362732750179921124938489252710428635348469307351965374190797888964802297795401384840357122770 3.133783996895621297178838554080553448511772941031632745556702843032717067087225219134604280568379353689046804234744479403823215228704877164537805328695172730839175080185724842970280345489788784781815506209918749954794137 0.2567187578284076143128853914953004023707926163194274140099550891814372778205238103279248084742487804561587297380934553625265212181432523872498851899155415109875767733295129596799311979195066324440270323940578743520918084
AB 73 4.217988559968975755342273026916573535531612936103690122888084201369120054203252456401729214320277828816063889129362913376058885831172717554328979276847538953111165576045750956370532833244208248547094826560026993442469918 0.2268584918535257703267229108911989317127508319090794345423440346392880800278967844853836410988390778316056453293152583365686030178476808237452369023523206618532296078311735840624099795247263387102767078955522871106647225 3.147579912460537815842423514480247288494783829728980720350103631143089554707193741271027280074779317743109505959459750209862341600980584878129215230009636427063100489113023783457841634173351158386356703989738777741851851 0.2566267218530477069993412403686059569585688121852414044808763486110815464648860971839952752761537220233797828911771093845307155298808008104301327485904533183000355715341239945955908221991790053521564721194263851317651870
AB 74 2.072424677618725533266795448917610041038448562218368165344711826230900285874529605314709720191890956532221487354044198134320648104752403628529685931229413622601803918862680245698421012664443653068176948876763355417402214 -0.3077834032161588327383755631553716665643142427776415088913963998330675861010024419908108678256333104737688213904215419765028065558671795658143171183708912038655808462732652453948572413256052228926209785651316896503188138 3.161188053525645922714778668310607134984143852842238033754415082834480542926557723563733474337207305934943502539844816495923698247229581295234342742151156716666094217534438207148545380555225667013392093999259886051701763 0.2565371732648600191877715544456229775376428173815045563136434587113000939298165358085390328130974520585627817821227332391840696483013203859906852036376208431222447981295939749796909431793399820355218682712600056281043913
AB 75 5.677434706101319355050028630559179370643067727117152651188315442401348909392859889816826137918402424974721620678807060021784147780195738965854432607655512077223247665989046423255226493203289534481225973426387417558878240 0.5778926960524683555995945262759602845662535811185343314598527943495799554955428001228974882857405949002809789963658428040938095941406964365927883290420686984505169285580106983803331243651778940618658067999469476375414652 3.174613463975555651780952179727614671863170278721075922719687093280969185433343229046205842570047352440999239000787264656033338222124435253153940828526816162184160203712933804454523594510456505503391218265824331116740738 0.2564500125721011882825522311268742998450983812880996944940193738203982591709389919790756480874791909502744594244954789518526034380284988922687149541210936807568731967711784320019274283396333259021608959449498785263307712
AB 76 2.729348986496464494656689381642484863928978081876623242915553792684913599559069204027091013976977862950855291823967282510644801743266280743367920316290199661874570535219896483510219246934962372029562502211843866738622896 0.6498627844346367139722847998582718612247341798231192902010790450741365352933525677648129702282409203409013249988634273291171326164952823338523148520119778661470615649608582852642748173233680153719000237882327520438595721 3.187860987121978526523164802019297324443697123448011198474489325644566381790224380316562201505422406770698873375401510511510885797640914499422070609122558341645101282134564040247042846003399141737505156678163756526810504 0.2563651455191939708615132822825135159222243715752065639411124157907179369574552403983236264604642250236387401069050967626949595505725461837502157977625350731509982823652902599272917096356792269047123824360958249152660502
AB 77 1.055086842112074253586158823690059762171265636696862013548949933588797413454162638220917872330505172950245837945512682777215259482377249869880498161680163139817788067373637868533788866969797845840931406721232401521617048 -0.01741799537986940991059564618603233596511628428806002113833354199579344819054877487585129637066349988795787337271826799979180547347840129831512551109898229976295668840855409170648578087051703584923348282307500000326070744 3.200935276201045552527085865479546737989624430279830469144562816590963785268674429637490729995447759009700052470318711620843506759442744433098942804461795824930276391963555344262189213398631276046774086072237790155073834 0.2562824827467349014787423456324729039961716595716230078328702671096889981163244789212464224387220846933061271366570816533336497287488216092761026991764502754848557722962562219536565905484962589759983910572507959255434795
AB 78 4.083271047172929313050622382143918961857605378840245681448039560833486607530957131032830965920781516479056677427459237059316661162375986045101260812487896311223952810020924430118985884005829777041341475863836414957050771 0.4381711053549821239584798839703753725258606393060781239630969782848449237431205180294169887989167343361774065137244783255139957580923568446627267014864860977013911877947001318682380761146225665561624877075543513360884788 3.213840804192631279649939868772432759410860403591511548904878759558307645926727709130881559544691648588628615756449773380266182322473185357633743369069536411292291087725838293714793015808070706207022360603672160828274304 0.2562019394776535849778152812105076144905899735656727982232523107286426952806308342622874244069464302432225977871883515188616987165032774170329130440326400152304612441770957871074588841175897729068053152020899904449271990
AB 79 4.877241637132440349325962615726921122735782899062711365573964794910169016343588842763195253284202511723533351265333233036550767859881566322669563843657283022644969141020947865752787657886783682780482887627769014177239628 0.4250071894354161834562478145040145083643906906704997654853516118324355935425237315940587473282335443994216749105113603937585339965551760617711451890764444001354528514404208581192323056092636053456319907224607263492531794 3.226581873013570524137029829639587921209727434703312851463794790540033087816975651610789743997296375526872304394711604116831800158746844643092758262003396636138428971861606846420724366034841454970257519720965884908728829 0.2561234352272065502422924900880358796533593312053816123606957218497996002548893870224119078117257615515417393316015787844845144611498109879881744471739147350989255478970335366391062645177599949972547034900517790567399959
AB 80 2.400167883833122242592481066038313707303689842271607963270522550584190688082684261058689712064165741872675404330795723528737552376285394387423923535694259229188038916842028979605351791799632649064466376065633632500510040 0.8005813600141959735253412306662330223259835344734210135849943813616124672453149599323848709670915978075297024305134908564974505904957547274634321102037953662585036814800542823357247755072257765538289596006042238247928440 3.239162622132079253090601195336464599677612037375863655849405686137104754793783815232436989260149350385031889001385689680898247302667678731757397207449406834979020544433597387218841760445154093837431851690056696502325130 0.2560468935347202827155118068644917876403202972191400033425961673723586192209624687868499220942595484425250667334580985916501498912725395793198735113400044614052652157072537346072671245300430389582242970724292697057702854
AB 81 3.378103645118828661751941605966392220476531279264336673758592987746818512429142745838189277454554184702838313175876233303889064271654108986527800413459004843206256938346787311103321168365243856827222953127150729497312457 0.5360955557001690714882593845006982293168019391749714984790617100342378767021881270036935657400914810213414011935975034762901952650199365259781760446056471201201013866415489378247825364809129419305669930454471631443705784 3.251587036646571421393466765397808913003706369784168262193015216040523953678881760449115674174294166747080579023670053750107530762160023478400810876329301371873501867949810699130737447119321778103464964047008931396234991 0.2559722417152040013165644114698438041921758369756428987850915280468042242953498546833852953443061085781324397568717293735560178675900556870723638236825124730658016689392095654403537460765014985767262314496349250786517415
AB 82 1.859602661523622833798793253774951620532467656970266151338214176247516355409777614935104731706870515754981867510518151356694036633782106410700653408404549385414724706714673504472020319127316124549519148891732839644287379 0.3403883238618053234378065170457748173979900656853678692525138346663463280813438614673935228535492172017196622303859692459491184838111273482956347874368826728693154798774255013715957951549579140403708703516762253317492362 3.263858954868348842338643989731371264411424078806481990160785610130587670489735826215289798961486578264053980590211038821152617431791029585302293477901107465620009600823096140660258135803701572962873042319417536842070434 0.2558994106291360914396373789738380392950359177546639183331547822900427446553743674192620891509800073580577184172091762117934322151312868753450764855334100451193090565339310173142617664609375545048580755191822183257119352
AB 83 3.920111353879479409885134518511499987330021490367025946314065693012084628398573110477615002638046299279838355325363203196078875575983560698528906456310876637133560760470325291548297724148015866426965778987910372992569032 0.2005166198707285464576246170868246299215349465914944343666317082581005211867056025888803076189608830669510970579766079580058625359173588241410420315686703466428666987036160645528102163958341085128926055315224912952554811 3.275982075444287212482935749860926023051952172094865550940742015423989609605234952748806652157429161338969119939792194546529495335910506027261683117683971263680484157011955774175942535382872332660935115431021202283721649 0.2558283344688915724701544139698693746106125963746851650360850064398822100622155620901429924112853457645735221708430526372051519284968368156673130554790188189088892029039183345625297537148785182757017685325099147484130073
AB 84 3.353424823176468456763184845136452466577087360557750131657632273830876991148130143755497298701922134483568676664160741954178128786946140571459471853654321832027454209724121245903553362487069765765427847408767461322700906 0.3108888867864739155262217660506262923866264215774271376277684617156934330362909784839253862004188849730257488375734562175979453566302372330127272109177036344829009793734117619074281274234563800512014937955864464483084241 3.287959964052609252796802153851303170050413602292995647904570415758479448504423838455710426305763887805577407109413453444101068771606257512665169972423995282961294559726119359474014844456735141508061149189246623757983119 0.2557589505604239320646393033348666056625251164359161127246894167512846565978711589015767296089452265807125879494492310586016545841952401177082563924306872500183818944387183038602490978824940662455665304358264677068581682
AB 85 3.879946345591242582088070762048259482020528985834628202601251729058311456481097422722616366370297696074701748344592967680458511575113705189015816888931861856364616671060768030397002361254686791355416299416978753557163667 -0.9308425606009838986897882512856499097822094816490472623737337200490210888096582629636900186029694544654172446520334032833760872408033918345369667898712978357578230560699112557834523502455886959703221163925521250942493444 3.299796059702091243199429122165675214520007506272067772491654139535307923158152806317172729929985565774334404456485325244423736474633631818230303394091753951642219248175676873073497199683941486449277099678946206049794090 0.2556911991789451604939282473187723585414110559762734985733745466269411412546760224800452501318571955569668558541405361872995351229275795294991765561262190086160327148755146609831833347649566657782901254003612061998821724
AB 86 1.528923176011342329215889691539650051838587375257122989518132665267302734681283424655088063350112469449169439435211736113941285374003626928531841401257846867272783135512316823117277985654795995823823167403129265567082069 0.4567972064102178554164587079480696366001827245250747312992764839387298016334415614063515798710565154161319233662557666617564656267143634503572698267239924209452405305502740169498109605112653728757007784229220301617303631 3.311493680662561709117545919763041877364956136041591608175433654552367428296496127691335325474118833079269858925526213372771233863807655044500498389041714015327759040943813282107843761098229461703127350630852809108777520 0.2556250233774646633265885991485998641452258426438446421160916020445590472058623495638465347233467852974893792580730619655893817275527615338682150759221178270733849338340782185599113639420106613336518289719103881792537296
AB 87 4.402353034281039533948087505966513751114960600229715432093128058450913806372848725873648012461591392644902719939360031334127676284492322267066970924398505490184274931763818387814448229145627574600991219748959680873823557 -0.06441867267087484293213205342049255440462726850543108905295937327963726808991608863338285929385072671801362799188860076343828382842037294705842887200148533742687141857986483486024617251864996776951677930767518071346270578 3.323056030052293869370675196901780591394695250388444525513214774820399667406776617079886057705460382852367466974627123748326585258026965146601116893467716535760927519014844371453895461383937630206203480321431327778690525 0.2555603688271524891693429104545451964487850625443789818776525262557640295258228582969102099023345355197873206763797853527918553207269659127071588003240543370181481358966692159030582934483306643932783323529674450897903566
AB 88 3.644959109673132195485986821539298487856853675995515629314735679693076381348394012403830499257761283038958789149366803536722583823076947419265755260343413990744995620337462836122936658927686053447564979872269204174675366 0.03580398155660643318191964011951105619086944099619962069085009965861146577643235627575944465927274066851417165108816410731063305900073590020474502173304395965908248069185168673339539663011350843894373410577295054539766989 3.334486201105842944575927817689704164245196273326801962196200802365375892675742287255190401699430014842247711611670961160643965687213130326076625719732653040145747590909566482038260685101680722481807397275980162156107633 0.2554971836685863544466987769575598992989172601708231856439732133095306900964450989211793426047963674559615530274754178148095805128302186864148819829736664744808160974963623062964838024310802140205018918852054130869708804
AB 89 3.599886659225426791115412249571401200580619709662564371725794673837615440272142553886919135311766615797546138150788837443119807030868098669493300218124958977606495646995422172974417133344107677480541805085616006265102436 0.3420012783056868622843472410367087118354644711504124889460826027202571600876174581241105077673266090242010158336958010985240880254171351004172196314517706271427258278595319342924809162848958467577011581353878042409191112 3.345787182144014510087151236384000605367542234677653644505751771045680551309927027385934429194049560907546418039068227259739208977771211017055426450926931234047405301104923169396237062452612672336898113762859806286128896 0.2554354183730264829283684090638895988931609563835343715252554490195654449027355074778738305171788281007271502105444388220576702704367604240726921934732131003107276218911060460241330970577347014136940453508383082143537926
AB 90 2.948894646591667588273328258806870947519162524069619539915815932492803235325979967413037943583449260585666473220102473948803650882032956905217060208951917535081193587388098816550435838910171669424656641168208009191448891 -0.1962739458278114138829711322209714450102059641561028879496371595562199553191393190285766949326990246261863103061777242785809558952583677071965299015495306418101846411280947056014792862973570672461495509045344902403361419 3.356961861265952067901132441978493263884599384702004699944968419660263741165033766837027043418356539011250236784698343990387718538741192441966164160244200276217946164640308247547833337471004591997847511082169741319054032 0.2553750256129383604369955959550179888687070300189991162689335805080891299247567052049333175466871016157533723546991430593690799723751836920522854814613016082244749538234475403280544703153859901796209922431321360859434177
AB 91 3.567116008342133230083900445925236857060996034404197674066541520192575174726150640013421978495084394127328094167056559610913977452524019119473593876462809086414338734276342151121117141176200448520630414337641898582068467 0.3392906953457256813666417246759313360065742060079212253377613753411142621660239927219568459557072124040467799102682083326861607211873740587406556715885690342537550334261716377484313208812875314083280997172881337127859774 3.368013030781784286889351330404914776320548201070399702789785569394591231975582694547200951672974156017580284209263617349292945074475689771186219076712564336348625060030371962692738461731458143738359071217511027814156908 0.2553159601410520637237777237921093610896874068915545072142686911425036418083820468739706302275253231643891401353449166996015489474339463282751596262998156173652453561311778520251106506084191647842346360253236433730239634
AB 92 3.575817130256668373106118090375706611426761508500887371211148687810530347890048695319907271640079048614421180488817150795688382303948940364784565077787575113885272219905766040825186107918720088677939314236828779012042085 1.620144931952379742594197635528902514106183490407174632161985659860070119785657086647121598503733322339591457362538153350407269937725911693446755201814166183310636804991787306549010647746478950848354266792387501517368675 3.378943391402860118260890003372142993404886525985709959088350332613169361527317251898392549405172297872600507991156137520471739306540418405579759045954358975393280291416740467449477328333969016336338948933475141995592523 0.2552581786773086746718692233361864356646229994940687512683485871006384258739472064619419733218558461949876854666285548419917565412012774377350760225175144826903846436271658801998414970725934616788628471619231891645432174
AB 93 4.103856407394102210692254329190335418375451380653191713448806602851642640480467323368559552635566378072863442040667032957691617385686812506558801894967587236085707983814040214942315676870744449270526964551854744432045653 0.2992097182522234244190840565729761038357384644897805478052442512120460576014888779167128301101854930686652925492867607404326099000177402440608878118185697037613242700776466933441595270901578862668829305039661380839095551 3.389755556205310033964897873098483398805241754083658402969701521657316335878852465815009199542429467905067013245446589357776436323640446349391285489588879633826099059880409127997531149627622971416724182465598845203213229 0.2552016398031001578430922526339282812496882122794005049078310369737353934997336398815276866948325443901769933551589704301158536313548815582454273462557949727073430613077481182796129060897330185676829321608423409893446923
AB 94 2.482184712304313878873454597061891184295652762104754726238851859109865508089088104434227882066317893217293679525313518108976829698165300394034035010375696086148399779224406819007034424226896509519111366000793985089464979 0.2717848080555874457375564552782115389097866343177851870262369290955052074017423545866183848347895621131518405119450761881923167474224480348154513225764819227679195990761417264756813772311579390715437702696673668446233791 3.400452054381492174130326538246349972078892257754078790485661229190670756469398487875255420909243629217237504742662441115662485557967256556763781784518480295542656335377838673447143176408990374900130810376524093007855037 0.2551463038622595976148157378991096982622686825474215557316834284996887814970316963511925784608730202366419038585050228509878017160708010009954922422563656809162999431856460490362658448041905924284682698782161330022462353
AB 95 2.004957745213527867839979300959457880420759937231228644308011782727377855899725241475994918008572935361893447783733323551488081318431349926033868651067277005775000786250599735478849158008549998440508544843493674499429025 -0.2663285134210988659150254221432843447100048789951055620604906141586969625718293592851727382227061535186939821121434498256944140576179502500496469059516429062287140913297118424577522297063434276082484736528423223511905346 3.411035334792802688836619964319456534532527747233935119444702372733342976717923515411820602327267426797282532632471220142177525552129500053644329162876359240007307456001484775882588526884500794599797810213483883029632623 0.2550921328683044237363800411519351217292228936441420963820173175394423146103538499571955289092003259698519741026791571670388713082220690242580494648517981504934453687586861605522721800777988353718467281110320245114255538
AB 96 5.387197833334130916633536422402367461017364374767335267185514433987640571632811838021044068021724217773271134472415588463162147538384565219932985303423865335867519350661267807385979216290813891707975558980014086379294410 0.4475470750717452551820244729122891522219604820341198107281380565353221232450402125824669314646970809568317165606171534264802486313055833942332478179480897111582432138619059454434547387910463948083480644698018341157608087 3.421507769336340587556191762142925447461692744129064076920403373712598424337009729951359643565675088148945286052422559998730542734672454048636030489312342092002443801843964769746635616875338313898133783365903336131937303 0.2550390904174766995406449054286555793015740774141253736255980625140982591128666274475121914862600787569101905371933708692155981983697602053315015764336400315393011907387900352402131671568640900093996979418001630118102731
AB 97 2.560700237838027823306928987916213732704886951136723463192304861812363663604737430542022411911992881581996764417435735722473282318284268295482645406039592750459884872677239096955313385370407282681637043174705168732482550 0.5468078271490614779839356281917248189820759440626093494866567673592860648182453431590394912642472912264593196734215707232731861143016260356409513988608886440902104030944986180550833141563851963682226700220391443196636252 3.431871656137010513254980459230428472172822291911752848395045414705688800477931425512101564442823439563666897302682499010593833794425575519661408680806152868145745321681876247201327861763559482177149288774110399070751563 0.2549871416071621472247847705791555215901286161112482331100528712079819822044834260893129418442174628902854007998394599944521911703315525558032507430361377896993745157861511668152062817867726836970647062234105337694983358
AB 98 3.992074314153729669815176729031213959283927271606587817815122501943709267477726548657856110104634131702119558796794907066058768456654805774151075646453039749297705126708596401437433450670322868248969286035880928042405176 0.3301898722677088767189410491798523769541888785949272259263511037660584218957888665044860625486727465072263488755896788958302499458136829810963032724766806347011068405273351329692472544663196349347146755696348829728988143 3.442129222575814452255879939106406561162917598720104622202986769183501947222066069370249789860634308419975231844394099980643118624938625531498757427730357684418205102284778996277586814995427436649139764622834776214844500 0.2549362529593037319109367468224210435537365257634866992918466968595109152835763231026408893443248218998458760392451994814811784395592686795167150000079666378927139611716083728381973863501631102400842025900321216165149873
AB 99 3.535155265860751530773756261697617874623670822485167029734491555721823838171043264311971642095838665080018944055094680294705358843860418206990025033785074255708952270905660044516757009039903703202864164379342409409027171 -0.4912742577398421806803136426202315577896693465298438515538460902004472959782481324569503950015731330516247737153071674744822171636331082410927584742773542791897809427940855100784223830955247997091229638287723455142504606 3.452282628164318661480214840518925082736887763639551536808488079426587236592762218396813417183741500115245936682533909534389003380362031624071609173932668657682002656630000633730829491925865855660772745919515103890664788 0.2548863923484566693662908902623622936775369755618443048998434909326463359971336241364712551855526387084222973060140872373701530737582504361934041653839440398442165369514318150779604352334644581616733072842067183773564291
AB 100 1.968446934069118303363554896390921514211695140073928758344904255621066493491641961776609916561955506737441701722664697024903105234223287956114778208396898324195027311696053065308205961221733638360585569875400382848021106 0.8149642427564162503310772942694053671065944446409051102281144902220780087777807252195265699512671941599499607659223369562096902583062072727727481290184062283956369525884999253932681840505086350436126027058021818939217413 3.462333967274578913190031995568863268333096089766002733128291806639141808727619147310806261429370383383564351980972727335535841048613927338574476912936900054447362239212186036241396704191723145067256723460088272409357559 0.2548375289341599716977948423922473770217193594038878582683340221153976478095911820909378342627130874304403479279118580786580162990682796829629362716663907598912850835584023320834895457295469049790907195539950693607962723
AB 101 4.468571447905771369464668136760110567750910091914773633465126513052731711410810922348414814531440620628801361150800592047755043053982314813599421563324648410469769032008024328840664571918256817494662357926282779795917776 0.06945127898277146870451941487531934817359475254548142551384064536023590884564033875893718311569181503405256698167357984311312118728022445010861439102783355512133977325188127969565673121808662949513671454098842495647930063 3.472285271733160005999961861630280482281453943471548079076948243694156217784497781726761009425347159170900545853672443899410755449387543824857258039985538580613543395601982937146114525752402568313735202427027645332710403 0.2547896330973253776298061279842767085769181847476656799822069629863723467719439596425933634749168429513219522297670976021520241799582181756767155999586111667091671437390083037364531168460450429833391409034172732911342996
AB 102 4.684833585067399134979008147154607712588626739735456652284100448663439126372977788695410676041689389162269411688355239698588781753609439068961760315218206571531774909031544048252273338751159738707655268534137641028038431 0.5487718678671917618955249527637480911208989450643512041174902346401209007804213186708352798199552222273910599772339665487368462494280632202481829270686938311859039229728294065590522238516471385525564830230258854077859995 3.482138513287289396135457606368800407607951392401864680883621252333230843682188887421598632958430579167728168992762293647643532347668008446240585657560205453589026025317702102932540425646883211405830442827446911095668768 0.2547426763803679758881948710007186766890811834887191934215488291842971096396006659700172338951263691226303568237321010752032698692826422352786076683729729546780254028516645260516851872575283498499146308678744255476238035
AB 103 1.895252705614816841292336602342912167847317391827749100999024718005912138556135399177314752594687125959564046047966720509296355224674657954086606326634277484711444729643642576518363162519039377749409571312475000318935372 -0.01406991216396418442651872781964260781138367346523716011277291605171494350308573716292699480633119479530879919430331068048994574447671455551920624767804130471651897442764294465810370147463819576343637010700130646072071220 3.491895605950635276904643790546522068897695810789904232311659805075056745484782128325568801570148360040624796876808449191578592051174477104419302769963245229858746758469729644132195100345735627090504320081829870519168631 0.2546966314308242421641587177567774973153731823103293921909382188923486207076629060361838632342056099461327507587906446199113735874198390200592595397739352857448160677338528035617384511108335305683420631355824570948512147
AB 104 3.831006089141171307030948382600143131510601277889159882820933288767919702695809660751027086896843637390753998056622068912730639466156305755124925796140134140974316730317406012879964380132713547099942779747057617061309650 0.1264788853867388752800055579444555936870961535932496953808953708293276553331342936098230017693153493852357421240199442051833942748657138168483373726192547866802532928156554912026703224321082466512216485470825588637704863 3.501558408235692423445061486182652748150358112918052412542100271389502360508768141263569893402315647418894518354083734878810290886821250179617097460576350256399186309490574155574420358706177875857740495979941944684918282 0.2546514719482227692164900825528429950365926099487169630327756873014613800062128594724759024259672642389245294221854164035206839969238202378812219141601403114290037633163033768803589211263246114565871761451614705581853846
AB 105 2.774034961024601466070209562626455400434810488906468787729079624620474830796850854721718617984996343088094240300542109619401530778875624371825635022021761166827550320590867109129645561621485510300194891383838444272032251 -0.03883304857090739099651285788521931872495309023308618975680755234118091343033938897390080872988949871711384275928087942044322117571445850504250525141829926471404467423589128892119522208217193716126230269409991501697340977 3.511128725279290958675176600313224655491413598041612644878554290332460936552631405651030582377622559700406715739227602523999299012922628117818408939873018559004388368207513037118483170828568344848453304367935594693611800 0.2546071726339908523459044951299098948184440712737826529841313556547829443227672920604483217188623291865639589652724167074271310219250386303310775365687884563149015676103778586608938922032604516437498163108037875021114832
AB 106 3.804952925746794963552880943812719336107573989422620354220673475523966409479333495582011555059169421921904412333265660370849413443386877863584188497348921439512611957352160116312835962776708651245691270077321515282126611 0.02168885179539611172402352054672637228386945524097245765982533355587754265514726915365651521251604052854535779851045322144875427313387235180129985169796262915087980431930824241507503826155668586066338090361716728578496466 3.520608310867310567503630323954095396340576923299185244015291461637415119044757735984755747134792064228163929607132418061502270373941969791131384726475531163814770985137888342145341613539758885657438037786505399697788437 0.2545637091441964568828095027268955801154013257782188223141008687901800704637290204116323813639846694231340522645302988646639926210347329070940784173686097842154087587645332448904185938600484379755176975083108190128357974
AB 107 4.644158065999291166556090031276613776603210678050381255113798951447693859414787490924918569079945703859831619792120090522039662087036115823824743341051988362393202725621374987187638782207409201592642052826800018668597001 -0.2215005202525708167169504999186868045218192555597608735087371053194932852762875537348646626541771934830109565918704437450522073282749274763750209702016260901923592098831580511426999896971122820109479298966533513238232174 3.529998869364282584049307483555558746968448933567711438935512586350681632657894152846593025619979420079192059625834355839163594424871880667916868213610435842369843565311105225204744776706448537046844060671845106596565290 0.2545210580449400823572661358690561988542443715580909989963650765504126827192146627151053512882448787455998547347227146326130618174257888512348841196291169587980973419686107981451534825376627298440696023660550519907495540
AB 108 3.512086849516986585082364877375977255147108893469515506538016437034063585656376634570278234847288429530836885272173125137909214433918521764833968936242231417882531979045261958938682453701062452630420223425563904158223198 -0.1237562002740254994665739919314623538662360302419762060339459778256214353582904779269488024327184590732988626118574699861441946974068096882620233330006351084850810541184002128831855287502901359025783039483921727153874882 3.539302057553192075120588765774609007404249917652305788888142902376004025233040397705575460365171436729857848555611010436758383550324048699831746102868997079476101250672288058347281693792118449384854166283404292909986435 0.2544791967702247771029592195187160515737132920268758230287142994228471421292539649115916116884915504655121736044500291981351742539459802898781902895738725730930339801533775705047393590016813694819763448161293746170330744
AB 109 2.658559580026442703565284975102506766368042343790899326536377987525783004083550713855333620222885046188187847876789226527276122916091989765301254870569133516738118261923273962145360557575337677052955555094218468908376334 1.120114012335755887985657579206513955496759021709052057228794691978522044707023575339292050410801389201765309299607795776477985948358829595606409444576268732699221077317269386528693799444144750409390286478610542729224141 3.548519486390449068197585485961426380127068748610910745471005738642644308010931419054310141198061586397710860608596688362225993576355765986964982885096597270739094881016388173147168043196977623807996395586050348956032990 0.2544381035821451617620258085736192060303064101829945266279939399787002246575962389549834801436215509548276094867976741588360840423274307565817980115070901110926115856478428026556302227321794305918018403346862226695004583
AB 110 4.949348869543253999228523491705964094754706477962576546559159409820674310986998280821204815665285682754087468422648366127589765747208649739595359196116200450208708670398037937187721313279933536971837185300518553448445385 1.115538106215934630384275918749845627416109407391683561462582088835325884955175674231417574121287228513289400067179572884152186174874510404659870788843134442595878532121743291068517941304435838239251110607327953973783026 3.557652722680680175556525932406350162349114938643033028281089182504964568146183181989986769358977481611179711650481622945692457058600562470116387924825007980376663306730362055332770841007666590821033188706795746882343854 0.2543977575332478936238628460279110963549844086348250142976617901135369317050218756564218759160142627376449919393988113449310347267374745149740831149462308457650305997929978022295691536070732918443661134848041527207993742
AB 111 1.951445408688430697572659524600368728158719790872194517017523333225228343463707851138179877590371597507364207218967218146981868170489325474832700121463215181494432321459582613333170094691340567140900916698745421683773496 -0.1057018384652016958186497855068775187232268620696382498232850675465447659502537838700922337294811023951383702896849925705231281603341387205572483543504520984512826783276986315751746309471289898720608011219656595980574809 3.566703290675697003523442379239805634742411031823115668222883471474047326377737703520922563195841917478741577040620338016325530496491285333012308103360486749001081895697381193521896226142075988442425186348466775774832037 0.2543581384309266388493325936200773034372095071778951998850658211169802029475361476550884881504559682955637737273896411368217770381555867009902093668535934552492707058844511865829141113767733712695726823952047807730760578
AB 112 5.648006034813728225730258311576507597441375148589355976561913046238219462419884109389116513556606130738385926005178866249037219426576209747187690331599012758835505799001134048884010788477992448969921867489638119922306261 0.4489330500420518925220816472171537726354032458359211872655329854806330223180154636871143518584086847587882200346014850615335454916627237766352972375863164292108695154851061914866234913306487307755241333138763227027226942 3.575672673601724046237375682282682792672323836148827813728910738206626786882415616199374183766014601106254423812312592339541289818624102412451774427021579224576535806597790372606738444237864904542221142048697307059314538 0.2543192268037244001791862538224690486142809174746320526139347135067679123729022154809595283367154529250909859137518541259577889242902891955205091531150356180196996846170330621493098168153646123175894430831631492151812392
AB 113 2.147530830242550475673122152809653605610680365365518190525555829801510804756846497911164779698469817175710788404184453449017922905267810809004800288727850612183120543127034392311958118048623224381330633961467969852256265 0.7989458707317014319013246409020240383072809940817983068619761323096893777751251451659674738162088923184342657297944698513592592318505730115339865628936488977075416503578746675764928463493320237347728933208555129691298913 3.584562315118714551408557967649454135872577550363393614779106781445086200764619837628809458730374724156398157148581962795214682360829521589208319423742053514763067236801493572912218926135018794289256680784669765426456579 0.2542810038694250493242385218941766797709275502732407277691661516906810012426200775823573884256441800907201896663548032110642461114863339995958613351949078097676126374459926213141985041218620278261413912208304592118941537
AB 114 3.219713074733045940851519169658484195889378731840544405768089105470525299837157945278897430084287796294162946697294847328904784593130335442148411724259426800259659496933394201854120561437882884393290699755993975471484087 0.4838521000311977268658895170596406162212288172930614973719216196393518179391560699351281391481211918389872452133524540928866666318995249460704726746196846410711365766159379965920241924900617882322175550604636826073009037 3.593373620715346565552515941851711773938610466430616256291105558181391422026590795359189733456850149296805169690859741090214390758927089002275416221680474708932323497709854457818831104724495104925913212746380007628337846 0.2542434515048242042105424690965819433774585843369587624061652382022164442425044148515989841452430896379284128094282797293731545309806278920975087270504143327502070266662609606371099343019353273658360819220398288084552775
AB 115 3.446739916985033543794694624134594931705356812993881581429637478195076009301260151128947479694399014151503242973969328543213838853840918460822043986681217434979909425670550605590609810451290018248159487851573807999978362 0.5120112389583305648924123524804394912901770400569458845425623666777865289707425755270209388951106357874293927022380497665548127488600852263643038923247335189928598125861964284418314770472985285665553228878735286552929288 3.602107959043071607377562527557578248754527069138759258043179736370135458700481914793455706717726533811258461332600913118102791777311321994887243252702680409894030013361118767342152621484392146145884710939387870845739567 0.2542065522170772333960511068640443690528985456474764231230765177401017222371989729962522387939843199848411476168110333516204654830809998984906229909360555309778392911942330377657975319731093137822592646004288622716756992
AB 116 4.489423855469464105346196660097924240597756024635972736876149724591631790476167469408399346242152876485396587768374391090500666618443768122513081256177406987238666384147147723821759841234591744219391956427186946079613278 -0.5929559837225679918703350010019055363617652209257757488201399574467848325795591678068009218206438503791161875960369888615360277253959979107238319817947198560584999028419732354899599121168173113386778581201855809524474558 3.610766663192383891961506229709173942354239545444595143134799583206023119812809795052313541180586538962008034723414390384310504439061052666474512324125012715781921414826805216223926684934342252008247581066021284457333569 0.2541702891165292192173643531974108844358762639659609542941029994899709074595661636616206778040674239270907975346713077765533264435163905199074646563418636329653887321924919601602775546719353523380684439319584559977624461
AB 117 2.437988301943231259263713734531869534010503910714069917575660630431661290105990065849354377269905916203395462877889184626696208153170800666619838577269432483744222789571672317370328254423689695447705493145566484830641361 -0.6456476581405527153420916418148670394974749221551640883674334879449745234744124992575911817520208774795488119466186050245603502667081102744789084530950212613546065709227114680677822524602731293427004831864366342125603104 3.619351031914287557330041859855810376717724093217690684038078109355346031210810747304839605958091615972047851318125491313353375613816846401564297957670918154039832458482996933725933051041342083073118668025630805972758432 0.2541346458909382182392505935322016648914573672030389219592859232892822781508893901840767118475770677912982123984481409298223739213358636503126500488558380498630263326901719122761433671059579738215194799156212333290595113
AB 118 4.233511123848708057390409825067086928138190762546818224254547455342188873468655564521532420777611602212357511603759351301888891518996145175894167662785420625892851772331247368103424073582347707095189522453371720829538736 0.5864039728243258635927376499297137815261667176839685138480842915557115445467703326343918268569148906716132399428784651810590514225562830476094922685793384847418501856008503838894121463891282874161917455304475306684373319 3.627862330789761851623192272396425821517859390203861624181224724979441782636948719814571337690861639314906100708194182435633831735214549410326170873565203046681196490698984003959299435876647188737779649886345171030049544 0.2540996067810091683152610532886511961874838841743271089083300540633663666342132572129133778774515505089160057358637759618024462887870907266901437257309986635322117746028075124343789164958550897097563861883539369824879036
AB 119 3.487307019449911686068713898163141097933265396536457559743589598150478701400151468338369663894035079248293589988895137836141349343622722032387870068664421663341635478661589863192250858845242649245248222198196291723867791 0.09747361769780177080816484206832669776323655562426946623905025424364224568460324773184895588893718756711505840083402099974451350710552792989725173425919066885015935547636903713507752700826308384532497523956058989105019198 3.636301793349858736787362415077621398418056755476215859120289718232797949775192509294660517643762770096238445801500920284448551357745254247523272770882584086669972963225024803017026047944385895183580554807306614674193028 0.2540651565571613477272406956261445264981192920068414215481830379328881845396590708796651729299131098617550169956413240399873586117895126367917008818039531579001489428670208672083072897577186346417819340581054421505573555
AB 120 4.272844644283658429239925564938733768521459319061815307037321557709269215484880215137139071519089317971018394237208784871304926413181440338662155517392641507592743126352219402391247692460729011573488377044994880421435693 0.1504222793017275747343001512758216122008596260210037585370096067013248048917225721170499441093888983951542708909335836316684900865445490580164033715907403310178351218064936412010716292350009594020525682620705646066583963 3.644670622148912949855535685179640260742203738658537991807760632166827764947142083252494916825978374167214469932533192763422176850395650263238427740190154805173449553451467973023099284384174678151773558254812903225256690 0.2540312804974574313346600118507511336603044057790546134233803757695932221766548172305208687572248052913019562790901622023680564687752135526059842460398616398149337285679536653568509813503541869721874702891739886950218420
AB 121 3.790069403108458298327764226570615891803804663828495856972103290726834485544387955713713728940621091066005591714883377649319313161051397195860866651980166702243521708680187251535540951007885671443147029364527917221246119 0.4188788065410916141341983942925132080942230004978462388060508379812715741166863231128564990385266521176140669726772767730396888352414894520444549121677867444054089770750227058976092838414980226438562302799805223345348721 3.652969989793200406641134003602847228519983892748288427924433759671121469502115341022650632923517259720531411054755044844776173023374136245837662881238259467377055592800199590134563302721238881152594736385583459582994082 0.2539979643666269458677637571977240386256920107086769301526306524989192270531346738675254917778413638856962664618831538933337313549378983091400035669903240224113974273284787284955500783821226992164409450750773217348505510
AB 122 3.341947924603058605260355194917028612328496170266546278171937256987285958557843365320771156451004194630169419505269332731423768834127125000163350063244946174937775433973165598796649406788937744129533759727588228577422206 -0.3447445863704362180258700443357188923776606982103707963178934600646045772991659580660124986793519971364391300446837950785727876271032183094301121487901940134907037768462533827792744872309828532749816815081403425755926443 3.661201039927246174601643331032695130012766254216037413982719374036397191947949488039864529774425791380236377749476858224468866717057814213212921522254923436198574678255353394271619623410113773965338158402031965583817825 0.2539651943961213327730935755384775110742143445094332853477202828389986335690754813140592063003674121805260041784955391909553106022720154704023220459882857375447257069894660372257626797099759987315730968702967208156743895
AB 123 2.767925271880344793396620862418887899849358007719751554162513842072441073525703343176644068699638079434198892298481021101196279209713997158940974777294089586761050533719052517861749654621288498611160986926428928087924403 1.084478231854582514495627445839279568243517801371874911204831724556803633136619806733691274885794919318842253342602638575263522300826785768886320838427549284475073700477221455556162215229573482123473640390337573814524586 3.669364888179857383385736668587080379040178479609907294117788471263362948139897313473791347029270246524367351464764729348579335105774645733297045795445598394261718010051018404430044981937959103079891719448309767473437880 0.2539329572651419108956429684171841877468058996526241908844219472624013982121331520907159771376627103817469758746325939261672755635641284659772108683045580843455781800305734794401182974307761179597031852661261782488455566
AB 124 4.674796005739819242544670390309563520313013765902202250446152894510973955101167095279902669349074407038720700555145912383367616862084679035387117894466342624791967322817095805654055530258499949926385549946326789825051126 0.03731171188077396408923144366812154257574841846755985045622980093851128528834380046262882545760786948811603374534108919976989596874835652415345617864605322487162268841828056587449187191827039565123974537159517008659913694 3.677462623071838741412961857718017942507401756523680924893846463731304584484359487620424067204053514464623703265113353832723389444069570355162723399329706671064713736585285980376505431541373173412008923785128366820651095 0.2539012400825858187576476826274119228141273694867139645266407880974706331621497472816956480632762569685038941867430565013032157176309278619538096026475124476985795617245090190453536616792848174085162374184206940079913992
AB 125 4.434712709155432104990363069418820889004182450623359648238669394728701758782253589016257946994974292716594411915696755729684447277299661414007639992170999011831636105452666406022373132311356995765359215646113856036992297 0.1921830023474915101428483802643056739521332891485233229517271129928371795190893422874012363862472859925286812763944910844675934750887031257310013376972256695188328517859505849937230449746946773420704877801812415492198521 3.685495306887238194585601906672391998163341818174161049827751220612792834757109231360645814203347813777659350659122987344619538856740678788098057603222875938758047385550599146956117454776826553939095951529946542442129607 0.2538700303698585309808967509737639169084994433031866501217035217411623382679229659760716869472124910503327721776658218663910328546974793161636794585254986486059548640513754859206912847780695042429107443643865461696570054
AB 126 3.157129657158650017010035998419049001305389714791795974278412561846058790259078100660087726955814798622194363977317515188066973308124656928391950145380321400592587458567237408870633755288131249111445095063297927443110203 0.6074096156613568972114186516733151066635643377804236486495303761126830585861748909057729947513994647964592389089521727331440450553024561259835976392457018392971562781383231603777795274180367399000485107440811762018972177 3.693463976509867155797003911063424532293572004098323580148607871833796720725071215444765270586665793814479242612103205866670271700576715455701347461688277516742762562444520881440723060024747131776167815593886573247618603 0.2538393160445048071386322656302079328329127733390667136607133084584991707711851667373940008908295051866291232382698835092474412039458140783617093367835928358941519768723200830011327668339432950365414256953475104452989030
AB 127 2.454479945571285264891333857687937988162026434671212905465555799955874949946943915728441723190387389445593507008841617127558548396107464010247614505474191401142352852123018754106910923179101489416776512344215420654923408 0.5563587708822265144571611954494710200591049067126629214861752462914830568322667102617019411718840266535507381830552403854208977739973183277238227706751799895871603861806160089433919029731452177194584825967662724674187512 3.701369644226743151144169478094139612179742217981776492462785335658394253220525946378145258559599003258675483906025711093507847462148553415531446808455641467894225435147008200961042658828233172548041648064730318857615693 0.2538090854046129637813968161291453877364022427330332080917276641195835093213962979471670732059851657938950896590992587067571254126509019003767822472766738335345882006562097836310573964751370420798988172920506027577560617
AB 128 4.277824462777882904622044031697724560393137386635167514637435088971383383964865355289153088813053115764740232223480489618301498282852674533549582702986816973039167106602621711734921730359740296594246618858430044460887233 -0.4074753986834484377886289227077471390393813599629972288955625981078994825687875069972863760355434463570657513847227346544215919308425254836357090369113498168122683086964660344611997222375452226598321740052676109552951018 3.709213298500012209795183599399315074965787140353437863701628995785873907907495654889296871442143411437418378646014853724593945714252078770050496853949068492214367931993463247795894836874115034922114530565227387684684285 0.2537793271139501796267511557390657080328918665948333800666157216280145492064262695870654582266903288086270917971500007773373207667089060967646228540418185672981493108672590870867050726748781279895781003494783771734564805
AB 129 3.979215171879532720171172901449237404880952974137558744793219532925978947787344664686034269121729317674439606994454001830258240043769531747766868507808952624474034877560478301624420836400182822967268304851508498395454846 0.6808090191509258243433594689246700010941093618712169396684962328047983881712275873849246716813961877906810786286086217266456157910462580929242343622297515635632754510424834550540519332310577888414256619861974750665538752 3.716995904708823444317282371499419361152234265133486693466027352611920239776881710621325254007218851997821236722396148688432113575698021086759078384272778542006949318608182714992099571924122153859071618438764412512830677 0.2537500301877891664631498323733166299097510116713573485344702337503210347813608957849276503782260108451200880406940652447849195624486492244551253501779601724374713507921512701238422426365278730095852944205776404984153675
AB 130 5.529360154130153931050935586632033289743522764210145903179785503495813519410622226134239281950822415715229175222028359100623388836850967740860214804142945959064176605856030517516444390615394479891263459213566304978861103 0.1893334613137153940771110029611555796804620753797863092423652538449579621038331648636605705390402785438214793839284469757542709971662998749156035352120506928109254249893207846503282771163987177026357013729721687007447279 3.724718405862548634793617078752191275234591267488946976216300399101648750169379870611945611201733232317983407260338481305876054205399567149485798007755650858152222672573035856363354489541291244001350673012647181243731861 0.2537211839793889793225285885174478907299896907150085243411780753273828044467512295800550604856903485275622342810249617913562921230718232045998950847332710973951325310059211685814266851465081595827541511787330900375631621
AB 131 1.654014334010797242696081029448277944899115896149003194128402648121457167409300029133964459877732733020234351925677888536952567896234448250732792281907784847518173037459596813425649554733091984944087682713823525424732890 0.8675869984415038969792681056589706691985107317153875609700224528242997409710525517348271965243575589290921102632218370448203618848868836099878288602265749964171102440250985776728431642728919967463949373689956339271491562 3.732381723286664881171680278210520801336759948786719814044613561266364656905090587718118424621221812604797457279463427226646332885332524041626596590906857816762725056699633690997893325958950908462710260764073005673713165 0.2536927781670950127830893744470664684694890813606898328944732553910549006521011916665929810716025666925323994780728690707975726218250954325453031137305197188412509379959753765278373132563410064335071188207708667012764413
AB 132 2.901535509192557792995039697424201523859999497125567934298811730953708003385910435972063627953217823000452609647969922452640815476069363130497947138224972424480994215941225796330005022942703749103595743256798739180735478 0.3229437787412616716637531334050107877782822267473894590969813651559880410269026094934579768045135383614950586694563518645623594019418843321386963966694280384641238512873020805571809199099213886297691199062555393405170962 3.739986757282548189473166636717813483478949443498417442103730813858652644106499141307255755261960088701156522767414796282350898332687339428636889968195295862897445959023198018780756256070208273241021399253622293210528699 0.2536648027420253485772778765206576040225485995902901860614189442571535027029695296151364527684141214344116814589784315514237248744306013914047190520001299400448110579136349744553787253290424282955399901984555972013910908
AB 133 5.324831691497002178483696028938376282650019277041778220528632398461228949350846534364645876522741524230425172036527051247781853705779960120293121011459228864672412051207956121121562792063197447493843271805625442383362177 0.06690412314095715543689291919218948715097736694170498734831863453317232753492899675786960832240841373383081436388933821089857141236623805215446612142366457833927238059620040945758566655672356064809402134927234324286276330 3.747534387762359899497412506113544669424179624739278839905793836941836134032276387604428601930958539510384962775886552959227229298303085911210273457558532605759007385778961251592047082649866116139529331377064155329925259 0.2536372479963125946532847494573676448708099647359314411621301879550759755410308092595343937556777103874060489006063883306700980829775848020563510600119206785209174791919146170832917982128677784237405564887493693033503815
AB 134 3.194169897619386566604198833219677576808033630122440242817352568681767750027296138229789835484245707535644727413889435666058917157232556443204832552756458438610676761625027268046380519919419962029724667928843362660385287 -0.1512282509103091989548229796205251559095984591435557930530110497983181798718772931671345800476253098764420025891730655240795619013841777779023999690809039349108547920301210066912892352039382337333855588800676738820554177 3.755025474860145858393302163455353584860129591880554124906192042364801205348566287500553756522145950915418893379290649772936743371794490998171029424538738539566921151403521788064964813991710362898071821515708657636188560 0.2536101045118721981682399653642026707751120213966288446067653542313063860100403785848135329269523267393048483357107334739364057135767011603541870021737212985255964423754300933777297382856934131592503540256495635069623489
AB 135 4.273689195482779874097990709929238755457353970095391104394161776066011664135966314855974086907715995329529016528640717489856893560188830049432206514656949884531911660734690735648410604531355332873581951662052398102118886 0.2448969852113470019828960523569784710914924311388085357655464579743804500383660041317743577353184068756520402471889678123655700734640363221424517880726347254538605937923367150771981576958979509715007562401248736944098009 3.762460859520209931166341123430272216685696103486207815995887285918200336963169774671665349197130362465328173441686192758457008416228150980364620565790008550248185876387366411523253901826485866551035570448698894933293796 0.2535833631496699344027346955126921688156839923442236316719010213810600544893895886444423901548938020114353176701638775234760723963035657638148625649070767814454351205930136105451644686963915193363608475324644000937330881
AB 136 3.087003556218057728830149418244712501767683827365720629804455903149186139029320937213413023520514599112826433349598070464886670874684619653389472330347811524003995683466893092950526541652353752347690211938070289394093131 0.2768853100007227125682890286512390436373804545262768193361659167918092496726122196069683179079231157861282104363813451418074176199632209917744708205940522125629017192947400810031089240597016669009617245131279694759730505 3.769841364063768570591960424945087048000788880211326731622348894675572091835604825182318378976423192652891861816260114391443058954725078235752450523391817334501819581669126256584633321196195409448538076756266193125588151 0.2535570150394628793098704263378389557322536716710355679165939001787810185145337261579816926922065446254177407025121129341394721900380658461311230450625925470680967623877684623284603976078287581151195244546988814786549244
AB 137 2.609534856690434165536047166806315165723125645563181133504520899163172036272887610562441304426268588827478452427994859108633677535455662370904078573708083427690279609560008863518696830033703716737512767707827147719585794 0.06869260534577474749836718701732561880338306111822802884120874532089726804130480593404514358758782155213286894011560380907678209568416765291322713202240795627537421805370954390019567542724322994330770521791432116067832875 3.777167792734841517864326090050128176544834133668236150378600340526949746865902865156390660361286934657322814806229146720107093935355826711588089460193027623150248621925211983611128483350573208968633807290034282887927334 0.2535310515699896736531246227942988753685850526358597689694427276102779948310465593224089205152628657620498162006438592044531524226161039563826247244488373686889038489399454468607294360710406918948308729845623761345196959
AB 138 5.077009359194649369569311480638472393526600576230162577181414285583896890716875518185967453618678052070128851181533102215791219882836151133301486706071868795156857087451399646851222493155211941750308356221784975061526532 -0.5964975118202418384709831721587164112921080920295188146236228031685665791084242836581427651084920167973268129035583650100680205359734568710115583153329228973735998687745015637785979445522409980269343096476977825177845052 3.784440932226285060901853229573556837925286093406466192661964500628264763763513683233425816041529292759701195934611012626206914198207339159905367031091542449015832552575087451377406537135439087479585847836679327854574666 0.2535054643795872890893562195668919345776848335178701113337723148969329518231466245649785308027975012854903927030205917282256612832919716411372122413884182037789438663334716112778844043191640883339118538338952362340210174
AB 139 5.411988607542762465095884964281389182865313910429933685207699490224285647979044809887574876944491233452439051041956904226284397557340223749437828948374105259290198763496519035831617586448823888994684941781008501930155970 0.2949142639861909001033258334178000817640604655821402666665453421833124824816846763082612000227219971216235361981577754170572433608348717060238832258606561838988740967519493612628527339415688908121673674813109338834657209 3.791661552186828444060258072106002712531195892263863513275109225091707100417197467808356895869042654691973529459413639491045901603394324300779841911191436696026121016265891332486821172185345311972709375215627001577151778 0.2534802453472128181548178992807208308395219040139562393051265209863596760524558986072005937938855815452822582304679609303699857123006296418057264546694710234082276642280641534022502609409079411884212240010489973730262761
AB 140 0.9944508000699749460437456368353914840835937360620759176929686487143546589121451501027069044113848677057822174747006090463776558562230024203638842064467761072927884138099480790569840111674985345484382550883620285765052740 -0.07585340873991103392203945275808578137625237447721834635762677382301005937814320830705029563792674226764865403109967819611814851192441072753461898206428552491416759348078986862119319855860091076424304446126218181034970145 3.798830405709930819598150401894900284109405229260978651386379574213966021830916253657765024478740748110486132992616379253193870052730745390244459028067321520384657026168261701530942716410137438115884671551957655078711368 0.2534553865838500373986490107658339852571292239784135803869342650945275239453780917446656717479744071576317121193315449420624399966716315641933453978252040319237870073746318688212509355404050635379207779992319961587884317
AB 141 5.637817578673737843931201937179101505116793843456070683842562532445697796142461109697880527797500141254716995640082671331579385020598028333717620781683134359394689068007754168672506966782595003954536711258641685868864006 0.8137048111460785666545890553129191886956651239911375169821452944001622770591438439447222546730196579588162321061277690193913376238340759328672054584301592733238291287247249804818235402606185644518273656103812268560404813 3.805948229805235389049918515937157875282285891475714748671868485511515008859197428068427707232587677161459258721579659637524274991004742178154366344256236600688426346185547130123035431234171942411608551289870193153664707 0.2534308804242816418595979127019393259605063712920405149740237236445151065928332518669352432775191552961696151476054757447723108879185919777935100172090826179682497380700703396239655354089423973220876938841568238301897380
AB 142 3.800129972741796236817702763127547126030050434228446252677771285943644492220331810811047844683186306038620946386927658380858800109316605250639277506660893264670714331538495356639035659128057094892484866910784971528979473 0.5434779186512548182537660804323863408799851369266893355594864589521061204113164379219036178276373352840979990086888144527356580946397907059212685075411914687996598841926094199291773743742230868866882298125626122037735909 3.813015745853358945055873024149487462155426731419987165648150383711877546165582526376321303345074089182312527389044378144972360824877783100035935811397091957424150915241157032614059744076606369761072418509572345001984209 0.2534067194192091252140763740962775485054254931972116097329381967636692306225153359570155137253485395378997196600600213744099211363803594643936109975438645046047772511875881766676848437507046069442386251108061249658011232
AB 143 4.113468810541132441564136182811046668390680728199280199167827745421854089222803055072039754508261862162148989227777810302983032315860175883275289610225205027176285563631363961950003528058372380850783858340103270107678176 0.9163789635339869918455579283630391902640710324434279885541177254038603745695910061542843523264209548583658773155614914408210299467854951557587382640220136220284259370801598343375479200836452417532114641335299039748015368 3.820033660044718745548362912238320583399426836369686376154975676863344787429782949872904792322874106901132792926495198692743695931966593737288566458062058064840262818676274853238122846583635381694820316753717584518079450 0.2533828963277032883291664349184998503315785846487886814452824629052869534403723500165645868533524896633318090148040323274167483461027592032360483774926899807364602605606207345438097201459864556574049003768529075196131232
AB 144 3.776636794353151369231300593609490894375219447263615778159694358487569792970101657344001930228210905776871935622965489692749524688763286521882134020170826958711775653637678684934682315704203134243495469767985926244169378 0.4267171290981414803319197684081307648661577168529268812307791638350837502282476671647256920003120753848702096250540314633056123684661421929919580023279340435554280939666394426271116195266063499927252699295537503813113451 3.827002663803064397017497383806504557906238859398795415484236897714004124280769254666082115338198440233208513063351305840440609022461841242725884405162370052400986679166080382492453957007774254341543842961727046724434310 0.2533594041099693043360002645897079111391554753363307475638102805017946318152121002085739832549414261975430378678972178563928834196668157356241503538459185091143248309089774210852015236371978122858417470313770284312430207
AB 145 2.442660348376240579867708502130318775291548289751578972311177710985706694190328314144238309967248228851015731819946099301579838080514416009511285039777964811991154492343437629857659762744934427641483118328648263512567053 0.2312681710436633878698981491185403079955648486720217757941499031970214352026619899584625400931897579985286961211146545687424807447756766420982603236734062982429439062357048629372413939270201073695760035894816919471162114 3.833923434194350065784906119802315813213551693804179786901994370246580251856024798802544347381321077402389636929316866447287696612821767801839735943670881473409509608098594714926986796668534743682147352689439759089099110 0.2533362359204111550433571745817024955216910818996712040607548804778642592670759474664379736754865716988030247663906842004203136314754380114264632983849017043373980869055202604907755468700635016607864058844200009314198810
AB 146 3.865556619514780425332113768767752084409316262774871177831038179156240653891294997904780167305548917318576336625093043665689077124074739131416371393553579808066964982115652160736270442308753059281373506154297415175918459 0.3142625322650575183164829839566949822945932717771352601683570251398608861850903569007713930108392762622476004810429564425393587429512583995476908385424622206456491840126103710305717679779352062213998679131650143816768599 3.840796634321551758373752691233765760596801933586828917998358095879506308289366245671370498864002014804353326481669317923304774483205425074102107372982448738933709940111950730774168224864575601913697571568888663187245690 0.2533133851009810855572560460200571171711150993278046924581646163694509292150560589564062986322510361045123912959577305157832540963782669843923609218378020131145188383300025597206928703773482560295237687771563003795933527
AB 147 5.711994631680213931798504540704298401528372351388480177551226114592497667518421253483521306019238440422939037888044188596867890880945558775322268247379789149516556857551274856934644488200159298985089509495194920383359898 0.7522969535645639042715424394650862623523698166745093112968562739355220132211723524285775184693157401859002122562029904070875388896042869418903944755809325233410262049453298347344004308212359066346684975803439720894975613 3.847622913706005504772983854891910781901804275531880082555545349585973542506465968558512376431031751553000386776730184138352663307193283892873469867148456810984145758412704611728713534805504560986003287562694676736006743 0.2532908451748005050779289847515619529606639910368529362870390049485322889706463778246002818285816573600490415649682507918264088279160831121950246645465443729020428234372222006438707805531598376889337293116267799413221125
AB 148 2.331391152627290910797243130678544468260607519339318877661713428769429958791155764043707251686351045040854966074036436792475347185455011676028608284297232638715154645761274566826046302816726395384756497547186554382151207 -0.2747230973363839026868039567942954185821799807956569396756069695737459583061815065519603672755123671910022639347527745329198232400337503574399474863852972063871701185324628008244116313804669885738167815464052490636363680 3.854402908655814939669992850778489653898158300056909923462265661892087928640358271826788381151788256688196072253340362168334762152486312673166837828495961155715937538894910599556323953486466211605869872094400876449375958 0.2532686098400394954526641825074380505923175794806363567633129858731791631475285480680143960680275965402928000611015379345302829179558684906327941602638404084502842525580470664785791074217946150431827225073372889056320131
AB 149 3.513060187772029076674917957027811236034948981779994884919846594420135237834493206830351129546409159207298651541595250851271080485040992602261313772644527644059891729185496664926797172509589192354148824542624956899932382 -0.1701531037566740741726458556455281099328145526348423270805666134152185151205855554953401385326498888255961883566106270816457970334799292680447693618887199626948924947861299602103728365379835038594177974472406781702192658 3.861137242621850911456309466441736093445616043393698113245705170744890607598695619151611124181300707369710798847309724553760475089732495546845667683306772937803959679857871530027830109424757042584800780829437436584665869 0.2532466729640427783593371284956119776797398241559418107706159896460156219193446489570100334064482622974620083560707866804640223052225609470830635430962327407603549345455741940901405894918034534512255253980885838354370114
AB 150 3.471739065667751837069580701100353284930936018167075570227958851382035916283732688491521597838215420939734735698703456646073017101942925888656296100856629111188131168112741596075178811364288462464597899936741928820333169 -0.08333110527926377682158224917420341317704616053797862512741785023214037535823434013804062079338864730024038208973381804275736963926323844304768841252947031188140560964160213232903553363904557708161318431672615226330315385 3.867826526541841268248898762539774464405704545554056483529183634261779628963591818602065564094683472961379149344791755674643464001719964434720471276398494567201014609319855679442399921413897332082202428680775220852497802 0.2532250285776906399349833911150152672983104368043300687979578874387755731886997233476115513505341384691278860668627766602825382401121092744637520327323107771080571969764956851649015319820249681549837365678291484679117457
AB 151 5.092281204864302747689323985176288762612741728979649009763891496945919271313357535321475341271827148681831795765465425663084538406450179689178746473036361945671790355333519768349459154778177575903867164354560138171717628 -0.2846088045488530658660011830196934499360988193840788602279182688623395556380533329485073501164783431299091371471100190076605789106877630170760139889259171147887317364906001160335784070369359585019351428102544833341282447 3.874471359173025791468407818058117416426096973514320856547270569462791466712643182421007558224215849605013240973545315415196268668937908493746627684713556923016821576583115452943186223326125995570445962121367989204715717 0.2532036708699839209852930289906593269774118170314118696754353089043899405970088073685741803277226101898360704809232252506878130074183902387784111663241101739560511636581412693421433049276370322923843870199026627151400479
AB 152 4.406770502440913713250062395009348744462389406786318577509444260441467813097656404962434954538909177295523500546890028354441973346689796814098018212064999853792006332537870712456599330004825139684249616734915907252212004 1.032327216765847283641845666113436917116772535376107854910089454539202033858823633444657111800139002232820272836681711683900613466543110593613330221956093294011453636182656886184447865308057813659071034485518309128029398 3.881072327413829293299829876835269290164515000537653621429873470816659895346151767621325997580032630898071976823755016686521434365441606312815459443042130653125754795816999630152798732594929515206063134275717982960339623 0.2531825941828427541550197916818852168221865195157756437896184400767637151941219285107379478323797824698657211007498287787141456035849322338350426394465190150424369393342888442932875751658868992921976677110673878914071143
AB 153 4.260532971344354790041007763670986528243217310901978027881010442026396227166231653133427975058609242153610950718089461277936402744781449821966946698764350356888755519983347094056949050753546756279285046136215980364664836 0.1923410882914031803990087456783371443031928929589884278091580846758849707778879222737343851968740468974783007702856249150498600537486052584692578747196565293158333884186735705703458368700637908176512333583188530648031891 3.887630006614985092331593293742363197552713830887412469070240808909187478012934890707562100383921699718868482416056089747256734861109441990286538848303142750561719116106209237560707662961191891819218723423174097797252041 0.2531617930061092689639391199277730090684278714173431589976208605243251200821904237650147239010794141635581679336165863881337365245530471030859812245395810164094602396995647184580475315247278075051619474945043436466489842
AB 154 1.225845013613294247389998549498765535772445199747039143830067607092336867560923389366089624059650634912953682926432701073116021024183599262778513511854930892709220274488492410357367380091654338572120556652030932220102259 0.09000380774996262346526023549931906050001592461150463557903192699154490239955180812755607633227150869615090060807462628813078759389487903492059626483833461834707260901410605361237904255791058804545846091813639441650975663 3.894144960880521364239525142812776780757919193318967921282174841491127813137618738634129443576119296206448530922172645234818556912335479475487494534722037806012752325981163783921804230397680805392619756415409803944187789 0.2531412619727449936076792321678957920055560567071588021355408382514793235923742219029679152699011127274940342103586984059207378073612446920273512540706903643497110650520302734168511673878605879688944624571307836555365095
AB 155 5.397225988048979631296814646809497788071143592947893501883842115412677215689015652989288299408627489137932343574165204174270162155329330641369582069833980099535370717735447539481574423492842002951534091603992980875775830 0.3096484750739841394128212389059658060745921113725431612858529194267243734324318344668898339530928123275006776848433672611247006165557573490768215657520469106165901536213929461633214807535748692249880793145462924539510344 3.900617743359004168342741742603376009830925092041724833095877453246377262794540751489688406736135393442154241609786181583556918124448313044209821422071978013024809069532520752539694939064833928769619190356845947252697169 0.2531209958542141609216297317209737477731716834082995299176463342006688266134421128649903233511168345679779497257070372305907047133638880371232686237289476842097044317103344746801460423927717772800663261618407360156593536
AB 156 4.357726314912615372704138838951225303092888535165452889124840437479008198567424691547931218774545409062877008441318049185678104537261407799581869177970989098502398659434994764048479526340796437925242362590674782150208597 0.09635980535923400254102434709688670125091397755134076812016987963978444348848256527361238757410953853014447342325975747667970052575831636016866465847525968151087407153409970293090546325500990006637407397248663932127936643 3.907048896525413217066514937640180313727487280559908436002743820176165712065902506556664656387857479868972354596620499898712813683829925627163473247228542203884719662844099299935468651666420342593556391801365192732555106 0.2531009895560445767999134535010945498358263205301587141362507115839561696676723236984311120241251752541357817917560315725702966713756453619938056334918840533269978238023954277615845725585972867682065134408396595529391032
AB 157 4.293058844936119589750633540100595773944215431370937462363370795991421385773594657267260105549410860460497302727607815846049471541252486357058668233622096172780479060200762843976492910558267525372311317147086001508973579 0.2741986593217286128671838717817948637873415447952481665706268112021002431966653646786959649016445543831470095892305495221131238260983715099271131165507866823014297744200969391770525594735675574819053299989790466276317071 3.913438952454009628440753669906024390873446595085389027800080281264609645004221275469125263633725412790865425752901039589794963214984469026462385071426025600914050816498433825631493979012168565497755841763454253210543247 0.2530812381135581344083342070766839280110769025904648706101823987265086225063382569601411129835781189364824555282329243118033815745903375675001553007335851630146853090546314132228448223843755582906408776497880724345121415
AB 158 2.318924795871256423755128932242148972499123149742393224856380709375308606456223656659957736044060067735239241536775833568726311923219523294559778498097188836962121898754407681752883343898525930799795096057157187770461426 0.1890821855634805638272311422043400590896755066690733662274032118393176543589487616878089449750702566409531100034165661524416332613526265490422749415868020362444650169483967951472496396047106468857527445720218625527914925 3.919788433082538929896881804115405191055302886167836530597851474692084033592599403316335955882618883624580599646601789746652353468185244017405626378732696364472800778250631636174129603571251052093339861885628756448645327 0.2530617366877634583661239145779182306380328096342137381536915532721485886881172461551328763389845259978853033413011262750029971406122809911605464004441151681668751539626869343100337377332115886631930275365952578736558130
AB 159 5.089989391772463077676703149197673952918820238071767433092683441863364153996343457820318832176315738531348230479155648326114966691099436355175014304491837643380864293984336415852819847577820723118863949873793631415464052 -0.05366451054303917642800275616911710345074814149873531721769222953223385524420844185430748306323740152766043668585948170062125571708530870553278611604634015059550257200620785579540199869092598801030014414202423551961306366 3.926097850468097416228104402180562416207749444063020906175223191323736600000918130342902455625910142340465271632237231443289184406791766789187601648335748136469435815384550906287919591570180976318668218705519650975606052 0.2530424805614035412188773242317430134940058371078106171622018874438139418226549751830544508049084534313023645196544481242803482483647996154999375644622026484573195577632150310233715745580090344088762862920661657111602199
AB 160 3.286234269862995012036442758829710922411869438796051133094160490662505465853795621758051298130122616523663882830894476140487938427826675323843960729787681936651833184726577651967394202705361230148290549795488780305242878 0.9999313573948860271640071070219935932446701531029794455056443280304906801735355451548263835848872762269968136155868069498384877537221167046905022814043538651387409152952364388240801286873480625676560414669539836133120542 3.932367707034975560122605336131355601558976672776577062259239534132262398173925859881751326413196737604023918102143979692572164092854452693847054143653533546195694394836538801218335433768312540354033578172195973316171037 0.2530234651351515914022700176216882640859528406185818934930142759593809521387119001666851642916620816022608490076483815541745443670527471395489300374784401963541278017810145555870804862366586997520048814397721736387311435
AB 161 4.920493444207710602250758859471983197799953940831336207507049763969520778681596326939383343428131775669383238341538718286396546278022995557995960948846313295191230954622675942446130995728966889710446254970743843530312543 0.1183119308849853989727167395424240621481594360051364457398045705265674077961614611540717025691732453260074323440641252906196232208732953770933719328657685553893819439061324657411116055291149835310795450524024060231495631 3.938598495814778487478210276016315183675630793850875609549219056424922480481944967269324634745894752736178341476604039063462171942590280701579023603835058190031369752348211501331636600289092784733900283783773203955854958 0.2530046859239486488241160072065094825135165837975139063675048647997509422517184223090551555044211175422473578861804129662281031111090678184283350690998614196013379239133529487803893564637201219665749724433128615140830677
AB 162 4.415091798106393213613337655947490302037150091362213161640714927251781837746833307202822744666729232312687137145138739088090392936838582732142008961989842322774193888094317206075520162469851111517020366257872172163903009 0.1569046708275066444564234424925847907896345009852762460534415534366588828865268192501098243075681370838174382883261778214967900155377950854830223519335887214319180580158533173970607940115989931835283578352287898578781859 3.944790700679110521717025751082093275109549787301356448757650070979985362353333540253984725176343743729682276100050671142833255420972055594713974169661010104189563734605386895445984922393536932578222956984317641183741648 0.2529861385534768424024422158874168214113733767380882478010667221196897880930904431526170033707250862690959339759697134423514966520717212418738815626945063244039618918428144615679349254746550917296020719199984924691702805
AB 163 2.355812817776345051553631059838258770134509013358987053478015918783639861345827740182178062443974007774546651586006211051254018552460887381302652762834881528187821982801381100876090028981608426153034253025439954512986839 0.9640588913068680827873228699376633588870268523037601221123769340477242478397333011499330067547725365618389378450986248387639639554998556932215016602784732858106521253398185650858102071194526029286928356901764008637233869 3.950944796565098433961417736858176892156108606798252183053950930962672908086594449555110491730700477826671806287350729919533084897781354123522690049937912831012640102925739977867459597507511979420374246958811236950085644 0.2529678187567624645378468216763310831265483616969700646694936938725504214550844471101872953929909756996889936598572699244305549933144316658818482290622020788536840123727635497081792333011483272894642525118536676391887283
AB 164 4.543662354665279634630784249027776094644411118187444551099711257617969349740510301871480035837726249895216465572089433516857001106497255063224605456330190096112048442026468305917625124564344516589006019380634655906447646 0.8155207743800639228606775651473634927529408169602076508863237266878706978072877497310625872360516851028833263037836830428670046587933544412296337961780717214234678907875238701057792917746910623894678117468669049202204048 3.957061249694016273929711550564243631750904942634227877267375340483490950431184093081751938699006207716218128830821281158867982389737143745777781385008889249874483641719343132766445971326823540696968684746949485229919579 0.2529497223709033216407562839209413545868189379297894652826983797426021037419772870038654681441957386016339082661095446279814292790681569465788879126848698682040764877373154165800475322564873445317531000483276818322331414
AB 165 4.417992171089820083760801802718452168206715734590901967135114176077332004177526477374079840811043180157972871948460069134489944871860506521187365152372430311646989499051090557477812693675980404323262367518482063396286620 0.1262017244976670292154009396605843562568015304612422010149140569039629375204404900626506177413905505577151252971340458113653907972387880647166056111846021607718873565087709249820154570974002577952966734060703296895339790 3.963140517783263466628032497711029977171223442275719090955398836277438689609521892220735458576685164511779212399646395766217550560320848000134248621802589584996329000886558986703222417406497417654209253925654444460761175 0.2529318453339150884781736818668338666074269831052065171386024474439083719740095573910375220016531470625752876245489444405807650533973263987204945430456335194283158109806604096070015453555137118801792245253358752222056927
AB 166 2.718893238079371299866155893835847489374522788390758906072273162722787168818742378681902950357762570023607281307555742618905366902371631639470462395442033211386003689775556825223407768905818370522960856877101410540976091 0.2537173320753617963185419067449635933120330526084760471190655272989090424103487639240744053999251374137548435030688549601473564416469678100075852638184157380636321270764705532698545942638023817521193406289228657662329815 3.969183050251937211223507143419149535581067991624349363612729535168182591136057983724848998998971734665511925945104205939813032492776916099369394542199958917674871606689282828666950610103345054714291841599981877370979881 0.2529141836816916481837356105378536535822490986609444519739037208013696833460192034639120284854480828991964475314651612403275600750557356442585233223495833320217439539570580563430361128277926893845738915936524458659052331
AB 167 4.342675814132092429711165515128068993211304481816516909230607259860264917294656885034024404452498224452458621466951935774441458833265587743231310558729450052670432653384200027395612110554687431156473195288285019560625289 -1.141319753258973450407066967257167690521542066637563716870926631033413874810976565890590037603533484685259884214140237599110078863945813860492471568874916669150793759041443083233951155696351871784071382004512243166586704 3.975189288420230081623855019200065455149605167404333943282601481083847022247740251210868631924215308476635898331344139165845083350838677794238097598460057288474664065491477580042108598273335011878947025527643732874635235 0.2528967335450746401614888124693429669694742570533997170433049843049000929811298522862158502725023300704543040440896587658682356388528567669607177006654841098126308002476394672804350711352886653100668024576603092727931309
AB 168 3.720725665138999433415864967975358288877690074990162138646693462200689242120860740050654500715851837128616714478640351083988064043608113846116178967408240154652844633755275866536734849913741221039039137683335357457064586 0.3999312158514750303871101132792170311426275570991344011276349327859104830431969812583589704641266817131843099153292978291096245454046927523679495380250101275726848733190197208480051495788221208443759016780669925734006886 3.981159665702874075747072935737514153022079757201826112913382290702975944730091744294464706097466758658183760828080002041475579433863001966923994218066230401665838969524002999850878392468992441714480230848494136339934576 0.2528794911470276656227815378648707447920561341816182158255595695782198830290496319375956203163131506546258145826893558076666766496828561287348580689038618311845676862860659177188469100081704653975223943048897967716438223
AB 169 4.095520249244137819098588355076426486956486727103013470954101032926581673545081233723713085690919796193931898390433507710966728623309661109099206407307389192180070611593967219873089545410525394205637630250230811268611445 0.2237823743509626899130320420666848930285465348524193262967776823404322763658610518431061086833882117490488934626276879040029588957998763068141376784145695504808475327489332381705543667238470730857186847332034002874388905 3.987094607796843166363767592250086901546948128684997070865775733781778795685195079215420511986974393005217706169233536525373500716631031205660939894042665347045098278239982126311929726299983660592672964468650520869000498 0.2528624527999108158890114007222163887653346909850617662983210827775628189289503320058380735391291741789115396905210118742493307841365262604401245760926618371733124552377329317657724052144920264746808903098920195527885074
AB 170 5.268996065644694923358717006480441498692043149248175789785521691936670211906047851141136246248691153373609421009638508746331868287791997493128666268871133439894814121266622273177579047874343691390740654774007455986968986 0.2679751860258479274946295133164125365510461959302402936314054497419809591976028074643761943202598952299701688170301879272863224778514288273699109505971712417137820530604800753863734883125510772525875423871405807631008139 3.992994532863517646382455840358865077699804549349494904530437454708238319459281587360552771072503687152683783991110715736174769935201018552341642407618873276017363530964921853947570460244995490002477728208036810178467222 0.2528456149028513925833512716538197998215038121498970852342385346403787356842485739829708198451054033645505249949473602549286567852302552602332973275958056627257933051775366010873309913776683477819561469915860416625225932
AB 171 2.831668287031312316641454617035465204287790723968645825789708052320998620869432273553956531104091994725518416440473459946086204475685143746216068693197707692534305343050546677911507084880665964317232526240163581546029054 -0.6350528133971778731205028200569469743650612505544719476341196849495711522682504312869566684934898555963402207775377648145861481831840110459112551673317082960985634018770949791191573160450930832842046616644675318844472251 3.998859851705505212602377459763163136748190585542605167548615741566079916208299696843381608820469000475637015352470097336014348624247300028473277479251373021852691322611611629659400200712219832471410773991407186026649556 0.2528289739392068820888142935775132583758357036789809494536949786845679776620929949322072086668351994783436234375162197283456914490774021213427226051193462165213034208571600821815868506113582458965674457196864390212805632
AB 172 3.774143669543387695990998590663653219131317434588547380620252044659557958656899519485575684866605991703202177341759027965228124609512457076153659737522954085875145633879351524725297535132177647777774405739825471790385381 0.3479536245072147320057456408495513322215924406080821343969157502106917814411486105420434062429323745816444644526852220321737692855763419947859637621667973918607310412745603927686890950913602875637527062168339747769445106 4.004690967938305772693741097426217190177424599081324676758718177650469998511954135956998506944927657112829168115684568329359147096463815273684272667242373878635844733874318756755395587176609242775983017970865822317015209 0.2528125264741164297923002267089039120145630617524015049519342656749209858012455901959342172781006941693032370912536915114583348894822572013792232168313794449956168305038877745031571567444067333918258660508995159043354359
AB 173 5.594019357831553195938898060009605556216198246849727736806840506089106423719181920588999477508605453042451999020930118597312824743137203901368179777799946394131052207528880613083791787482029156464324012013942191227420452 0.7113772166249640571644540637208705999205397037143183616463721677481729191541917815665388006177871827893761848283708772936092200435284388812090738223779011809248705945074182967173783919914629121423301779932619956133972024 4.010488278156999370148370670669446631588540474284101352581141342455635836550774003353578919663235304810238114742705563805432856450905098371591078872318891588242911279934762371573265001248564465369055175575845043214552166 0.2527962691521372332490828190168763358671458092488066597484925090833921188493014385693275361463270731389969903560651468382686164668802396065058648542113707619758998381641317540692550942795485382994668314189589727132824944
AB 174 3.100586921525713390960133702625805573306582702709439530740804066990955073548025526968754716695610480277810004193933069701500265561634075318249095100343009082345758451280339116264367377127850740948651380759436250646783268 0.9767854209185048476126872334600818078360063336885073003801740769844606513708995381379520444068505572502470103386729274668585840965259881390213143010923503926085377267865917822248449377196583351748116755531878646511286928 4.016252172098129382013387868690484711939799425550767711454911418596974777470798089433330754664622698351171755157243178120157010483334860775599679714468181372380367478352080503337132126626800671212389193825415922419204479 0.2527801986949624380370965162037531062494151011724653999886288659385715799588089870227576799161818880753180486660404262484047991313109698840542313010133509991640090328365226515274826451928998895950735302601407438729729693
AB 175 4.668792746897303466235164380979070150872129744630649875581896339611951121220921154819194006222573934139881395135782288828476692273661003179957079195753373415204379621931258517362517757454868982266752239998088533551577535 0.2427232036466803527903348005623779950746018619558523126316279510551532395996786591727951647684265955074869829213800213068070047781527222687368873386347108288383637649810370015561376282939433523059641901243457400312143428 4.021983032796946236314298563692467708052438301717513825610742987944666889456975265570714168418680239185522979553305827898333990872052079750113028532217615008802634115465303269548941046845568204720660107351416252915112985 0.2527643118992172762384889530484668359726512888716621352900040610656547654521244782978086536912676413786593625164846806214917132246086556949073582013756262642318826056515489972063156173825505098277469119486265336893878472
AB 176 4.015867759659785853667437502818117032042740404163933781957538255852726053166865620604817909009030932730797578313376235510481847900709413310800828482802385874754414206265455513022301376999250827337471393520727870051521837 0.3878258238598638848087207238807500571709245862293814633617646787359463705376613782438695271924002178142942410808035263819090707971281333888612163816814162386562137738504012666072438712520475961898139961121801113760153606 4.027681236740170303158699516153476952564034117104265500011789138905981621328438882610878462308453194530894382334837206166002688116809801409119516620294495917370859886143262744973644804284117060371293296075273666571239031 0.2527486056343303356682818285981448004053987822777020641103848805549646709718635733684898206348891493302149272921164129569199110113981600774948397061655048806474878879843635414175581619024498349803903347468973245703084554
AB 177 1.920004715497646669998796402656477616183236373807231013620748010409445468607546011660612731345476256135055527094683991470934859661551446441919420687893829375332795806673633291312374268354102291599821651277291589878295783 0.2761369284361823550295150985534835118338053732630628911627763881982335270425550879822483057810676658426056361079210516328272418714961757406521987654707414913425222780568373974161019619045959633457415319295913956769816780 4.033347154014426319520254036681679783118779685111128454417198739374765381268361870140964473452741137335073602653345517580920600270246367699995490220382120658985676496877055992263966204418704121744500462017462793926965726 0.2527330768404769886177898047634089026052195433169199329912699961977706002080006174595129693318896945004755536181369068704675345143646247455568435600999227196799748891044693817120277456077563426940588048109189969873732274
AB 178 5.917498636523995854602478192868424492906180592585120068776560641444859898895786838716205712910818032911978147439082123066699760733279843713553287533339369918334140034654339505169898470249553846615767596642759922631086129 0.5929090024367287155240721704975429826286003326436858162239361429663115384312701406341381767957305787944910129191169982260629024275004737780754235538403773272272241864397869003859189427052957362467570207928531276395314307 4.038981148450495697472629636884585806026666628780291053505182937485463122340483412602371839767821550020408178889284031578649192413901083453655958560760273742317600555606335136892587516245486231643503154952554493988061246 0.2527177225265921424169675401532308938418172829329508570843538790295579623195445720450404828949505384620435405422760555589803558779333314140357832769755712705847093615218643552117343265806333072876159532735054712270469562
AB 179 3.825197484524294199989167846320310519487931133558685630756776028168353365845063513955680621224072781845595238497131056256312410900805545514710249901932358373223317094960608105724626966867847609581765987610901548868253839 -0.08192381371296539622752421302285514572563797674563995213101600718012221556000572035053773917287738769859296896230884303425329759704519602243909770552551550889064676074004239752845983957748444293285832009365038824134557638 4.044583577763527324862508549610517061156772478282032918924203035286723699196649046128648276574820968659999538640339167257979583893691335225963702107800302313328094902488318021550970227343169206241943891684308262474921874 0.2527025397684496009423601811720143396801165957767776079349436585281485980002397639911015270349948564157614494010649947444196210082686182221619676074306693383683075748472320420938741198295885347109109387077106262690780032
AB 180 4.264048374241981887518161962141303771890045843330900841430264166691291132498516644899269465964018809231331463493176090709099092781529980505467162284957766320183797762063943440967581807147692774698157100536333581952034100 0.1411722898839593131627235183923245007226078826922954659889104517508120433767131596366314134752110872444506507103240826208850840135159874822823332999393677387970498648174126268239077388217880723160458377141617022121718131 4.050154793689341982564973533255980693229152235107533211780820436268553269696826755093527050393984891596185134922590998886287811832473584567973127631168120633354387591150239469253453290596567991338755690764651634704255848 0.2526875257068054466788166735056585686694187721207533604233358942336849055288023385382434970964446153700528719829156678748273883569374568961113209567742722716958349084688810541041551798651879665794084384111691856763220656
AB 181 3.110312048114225829219160536250958877624386679979752166282223097256892453271926525300343047449489884029652302513415897167225909054197717557461130631453840427733215440672701403947238705287414641120593823392985622516336821 0.4879462212727948927979641107200912238774917670167957190882436657014146936919458253824547567455445430377060231269519570074977031624617953268603495676931704868003189159569739329554790830394702237712494633169514729453064727 4.055695142116960260787946304106509763918428226284913868674490558305793052518149372887305298724132290258788468712589754524139621005812346184767681793645060183256618560637738115725315899785921276258155316191549678619241109 0.2526726775456029674339145169723230388971654667908971411328887277669283182233240250139947144276865450172679173171070210636937744950357839723418385412461439573180799742941723047458583945849589846834929679528981299315942540
AB 182 4.304893150669468440897916390983718529958205522370937910684453048403067214580849707879039269628723767417572727769221880139588857074921770120684773099670508260323424288007076909383682721912521054871823263460369562284677717 0.1514681859246523012771282347052820665215009473983351288224503423324203348288113476908640471752534584894181008084780579069811039159665686342893160560470013623922243916391632163389042049944574703272701735737129061922412237 4.061204963217478846322920716050284432683676795983411140268385122081019119988755002616792341992025856807426455216222922851536431908853942462456711994669267386081222886760557136958026108455272666610832065620011208073616338 0.2526579925502367606332922904596357749790715762672651628917008639304004892093007554707658245351350116630431233262671867092043294955382781472645787464226560187179921078975417101403317894958366710156252514384737495783195311
AB 183 3.600480464766148260778080123969434537691966839194321245510365964891681843548040251212890002517635382110857214370151371808261289115720221612036966609428873720026553773004215696369944680053357521454651507771158163065824683 0.01544764257854878832312868237707565707050060250788831008400758672639314814588797458744221077357802811648842177689886615942970465595154538995853621623307668346274460507077726758283351270560667588504738379383074035213040964 4.066684591569415261776165197928437211503718984349008559191089822811149467101796654767096925418887099779357439400163680137875921172868966537256796895453804634100575468407283731016666591964171825760239297380727389238699960 0.2526434680458737516021608589984420317970764245114376712665768300519485921006343618319344286765942951501976576301352184678114963756629722456390060403089541343664574584630912915253482498742066572611595563322611448133261178
AB 184 5.881977559351913967221964720202878853564568392860248851589266007647130587664134387660702151327215604824761591751647517690137848510871887069176630032558131129150648460584783225294252104372165733404157128120752035928463231 0.2093958894965763837956505556352243478135680767594323252183411099192689424879072493739544194916885833522502758022205839482989654636102563898434343960157504271756160260063678370633474553986833685537191748186134484954811652 4.072134356280636555878568227593010996554316295203828528323063898114850904985315317914425991613733227095936344329270701370661443874770401007377296706956368604826083954829452928978361418112499289892587357802653349049344271 0.2526291014158289606540395778150774056219192279356693717007574516605701882496698793440240627952746225330719196203410003608857158323684561929727417695402282220462781045885270960231785464456623533553826658265995755123805473
AB 185 2.769243016446258607875029907041204250357787123754113985069657529215621186446186291473978809840862021905513148486569405754404477042802874699077519355100546978973896379612742184147636043955462522488023705667203485452141967 -0.3980519871620620177050634141382167882405200199006594591500711369661206205485268520453761312340677149884742514344716542406620468683250906464195004320712455892232258780088900191605036742630621634845653126069420848209950277 4.077554581106983060768517637340982491590155041020255724408043272570752855876611843833615993093509933481699176041914762778594616690803427335993926630237393265512550698473114683760881288990607104003118198887430949042308145 0.2526148900999939474358190814711628512110367377804263358043072205665004640752788040861735726592017744698352116554605881111060729134132696385162773095832698014085755145155148988495369262127819657980822531000906008735878037
AB 186 4.314735416480373333783476338005710571328203030156774970159957003698043214809634273812913963961250881462496835632319431758514365130436176705981288240871517906802159062189006096159969563063321564806312971355593903867227097 1.271205300384382412724564176117970662158000370426341696076159636287715509105125623346831607717341345778291351147243630985471126910911451061896306686816507125859398291537188749207782753136047156154003869148103349909581405 4.082945584567694138025570950233630092454859452640014736885862344123528578301066561217442630160440759218298811430071637489341949563082598520896450267742495473274232160141076074697754225665353872381047308359638797824120751 0.2526008315933159500759873365079618899275965884780296270578344532734962568285797985639548645070590049630433415397511333602237828700164651111860257372437754147607127564555027551953584583124607260273820045669323812967152556
AB 187 3.243389091011330529572988338492373790169618450698910791397228498685133505291708849662961616665537043733439063021052813884793571626695919315470591256727239881125058920210952042416428713495161102027489242144230000824376118 0.2040388463690357690669422778395048475879198259183757941718345867348448831103552600598842063533708441000076617848720065220708051267192581385738755764039070917970280068414734503587199416369078810436711136289119188325269114 4.088307680057738821075463076327753899675867278703684529461901405935851461581802941107739324618538098229603312470397215157884060621382228840668472661816142682825195092128228623146087171679733157415996811660190346448942243 0.2525869234443258214925295942293548351819211037778386572384337525984446301776978348607123877484141455682604846882084017888115817656843098391615420099752989201112058090142053397519230937914732682494733358170156473770335338
AB 188 4.854133726160638626439724405013997550825047737399700540726148605507750985052608133183921783588373546697339567713897102661520652058499991738181568730102724838866123651248443958507561863295730896417441700734395356543371116 -0.8749412370116969021979592658353348982724849560882555050385311634045834345599848198624485977581868403863315941671302337132163003441604663163716787421012610096594783120406543760945086500569381687760840863404851005607060939 4.093641175957150418748462449269068476761072164232314420545960301104050967822709604883200161363797626242958637291761688016050177511385858521002631744332960583929786261077658378459931220495575734088113379304016961471427638 0.2525731632537129459667102826602608580599324404359745864966290129286606260642606524177492013707983688319207925800126073102451180429269816757785277662595856247964762567499236589245384370516003741600326554666733385832758353
AB 189 4.474931522997781266989635039509161784491226620782429378396938490103097206316259482788935919668238963863067038015744490892886552776270719608958258340347931682973111314653628502415858403355152523607895886095210995328694477 0.2517065185261987377037881011616916808548287669627301506193956648015982313735833479922516561798068481370700753135795074126755291414615524266901299409831377568019463394834587600667124005618585659984452460255795798280165545 4.098946375737460465071031033869797722581590726408065005209491086773066113486412960401177871739700523387951917721261471895991032224170133458848272546657270242282972932877195075576806489756509785749306471213124984703408785 0.2525595486729453959934757740883003871467683737952504883777879402896352976502770113664127073351068355391777183464526027776450717148576374101512030956248461594510642911731732322989671960059780131856029222250798047777550317
AB 190 4.037645633081833339195708517772853671201149033780826886576394156924133467690970705972188877988465516697739851404821166771320606359348148212994426178343331807677751924830832600157541196715736838990197101412735671703749921 0.3295875926365882153699820209182846822914620124099240219643786160648543436349346873716174019193196631627587127294298561135458956647977053268041730519957657847522020014610435539130579970325803396276948433586030426915610893 4.104223578065323876054895098832397857197502401679760442173036251886765641229837891989246518829658889092742566553637570363183473491991491775713016308702437918488768590112986733534327812437299741119284663956443369484768312 0.2525460774029336626809552571384344356361238292366038021738076169639993666502432710619742001926828180516092872612635409903537130128212915647889863091973775914469414449569651730232170575634072841750446819668250737933283392
AB 191 3.258770112189049396321772622559675447778691052078921513445790179267729569276810973263109677055787111851841919392246580030817683239953799652360641674779539161572891584237242341972299100325836321696033843426089710890215553 0.5268861963865495655446457777632603410983086872141491173029752812599502545094409385228287224204799988015934704581395201900685816463599954669296371249427240024345897268354896609135352054738973370643842796568522585476853983 4.109473076903423797974693725307650293576858757629192987348146672844751309442985231409230832550135241514404886607591584106840178107265212787575543440025786798386597854271229215206317286837340227967138011607829040046631623 0.2525327471927363627812016935900100174355848988109743548089334284541530691986137964912299703254831513032572250436245166933491305756503257684883405593286104798904680569327135967295175843509203285938319523121877059658578052
AB 192 5.041395101111617487429399959555538085038215664660995268026512619437727221340412423748331122811371587697811814973889819562450201155424803065151728560719552274975644119366018575722597766773285281107677843084090615829503586 0.6413059849923289805952369677671909281880731988529743925858217644704023391076263486816442569469838791567663995789560200255380345803859558000702497426871003121634467524865771397246206002107628748737974472022458435045019957 4.114695161608741396435630673757326212833674704097015892411676087893625722969366264895029823342301584850274278794857157788050783492957595934845545308525013261909217419011346431393481084539539359905533271934466570236011953 0.2525195558383063919716986905524020972971979428873807359680658572793444994110097345007361475737338382158272418283155916145063068007821156934908072074518010043373047693803435125890441212146879034481746752134018875817751669
AB 193 4.585627721350402968054571169131762939556467923667856186981247471331123881215434736116476742570031877456890837671013792889390822249278274679850204937427180992553231419324669153566863634445907231301151832208666535796785395 0.06584455359464825640397568381451283220906905948913231754564470041719359332973446664391469198996283186990717245313090514380010428667139012241390921652087126490641799991940142759312320631655295617744699397339662204878252360 4.119890117028272734827963724640492673925761805717171593296215110154401656666656274455281735163912485618817026843593085835047968736876372429799479355376598542552488545557992937671422226367685126453387453090909585690842913 0.2525065011812760574418076358851755957821467585282926612872061810181627559710786932721395061464510531067145758901822092430483250965315014752137217727598431359916934816322243185740738087420328009072678137639658115020083480
AB 194 3.967007859285278697402376725633033120598924323531380629296607970665823788522982477943164949354654776806224774034091956218546840823928864942641809759117983857657656318633315721740209678827838807159259353342163847420390799 0.2814733739094709159327263528369669598448329951671476403429852927080727651039696715212733440049197256227665754387259231972454060516938873183247763065786944859292785971919288623896171628701348186883159800663760163821025442 4.125058223592271918288769698598759715546032689072994129222323988861796606209717572898721819680511792998480240092679784719921419160557770025735095554339181104115346311563598141917429166767646205919794230713925176234070668 0.2524935811077797833301749517159930920624387642481985952877747757180648116662421721374406261150994791696748089121020027416017774144703541785999166515824863050371066934737648572874190661478649065343462320419578746017464321
AB 195 2.841696845930093035672474877977084404873236928798865096533471848467713815552654683831401499056302060081076575074255890033580395673535210294311264233887223390033281466515860980152283135318502653034184454428078146676332261 1.286248518180597050758201709253927725144976587807234427227864866857441770188565023534852421672051690689889432562247891303843749929179844857615336648395048661574496938796847310836926783773867835982375315907891162054276474 4.130199757405096829108065865804523681713911337463859033914633106565247418031822980539444909157898915648445092649051445326677142916414887282061727425827470632164414052938324685009493918071877496840173732046331580108491340 0.2524807935473130402590724690056999068005680017619858484674078277333024507304078713423838661810450689990239162633593350526837006163204392228883916101465706432045325072823574529542089106791932641861677729820965951261922469
AB 196 5.659515974420716357157938780217735808563447775920080593851883990373539719431803636510098868783246366013556650257586452543122787454592604674058050707448671632474683063664272262725745315244758120297575663963193237532027317 0.1956692982002050572880055061540034426132736358373480512161521808593318679771065201837985455229914402341585562077813402696988502144200073346129948138599530889737697072417592351562911747324663045309427335800878760316061358 4.135314990333731045994576762159478211206022148326549772675632281261758530179113037351230747615915066887659093759309467942074897520786182058033016275596571521254675352836269531412664527459790054968661385227346472993603561 0.2524681364716262052621460325919315922721350240376829695474754907960479381419081186389336932575212028835206947100507799004765210136393021211942333199907223388499638986413300387729789204550615050098932690498864649107301089
AB 197 2.961153248614928119390471670390713432989891869354667163523529131286724478135474750630191199033442116936574661447493582548884768524272769842125989769887353710683225912148042757102383233948916957444020860726665144424364788 0.7146825240517279904432584728982200724154541278670191459637867562029457109863651452436261421933093718151307958612894179583874268151900058166753227827098267769775899502106775883205673064609558346093052283464420487813904911 4.140404190094052917411415535380620766243346123627496513370776086920662162743833799554238232841156936159360573050321958112695453305484263220322025861253166104186179073046087753767017154850450700059816767930465785392867320 0.2524556078936521109375863833768337765222922908309878513326470965635184595780128183035464850887889606540647622052059905016445337405512633218205882984139417148712372657555212195187170451154595530325314740356434971825550348
AB 198 4.951584244549825829565124145638528389423150737801292933517680594406812292711879466832487525972216645448350153871476058220768005355119579136705095046189479444159294368321721821981138921118342413084321839782850652757624903 -0.2676405551103742180615520955476107562483988948871996836045793787775142309317788426539010277684539088727187736306027468585383932756779931860354924104524880608306668120394461390750275546831830108952315451623085268560125379 4.145467620334920243229613126765962303847350472610806256129237177933219811703261293007177171048122664825178480574924884486361841240198478443733925872320843569677762618282150365273306992501511425780946821792269300001160987 0.2524432058664660928063285782018396121917252343542711500387820945164600402935905116180449937559770655499271672448516861697633807963286552385182649498899889460773762112076433967616511485037739066903334666814822376969511154
AB 199 2.962866800886797028601641962162699260720228340347657757299894881340854755948807770316877073552215796977491073891943440389331906501642676168116829708201527962543130892867188424563920764904588409000107083069287395217992944 -0.1339167495260607391210463601795765037857310493263353787584860138681993388836575642212516459958094123096448015923911371904042073037866038001406254614521826921370804563524454561513799726345670902323301439222425312277217310 4.150505540720136604409389037410584882118459907176434445739377723452320822437642263636461234535638856193721404379947771439934046723583503184993531627646554837281616675767593095120768810868946703365037446682538229121856820 0.2524309284822773917345272482589184289054169783170572638392159427585701460928695357748259649228281813956888463193536055984865522037492068844145191005835671889020411480968480453194206422649163740156894850422659872645625076
AB 200 3.394185857483890829940333216495526365095139712544021393876163491641993858588228440666616885782490754414563953151631528882449860269123076983326617340387547834779158953222383340076882379588504517920332260762277089460948744 -0.1166182569001604684366226682735884141764467625113880132071198583043923081140681875024719655445935201353707375735699159269218556074125378002098814937428852028255700149515709570220311812969803734828374444785894558975474334 4.155518207008363062728522797186430285559515161840883806973969630501088561248164701314986228508134745464923383151862166801333767081357917520175092605167732560840899069691788146264302404269086218309739834629450904691982138 0.2524187738714508140046407637509224597494685496471981715707396458185778657971184850233146377294396062989214039398505622256788863117035209984870918086871224363657440362976708358203943254360682785236713017523189114937029919
PD 0 1
PIV 0 0 -3.433804010961603962962671334145407754670902556661703407876407101734160772968112062602718754720813031713613787366265456717427544924128543957419778502003375174258771553610911053219266696318627189693443931268195782840938594
PIV 0 1 -13.86204086327320571043775938762325336065930552009860926127356700506438153646218037403920859017867484779044720807624503375471347111273684999186306056928169926451046106555923887168207081199825110335764342589909335474066568
PIV 0 2 -18.88831157893994883276863275552145836248708280004847787872884383390506071914259784200206731271913830298345860319794553220262196740465316974043390674922752013463162761646461880540482158842490468225069319572747364725450446
PIV 0 3 -22.31658797414170381159816061004545628188708594450630641036469781365685470424963363090205880826836575978294341499642044639951405737584155237881184282807268150784355464763565583792058758102364694329127582183215892908376091
PIV 0 4 -25.54149422400093531943678427373838337613792718472331287320745257465213003420935239641882666817312178934045744038802957384682151747089189418628240325916179794730494720384354028242478565211723211153196030264780766811433379
PIV 0 5 -27.89161269502071757921478983444601658807697623729119442565002391400373047204019353248758589164035462077658732016941810832127542685762294608896344698194914548531278363347725107437119053555064763180749176768887884473756871
PIV 0 6 -29.46653876831281427472619083788975433056619906943612140091769873041022902208600969522865580647767833372096447699325514777122996531447950004787929990928259736378304221987056255165743140234380360140447447477754608041379861
PIV 0 7 -25.71992383815742500243327433607229077251144931377318795817858115621843419926870986400327843872285596662820137998168160004413125656374524556198997703101802649681886342417991776859023628961199751883548114775277521352613704
PIV 0 8 -32.05880390253475329410143260646834332958684405874590164041799898613452882233751485923763087389757609191997780419458152596107265217925652400872414705579720653823749953408762114709250143144840093106485921056022837427325052
PIV 0 9 -33.89188612243452373776952330245032705281642822730196525763091569501666950708882287254283594083183968485874878764122694783522080013691097472415304326120070289552698917842414293791868616003771236054987863636923577154185105
PIV 0 10 -32.95741359819643869021856509697438165310901005929088330324744921232242382848514889425437238734117647150456189322413625294130994452141462783618549863264086889043488012809047137248321555225177887836388161214137011479467296
PIV 0 11 -33.66315707170068326361937011395707958780770299677175607888819084936818790600929118012588236232830760793365321578304032440716724494635023045108077038616918531130600751728976536562461651335292456541422806242848104027691158
PIV 0 12 -33.97539442184797126217869799059159969141319485856186619771987030566872615208292102620446887910460761452637430149530923700119606199113942356863550250608245272842221135501003880607782860644959530682102018357776460113478460
PIV 0 13 -35.28041721889906918666651659194555078948780548674942810139130118123943736730049735189563546717357254681493712708633785714970096438401015492681925566668023266335532193479715356750565593285121437349846892278306045088079112
PIV 0 14 -37.22424301703014380138558733135956872408979472448090376809395616796572369117706473426265589637749189761157665546524365328827026019959055130443613392302869228154126181688963872678881193755941279171036615174979762526431139
PIV 0 15 -34.25015000412546383127502629067910717405430321874603617118504835982179551759980289806386215901937905897973104422751314517239116098862697562766729299404429605645898109276119151409259863913829913196707927535826531595718810
PIV 0 16 -35.63709421403411143714038296693014296857891711275318392536343694081766152089498940860202297776936562612477127976009639287143108517973630171636425497129586629747427329297462754304706112860666450635077047574150727420611813
PIV 0 17 -36.39645763537387890138494910590581327849930209202857805673205507806222811231132157105066627395348378630376353426192931846644693402350996264030110436498024627052850966973566153707561573488881516993066563474084508387520987
PIV 0 18 -37.03669762721238500138110972938807206844018647309844481702781105620112084253216272140681661198088895434579926884068008386464747831806585182304361392773662583956209085573131033961021651499847687686061053353821197133050487
PIV 0 19 -34.57349946602921155701471648990860193997737493977324415062921152937621066272752203750215614164544922315266141202867363114300231373759508703509161919610477653665497915820357307514835203055221526481899617601924395963324587
PIV 0 20 -35.39180914642839338946280914082590711835862993703106709315905149379997757566538684691181629711205482714422914180835947146364272643917081416903712766336989505876061876458722213454185910742089766874230224795767835005187305
PIV 0 21 -35.04810166164076957728428365871799722965892445082981917040960399448817244016402871540250647429674386359724816239739395842066813796192716628978511199235708027311531973617534679431058889874930836996989653172099280907336557
PIV 0 22 -35.44109382230172305042743716838441847740190838254161714113275508320023837109022802318291943069031876365243401533490202858871079494067751907639980056770229002534661898111594318112300633509217825216380630153624503736716348
PIV 0 23 -36.67489807277753080746628908178585907308615912154939066150635163306418168638758581332995547222178216624437408314457953031694814931671243999742485779436852152504120805192165222342459330714212047906370545282619204391297061
PIV 0 24 -30.27458230713068249573941848406945759235818171213864613602569548277153201183586209894856721331840519756209057447447563079248326167817142139919090636114185576247613646082897248017574745507959899224920612529632246821781239
PIV 0 25 -32.49373652119058395396934833410714186760330814154350849943867812159944414503018297510640974590986375769455309513326286682468939576806227300026305908210653177920984587152634896272789113968282468562043287861293352269829835
PIV 0 26 -35.07720357662575468034807468845324295384337118740429353327304464993736988675231566584085509075055310750715002948167875683348869802441768329062884875688627554922817631728789802137064833570947083880904787909063534239269224
PIV 0 27 -36.07129727872277038808683271217622468453460264402914577206892212429073368932220466490784142425505170811414387564572822568891479217434366330363262303756952069305071227679968712765525337151286218564560392198127583859630411
PIV 0 28 -33.62549650568572968096270186882809763950250375665087274138520448545817563542295014611243492685470664529638597352013280930627044217717227610056826608954154282007453089425199940360622269741196426170431377467421883016343230
PIV 0 29 -34.36451870278557262856519570726697419414126533037402991217880783954475614694953845299948251420727520926103679298083352680483579688318804991097008457130313115638830569147760450847977163300011884765231419496178064551042910
PIV 0 30 -31.73686699600455062650674494062520481598999675471387840328503196814397274975917391762283519200371724440260805563185075051214582205633600654103368053130945817440096318561921816784472973643911663639998343793860045401228235
PIV 0 31 -34.21767940985954458757276900900651213580056514649186553750099592124091618005148275104100213552738927492238809604890578152086401257934580384044487218228032958947191377309628968249959218337361791880295873024266460522430385
PIV 0 32 -33.48229936998109839327533081565954884319395529146942415773678757841174962741149868466194691649156935765059060168705028725731592343798210015102200900469623334272947654146235661468666914645040140722651614876510088395144626
PIV 0 33 -31.63774910568189089924981375064656933137727023084209669429907643119054210401701308306367819398121079917551748015775168687214082941200441418385894840591033761242163705748157155966169154165101270388814086509616455384708499
PIV 0 34 -31.68544265188231146951166617588801190436912066888021279634608276327021342433451369786246286746233479656160200988660366787845493845406968969439266102044710156916124814780551683946645843575107021862415058562141745876008171
PIV 0 35 -31.27191321219692105710136632662086204009607274405810830935712140625170481009987583882459856805789161538011975014992316256498312750149262402486721433616054608884148234246530885325952973286162078882645473412373878345275826
PIV 0 36 -27.25096719567086428820951648165384149080251067210896417602650486859667241227482911195600597408242303058093494878312704945667742779867219686309934069538748672830465407013538289692503430975727865597865966236357765000991345
PIV 0 37 -32.30274367177868590905164875662027506030247317028537671831487310912417730882117414222520540486525296608784972484626597750140853045304006386653988507354072523708380752537403871133325976561193475446829493518841399361634853
PIV 0 38 -28.30198953777818590018325977927429413966077137409006688131777571168859194047584547312495536544613954475436133741456836127851742708082106762816217659507482409314742393447059603897748199185719786695849287529951539391622126
PIV 0 39 -29.64260548553813197941925769519650989131908591557735239996818882603073553660695070513542775325990794875327470895133938073739452297411512597948627547477658215501483509700698575725955989249882076551614195662635746127490034
PIV 0 40 -30.71262684749351428839139807654775813785854538389578421250595893645335736980855030483052170277861083306164078815113795477766403426615930121084408001015422171501869023076563893802481474866632086356217698443722095465366402
PIV 0 41 -30.24576664029047248253306122804847354236716648469690594743079505052291662243343491748468324261724944437510063503302565292361857691329831573180390678842987121505508203970270381611997009691389130124950556858838598389418054
PIV 0 42 -27.48542787288917511203762480614751948182121635871014842451975606725116791543028071366562189612424251091253895150096799042990222762939339048264584345925517828952521453714633746714027478081666994957298520321516996598363042
PIV 0 43 -28.50437209614363527790634272733610135684442992237821949118687977827003708001850673813309475568076858793042787926033738570743179787477986527853087479560352759980133858569200230187764560589321433598389629044914121257432732
PIV 0 44 -26.05738977697643273040854578166371368944647875107740378315053556245891763291560190548220172189892642926802334347071928861154027676524858381783934975626319522548310137943483949058934042362689044692803813636954494880711507
PIV 0 45 -29.43633207274373468973467331809354414057388092458405758545352152417775039359968548963393966896631276939408356071911581921167824907778395138918696760490518464631957873936721577783195054489704248054295099329416421709481497
PIV 0 46 -25.97020367513068638538368879157725677638823256775656382141887947471479620791791193272786123779737427435879867908185028817753803260044323924263805571215941750531289782193182625391569983017107659881567824594607841572567307
PIV 0 47 -25.156215687830272798183889279570837951811920118028036461605199663497459954847611600256547616413232563056054906031420314450420461504978714807286740582027433719468796877577452112450287329289592400137473444389634179330828
PIV 0 48 -24.647621236545660266113449280056846509592760165324594201026429799432631215207579101196714591930619400633360269093997236864804392324424141220901518983007508729135948767871172726407177147852319072118675829759458968259
PIV 0 49 -26.67581902725826513769648582605417100057159767125947065361288928789258422638202311349584228263847537095605964168614195096907747776386014260975489045693328938218909671997323219691035049718035852730926370840084205
PIV 0 50 -27.23449262152427234847571027994333882751967721843737685278544420506430967630577517041241285569356315476612547602549052864953576207788419999056761027423255679575965704457907516825711633472891787484118556637498
PIV 0 51 -25.81779603748869954520627105110000905039301355221509275697841307945535381531029794120290694931360272016971842330177881358928295256349863464109817587648124595893621486329940575405035735900478405289743410458
PIV 0 52 -24.12613999672940942767400416328398304287065170810765108772148730826180883923007650116905627370484621352471011172263421219193992096519607316135024516579867007355465747451728933163673885466954098360303119
PIV 0 53 -24.83896565781386877893555727576902052257019810963538212017805867589937201579595825112053109852850498947566289811710698120867098465985020969367387856252429491646469739925313728752733221420457455006163
PIV 0 54 -27.8500759792937801596714103518505956750024613561596991795048318104916969113187731572951196675816551025440001287923141743698395371946860887378196452046276358625731307657340220732210544201329184002
PIV 0 55 -26.9412254527846189047079625218179590376219445745175349593302647617481790354579591501238890335285286702860872935608139328789490112362475552065357549702483320685346420476421208379109304087499171
PIV 0 56 -21.35952258663081363327832573594958454536591046478263090216813643104079299433289618332879531616802703909132373826690030709107566695004395594447338907176052331321714698134865748706687672984916
PIV 0 57 -19.82683145381455226532093677265839542359798176899869227251791349693698313313056325928044798915813076975199050795301344445019145213648115311492979953768505472419529517239610015177428505859
PIV 0 58 -11.00625524196522569274671799088422564320525128025679189326641561619241589831548900846779933834420626103234964646721543164110711091981288173921673212141660561828755038960802853133777155
PIV 0 59 -22.355876410511632418552623922352428017987891138128485770465939040598300843059328730147000908114392301360333741694536077963766663689583668944469431600553994699812082117252794620453902
PIV 0 60 -21.4111165809971559124143596841589103331034972298218963108186226145248689997504609188435804439801286134155405840545184968174034030665207145305244545097338410146931597574723716119865
PIV 0 61 -18.790766206847619058482536504448922788657769853207482204770984893747450143371891860098060341663253001098062677750225955950545036478305771475210227298824293323870177442998361265
PIV 0 62 -11.8227942363837492890417490930181328392444052544522649248428433515980462128695441267798725540972185309295088613052249306393309591581245421365786817507836693509061223292116621
PIV 0 63 -21.3498403472464415911086417998743968025576891852477025377243662087554546110945138327096343298474603602347979310246669562318409830828453681494169434164365012173119880940943
PIV 0 64 -19.4210165352821669567843062023965944995163278773067288867624525689066588643356966474476734306969277830226868650758770036995973902547921358724207947798473878491035927151
PIV 0 65 -17.6511531133218245753489474315031978582779597808275504750351301590067503152010798646644471770447952472463972878172254756041946764324418089989631189667143000469074191
PIV 0 66 -18.11544530413063689417832583764318910210802813350909723373002517726645188985758032845718912258519647044441876313788943086399381174897527457359330519842899532341645
PIV 0 67 -15.92755574346963571739206603643010772653614524283524178498801566006270551860044039225275892919325642500082939301014628816670880947054681467680236359125080384089
PIV 0 68 -19.26105566801693608700986296494689244210542760103628842140652212671375388949369721598704645211226225499379410028369998783681228743432557414991527630752859900
PIV 0 69 -13.82004661012966276738626565956669709593558366260580704335756443428966623900469193385644886793344937682917689606162295527443154166989643259378636056958141
PIV 0 70 -14.521309526171325642940334486764278649446606678008243230001828288600112411013581994384022055124795077448978937245178823127167920541197231494798162928289
PIV 0 71 -16.798197710637444372884769691151364145817471697917940332779545867186379808590768607324193728901360450718762866902948231854580340865460247954236345812
PIV 0 72 -17.132997850017833753215543185014988553087196536045371912515466294138303964431435450675218910087973527977390033903602796437050306162905579072025154
PIV 0 73 -13.4360379456503643721746348922466264182253995136391093053234515999149733868616634982551071365801330488919318364065060584907168114820604399407451
PIV 0 74 -15.3682314083053190856794545804732173540510991629407913337243227243670573034616434457655407255339738087681026222986868720320872278396848864624
PIV 0 75 -10.8176303657521572315790895407683083841278799036548418816288999870437064494501088552505029566271859331421732300778700773732089042521826449
PIV 0 76 -13.73992539401238941456953979376462098980963311754067517388900817013052541732020600616453058171466692193398091226077356305040304562016048
PIV 0 77 -14.922516978331065265097075882287049625935690015475726425371366282877355888197775594590246837648371225210949950853952903898529072690261
PIV 0 78 -9.868162907487118458959304453698084024767111350069620733307175357024844762784104151295250418133720857064600210324728788077069326341
PIV 0 79 -10.4815419138830253030229237354723682585235994827939088268577246100484189220122103692795566232027739342962558209118789427768919512
PIV 0 80 -12.6045673014081001362745360561399409814347752440090186031362650755115733240960176609789538456525776917884781844677314799791299
PIV 0 81 -12.7088379198243667402422768317069931593698137497894827679087291487749613727068486793127257907203962045542500935087793004328
PIV 0 82 -13.12391984128019200742611708497571923589695253202607448330618072432350837029645907349787040759971425622718737822884511629
PIV 0 83 -10.590683732054669579432272759210289623718663040988522998718488145819622578928328560160318484181942626967616856985968628
PIV 0 84 -11.002529336090249246820954337322558390689543450998576240228253567963495385079556581006239834744666354323795791746815
PIV 0 85 -10.9464632865735484478020007163103620858806890059664040523057089403431873041428927665461744675688378470972158500544
PIV 0 86 -13.70326352188281644469812216006760020130545592571179064788635666690311765903144253494838786584795906507173706258
PIV 0 87 -10.35449753664255334709228821175646002592280668125190429956551907881018539845024624852499571656970992889549382
PIV 0 88 -6.4253121904881628140395948468118312578180898041333213618622398438146841164622655619692327364254081504392208
PIV 0 89 -3.10999454245828591188798259087923683547475786889266803427338066000702621388621742651902408494636733643485
PIV 0 90 -8.848700767092095050730601322628551786623061758431190730006936872682018510612120401761895879134297952564
PIV 0 91 -6.4502786758906114454796514686037880830905443333602835253672321281532834647971077791422239877551301489
PIV 0 92 -6.45718615628324788990506283745188733139929545738508196519099120733488975643859110564398365957068145
PIV 0 93 -6.468000415748035805342180296601617236607992364989036615618406970934379940600970902524852712850757
PIV 0 94 -8.3790594402955051542372743952624237278622901574632455599623154216885305644842370036497752041127
PIV 0 95 -8.35347729841929781241106435286635799278368394284597201157547840370402395330415026393554080057
PIV 0 96 -4.827008316508786360577870652464056173105779297737752776535932340811099556413674393350247070
PIV 0 97 -6.6832275212320825982049482285285749993918054899787511577947937877454574644365363703904247
PIV 0 98 -5.00926379637550764988030241560464418229404602438482961572929352422184443947666586956884
PIV 0 99 -7.039075056782977192555145883948424828148475807058876932243946785759166373097628607469
PIV 0 100 -8.63711604847091813476267648400544764216361084449340750804882676293769329373454773183
PIV 0 101 -1.497444150557860603582452650753314663871148412157440954830490579365810549479373956
PIV 0 102 -1.45114464898130135148536561813097564030805325485235010752953505682270764292542879
PIV 0 103 -5.4722427338900840773001288338907246724346233167793438725828821531773953669268623
PIV 0 104 -4.11303707765193087152729269001892373597490078575856047962657335010664924176166
PIV 0 105 -5.611557162389118756768934458964724534433092100430727287162355809820961265406
PIV 0 106 -4.9079575466999203649423527669228378272862528324366612067873664790867296668
PIV 0 107 -0.0489117017982744690601389011545114054496195011580446153537002226647023542
PIV 0 108 -2.449375267478031317312872506265019886116766940199806410404033510414318975
PIV 0 109 -5.6241269139904859307243116968719977263974484324693033331667984683162213
PIV 0 110 -0.789717104481716377555698917343101520926826649488332480770466614227567
PIV 0 111 -3.67971490860691622503701211511930015864953174616407474972291058301341
PIV 0 112 0.06506425578077868948448695481073140439884607967091765299307774614907
PIV 0 113 -3.169002328946615445552303036510023082447926151454328507944794550193
PIV 0 114 -2.95895801042105506569226491220638084644349504534855855036477410774
PIV 0 115 -2.741767741979815922147451327373985820853623057610562925002165249
PIV 0 116 0.0992332753989277757164771682919988791463323163856840122169988498
PIV 0 117 -4.31813675154221375035962057763353295352898724994346499972086763
PIV 0 118 0.77407777280686650108606739170916127869563457856125765336109659
PIV 0 119 -0.9766225881344155058367507458533677373088926234407732074577009
PIV 0 120 -0.407122874352957009807191099635937525987945015546437707063120
PIV 0 121 -0.182083327955485561988674613470880507363111179789487424189935
PIV 0 122 -0.43034645236231983251064672779404679760002141622413818843862
PIV 0 123 -2.4559550141878475478805718202980745497217837131377181061872
PIV 0 124 0.91971754173806956211076172704149940461892950857407348985381
PIV 0 125 0.7920661735494664932861363200831758238125057202414445350416
PIV 0 126 -0.0848458137157746807311015759948618509963976799239689576684
PIV 0 127 -1.91879036308381466346817783369414068749658761399888302584
PIV 0 128 1.0262800356845749269222967715262087612574494278108636983753
PIV 0 129 0.881185163880223996611480723486882403688479935029824789962
PIV 0 130 1.500137151756132970849924462643460976464126740939986955096
PIV 0 131 -0.61098189957606297990151262237458321628561164145046105287
PIV 0 132 -0.34428701649749377107735645719033992176308503658320785018
PIV 0 133 1.21626617189593064690335763117745268588564129176192421864
PIV 0 134 0.71631171043411604419972611963951600551391059803389268511
PIV 0 135 1.21995771850083359733348833378451752174580235486196915080
PIV 0 136 0.65532900829713971177597732233368968108536718830823122274
PIV 0 137 0.1698031345857351386616964909444651566776584482871633043
PIV 0 138 1.12188414582263035781995180190076085785747934823790764980
PIV 0 139 1.54504601986482339999331718274111273759808990375678297843
PIV 0 140 -0.7989703471823942388859104000184216274080560206945486376
PIV 0 141 1.42056615444514763181744877756284800686709076687981479188
PIV 0 142 1.20756006866401006004055124880385606187021773289281061735
PIV 0 143 1.24785357085811853543716730477603140062308730969479667858
PIV 0 144 1.12674063758138976996490370744897873477393286787484887540
PIV 0 145 0.56162311257251370025356290304476028445640914359715466179
PIV 0 146 1.17231406733691003649146727652204060109555709409200124228
PIV 0 147 1.62690501360891649734483363716575599213147380521595217037
PIV 0 148 0.2314115876570528373242843435880048545894853456158005664
PIV 0 149 0.9489112055719950446676090490712583651313675919269889335
PIV 0 150 0.9925542515082605881109461431245025675147023470440768280
PIV 0 151 1.41649845700794536485687708066259479849585632995802396342
PIV 0 152 1.19182951544466993264492067992206042377207277719227685433
PIV 0 153 1.25964166802357017343967528085759901697652970637997512041
PIV 0 154 -0.3189252501110958511623332607312563629262109325996857478
PIV 0 155 1.60854898490943219281932631425502234068950992369344620835
PIV 0 156 1.35028717647330259186066733566248661638699536801296413498
PIV 0 157 1.36510866407998332182733536298407149702613410141417045702
PIV 0 158 0.64729766836136448378942756891133664288752304111236038681
PIV 0 159 1.49668977279945579939557313315268837849047797785303928739
PIV 0 160 0.9442454763511807398815820674841743841091871399168389467
PIV 0 161 1.42409412619783934488943209592139426575435469297348485745
PIV 0 162 1.37273813440192120184655042666086121364194878633370583822
PIV 0 163 0.5232324241138075922309175030802505372528284737970755587
PIV 0 164 1.3309502907319189201259901019320638596904936424852359312
PIV 0 165 1.2976008778839282503641078289488867819084216498068669655
PIV 0 166 0.8191708588679124981184958348146139861625471210895707309
PIV 0 167 0.6881832620009670373197204465890969655703324994725191889
PIV 0 168 1.0198943724087777085921984960882866147424616662590852351
PIV 0 169 1.3195947555973085618911854044047789950167530841582927717
PIV 0 170 1.61077612732581882767118572023097220790450067769338382517
PIV 0 171 0.6029923303974057827945623538469683571020189377810715985
PIV 0 172 1.1925432376396656226752194128174949957573708455791433689
PIV 0 173 1.6463084284788438453134749321533104551798309386375741232
PIV 0 174 0.9714769540698498023475017293018376979270206557957233884
PIV 0 175 1.4187782341766354542140907314493936128184112120616745207
PIV 0 176 1.3094000000804106518942394782866087913676697997472895962
PIV 0 177 0.4726445841879701495810857800425471196543720217831717932
PIV 0 178 1.73046971273774048196915395154426807975063765522020693457
PIV 0 179 1.1908973883349429500406494975150335527407596615683671712
PIV 0 180 1.3755312379736548483159676979776871936325966328648329766
PIV 0 181 1.0491907911973025434104740630355216511942060621193974047
PIV 0 182 1.3712780867827768911275384600919190408110033220506828257
PIV 0 183 1.1733549326925324779855253987640210536591542629887192291
PIV 0 184 1.72745025529151067232190227552806731238286992959640109011
PIV 0 185 0.7774472322361415257687642021970087089609562470701338635
PIV 0 186 0.9173491619214927417740156777343787608050796091879333775
PIV 0 187 0.8989137643353214307884827485969347106159021833682616961
PIV 0 188 1.1818744103019144757927979046849603770772790044638897332
PIV 0 189 1.4036234737529505491324471258023716637086496626528258608
PIV 0 190 1.3327036697668949893204153224844040147967384657666918952
PIV 0 191 1.1078866418718341633527930352586372134406992045124076854
PIV 0 192 1.56942066136763447721941876575584703769972677141255232473
PIV 0 193 1.4421228970488215601752249563070009078506487304931878851
PIV 0 194 1.32228781298257914898481637366408660126835228999769737633
PIV 0 195 0.7791372836017621698290989731777333741982056897835788967
PIV 0 196 1.5786943251171421265502776351816080013393561883908294769
PIV 0 197 0.9603675627220153961718126091164913780461826184034766004
PIV 0 198 1.3986106197985558590931209748612401081356319041391471262
PIV 0 199 0.9299380217085103846248616334303610440087734384385654741
PIV 0 200 1.1130541078669746816333520082279104499640820300955520580
PD 1 1
PIV 1 0 -8.378870643277498948564971213131505760222423748065821003364990788307101201978703790134166815633199598802040231129414861972110070715129427009348890673559685730408976350332216104677654256588081545423641382703733468014064540
PIV 1 1 -15.56451577566040412170111950123395211301441281097493747171336063984341159926862476834101762517235087545347808850080031907411669014474134196274689180322660072686123420253883824457420290629510749294086486976722714462402974
PIV 1 2 -18.86329768838632407848142116822697991919460409685163111107244061411032446291524676462168066176094280405483092752188717949640615251056112937836045806941521095889326484135506341724560172382246704987318458626675576339523817
PIV 1 3 -22.32826215757660675923476178476260304507312219086129987624895964621083505019523941295049152060032953910351409973804361966003983748157907750447511392812464558765476479079698003169101347300936437445095802829385224215596590
PIV 1 4 -24.74661653772869848501444605830104557506123064043734687410014786689325314871812594894470071561772783638301627659548336293643655176658048860330758238121372410851381107384027949923010341883362467230557739685685376167311695
PIV 1 5 -26.44492844274008186266420918026757770136851043713520918461121524087644238167581338733308539327763704432153172402721825116740816756152210391854323324146361927924506082532961525445286377730335778265595260439278295650470200
PIV 1 6 -22.89478367082929506004201857368274797723092060225823558357050860273500608739372174747731893691890825170419580578970602787306098544462149660251732488538948329727596466899878352177124524228497078644453320419030412154116312
PIV 1 7 -29.66283201449441925075739148364076770250165322875063737419976879631582661985140595880134814215639652075554351542299262573977358191700076544298212830396944477149949568975389026436815529468132305903655703164149507228380556
PIV 1 8 -31.36857083699929944023142683609955040194729095324403410313714142333069705933433823057513646072719731668782996658983794375083083781192187281280412297034063042244994313889048779888450007020127019227923546440725237788735162
PIV 1 9 -30.56643788197265927373019878634843956171237840344590307379342884253640105412544175090272452438085939347692916855192176951969012274790908821530070751496423410868071221818021495172399783683442952293313720540327910366176400
PIV 1 10 -31.26949414651027185804754935141516244158691165751395154460278091935336033625986491626810451935628386951347822507996129963333911757565769132920911133814601081169168483987610335508515875183297459934381101011201731747711524
PIV 1 11 -31.92709388467211657157925139692258542091971455329186687457632272657645650234722707910494922731154527085336263623879237361887312082336341194648128633424408174357834267999430770197021736814416705481938305643768116971914441
PIV 1 12 -32.85745512562855833281979905268916572431637303081675269321704185010993725120795963086038241466181287247061233856824866306638408616994751501053425576896023701191929464772515616934569601631924488085306704696915678285363472
PIV 1 13 -35.06979509703556756398940267039450725412055545436122504192943634172631639006432148298923182599676853033122343380366089104291284874953981490496567995849700435329047538700704159093581918720594019908533741524748174661176237
PIV 1 14 -32.15548843228413819122581693009932903080762904786122336287211327001164604521546888664106796803305961184251259430145589498731824988178080905093978947183844268739845322601179063976532782837814877717485290687889383691160343
PIV 1 15 -33.59574327813090870765176424072407001286822015546116471118335178197078673903193081847734610360323405204252875766431700149124421889933464281134313223394840061246135226651342694053279659491757988873709959018744653778430269
PIV 1 16 -34.96782503159417589327917597193682273318866582997634302247399277962082234290265370080266112804485805750173094352849876390669882808076140698237632273687580544400027814522188152291437662570366586496633564453317438295922684
PIV 1 17 -35.10190859989324780121989810082423886012581131720763399212178267618228499219437214741797227053511813090241349488661836524246626854056195456219610681964990807121082437367392085898890699586855700548695131714596895781441284
PIV 1 18 -32.85314912502455280626577743190794204636575696949248237294754993320781795118973628633651813704713328671089942931253813834369501431866217775673567590051855355082738425680947653551256027965079793975934839391586103551505815
PIV 1 19 -33.51742320014793648765763531873918127368150320528732161932482755870696992851411527932083415590341891338797532111245181887076760358226356736958420696017151155054549797183426728099188428931582741578303841120683501178005160
PIV 1 20 -33.44837043624598464551671539021496913260243155365449674681800410453433140460195026192475056386417846866119960643601924482766199695055604874959610202863373455169278724581995812608062870822722055545396499408912921822485914
PIV 1 21 -33.86281990809557253680380900805112048571257192759689102557335689800775200273773308207799921655834237014565697603345193699979471878734686020308968494585668666705978470511527931388348950345174300686140418493863443742768447
PIV 1 22 -34.91851367256219536581040537862997231767679877547095674073325646682722794207818364969536461807530425735343995618954874408512331035373419043242903094919300650860353381404887119001073917042400591291939681866566711041591810
PIV 1 23 -28.71092266344932583051403979952765706635174474733270227496521031039972447734785574254494696244835951465560833370010866848618407132665686249111634380783771906149283163549641168504684672943312345358248471355647697307570504
PIV 1 24 -30.97453120431790721197997106746852551631453488856627314375223336700243067024593253839976357775117349458685866088975802798185132908457211368526193892591313109573505241448779771296058288300591893981729039417230181713836502
PIV 1 25 -33.33509339392949946993368651133167538697600140420346563232407860948366989928849828391987608050249765130454903880656219938311337323912201605322703109493614436349989049117064879393117986176182185408479662318997803126114780
PIV 1 26 -34.43653180665916046441889781787194635658023361995479488155305638645564165951219347180841057879166424692678812887227719052627173700300256207810497828170493710298813123843231406501451402632284316054997740365443324930543977
PIV 1 27 -32.26320762598002267536191021167702395936781129089425510883191542554940432506605600071489316481803198098222756772201322404221670038169737690575550576408371652258226226493323262035236869777052989844137805083681865003072502
PIV 1 28 -33.11052753503916895576553702178457241256933502295800060412755496409493380676985067947816335471370224796494823488212931309554749180091327690240859757726145789102153497196394634400840854170684630162837444719587920263991287
PIV 1 29 -30.33531241679260694361635569519510648097772646655991853888501775641845315755212787984479229733005340999974950434037907754110445041616856639392421156470246507742474238217469087980353579456351874742743695448193636591288018
PIV 1 30 -33.05385098084711660910658072885588149173276885068888691643486893917108324374846579446968404352445321582293584303207635402222675143027290660353152833545222404728155236133357916851098078905706235478711184056678856726969939
PIV 1 31 -32.05993346018222203937623303565096731690467133839608320247525741826048346990931211950324990569515134177567148109128235762676075923549640392669531683478984317582133584125383103576767849855343885785598624915117466539937948
PIV 1 32 -30.26752639161426363560338081052948202060650897163590813656240585899612659297657166297046139134267052149827806286869708265451688239879927066871456035816483647024830859554879941404494627632493649874928011000838601576752561
PIV 1 33 -30.44786706728707747829021454653702622440931058452314870489020374609912966290423894126246300708611346821658346479869007331800629694694967355137989158504707091834469067891228773762911842858657779354548608166755880519030483
PIV 1 34 -29.92137438925638487852952446859619188530788949938906276195968634293258120559797768751102846715836442832389925177769666662218389955269740237911146794772710274125429267759560559971879954137683904124113418896447617725927636
PIV 1 35 -26.06874661902123266784893955615694312713407018900243060424554719077598729916449446974829786967541980259342028268071729161879566402414583079179513036565523476505893547672593989596468939748234854482866975886477769523808637
PIV 1 36 -31.07252620122574191472143066303459270229348050494548257204514024029072042066836328998554272564218076188806365349106873999742115871598884866258269190705891171064907325041335211931692742593151186711347322659560604210876327
PIV 1 37 -27.11157856669580141840885031655608825933242626398629995156462803834494721628312286214599578505883440464403063056147248067170330408788173615271054831907721523183932798153334847821090800975396442661857768677286248772407483
PIV 1 38 -28.41689145194882345034007452047729179723246963059995028954569479787768991603295702236110304610529762580155491951842566217507863639212020764823419052250576946183652351465851064919476893738470117514548982782786772151221972
PIV 1 39 -29.62799612444737710987646754136503936787833204967713508924914705422733986747543174354553314410557459125871665760689445347349216298850735643280034939871183215013125155628006936720665985632635421612249958294481465106511397
PIV 1 40 -29.01614766738642276909325094822388110429591568132556723882219838867305836825297202133892020739966577240854455086660275842999424116235392971544177284555821421904474973828029803586187140066786437072094327468254362952606443
PIV 1 41 -26.54854148157299968719604320923786946226307568130604049835270786385489313077264469503714217595363494022145316045087337740587595465465851866592198211300076271538172200133841310333206670057197413841488045559069760333065062
PIV 1 42 -27.38838793188714932334315227275894520830093893869131689104257051124457621512125035266313003682462163912805560788744152651888743458436670444311619895478977236390303854594648475611954254847921296844121891852193208934830159
PIV 1 43 -24.96486588977081125907533621595137904881778802387914351670933133561100152121773375729481877562578226497314052191445030684704106717654105957645352619892511818610880919249307642631912496552328438406745158742350569388118375
PIV 1 44 -28.30447132328141196094247648249309882854110851663428342879660142728980216022708856230159402023465963971386034228339348842448736455088943696111623511916501879522393048677222618308706809403473588273556655287133715009222634
PIV 1 45 -25.09759083693402279371003832639274269562025966556138591949072064411428382978853528822005642842325687144098546556226510398815678150581468689655775686722053356753571704811427146931948087196174443941915086604723427056004620
PIV 1 46 -23.93279291207979989603163468176386075936466805261204533163158607249483380865519973849534785703555509105969192735219685007776461474450713174485429785618947260346976998578158554736986101555471677425318531043755248544055220
PIV 1 47 -23.6860804582106313898102709891218036115820226248541677527282687096128503821068559135067522953649220632246868638113907414704094754479423108517178617149051465632747100259567274731395119268272119966076493270974616992654016
PIV 1 48 -25.6408973311171771044192261847848753924976090303066105124203666438280162669639542708284352111366202010425066017393302213385137095840411691222593502490139916071592465709726389143279461810471522921033179971889324007273
PIV 1 49 -26.2398690480468575376621041509354832913825249164794326192386745437706633576433571477718860154925096130319208394217458113957490840668514277949479590533761514653359605137323194882714220632364359755782844249774289961
PIV 1 50 -24.9151811903426473759785790229305845366390008628363494455083493571401611688089844678000369981983185390625686968546493452194387190579866410228105256549217529598097817183233534141600690897081131477806226240874146
PIV 1 51 -23.0966065515801401156871734395191556052291065410839065419252424130220038958855172953391454185868982550295789037754968451592311878497535883337049394184408020230635660958018502568995025764427598530235667041654
PIV 1 52 -23.8177640256268849071027164956739230304459163659856182395085967345940167256990443598244940851183633151460793444478089838382551661056203260498822096511016415649451610428051497463996723389837684289747164396
PIV 1 53 -26.821254846244145762689417366071850711574737908980151015966926497834200779387866522634402333983245753857318844370878733279494662400409390105372854867513196856199452800962972836728180181085286008090655
PIV 1 54 -26.162476032068981604846648586649266538342892870418170195919581840829759318941094207832031693628897021046327134735401296281228320791153950557256728825092356008815308113095376569058891879717301051724
PIV 1 55 -20.7623472866751300916579966753594147194973092674542127264163889972506221914231031369157440704624162511457626286815886021698955599256113634085746663923454704394129929067207403570281494721021644578
PIV 1 56 -18.8485316045394690746699669423927261830785490619946774169397633593537778508464000366032713677349710807516104550852851845376229017326620068021139884994226714818024264791609478907880798284765191
PIV 1 57 -10.2827441965079331440231735803393227082663582414398639632409818230369920798476862675614722751402369717348618011652981100332293582674206119888612335425755874499700243412531693505071801464208
PIV 1 58 -21.86338451591504390913479007672323934702438223515320133203543885992276259941887002712273050287316255487186485294844967752564058582811668640028213164516768402792811258111816365487370918265
PIV 1 59 -20.597889617112848481092579609080837614908953182213089654296994299654962707715738972500917198172007623490251838775774676020890625204893447743667751270915189564634760735948853738134877097
PIV 1 60 -18.016301243282219111642362522935338851725237187329784791534535550536270039163417156752805414762443293257012698964459987039687319404903986569086329632798062778954769079433840818683134
PIV 1 61 -11.080685247367647241631437992632199858929628592767113892793973371424474860976391902606260975791908641943811601907918955033537482720092707660982740680291179266336077584647658232678
PIV 1 62 -20.497118310177556052907695656039307931847351207467781961300495821009919237619133105156853010112012113126633125661832638435807422389573565715081838034028841115445281056751179776
PIV 1 63 -18.746536302798458166347192250326518133710453803508489507952759355821567442589363890921456494678169894850586747601613898504357255024168069039334827714921773796554125687785829
PIV 1 64 -16.876112562742021901549894662795097848271172570484044098531335875009574914717739631882448350198684662069797771341432471345303933712187413662750199782652954191251391956555
PIV 1 65 -17.5899242151679217415359822875113726415472379258603404723479084274108447344949597831473510135047413436232780749662537808927108611220489564278526588398580976451049525963
PIV 1 66 -15.1343698115120388408363281879211809815776223942853429191068374652959975733487932234185445294887546635567490944666013769285999217637486530225474631867807663647982466
PIV 1 67 -18.5535749516300227034397992965538601500987938744701426679771103724453171433628586640682438366226906845031388440165214955051424408292984648891219080515705151116868
PIV 1 68 -13.18186320105812489594115863618230195642738044194707558348582260565372200940936221534010220264030743112164191145549170483482454616742623203052358792112953941372
PIV 1 69 -13.81581070187808934111962654708292153377738287153245590000066322699211614030082303225973383306145373076160791341884427874858733485026941168702529481224654230
PIV 1 70 -16.07884310884873167716225377172012972556727003576431013257507643759762092282436630664275320485189121962149503685806115064765456862281101449297417332095777
PIV 1 71 -16.587218417257351717084138407141849382508351687638214425179113385243689201041429947104932359007084336243463899347859499573742294295548229767636920234287
PIV 1 72 -12.794939475228067880935643919851465247137292999032998333441262710011495155663142225964918524088158262762880299817537267331323894525236423244657773696
PIV 1 73 -14.7860858764755364282362919623898087930928886158376848228009003239218384892677007394618581903421808078791008536230654238448171240146227374560964120
PIV 1 74 -10.2443115894427350542289955215202071718710555289861972436297511451602328319049125751011417749965930165471137226938854147448221387738994605641299
PIV 1 75 -13.24190266024337138366173954409372934403636893950934155509512058416640763106417559597377608856726300673786881864593458344723343835866051843019
PIV 1 76 -14.369239162618498193493646431344698454608371270679119140706199858431369431176069407285312464474460507094880506357413626553100238575145945923
PIV 1 77 -9.238744185523626486544750289964153095799358987794055638781499149643234996125266550116215368504179935713267834226767556018637419623946568
PIV 1 78 -9.9452257726715459646735225340265048940979677482816252001548061656127963313423885082623073738730534025946755797765710708876054913533832
PIV 1 79 -11.9393149778560533170901063679103144114537526532869663700352242884585327746516516201512795851354576941143252433750274542558806620273
PIV 1 80 -12.2031068842504007124616696238873996454361659773257711155535707144626906622899477901652600465667170260978047331709538526730271737
PIV 1 81 -12.63986212330118210584727468074718870530922892613450329754185990872942856490118026438420606368725569408600392843958547933198417
PIV 1 82 -10.091011129992854143754764558287084736941680884875606283728972701646831520225164878556973484808668012551136951207698753285407
PIV 1 83 -10.290053863335294145909573264025378096893132148241640171276619038967498851278556704839830728578105098025818541745291978368
PIV 1 84 -10.5685808238927643964334762149633266900320938975574612944002004734182544141925160824943615408123327906026806287174457314
PIV 1 85 -13.08046401231827218415495526111644119204976248996562719519083342147940828524699979962361641590713384130450603140790038
PIV 1 86 -9.94711326814448465208923873409473239473559785953115499684662530891261834057719452141752739795132702021620744963033
PIV 1 87 -6.1789898361798387646437509410606908219241096894236581274682174734467657110254840480749465980661454826400680660673
PIV 1 88 -2.69601757688781813213753611196364029989727627366453455208461879298058225683850724422688079690192183992978868508
PIV 1 89 -8.427126207974249666828903663074108933054599299902448645819861552510416865039009296706614832010070068204195576
PIV 1 90 -6.1450886380306621575784597593271287957404109092986818445444822178183709902218110552796340345764366866481381
PIV 1 91 -6.009506036906653959552873259329666925574942981302681565175405630925234939504727473396719035343686417323276
PIV 1 92 -5.954827425842922772452828669548419030519297766769011457008581973245483694798079396442847328519695094009
PIV 1 93 -8.0468534690865923832330508677696071960294645552377307836093579116521283895561680696600609867425276504
PIV 1 94 -8.00392634108470247305452460001529922839545535240093502390630294527800007270661669469202504472869832
PIV 1 95 -4.2980651460938772721504029310074038270851111196524041652376687886172781121385608276712288583317977
PIV 1 96 -6.45498492478338726605998350135033815843167932832388827928247135964847491159584334961398091951328
PIV 1 97 -4.538191783149409047293349042065983462014062450006621295280765448336136464259325503345983032690
PIV 1 98 -6.6607773845477562381064295865669356739611650956810422819203251808632895571678966010391057499
PIV 1 99 -8.30520660719033248020714596363983480775098402473921958686949040127800748481714674701669268
PIV 1 100 -1.3204238562548240323557973383544811923588677836482051919887827425154764032666095118691944
PIV 1 101 -1.175675503671446219783606266987797773224513916585147440954066841793194703922165584666696
PIV 1 102 -5.11896829576582592473699352951939520105243145027573865072702961644302930058901097926444
PIV 1 103 -3.784671722961463963994533024001364482445306619911551795059409337470733374932929660625
PIV 1 104 -5.2495157138974302228315504206326524973838934096019694412617978667666917440292373164
PIV 1 105 -4.61961810025786262397214711552665520991395637215717637421421369051796451676222005
PIV 1 106 0.09588462918019545248121755184181702061465604115787556933129949442831781001464131
PIV 1 107 -2.0795503757761978864635234393648490168917717268037475843294825753496922846619856
PIV 1 108 -5.34520027846012536624353872039408168213130968177023243794430053159609993638190
PIV 1 109 -0.6617775328645633738359834539563785804166696032737357502621678233866504430259
PIV 1 110 -3.469622750005356853970666809647357198461673810562039001078102490029789733597
PIV 1 111 0.289118477680505203659272762839015669714826678206357037889583202628045271812
PIV 1 112 -2.88395247407580557155050148772733012549324774591687854541317848358663301809
PIV 1 113 -2.713378434533491563767883152424846990289090618734871711024429832709627569
PIV 1 114 -2.54357352839081337906453125233101940157213062598892998695965737862040922
PIV 1 115 0.28489008420213850727749728397953631812746473401097754537762897333299209
PIV 1 116 -3.998438078695564057405018185439509011149932816819238657462273715538443
PIV 1 117 0.8047414777649989949575864958225351433930236425487923502288457900766200
PIV 1 118 -0.797112332740337942332216308867798767447882351224476240226283913241767
PIV 1 119 -0.25373864415722109958702767476699427718148043358763659522781730552292
PIV 1 120 -0.08701004703656882439302209424019910229577245724220815697045476083132
PIV 1 121 -0.2272206110419636190320748089480219035876865160864170113855085261173
PIV 1 122 -2.231565040222410990755780088830837610420639059768998943898530243474
PIV 1 123 0.9951960140557090853520563672790616211207599064583583467911885008812
PIV 1 124 0.881523141795536579767574424650931688875053267170314398106351678622
PIV 1 125 0.037004628123974813231478809531047470430336129087179222114484832268
PIV 1 126 -1.61685935053747123045347949080247510985241609955155219164057473257
PIV 1 127 1.044160714151874527280686376870617475983277062911221603562710666748
PIV 1 128 0.89881713365723980903127345661956839344806826960012559213133677759
PIV 1 129 1.517810502319889933649236090073814789191139583664426705794432775493
PIV 1 130 -0.48530102638963655937724587216349444520638262982214960163991072975
PIV 1 131 -0.1793382574131616766345090292976516876058787055031584447275883225
PIV 1 132 1.23983905933436761235308577084042468429449950058482368130137375394
PIV 1 133 0.74376264407505311533727434657993499962983522493838150915968986463
PIV 1 134 1.24948437277264371525447324196475625859554583481487321706967423859
PIV 1 135 0.7261640490046819193946986509295402969978517387139577343182797692
PIV 1 136 0.2779203017922306123621653259268583727295376703765593871757560882
PIV 1 137 1.1330352530211546336103646268860293800647101246484095633668955623
PIV 1 138 1.55045992584804966889928416757023720227241311375501754087172944564
PIV 1 139 -0.7555892109434205186982153652665345112441399218287819844128473055
PIV 1 140 1.4265618048779120157222617913349486815868608737864813680034741170
PIV 1 141 1.21381288671973663965096525087522737825869620051852041597367158344
PIV 1 142 1.25966894697249560227658258298436403702488453872849037863810590702
PIV 1 143 1.13513662967739820767619023377973771611716983244977033853910812979
PIV 1 144 0.5615357012665528033648547436021733287266936946645051621716492658
PIV 1 145 1.1728835176246597096588110003190102306382330821648647095762476900
PIV 1 146 1.62803147186210929320784510121641823270595106465967856126674002453
PIV 1 147 0.2720457247890670338143867932487657286983552936117882206382224769
PIV 1 148 0.9778391892205270634482744197719213740405433534692616213918424464
PIV 1 149 1.0149054096814984937009970434047473807289411219816837564606009198
PIV 1 150 1.4249855123131175544518743965689167536061226908836158515416230572
PIV 1 151 1.2093791674995172827889351887709010646197309688521199904574020935
PIV 1 152 1.2644043431549375416301018876320317242643565515271728639497098292
PIV 1 153 -0.3200866294361108341808728872751941257137052002801010100267255311
PIV 1 154 1.60840399696238217747499727999047754417021896193851809688725083183
PIV 1 155 1.3537521374657631349982324135193892600530253018696772248048862753
PIV 1 156 1.36959152492851086566041929852797059041441977886342714502330328377
PIV 1 157 0.6610060643978106480265407579946870663829530171474720450611912130
PIV 1 158 1.5040813049223378885086090441980013221472342486583479023956173117
PIV 1 159 0.9551429161656000226901820830141753781514713093569892299266763774
PIV 1 160 1.4300719267607776273131525894896771444979928607713898174553709857
PIV 1 161 1.3749311443923137644940558770571517193360722562034180676564970455
PIV 1 162 0.5379043897918131301277699769941851797381861983370549713235035684
PIV 1 163 1.3367615463120620168409731100070217698660729771630823136752592646
PIV 1 164 1.2971197716223202600002357082651430057322848389348391885584431711
PIV 1 165 0.8182757777785616083189409341423433729406614788819697256395151215
PIV 1 166 0.708510368536293002656670571982091804494039692218246782349981560
PIV 1 167 1.019974490366757726671760366043450046096914317215870625206087895
PIV 1 168 1.3210263744534311890714512694073382542327465218712404719934926369
PIV 1 169 1.61274780096094694606019104191431606937231026230980703045102767187
PIV 1 170 0.606696709761606567147082911904655764496005583403349581743298871
PIV 1 171 1.1935265084115978060811319886203333951811393033674120683895211328
PIV 1 172 1.6478191053776561600979742046363515551254238637055781582561563152
PIV 1 173 0.9766746251334524704095671066683322778358199359565944348253835507
PIV 1 174 1.4192464518664189292006468259277441964986340654187783112302607491
PIV 1 175 1.3091535213872019899459977021278736606394581267884574951846100745
PIV 1 176 0.4709787347954517500593216634485834449399266386731979826381066279
PIV 1 177 1.7300302242136044319511991381600121667095316759778782332196363523
PIV 1 178 1.1930572690448838581778693417588203070451808555078103311849021706
PIV 1 179 1.3774569915137874254082514189097256636779294039101220880997072007
PIV 1 180 1.0510488368217161158901835261559671741583891328586307144223250257
PIV 1 181 1.3753979330013318159870167453836467374065995157222726266981739504
PIV 1 182 1.1790859756659761328697654729560062613758709390336994991341958633
PIV 1 183 1.73011885643790573894758882789700677633950819704477931857488387817
PIV 1 184 0.7826814767737685689049289363016151429997713434923280721995311514
PIV 1 185 0.918500479407168154217888323589276249464900953899560900027985207
PIV 1 186 0.9044752472013175310064184121129254865845850061151493576517671884
PIV 1 187 1.181160930749753903754270622792935380428194509254425281029834703
PIV 1 188 1.4045638427984572131132814712171168018034493500686084702356649726
PIV 1 189 1.3332329051968138757783183033122235947565903325047440173239506381
PIV 1 190 1.1084851429480311461570213649170562893840056440093197546702900866
PIV 1 191 1.5695537941106076929746755286861424549067508637752293178361316078
PIV 1 192 1.4417155013643234088416862769956888492156294763012732343189663133
PIV 1 193 1.3219955896002341478362219156268691805013668487834626781095818495
PIV 1 194 0.779097414502448092248160865811945346536584403730057992325000657
PIV 1 195 1.5783293353360691419758486957000523833033168221758806727207794262
PIV 1 196 0.9596130437962258603419633237250705600258690799675037548498255681
PIV 1 197 1.4020687283419996579721746120981322205454473096471133710302284895
PIV 1 198 0.9354732747848697499791448620630739383378521313312772638534722131
PIV 1 199 1.1181785538374258390679694898610266512800714956672109821683344830
G 0 0 0 0 0 0 0 0 0 0 0 0 0 0 0 0 0 0 0 0 0 0
G 1 0 0 0 0 0 0 0 0 0 0 0 0 0 0 0 0 0 0 0 0 0
G 2 0 0 0 0 0 0 0 0 0 0 0 0 0 0 0 0 0 0 0 0 0
G 3 0 0 0 0 0 0 0 0 0 0 0 0 0 0 0 0 0 0 0 0 0
G 4 0 0 0 0 0 0 0 0 0 0 0 0 0 0 0 0 0 0 0 0 0
G 5 0 0 0 0 0 0 0 0 0 0 0 0 0 0 0 0 0 0 0 0 0
G 6 0 0 0 0 0 0 0 0 0 0 0 0 0 0 0 0 0 0 0 0 0
G 7 0 0 0 0 0 0 0 0 0 0 0 0 0 0 0 0 0 0 0 0 0
G 8 0 0 0 0 0 0 0 0 0 0 0 0 0 0 0 0 0 0 0 0 0
G 9 0 0 0 0 0 0 0 0 0 0 0 0 0 0 0 0 0 0 0 0 0
G 10 0 0 0 0 0 0 0 0 0 0 0 0 0 0 0 0 0 0 0 0 0
G 11 0 0 0 0 0 0 0 0 0 0 0 0 0 0 0 0 0 0 0 0 0
G 12 0 0 0 0 0 0 0 0 0 0 0 0 0 0 0 0 0 0 0 0 0
G 13 0 0 0 0 0 0 0 0 0 0 0 0 0 0 0 0 0 0 0 0 0
G 14 0 0 0 0 0 0 0 0 0 0 0 0 0 0 0 0 0 0 0 0 0
G 15 0 0 0 0 0 0 0 0 0 0 0 0 0 0 0 0 0 0 0 0 0
G 16 0 0 0 0 0 0 0 0 0 0 0 0 0 0 0 0 0 0 0 0 0
G 17 0 0 0 0 0 0 0 0 0 0 0 0 0 0 0 0 0 0 0 0 0
G 18 0 0 0 0 0 0 0 0 0 0 0 0 0 0 0 0 0 0 0 0 0
G 19 0 0 0 0 0 0 0 0 0 0 0 0 0 0 0 0 0 0 0 0 0
G 20 0 0 0 0 0 0 0 0 0 0 0 0 0 0 0 0 0 0 0 0 0
G 21 0 0 0 0 0 0 0 0 0 0 0 0 0 0 0 0 0 0 0 0 0
G 22 0 0 0 0 0 0 0 0 0 0 0 0 0 0 0 0 0 0 0 0 0
G 23 0 0 0 0 0 0 0 0 0 0 0 0 0 0 0 0 0 0 0 0 0
G 24 0 0 0 0 0 0 0 0 0 0 0 0 0 0 0 0 0 0 0 0 0
G 25 0 0 0 0 0 0 0 0 0 0 0 0 0 0 0 0 0 0 0 0 0
G 26 0 0 0 0 0 0 0 0 0 0 0 0 0 0 0 0 0 0 0 0 0
G 27 0 0 0 0 0 0 0 0 0 0 0 0 0 0 0 0 0 0 0 0 0
G 28 0 0 0 0 0 0 0 0 0 0 0 0 0 0 0 0 0 0 0 0 0
G 29 0 0 0 0 0 0 0 0 0 0 0 0 0 0 0 0 0 0 0 0 0
G 30 0 0 0 0 0 0 0 0 0 0 0 0 0 0 0 0 0 0 0 0 0
G 31 0 0 0 0 0 0 0 0 0 0 0 0 0 0 0 0 0 0 0 0 0
G 32 0 0 0 0 0 0 0 0 0 0 0 0 0 0 0 0 0 0 0 0 0
G 33 0 0 0 0 0 0 0 0 0 0 0 0 0 0 0 0 0 0 0 0 0
G 34 0 0 0 0 0 0 0 0 0 0 0 0 0 0 0 0 0 0 0 0 0
G 35 0 0 0 0 0 0 0 0 0 0 0 0 0 0 0 0 0 0 0 0 0
G 36 0 0 0 0 0 0 0 0 0 0 0 0 0 0 0 0 0 0 0 0 0
G 37 0 0 0 0 0 0 0 0 0 0 0 0 0 0 0 0 0 0 0 0 0
G 38 0 0 0 0 0 0 0 0 0 0 0 0 0 0 0 0 0 0 0 0 0
G 39 0 0 0 0 0 0 0 0 0 0 0 0 0 0 0 0 0 0 0 0 0
G 40 0 0 0 0 0 0 0 0 0 0 0 0 0 0 0 0 0 0 0 0 0
G 41 0 0 0 0 0 0 0 0 0 0 0 0 0 0 0 0 0 0 0 0 0
G 42 0 0 0 0 0 0 0 0 0 0 0 0 0 0 0 0 0 0 0 0 0
G 43 0 0 0 0 0 0 0 0 0 0 0 0 0 0 0 0 0 0 0 0 0
G 44 0 0 0 0 0 0 0 0 0 0 0 0 0 0 0 0 0 0 0 0 0
G 45 0 0 0 0 0 0 0 0 0 0 0 0 0 0 0 0 0 0 0 0 0
G 46 0 0 0 0 0 0 0 0 0 0 0 0 0 0 0 0 0 0 0 0 0
G 47 0 0 0 0 0 0 0 0 0 0 0 0 0 0 0 0 0 0 0 0 0
G 48 0 0 0 0 0 0 0 0 0 0 0 0 0 0 0 0 0 0 0 0 0
G 49 0 0 0 0 0 0 0 0 0 0 0 0 0 0 0 0 0 0 0 0 0
G 50 0 0 0 0 0 0 0 0 0 0 0 0 0 0 0 0 0 0 0 0 0
G 51 0 0 0 0 0 0 0 0 0 0 0 0 0 0 0 0 0 0 0 0 0
G 52 0 0 0 0 0 0 0 0 0 0 0 0 0 0 0 0 0 0 0 0 0
G 53 0 0 0 0 0 0 0 0 0 0 0 0 0 0 0 0 0 0 0 0 0
G 54 0 0 0 0 0 0 0 0 0 0 0 0 0 0 0 0 0 0 0 0 0
G 55 0 0 0 0 0 0 0 0 0 0 0 0 0 0 0 0 0 0 0 0 0
G 56 0 0 0 0 0 0 0 0 0 0 0 0 0 0 0 0 0 0 0 0 0
G 57 0 0 0 0 0 0 0 0 0 0 0 0 0 0 0 0 0 0 0 0 0
G 58 0 0 0 0 0 0 0 0 0 0 0 0 0 0 0 0 0 0 0 0 0
G 59 0 0 0 0 0 0 0 0 0 0 0 0 0 0 0 0 0 0 0 0 0
G 60 0 0 0 0 0 0 0 0 0 0 0 0 0 0 0 0 0 0 0 0 0
G 61 0 0 0 0 0 0 0 0 0 0 0 0 0 0 0 0 0 0 0 0 0
G 62 0 0 0 0 0 0 0 0 0 0 0 0 0 0 0 0 0 0 0 0 0
G 63 0 0 0 0 0 0 0 0 0 0 0 0 0 0 0 0 0 0 0 0 0
G 64 0 0 0 0 0 0 0 0 0 0 0 0 0 0 0 0 0 0 0 0 0
G 65 0 0 0 0 0 0 0 0 0 0 0 0 0 0 0 0 0 0 0 0 0
G 66 0 0 0 0 0 0 0 0 0 0 0 0 0 0 0 0 0 0 0 0 0
G 67 0 0 0 0 0 0 0 0 0 0 0 0 0 0 0 0 0 0 0 0 0
G 68 0 0 0 0 0 0 0 0 0 0 0 0 0 0 0 0 0 0 0 0 0
G 69 0 0 0 0 0 0 0 0 0 0 0 0 0 0 0 0 0 0 0 0 0
G 70 0 0 0 0 0 0 0 0 0 0 0 0 0 0 0 0 0 0 0 0 0
G 71 0 0 0 0 0 0 0 0 0 0 0 0 0 0 0 0 0 0 0 0 0
G 72 0 0 0 0 0 0 0 0 0 0 0 0 0 0 0 0 0 0 0 0 0
G 73 0 0 0 0 0 0 0 0 0 0 0 0 0 0 0 0 0 0 0 0 0
G 74 0 0 0 0 0 0 0 0 0 0 0 0 0 0 0 0 0 0 0 0 0
G 75 0 0 0 0 0 0 0 0 0 0 0 0 0 0 0 0 0 0 0 0 0
G 76 0 0 0 0 0 0 0 0 0 0 0 0 0 0 0 0 0 0 0 0 0
G 77 0 0 0 0 0 0 0 0 0 0 0 0 0 0 0 0 0 0 0 0 0
G 78 0 0 0 0 0 0 0 0 0 0 0 0 0 0 0 0 0 0 0 0 0
G 79 0 0 0 0 0 0 0 0 0 0 0 0 0 0 0 0 0 0 0 0 0
G 80 0 0 0 0 0 0 0 0 0 0 0 0 0 0 0 0 0 0 0 0 0
G 81 0 0 0 0 0 0 0 0 0 0 0 0 0 0 0 0 0 0 0 0 0
G 82 0 0 0 0 0 0 0 0 0 0 0 0 0 0 0 0 0 0 0 0 0
G 83 0 0 0 0 0 0 0 0 0 0 0 0 0 0 0 0 0 0 0 0 0
G 84 0 0 0 0 0 0 0 0 0 0 0 0 0 0 0 0 0 0 0 0 0
G 85 0 0 0 0 0 0 0 0 0 0 0 0 0 0 0 0 0 0 0 0 0
G 86 0 0 0 0 0 0 0 0 0 0 0 0 0 0 0 0 0 0 0 0 0
G 87 0 0 0 0 0 0 0 0 0 0 0 0 0 0 0 0 0 0 0 0 0
G 88 0 0 0 0 0 0 0 0 0 0 0 0 0 0 0 0 0 0 0 0 0
G 89 0 0 0 0 0 0 0 0 0 0 0 0 0 0 0 0 0 0 0 0 0
G 90 0 0 0 0 0 0 0 0 0 0 0 0 0 0 0 0 0 0 0 0 0
G 91 0 0 0 0 0 0 0 0 0 0 0 0 0 0 0 0 0 0 0 0 0
G 92 0 0 0 0 0 0 0 0 0 0 0 0 0 0 0 0 0 0 0 0 0
G 93 0 0 0 0 0 0 0 0 0 0 0 0 0 0 0 0 0 0 0 0 0
G 94 0 0 0 0 0 0 0 0 0 0 0 0 0 0 0 0 0 0 0 0 0
G 95 0 0 0 0 0 0 0 0 0 0 0 0 0 0 0 0 0 0 0 0 0
G 96 0 0 0 0 0 0 0 0 0 0 0 0 0 0 0 0 0 0 0 0 0
G 97 0 0 0 0 0 0 0 0 0 0 0 0 0 0 0 0 0 0 0 0 0
G 98 0 0 0 0 0 0 0 0 0 0 0 0 0 0 0 0 0 0 0 0 0
G 99 0 0 0 0 0 0 0 0 0 0 0 0 0 0 0 0 0 0 0 0 0
G 100 0 0 0 0 0 0 0 0 0 0 0 0 0 0 0 0 0 0 0 0 0
G 101 0 0 0 0 0 0 0 0 0 0 0 0 0 0 0 0 0 0 0 0 0
G 102 0 0 0 0 0 0 0 0 0 0 0 0 0 0 0 0 0 0 0 0 0
G 103 0 0 0 0 0 0 0 0 0 0 0 0 0 0 0 0 0 0 0 0 0
G 104 0 0 0 0 0 0 0 0 0 0 0 0 0 0 0 0 0 0 0 0 0
G 105 0 0 0 0 0 0 0 0 0 0 0 0 0 0 0 0 0 0 0 0 0
G 106 0 0 0 0 0 0 0 0 0 0 0 0 0 0 0 0 0 0 0 0 0
G 107 0 0 0 0 0 0 0 0 0 0 0 0 0 0 0 0 0 0 0 0 0
G 108 0 0 0 0 0 0 0 0 0 0 0 0 0 0 0 0 0 0 0 0 0
G 109 0 0 0 0 0 0 0 0 0 0 0 0 0 0 0 0 0 0 0 0 0
G 110 0 0 0 0 0 0 0 0 0 0 0 0 0 0 0 0 0 0 0 0 0
G 111 0 0 0 0 0 0 0 0 0 0 0 0 0 0 0 0 0 0 0 0 0
G 112 0 0 0 0 0 0 0 0 0 0 0 0 0 0 0 0 0 0 0 0 0
G 113 0 0 0 0 0 0 0 0 0 0 0 0 0 0 0 0 0 0 0 0 0
G 114 0 0 0 0 0 0 0 0 0 0 0 0 0 0 0 0 0 0 0 0 0
G 115 0 0 0 0 0 0 0 0 0 0 0 0 0 0 0 0 0 0 0 0 0
G 116 0 0 0 0 0 0 0 0 0 0 0 0 0 0 0 0 0 0 0 0 0
G 117 0 0 0 0 0 0 0 0 0 0 0 0 0 0 0 0 0 0 0 0 0
G 118 0 0 0 0 0 0 0 0 0 0 0 0 0 0 0 0 0 0 0 0 0
G 119 0 0 0 0 0 0 0 0 0 0 0 0 0 0 0 0 0 0 0 0 0
G 120 0 0 0 0 0 0 0 0 0 0 0 0 0 0 0 0 0 0 0 0 0
G 121 0 0 0 0 0 0 0 0 0 0 0 0 0 0 0 0 0 0 0 0 0
G 122 0 0 0 0 0 0 0 0 0 0 0 0 0 0 0 0 0 0 0 0 0
G 123 0 0 0 0 0 0 0 0 0 0 0 0 0 0 0 0 0 0 0 0 0
G 124 0 0 0 0 0 0 0 0 0 0 0 0 0 0 0 0 0 0 0 0 0
G 125 0 0 0 0 0 0 0 0 0 0 0 0 0 0 0 0 0 0 0 0 0
G 126 0 0 0 0 0 0 0 0 0 0 0 0 0 0 0 0 0 0 0 0 0
G 127 0 0 0 0 0 0 0 0 0 0 0 0 0 0 0 0 0 0 0 0 0
G 128 0 0 0 0 0 0 0 0 0 0 0 0 0 0 0 0 0 0 0 0 0
G 129 0 0 0 0 0 0 0 0 0 0 0 0 0 0 0 0 0 0 0 0 0
G 130 0 0 0 0 0 0 0 0 0 0 0 0 0 0 0 0 0 0 0 0 0
G 131 0 0 0 0 0 0 0 0 0 0 0 0 0 0 0 0 0 0 0 0 0
G 132 0 0 0 0 0 0 0 0 0 0 0 0 0 0 0 0 0 0 0 0 0
G 133 0 0 0 0 0 0 0 0 0 0 0 0 0 0 0 0 0 0 0 0 0
G 134 0 0 0 0 0 0 0 0 0 0 0 0 0 0 0 0 0 0 0 0 0
G 135 0 0 0 0 0 0 0 0 0 0 0 0 0 0 0 0 0 0 0 0 0
G 136 0 0 0 0 0 0 0 0 0 0 0 0 0 0 0 0 0 0 0 0 0
G 137 0 0 0 0 0 0 0 0 0 0 0 0 0 0 0 0 0 0 0 0 0
G 138 0 0 0 0 0 0 0 0 0 0 0 0 0 0 0 0 0 0 0 0 0
G 139 0 0 0 0 0 0 0 0 0 0 0 0 0 0 0 0 0 0 0 0 0
G 140 0 0 0 0 0 0 0 0 0 0 0 0 0 0 0 0 0 0 0 0 0
G 141 0 0 0 0 0 0 0 0 0 0 0 0 0 0 0 0 0 0 0 0 0
G 142 0 0 0 0 0 0 0 0 0 0 0 0 0 0 0 0 0 0 0 0 0
G 143 0 0 0 0 0 0 0 0 0 0 0 0 0 0 0 0 0 0 0 0 0
G 144 0 0 0 0 0 0 0 0 0 0 0 0 0 0 0 0 0 0 0 0 0
G 145 0 0 0 0 0 0 0 0 0 0 0 0 0 0 0 0 0 0 0 0 0
G 146 0 0 0 0 0 0 0 0 0 0 0 0 0 0 0 0 0 0 0 0 0
G 147 0 0 0 0 0 0 0 0 0 0 0 0 0 0 0 0 0 0 0 0 0
G 148 0 0 0 0 0 0 0 0 0 0 0 0 0 0 0 0 0 0 0 0 0
G 149 0 0 0 0 0 0 0 0 0 0 0 0 0 0 0 0 0 0 0 0 0
G 150 0 0 0 0 0 0 0 0 0 0 0 0 0 0 0 0 0 0 0 0 0
G 151 0 0 0 0 0 0 0 0 0 0 0 0 0 0 0 0 0 0 0 0 0
G 152 0 0 0 0 0 0 0 0 0 0 0 0 0 0 0 0 0 0 0 0 0
G 153 0 0 0 0 0 0 0 0 0 0 0 0 0 0 0 0 0 0 0 0 0
G 154 0 0 0 0 0 0 0 0 0 0 0 0 0 0 0 0 0 0 0 0 0
G 155 0 0 0 0 0 0 0 0 0 0 0 0 0 0 0 0 0 0 0 0 0
G 156 0 0 0 0 0 0 0 0 0 0 0 0 0 0 0 0 0 0 0 0 0
G 157 0 0 0 0 0 0 0 0 0 0 0 0 0 0 0 0 0 0 0 0 0
G 158 0 0 0 0 0 0 0 0 0 0 0 0 0 0 0 0 0 0 0 0 0
G 159 0 0 0 0 0 0 0 0 0 0 0 0 0 0 0 0 0 0 0 0 0
G 160 0 0 0 0 0 0 0 0 0 0 0 0 0 0 0 0 0 0 0 0 0
G 161 0 0 0 0 0 0 0 0 0 0 0 0 0 0 0 0 0 0 0 0 0
G 162 0 0 0 0 0 0 0 0 0 0 0 0 0 0 0 0 0 0 0 0 0
G 163 0 0 0 0 0 0 0 0 0 0 0 0 0 0 0 0 0 0 0 0 0
G 164 0 0 0 0 0 0 0 0 0 0 0 0 0 0 0 0 0 0 0 0 0
G 165 0 0 0 0 0 0 0 0 0 0 0 0 0 0 0 0 0 0 0 0 0
G 166 0 0 0 0 0 0 0 0 0 0 0 0 0 0 0 0 0 0 0 0 0
G 167 0 0 0 0 0 0 0 0 0 0 0 0 0 0 0 0 0 0 0 0 0
G 168 0 0 0 0 0 0 0 0 0 0 0 0 0 0 0 0 0 0 0 0 0
G 169 0 0 0 0 0 0 0 0 0 0 0 0 0 0 0 0 0 0 0 0 0
G 170 0 0 0 0 0 0 0 0 0 0 0 0 0 0 0 0 0 0 0 0 0
G 171 0 0 0 0 0 0 0 0 0 0 0 0 0 0 0 0 0 0 0 0 0
G 172 0 0 0 0 0 0 0 0 0 0 0 0 0 0 0 0 0 0 0 0 0
G 173 0 0 0 0 0 0 0 0 0 0 0 0 0 0 0 0 0 0 0 0 0
G 174 0 0 0 0 0 0 0 0 0 0 0 0 0 0 0 0 0 0 0 0 0
G 175 0 0 0 0 0 0 0 0 0 0 0 0 0 0 0 0 0 0 0 0 0
G 176 0 0 0 0 0 0 0 0 0 0 0 0 0 0 0 0 0 0 0 0 0
G 177 0 0 0 0 0 0 0 0 0 0 0 0 0 0 0 0 0 0 0 0 0
G 178 0 0 0 0 0 0 0 0 0 0 0 0 0 0 0 0 0 0 0 0 0
G 179 0 0 0 0 0 0 0 0 0 0 0 0 0 0 0 0 0 0 0 0 0
G 180 0 0 0 0 0 0 0 0 0 0 0 0 0 0 0 0 0 0 0 0 0
G 181 0 0 0 0 0 0 0 0 0 0 0 0 0 0 0 0 0 0 0 0 0
G 182 0 0 0 0 0 0 0 0 0 0 0 0 0 0 0 0 0 0 0 0 0
G 183 0 0 0 0 0 0 0 0 0 0 0 0 0 0 0 0 0 0 0 0 0
G 184 0 0 0 0 0 0 0 0 0 0 0 0 0 0 0 0 0 0 0 0 0
G 185 0 0 0 0 0 0 0 0 0 0 0 0 0 0 0 0 0 0 0 0 0
G 186 0 0 0 0 0 0 0 0 0 0 0 0 0 0 0 0 0 0 0 0 0
G 187 0 0 0 0 0 0 0 0 0 0 0 0 0 0 0 0 0 0 0 0 0
G 188 0 0 0 0 0 0 0 0 0 0 0 0 0 0 0 0 0 0 0 0 0
G 189 0 0 0 0 0 0 0 0 0 0 0 0 0 0 0 0 0 0 0 0 0
G 190 0 0 0 0 0 0 0 0 0 0 0 0 0 0 0 0 0 0 0 0 0
G 191 0 0 0 0 0 0 0 0 0 0 0 0 0 0 0 0 0 0 0 0 0
G 192 0 0 0 0 0 0 0 0 0 0 0 0 0 0 0 0 0 0 0 0 0
G 193 0 0 0 0 0 0 0 0 0 0 0 0 0 0 0 0 0 0 0 0 0
G 194 0 0 0 0 0 0 0 0 0 0 0 0 0 0 0 0 0 0 0 0 0
G 195 0 0 0 0 0 0 0 0 0 0 0 0 0 0 0 0 0 0 0 0 0
G 196 0 0 0 0 0 0 0 0 0 0 0 0 0 0 0 0 0 0 0 0 0
G 197 0 0 0 0 0 0 0 0 0 0 0 0 0 0 0 0 0 0 0 0 0
G 198 0 0 0 0 0 0 0 0 0 0 0 0 0 0 0 0 0 0 0 0 0
G 199 0 0 0 0 0 0 0 0 0 0 0 0 0 0 0 0 0 0 0 0 0
G 200 0 0 0 0 0 0 0 0 0 0 0 0 0 0 0 0 0 0 0 0 0
G 201 0 0 0 0 0 0 0 0 0 0 0 0 0 0 0 0 0 0 0 0 0
G 202 0 0 0 0 0 0 0 0 0 0 0 0 0 0 0 0 0 0 0 0 0
G 203 0 0 0 0 0 0 0 0 0 0 0 0 0 0 0 0 0 0 0 0 0
G 204 0 0 0 0 0 0 0 0 0 0 0 0 0 0 0 0 0 0 0 0 0
G 205 0 0 0 0 0 0 0 0 0 0 0 0 0 0 0 0 0 0 0 0 0
G 206 0 0 0 0 0 0 0 0 0 0 0 0 0 0 0 0 0 0 0 0 0
G 207 0 0 0 0 0 0 0 0 0 0 0 0 0 0 0 0 0 0 0 0 0
G 208 0 0 0 0 0 0 0 0 0 0 0 0 0 0 0 0 0 0 0 0 0
G 209 0 0 0 0 0 0 0 0 0 0 0 0 0 0 0 0 0 0 0 0 0
G 210 0 0 0 0 0 0 0 0 0 0 0 0 0 0 0 0 0 0 0 0 0
G 211 0 0 0 0 0 0 0 0 0 0 0 0 0 0 0 0 0 0 0 0 0
G 212 0 0 0 0 0 0 0 0 0 0 0 0 0 0 0 0 0 0 0 0 0
G 213 0 0 0 0 0 0 0 0 0 0 0 0 0 0 0 0 0 0 0 0 0
G 214 0 0 0 0 0 0 0 0 0 0 0 0 0 0 0 0 0 0 0 0 0
G 215 0 0 0 0 0 0 0 0 0 0 0 0 0 0 0 0 0 0 0 0 0
G 216 0 0 0 0 0 0 0 0 0 0 0 0 0 0 0 0 0 0 0 0 0
G 217 0 0 0 0 0 0 0 0 0 0 0 0 0 0 0 0 0 0 0 0 0
G 218 0 0 0 0 0 0 0 0 0 0 0 0 0 0 0 0 0 0 0 0 0
G 219 0 0 0 0 0 0 0 0 0 0 0 0 0 0 0 0 0 0 0 0 0
G 220 0 0 0 0 0 0 0 0 0 0 0 0 0 0 0 0 0 0 0 0 0
G 221 0 0 0 0 0 0 0 0 0 0 0 0 0 0 0 0 0 0 0 0 0
G 222 0 0 0 0 0 0 0 0 0 0 0 0 0 0 0 0 0 0 0 0 0
G 223 0 0 0 0 0 0 0 0 0 0 0 0 0 0 0 0 0 0 0 0 0
G 224 0 0 0 0 0 0 0 0 0 0 0 0 0 0 0 0 0 0 0 0 0
G 225 0 0 0 0 0 0 0 0 0 0 0 0 0 0 0 0 0 0 0 0 0
G 226 0 0 0 0 0 0 0 0 0 0 0 0 0 0 0 0 0 0 0 0 0
G 227 0 0 0 0 0 0 0 0 0 0 0 0 0 0 0 0 0 0 0 0 0
G 228 0 0 0 0 0 0 0 0 0 0 0 0 0 0 0 0 0 0 0 0 0
G 229 0 0 0 0 0 0 0 0 0 0 0 0 0 0 0 0 0 0 0 0 0
G 230 0 0 0 0 0 0 0 0 0 0 0 0 0 0 0 0 0 0 0 0 0
G 231 0 0 0 0 0 0 0 0 0 0 0 0 0 0 0 0 0 0 0 0 0
G 232 0 0 0 0 0 0 0 0 0 0 0 0 0 0 0 0 0 0 0 0 0
G 233 0 0 0 0 0 0 0 0 0 0 0 0 0 0 0 0 0 0 0 0 0
G 234 0 0 0 0 0 0 0 0 0 0 0 0 0 0 0 0 0 0 0 0 0
G 235 0 0 0 0 0 0 0 0 0 0 0 0 0 0 0 0 0 0 0 0 0
G 236 0 0 0 0 0 0 0 0 0 0 0 0 0 0 0 0 0 0 0 0 0
G 237 0 0 0 0 0 0 0 0 0 0 0 0 0 0 0 0 0 0 0 0 0
G 238 0 0 0 0 0 0 0 0 0 0 0 0 0 0 0 0 0 0 0 0 0
G 239 0 0 0 0 0 0 0 0 0 0 0 0 0 0 0 0 0 0 0 0 0
G 240 0 0 0 0 0 0 0 0 0 0 0 0 0 0 0 0 0 0 0 0 0
G 241 0 0 0 0 0 0 0 0 0 0 0 0 0 0 0 0 0 0 0 0 0
G 242 0 0 0 0 0 0 0 0 0 0 0 0 0 0 0 0 0 0 0 0 0
G 243 0 0 0 0 0 0 0 0 0 0 0 0 0 0 0 0 0 0 0 0 0
G 244 0 0 0 0 0 0 0 0 0 0 0 0 0 0 0 0 0 0 0 0 0
G 245 0 0 0 0 0 0 0 0 0 0 0 0 0 0 0 0 0 0 0 0 0
G 246 0 0 0 0 0 0 0 0 0 0 0 0 0 0 0 0 0 0 0 0 0
G 247 0 0 0 0 0 0 0 0 0 0 0 0 0 0 0 0 0 0 0 0 0
G 248 0 0 0 0 0 0 0 0 0 0 0 0 0 0 0 0 0 0 0 0 0
G 249 0 0 0 0 0 0 0 0 0 0 0 0 0 0 0 0 0 0 0 0 0
G 250 0 0 0 0 0 0 0 0 0 0 0 0 0 0 0 0 0 0 0 0 0
G 251 0 0 0 0 0 0 0 0 0 0 0 0 0 0 0 0 0 0 0 0 0
G 252 0 0 0 0 0 0 0 0 0 0 0 0 0 0 0 0 0 0 0 0 0
G 253 0 0 0 0 0 0 0 0 0 0 0 0 0 0 0 0 0 0 0 0 0
G 254 0 0 0 0 0 0 0 0 0 0 0 0 0 0 0 0 0 0 0 0 0
G 255 0 0 0 0 0 0 0 0 0 0 0 0 0 0 0 0 0 0 0 0 0
G 256 0 0 0 0 0 0 0 0 0 0 0 0 0 0 0 0 0 0 0 0 0
G 257 0 0 0 0 0 0 0 0 0 0 0 0 0 0 0 0 0 0 0 0 0
G 258 0 0 0 0 0 0 0 0 0 0 0 0 0 0 0 0 0 0 0 0 0
G 259 0 0 0 0 0 0 0 0 0 0 0 0 0 0 0 0 0 0 0 0 0
G 260 0 0 0 0 0 0 0 0 0 0 0 0 0 0 0 0 0 0 0 0 0
G 261 0 0 0 0 0 0 0 0 0 0 0 0 0 0 0 0 0 0 0 0 0
G 262 0 0 0 0 0 0 0 0 0 0 0 0 0 0 0 0 0 0 0 0 0
G 263 0 0 0 0 0 0 0 0 0 0 0 0 0 0 0 0 0 0 0 0 0
G 264 0 0 0 0 0 0 0 0 0 0 0 0 0 0 0 0 0 0 0 0 0
G 265 0 0 0 0 0 0 0 0 0 0 0 0 0 0 0 0 0 0 0 0 0
G 266 0 0 0 0 0 0 0 0 0 0 0 0 0 0 0 0 0 0 0 0 0
G 267 0 0 0 0 0 0 0 0 0 0 0 0 0 0 0 0 0 0 0 0 0
G 268 0 0 0 0 0 0 0 0 0 0 0 0 0 0 0 0 0 0 0 0 0
G 269 0 0 0 0 0 0 0 0 0 0 0 0 0 0 0 0 0 0 0 0 0
G 270 0 0 0 0 0 0 0 0 0 0 0 0 0 0 0 0 0 0 0 0 0
G 271 0 0 0 0 0 0 0 0 0 0 0 0 0 0 0 0 0 0 0 0 0
G 272 0 0 0 0 0 0 0 0 0 0 0 0 0 0 0 0 0 0 0 0 0
G 273 0 0 0 0 0 0 0 0 0 0 0 0 0 0 0 0 0 0 0 0 0
G 274 0 0 0 0 0 0 0 0 0 0 0 0 0 0 0 0 0 0 0 0 0
G 275 0 0 0 0 0 0 0 0 0 0 0 0 0 0 0 0 0 0 0 0 0
G 276 0 0 0 0 0 0 0 0 0 0 0 0 0 0 0 0 0 0 0 0 0
G 277 0 0 0 0 0 0 0 0 0 0 0 0 0 0 0 0 0 0 0 0 0
G 278 0 0 0 0 0 0 0 0 0 0 0 0 0 0 0 0 0 0 0 0 0
G 279 0 0 0 0 0 0 0 0 0 0 0 0 0 0 0 0 0 0 0 0 0
G 280 0 0 0 0 0 0 0 0 0 0 0 0 0 0 0 0 0 0 0 0 0
G 281 0 0 0 0 0 0 0 0 0 0 0 0 0 0 0 0 0 0 0 0 0
G 282 0 0 0 0 0 0 0 0 0 0 0 0 0 0 0 0 0 0 0 0 0
G 283 0 0 0 0 0 0 0 0 0 0 0 0 0 0 0 0 0 0 0 0 0
G 284 0 0 0 0 0 0 0 0 0 0 0 0 0 0 0 0 0 0 0 0 0
G 285 0 0 0 0 0 0 0 0 0 0 0 0 0 0 0 0 0 0 0 0 0
G 286 0 0 0 0 0 0 0 0 0 0 0 0 0 0 0 0 0 0 0 0 0
G 287 0 0 0 0 0 0 0 0 0 0 0 0 0 0 0 0 0 0 0 0 0
G 288 0 0 0 0 0 0 0 0 0 0 0 0 0 0 0 0 0 0 0 0 0
G 289 0 0 0 0 0 0 0 0 0 0 0 0 0 0 0 0 0 0 0 0 0
G 290 0 0 0 0 0 0 0 0 0 0 0 0 0 0 0 0 0 0 0 0 0
G 291 0 0 0 0 0 0 0 0 0 0 0 0 0 0 0 0 0 0 0 0 0
G 292 0 0 0 0 0 0 0 0 0 0 0 0 0 0 0 0 0 0 0 0 0
G 293 0 0 0 0 0 0 0 0 0 0 0 0 0 0 0 0 0 0 0 0 0
G 294 0 0 0 0 0 0 0 0 0 0 0 0 0 0 0 0 0 0 0 0 0
G 295 0 0 0 0 0 0 0 0 0 0 0 0 0 0 0 0 0 0 0 0 0
G 296 0 0 0 0 0 0 0 0 0 0 0 0 0 0 0 0 0 0 0 0 0
G 297 0 0 0 0 0 0 0 0 0 0 0 0 0 0 0 0 0 0 0 0 0
G 298 0 0 0 0 0 0 0 0 0 0 0 0 0 0 0 0 0 0 0 0 0
G 299 0 0 0 0 0 0 0 0 0 0 0 0 0 0 0 0 0 0 0 0 0
G 300 0 0 0 0 0 0 0 0 0 0 0 0 0 0 0 0 0 0 0 0 0
G 301 0 0 0 0 0 0 0 0 0 0 0 0 0 0 0 0 0 0 0 0 0
G 302 0 0 0 0 0 0 0 0 0 0 0 0 0 0 0 0 0 0 0 0 0
G 303 0 0 0 0 0 0 0 0 0 0 0 0 0 0 0 0 0 0 0 0 0
G 304 0 0 0 0 0 0 0 0 0 0 0 0 0 0 0 0 0 0 0 0 0
G 305 0 0 0 0 0 0 0 0 0 0 0 0 0 0 0 0 0 0 0 0 0
G 306 0 0 0 0 0 0 0 0 0 0 0 0 0 0 0 0 0 0 0 0 0
G 307 0 0 0 0 0 0 0 0 0 0 0 0 0 0 0 0 0 0 0 0 0
G 308 0 0 0 0 0 0 0 0 0 0 0 0 0 0 0 0 0 0 0 0 0
G 309 0 0 0 0 0 0 0 0 0 0 0 0 0 0 0 0 0 0 0 0 0
G 310 0 0 0 0 0 0 0 0 0 0 0 0 0 0 0 0 0 0 0 0 0
G 311 0 0 0 0 0 0 0 0 0 0 0 0 0 0 0 0 0 0 0 0 0
G 312 0 0 0 0 0 0 0 0 0 0 0 0 0 0 0 0 0 0 0 0 0
G 313 0 0 0 0 0 0 0 0 0 0 0 0 0 0 0 0 0 0 0 0 0
G 314 0 0 0 0 0 0 0 0 0 0 0 0 0 0 0 0 0 0 0 0 0
G 315 0 0 0 0 0 0 0 0 0 0 0 0 0 0 0 0 0 0 0 0 0
G 316 0 0 0 0 0 0 0 0 0 0 0 0 0 0 0 0 0 0 0 0 0
G 317 0 0 0 0 0 0 0 0 0 0 0 0 0 0 0 0 0 0 0 0 0
G 318 0 0 0 0 0 0 0 0 0 0 0 0 0 0 0 0 0 0 0 0 0
G 319 0 0 0 0 0 0 0 0 0 0 0 0 0 0 0 0 0 0 0 0 0
G 320 0 0 0 0 0 0 0 0 0 0 0 0 0 0 0 0 0 0 0 0 0
G 321 0 0 0 0 0 0 0 0 0 0 0 0 0 0 0 0 0 0 0 0 0
G 322 0 0 0 0 0 0 0 0 0 0 0 0 0 0 0 0 0 0 0 0 0
G 323 0 0 0 0 0 0 0 0 0 0 0 0 0 0 0 0 0 0 0 0 0
G 324 0 0 0 0 0 0 0 0 0 0 0 0 0 0 0 0 0 0 0 0 0
G 325 0 0 0 0 0 0 0 0 0 0 0 0 0 0 0 0 0 0 0 0 0
G 326 0 0 0 0 0 0 0 0 0 0 0 0 0 0 0 0 0 0 0 0 0
G 327 0 0 0 0 0 0 0 0 0 0 0 0 0 0 0 0 0 0 0 0 0
G 328 0 0 0 0 0 0 0 0 0 0 0 0 0 0 0 0 0 0 0 0 0
G 329 0 0 0 0 0 0 0 0 0 0 0 0 0 0 0 0 0 0 0 0 0
G 330 0 0 0 0 0 0 0 0 0 0 0 0 0 0 0 0 0 0 0 0 0
G 331 0 0 0 0 0 0 0 0 0 0 0 0 0 0 0 0 0 0 0 0 0
G 332 0 0 0 0 0 0 0 0 0 0 0 0 0 0 0 0 0 0 0 0 0
G 333 0 0 0 0 0 0 0 0 0 0 0 0 0 0 0 0 0 0 0 0 0
G 334 0 0 0 0 0 0 0 0 0 0 0 0 0 0 0 0 0 0 0 0 0
G 335 0 0 0 0 0 0 0 0 0 0 0 0 0 0 0 0 0 0 0 0 0
G 336 0 0 0 0 0 0 0 0 0 0 0 0 0 0 0 0 0 0 0 0 0
G 337 0 0 0 0 0 0 0 0 0 0 0 0 0 0 0 0 0 0 0 0 0
G 338 0 0 0 0 0 0 0 0 0 0 0 0 0 0 0 0 0 0 0 0 0
G 339 0 0 0 0 0 0 0 0 0 0 0 0 0 0 0 0 0 0 0 0 0
G 340 0 0 0 0 0 0 0 0 0 0 0 0 0 0 0 0 0 0 0 0 0
G 341 0 0 0 0 0 0 0 0 0 0 0 0 0 0 0 0 0 0 0 0 0
G 342 0 0 0 0 0 0 0 0 0 0 0 0 0 0 0 0 0 0 0 0 0
G 343 0 0 0 0 0 0 0 0 0 0 0 0 0 0 0 0 0 0 0 0 0
G 344 0 0 0 0 0 0 0 0 0 0 0 0 0 0 0 0 0 0 0 0 0
G 345 0 0 0 0 0 0 0 0 0 0 0 0 0 0 0 0 0 0 0 0 0
G 346 0 0 0 0 0 0 0 0 0 0 0 0 0 0 0 0 0 0 0 0 0
G 347 0 0 0 0 0 0 0 0 0 0 0 0 0 0 0 0 0 0 0 0 0
G 348 0 0 0 0 0 0 0 0 0 0 0 0 0 0 0 0 0 0 0 0 0
G 349 0 0 0 0 0 0 0 0 0 0 0 0 0 0 0 0 0 0 0 0 0
G 350 0 0 0 0 0 0 0 0 0 0 0 0 0 0 0 0 0 0 0 0 0
G 351 0 0 0 0 0 0 0 0 0 0 0 0 0 0 0 0 0 0 0 0 0
G 352 0 0 0 0 0 0 0 0 0 0 0 0 0 0 0 0 0 0 0 0 0
G 353 0 0 0 0 0 0 0 0 0 0 0 0 0 0 0 0 0 0 0 0 0
G 354 0 0 0 0 0 0 0 0 0 0 0 0 0 0 0 0 0 0 0 0 0
G 355 0 0 0 0 0 0 0 0 0 0 0 0 0 0 0 0 0 0 0 0 0
G 356 0 0 0 0 0 0 0 0 0 0 0 0 0 0 0 0 0 0 0 0 0
G 357 0 0 0 0 0 0 0 0 0 0 0 0 0 0 0 0 0 0 0 0 0
G 358 0 0 0 0 0 0 0 0 0 0 0 0 0 0 0 0 0 0 0 0 0
G 359 0 0 0 0 0 0 0 0 0 0 0 0 0 0 0 0 0 0 0 0 0
G 360 0 0 0 0 0 0 0 0 0 0 0 0 0 0 0 0 0 0 0 0 0
G 361 0 0 0 0 0 0 0 0 0 0 0 0 0 0 0 0 0 0 0 0 0
G 362 0 0 0 0 0 0 0 0 0 0 0 0 0 0 0 0 0 0 0 0 0
G 363 0 0 0 0 0 0 0 0 0 0 0 0 0 0 0 0 0 0 0 0 0
G 364 0 0 0 0 0 0 0 0 0 0 0 0 0 0 0 0 0 0 0 0 0
G 365 0 0 0 0 0 0 0 0 0 0 0 0 0 0 0 0 0 0 0 0 0
G 366 0 0 0 0 0 0 0 0 0 0 0 0 0 0 0 0 0 0 0 0 0
G 367 0 0 0 0 0 0 0 0 0 0 0 0 0 0 0 0 0 0 0 0 0
G 368 0 0 0 0 0 0 0 0 0 0 0 0 0 0 0 0 0 0 0 0 0
G 369 0 0 0 0 0 0 0 0 0 0 0 0 0 0 0 0 0 0 0 0 0
G 370 0 0 0 0 0 0 0 0 0 0 0 0 0 0 0 0 0 0 0 0 0
G 371 0 0 0 0 0 0 0 0 0 0 0 0 0 0 0 0 0 0 0 0 0
G 372 0 0 0 0 0 0 0 0 0 0 0 0 0 0 0 0 0 0 0 0 0
G 373 0 0 0 0 0 0 0 0 0 0 0 0 0 0 0 0 0 0 0 0 0
G 374 0 0 0 0 0 0 0 0 0 0 0 0 0 0 0 0 0 0 0 0 0
G 375 0 0 0 0 0 0 0 0 0 0 0 0 0 0 0 0 0 0 0 0 0
G 376 0 0 0 0 0 0 0 0 0 0 0 0 0 0 0 0 0 0 0 0 0
G 377 0 0 0 0 0 0 0 0 0 0 0 0 0 0 0 0 0 0 0 0 0
G 378 0 0 0 0 0 0 0 0 0 0 0 0 0 0 0 0 0 0 0 0 0
G 379 0 0 0 0 0 0 0 0 0 0 0 0 0 0 0 0 0 0 0 0 0
G 380 0 0 0 0 0 0 0 0 0 0 0 0 0 0 0 0 0 0 0 0 0
G 381 0 0 0 0 0 0 0 0 0 0 0 0 0 0 0 0 0 0 0 0 0
G 382 0 0 0 0 0 0 0 0 0 0 0 0 0 0 0 0 0 0 0 0 0
G 383 0 0 0 0 0 0 0 0 0 0 0 0 0 0 0 0 0 0 0 0 0
G 384 0 0 0 0 0 0 0 0 0 0 0 0 0 0 0 0 0 0 0 0 0
G 385 0 0 0 0 0 0 0 0 0 0 0 0 0 0 0 0 0 0 0 0 0
G 386 0 0 0 0 0 0 0 0 0 0 0 0 0 0 0 0 0 0 0 0 0
G 387 0 0 0 0 0 0 0 0 0 0 0 0 0 0 0 0 0 0 0 0 0
G 388 0 0 0 0 0 0 0 0 0 0 0 0 0 0 0 0 0 0 0 0 0
G 389 0 0 0 0 0 0 0 0 0 0 0 0 0 0 0 0 0 0 0 0 0
G 390 0 0 0 0 0 0 0 0 0 0 0 0 0 0 0 0 0 0 0 0 0
G 391 0 0 0 0 0 0 0 0 0 0 0 0 0 0 0 0 0 0 0 0 0
G 392 0 0 0 0 0 0 0 0 0 0 0 0 0 0 0 0 0 0 0 0 0
G 393 0 0 0 0 0 0 0 0 0 0 0 0 0 0 0 0 0 0 0 0 0
G 394 0 0 0 0 0 0 0 0 0 0 0 0 0 0 0 0 0 0 0 0 0
G 395 0 0 0 0 0 0 0 0 0 0 0 0 0 0 0 0 0 0 0 0 0
G 396 0 0 0 0 0 0 0 0 0 0 0 0 0 0 0 0 0 0 0 0 0
G 397 0 0 0 0 0 0 0 0 0 0 0 0 0 0 0 0 0 0 0 0 0
G 398 0 0 0 0 0 0 0 0 0 0 0 0 0 0 0 0 0 0 0 0 0
G 399 0 0 0 0 0 0 0 0 0 0 0 0 0 0 0 0 0 0 0 0 0
G 400 0 0 0 0 0 0 0 0 0 0 0 0 0 0 0 0 0 0 0 0 0
