20 2 3 -1 -0.00000000000000000000000000000000035463363486620890412402528275541353046425329827490348196655409724911659618034278623000613695943815047082189367825345160377049812304557164685269853941659935985094694998234266002708797218881393564534071 0.0000000000000000000000000000000073211443671405814326471073828110892916443219356528554255440652776031379832836298639536189489671782019460844897970666102407248579448750582536327016851762214227306756815965670039197055664591812807632971
1 248592433202563380.944994363141437223459068090680572817759589422225183603851540186317868464711811758953161457384029072030424287418618269120046916504648709697161732406703801967648015112083001349599585 -323891668021101727.35552642660560291167477298466654105689862004441469314702185997155617756719366226691374030408637851617101404105635089586647172446843173914744182012041006441721876877600055238275847279 229755794166973277.37860245130067340674736646088139509585365806068927813644035759191232346646365145409148671931989309964207813700666685729622185263900547456853787529663636028240957224677633310229613508 -97056398278435785.314541891659641891086603952907577508539156011137347707359092824293117936925034986296711298290839029047882033735245303039239279438337101066446465029178367253013340966548033872367061489 19611644406908505.157642810085420062219865061544050343649735138516217369022772351735776517533904630172485398237913903022750502777288794304388942068385557905610388545627209408438471137101345537570745761 1854182994883185.3177499100324529606523398951355404895349011633624260270512822196593286499385477041209221458585225680604015822233498276573242582388832442126176105032436687549994023447961361615200751 -1928581569162399.2925379415282223211648505354053633536399030912129750334532160369363786860195255130587429886760177907345331620302955437565874548132941475923394672837749275718348107475688778077562757459 276785414068246.76798617528223263065306168909419015689792653069114870808848876144185552609020085684040109416317370860814471378529701163254489506382529814884343643395691378888795383576604348087981401286 35704068502634.125605721160779733051965403596623814012680633488384317419400041408257506327418901289614392735516970204593795146246666479407968067779696598136971199108308413613043110355345037552885698766 -4190280290309.7773108370209175185852978512479133178049746586723476165075322264679158987234663776358897120464756403938240106666945800224406357339861040852105399131774628215232773759290572318548911792125 -2893394601856.8893737390394359408048980572570112722537009814981675773965785500550512031494718564438841771840176033318566661934588674858608641368785844193841775783643637422710729000875617739609196528565 290026563570.10728249313683517203274228157612964863260503523537882783390929881434985994432443674098110551605842640870264075075510825707423607120939122364280650887741002772337559319159096753119012025004 28624926254.828631174148337042115764417536842931630879584368800654665890297075408020310499582659487795142571822900692067951132524429672106640276590640377926230859750784236799329329519982398792673277381 10119103092.491857278110023615162698055590958970037445343077859360020759363360776302046426928510661033277763488195960034561106861071636459716194954405447933363757451867579108308425620709302115343495324 -1111843663.5844934293512829734164094139378431225933168917525467457451260955648458974826893933039454128370033108354225532183397145318425239243985287534290408422589035055767105763300178410841844478928194 -162487352.60631265402546965554888764914360759280812828841737644702704285368615294915542817436120750893882367654521564446203704410279155231871808184379692375886256184325684571585823064005210285360754474 -9396437.4510684458141809936573939183028090230402341223518594970249352540679038825288980094747476313487896810182695858911937659517857640096896085159116751381815221563222097843843441241225685972612973883 -1683821.6737797154866944504350968611132816887066951802536634841911049608197444338739280961318557680736343861466103498243469987895397879961157798573111516978859371489830187134188576036901543776060437225 232287.04362920584670301265913617331772151614426011560288059263583789201138063580555839170477217808440872608324622905223009368137586652984602219133629276095429669884802862254227759500054111995889538546 2622.9032796545778557291731049194166054433294248460683486462152312921446415256053282545979117983992064222185360890441162032333789645581664883613658029567390895782923328416112757621723629859472092610526
0 -24214558280.874757399528140006025015769817273647414263525047096729152468627762192895721073290839860869261795823994221326366927679577736178262173304120002564505126617103341641118681757666225836539260282 -7369635944851907.9395207850331443272172264275697098117293628229940650499742621629916631773002899757530385689204270805203055663016540174517266394251934318995555907145132228931767033232008341119587042743 19203890912764522.918911941421237388993972992448017862128322263146759052301873039445381796892242919478180371891897656527197364808215984544722408243690167881784940794116492081482888097609389990324492309 -20433720646748919.474244422496242428746828213061289879738299669186164098360202829869095589330737561725517227711239612721490473660988334187878531758482834304829803317645980335987209185917314429892526037 11509169952133576.155776345938185390676737590981904691779169371834430842792436307127983787236462048884537391249546315364378140783170621544767051928907957798435206712118663299303893652477729015181384732 -2906992662792350.9245463582354568964947380431642246491619264794830207376835959353786584036052536273217231692620198514681879912512601671017183188861237518852005094194946974081297316096397414298838376341 -329810013165720.09656012189828342542576551286382083129113867973945698161710452449258856430786713154816095930978015754103569971716627485209833652917386603401542329331628768458837035160455345338363842895 400217539581693.93136407269717774105953384145236107966732319444041284625044144600727148909592884432150405499309113784498405804777839501466390141021085849724385274592567306409799626287068073812124516703 -65643742239652.628945839628005112074871289223529336037591313359630552478797700910098187850914827609949181676752983617057253434489312793829759252503889139933784704166784498724795148304011244463997773277 -9526216509428.7545434382258188611161564672570358532080350961729790926909268147168123819028561104268614648905057559965261384747531591801735340873320845402118578095699251404288265010740440925582721740466 1242233972820.1095273114912185517872064893762909833906051618908719613484222748617387242930060902589273191257902370458775722319520535126509073524913597851739181756955003123559831353464524950829006304541 943541025414.56970978679635092535881151873621070766092459533886081273138899313125567174969712004439694215602574013745584947375393100969681877193115934045071689692229222986003384106985265468632369252642 -103176212114.17023825299907751682889307029005163915444111989411035966943690736327557082560558554339795526920386058169789793378650447468755504159832260379637766135140228602893367958966292270933400259964 -11031851839.571745540677373664330393215120126376514717758871785492887269486659186510079845067629048985391881063180902711490743673081888837981514085660334168454262880832815652257029085096003557940550334 -4199822142.195331828617689453353714238191712649234742862169539596978280343409933635203232429767594427408833814648656863550057834708399874358730967041801963239893426707340276552797035453335486855264837 494419961.7711941588852187744347795842877472478225303711682244966858269057484173456886264146924031328168069433930120328689226696342859022320579391810747181120085825083354752796761201043712912873612592 77072731.180520357327014638248328911993131086983101110903068243541752542834827437147006306733242861850979090509906285185693325540404132621495538398526983702909507813634711745344669315330607185571887826 4735584.2776571044153349935984587921768777691213420431412625071767009614749733135371206802599323124467837419577417367205791603219473640715101448310420968772608543899706093321504007756760635322581778293 898525.22406939433917296269911325406353722531322508907174065014077691734687027969616582393819361519417555677334481898301096030233418598056631786496953916956683245207765912310846539937935870379466254303 -130840.00667303261157478494817971181828210896991850876115737420827744893311733054260786455362086120883982524590167642560842443556312260765596407634257651994469760663030467413507946832151699832723001754 -1555.1583141433818929339645244961678614096268847597429248995873701737203085438748357713435983329763790993395373954466828889070193951197373617031732231499108566378259011650145083003648162667026397723741
20 2 3 1 0.0000000000000000000000000000000000010232811678972335915100509830806335174999838002564959159105712442427576058881391362795893075060363018470078624545925912632079500628134589828954644563403677328310379964233098832997430710722168137608755 -0.000000000000000000000000000000000081901489310717814971082531480061208972601886814935667478965924657287999205397688525150846119460355807807534367629924573018937896135028199168753355605110003958497685065252448023514810444221664394734293
1 -358233669821291271.88183045507804421279478945698122356767652028204276089423372868031372367243679646034314367382778857951616561059732389120504324265807341535086379448092488139043518112463239991193294476 466094487718097104.09257521142833079722805939846057493441748200970396766101234692252292961578638632308073321528271796073403753506058478386728655536987942338155155833694901318543669841908086493835996778 -329858438827094348.69436814306340146640409185035930469315770085098278823461183590309963288428853294134634953836203658771664543629827734084955272768030367170888851136198721883295524647450166752866565622 138884709413767329.92496329832160608922361747481691747944442337712895602392193998394029498187897650042063650469309030108448423769128481041787100518247553295280991700476005105898848048177033679851967389 -27943610334132180.434778219370519210200143898937340162919553472828886866413473548876296716067507090356524011766934788680231285797390763670983657404537136106541767552707691310980165494391478799383933348 -2627912003009000.5479480869171916311633828532800921890033630663837101369393499473924365116708595222630492173947240653722308732514523685103360856952382091395287325479871468632926125795016493138332573929 2715905047311544.8599282512944854148598592465102363478458455858850157738620482920933902471837745076426626237977112589396815453667990546762486444262223472901507642450011949791504398319431236161601754908 -386845654545525.04992418567025189770080041980329395340052986581578617534685409313401808893301977866804791367483856268705840305785884724206877384236542820530549572549192222456574299264620946040418973416 -49464460840637.961639183538279491439766667864753884025310110039421966428709913267858861606573405663083409385328553392913213699298787493986036084619992967737922919408726753727424264843227015661083806182 5746679250363.5525636098255590128207553056385045476288085468564069705150804232771081795836831960774873181640265001081522599175635529990546865248955903888015029867407932570545863743468392611572553525554 3922286979343.1346536381213765099748799218866782928414315706359263992962485973773843645325117647791797974619759013615518776404156437361333008442320488391644336464591648197325119592519967004385082056672 -387983611301.58045225004419924490643416077619909259128087671424913978412762184726158585229474405808789493083792875046566780268395738679540630958559679804378674616034408131710025203333219100502287678608 -37718582347.301066922381284559558981535744353770935981078022912685958217429079983614192569710113674968083530039575514794178655533745845085503720452661668659394754991256978267477549491720539347126573069 -13105559321.597974131822966580751885836230208269410737380440261772552487385472898281355691633760152739020164902107214618963724427773257454955741811493799401246139029753884439293766381566668943522471755 1411755311.4147931433574668332261671596096322524614822342715400138095854019706971852871637131935435802626482556317067289035988868095153489517500951224522210859410182780333865861170074040044047548281922 201652371.84758582167820407295000193296489014102789882312787934606760193773866791638506128436702625544395678468145491377912133234098330149493573805620320919833084447995988790763519092745253863629945591 11353765.707397677401702591251229753208125915197923649048482690301313310770860428587493364704460174866808699062441637511704556259711849331307216387431959701455189224563805075350008904985366954650392131 1970886.0435963225971547398060247831805797078435705477468228750125393082337644149429618501545122900716475935145953436947957591885711439980456377042290399785162378499759278831166628710846783813385361217 -261505.54596612197018981801141690380557021810810650710946254772926689807175110640503416457753421564296465309614693616195652930584538243970961906466645678498454518351097351376603110177434798943818166013 -2808.7829612518498419744215749243950567700724690675976006677176864855775809502281675434679328969355666988275991893953193031778700365161714650807248379487544542710313219076548120546627166741902511504586
0 -9983381670969191965.3126653231872928323209909407087127400022238294660881945074202173758059526301909637845269619943376513115882026308201423031914306414858597892858515068953613854548075130300054039943992 12269604519877802621.933103480783181170067775925535699108468247857180236609503780167952027968634207668285507947295007733109059313077696837346994174821295015180680613183978226171570299082361614396016964 -7981933968994060990.7162397243866871891418577875995754291703738660696507936465227644371052610411025908863957154523968199193476334603105541478824538528807043242167618416444402881397283139346062537876427 3765914878549798939.6727120544629990046743066800931172733283017652861396297117323961859286475106597326269494177679240480660161105558307775474966900521523752268039253193916005822856807519644553779128521 -1189210106520472111.9256791492980992621713352634669864841489251471059509984025578082104561475854612020743421517197481164686936432458015698792183499820444694294856120483349341257681840648011584961132704 191415301524697130.06036232747869175309408996139815009104376844171368354257512724891160576424589537634301563139777394443277772587180149181798378141659855064557131321199151204849545203331978915771746116 15001120413945086.945358148124045245794255112244969607038566115379024397540810660537247132713444905698690336466426871765216678151864851266054698218397093528415818664748176835819441259255638914858518133 -13288643740211660.411621918134299187181802783189068758110767420485353150487403726869117191701003169400344736405384174006566495042772743919849114313510346498711954191622356391819213231049751172582282742 1656196403163644.4197953415785620218379185661108779389282092938808320677998634515500224438847488874888983404954231561831594712627602803947695000229170466747379873055024751578057778778417201993215452111 188241274414279.47897323412662090165079682459752066022316114182009861776512382356459555104386250592498948400873827281352170948119406813185695080137806448074082259767601467607987978689163654197836681408 -19682534546001.160283037877533141761673037707929660938442628107324103136025400516281088138391116953867782925783806188342837252379812510970757739570623709203341749485896816608293056310457038529878634043 -12212672851960.90724274470769280833630121301393204884916406528830662527405948263411080220935457497895145040981301107218461987413166374794817360638568617357503459218646839702383196941445531632420366492 1107378666499.8018854947002981536032494851490248982312243563925658365606282300008684240852722259431120369137959914517477725705174934424989004173798522918663417430017979844517656610666843016661751160828 99374738495.028925573636237096105997147424800584104621894955119300722734402134876047377904146390649964000634307591506859216262786747305687603568902135329786807469818625544143436512406902299602195878816 32062064495.078449347681154836588240126601239942383253328798053017411808221007847526224182015871870144004133810080116135677604390199845818952792139063058819339461767011741985102311466581320938604925858 -3223532809.0843735037010321050270502823445875297697383243569850389930449489063303373923785789613908631645149851569080343504760076913247982484915425099397094722733738124010668142186948234110387677728572 -431665396.84991552377293017816526381205035855013827778695271655095414834330449135994706289575662365402566669766865793169543177399252454377061439199725812673089108586239977653569230686951768660540331789 -22874670.473897845073909168181757826995447935447305901552790291098903080553376195506531449206511207932323216627562102892071293508634972668908712785642835245320379535861178005541946118178709548966276533 -3750185.9127795638631352736871783432027317968147652292665723314746185029606091648284051017508101382470871683951681549299333764661179512805331130700151949054146327181594648953574020423089253101722063818 471401.57885369508892043865908937111819478590888997071135870171491254982811441181004303881041277417072302995874692568891203270299470696229431784257006203116774091120710495870023605792152171700829536061 4810.0749676151036565940406225106608778487030378167614356926869411416546409301173793092242444845455269926985734892018306027405851458044707066119622019798595110755890417403869899161880152608113295501619
20 3 2 -1 -0.000000000000000000000000000000000081901489310717815389748132414189741641296642733127099565424765621411075648261374898988113730201177344674503425329388456795917640188367813383479499110015784257427838459592543023459584034160461410422785 0.0000000000000000000000000000000000010232811678972336118076690715222663495593739168422209715185118527419208461337402229397360776764424021565590724386630854820418195199096604765873464153446278663373450922062734194934174552380502530089284
1 -358233669821301562.7406461818950670597012385267189692937145354315962437630644246001319479551696653851823497058082887490812554386612416289488852416588299488733310660408168088530985039347962446333033246 466094487718112040.07644518678155609321878280658625230333982401408287189151311814200170566504949487103027126900097122453314314573788607902983208740611258142833557995881100634495651335197884771625143312 -329858438827106757.36614002763748013059905302247321972387228481154422056698210378832450168364814278513562794354754813370341660168766792626453293462717524994396954001632454407626818398128099239805735572 138884709413773650.84708566247761005647006751068893765901632932069414805584586701473594447509032165267938415756751774367395419067307421178021404147857686057478400670253024622326561906524147113039369366 -27943610334133740.30389840581254551221056023685380264893996843877122307111517984163757650842223036603611320935294579655698868807442424721742104230173463557669955726399847814350077280322771498896460437 -2627912003009181.0263701723226628551796142700708707962857313456353654813407320694309589277510433349171967151283909416759040044644333468259186416388856969437574592993273473928379228786380216273350956726 2715905047311773.6665587511534577814487387876251284298249776096566422203077483055763730729798923214480051246249447734038184852030852943018961915925358096045817070297915411224501151631694339294500736901 -386845654545564.79670530591985299107900130724055317585599515858608898104101036425177618235742131857975911609518165472591129627780853691987545872363596194222213815021677589524263802569545461160344140719 -49464460840644.117376459670547906090606820488459628083162916614968853290083395750746768898207954961092971081131553657365003215986861791222196295834082263477519495293426275438185115107948718442704925816 5746679250364.4128353350176330391119493170005889641009259393484930893600662426611374055295709617859702896277474508090921535452046269508939729597658330162178325688881164376426683967414115584629571272422 3922286979343.8365107659609315313683493111587743319907563661540090911015016392881659197091311155293103747926048730815813816023425679611980809149132684947540501431061448083587680378151059323669139120164 -387983611301.66299212043585466505415514947125751274182895009389172827701392658159170128171424813096578509165284616185962953314915099924127616391488739493413845712794945374933948724369014852207420141432 -37718582347.310565928197547559910491335279740308064150459673526614932583276970509908959178102288940342711714508945036458807897358391728152771474294707000083009059774448645981965104117016856351078527061 -13105559321.601869391984176644531906731744245475737418087416768084049826478283391989087033732903159689706464146154203960256384957076463199249778423651077688260374498290280148354749819790931673994874075 1411755311.4152875958457367842173092048399863316010564532178766042538892133134657382237102215592885399062457713328149189842584853450572001294843582178255107368217260604148123895499157980783525530556787 201652371.84766906470187872418991541389778134022799739696023240842043473914442560115230554739017784802972890835668988055248463408746187022387671654235548944897974795625499768185873944863915666763985497 11353765.707403215297424565947336385621115008025572494128714249630894428064152618832322933379500286860994148767310683101366815574310069415487423832423197523175537184793420126808488864711070365932244467 1970886.0435974649151532224252768358100488643886804404330170669650190855514119380865599916286447136604339367253558590261146022118858867440910963744577147650339673206167602899997063936786848436364895493 -261505.54596630400053215144598780564735227961943333000279184630248645042727585510723370847309352125309213218995623441862051144714790768872131633296990936968182953338799832321316937862634727245465465719 -2808.7829612542444052201689376536458443331184544419634110143563775613148736651538823167947679524281677021547815998870211243875255760762472479029540200820804485738241160375364118642329298456692290834612
0 9983381825909167922.3778864833078958336001709517736026032773127940493361023534965827946054923065022843409739772434878859571275987337247932889602111101862554446186531928780209331301621882500357381622126 -12269604710135186621.765424086892929739681067028433376341970363452899937439885009524978323511915882177474336643662945171387382900880647956161210345915288837386232442505158126792931175528898134136464915 7981934092443894693.4248229137033269475528281264877610186117188362732569453138474322208499186688381473139133514044322058908366203503877366573731422282543594170189809506230611049029694861842858521270638 -3765914936540501513.7645770601513191718295277634253196984263954019753103677791141965093663345979230960732618096015312285338034731501078688848449382792754421069082380352627041242959795784958464449919643 1189210124720211922.767720270622587266971247479671318200268996618988475616371628102388515026673248120817875959803146130181303034955630431753948860191358974459653551874969833117290071116526138047106785 -191415304430625416.94388404392738913876785603054426630157289453602996269706227623940899997554262860611981787752268353818282305145635371744538181197670999683140521131827618060078911970725162907581523922 -15001120639408243.43513075244140814095823392704882824991378314691481035602562526669657190746069729032956176384084173690072886946007252966684997818515363463514651012618828701799589505616717950099317943 13288643937528816.376565145665622225233408092202704834022666039191608757604196548523847782144081828150544277512596865828906128027228449262251884941073917207611230332869042362168605680432418401913489099 -1656196427404549.8658118888174105820172912616549461152060839264737096085407604773389651660874424643537650609584203498020546988220095459612070324482358123778256716310418575859409158407796499311855836996 -188241277123465.58751052010689797967440245757575081935749080133032269968210479918717060469173970767861051658945911585932983288326611563480510063548240184750894103160794200852285986944472833778862318951 19682534823791.366352108240757598073500904737380320665788918206955981883045947137793581424189710009566286527381322626597322478840666896312115482550981553754261593518655772106770041976243202522533618551 12212673020478.273008472357234240617056101857795279087259801974021490858001380845615970909369747243066407706875008553387638918421339539778904066296969246123876579087192487898741787548370612759152010131 -1107378681387.7937713681765512679849126200919765180313223282342064894246423873149905720111020889088119275851541610231044962480233231796898219557738105128298355562799210281146510176352700086402457350803 -99374739791.605597267936617814749338500297898197909851640701244516389859295454395404788467813462148433571825503783069324817604559117934663464511323893190628247945316858434795347809059540689556940896705 -32062064899.155725949272560019220160065836900926093021449953003188760331875335530487155728927749037521051982186395837235822923960639862894708922620860420072621360067852647179208788423618981704200582995 3223532848.1059686601655583306025497103334237302419827540601222498678664634278879735994390784319932377141843716495469056043277189681825647800848745765973214406076011182296876811257280558327991931468769 431665401.83391534340294994592709189633316548971384814662163526642933662265015711247971055965654893504210015127892876930635258367494275873717938324489709695954604415618795734603861647439170990705783257 22874670.723545766893889915617326294301617811326767975965486705572935881278987584340304579238584312697214687749362947049037340993367856271217024666614593123618400593103450743707147276227620645084006244 3750185.9509984955303511525154019997085573096124208395102768151346800569834389926286606352817162862133238245678713030892504389645538761689220711530075288848556056818522167481000572673791054782555219687 -471401.583261401043021788565374471784031444426108153357163788584291732712559926387202840898059225293096466173041566637100849953361157999152088134830253130077274468870164381143355686658964405456325705 -4810.0750077228029100741907814715429937399416928936804236890824774954731065362762690034391195713649116667963735184243735299308276463553906848116831771131241441957043739393309935841384052612410255566068
20 3 2 1 0.0000000000000000000000000000000073363343809775065720395911353963663682791558046000188437563066369817851243963000844284618523447385678619969555100149093572042764302244135986151063109799421103634999890291917087685370199140629085969959 -0.0000000000000000000000000000000003349439161685203800000359559866362792667301528273132421017977621542068124117437669420141393819851340057081754269121150082490553684359284747622787957307099020269790268324269583188390021574730673592056
0 -3915195074186167.7238623000246695913648963042815043822063096974302631908828527776906864297295986759208215133705840799817199765446305770753191201581439854096972944414472902740770833805565593382032139792 -2559884853214430.5058080572473265216261950440949140566181168226006720499560145501113138762556690262370493872739752990329374639492356799850296627997497247085592967092696208700216998145082856607855950877 16078842390276743.52738859932497369270426202141063216920462345026583793113599621833422866976588406693189165044742279683053412837009791629288847727328513919608847835229147949521695382775827743819771396 -18962383465294841.606847866040031514561416087148031449924211749415546864890833897262459068934885227682385740816708355160537191108084438317697308376799656387475056611515230562549728114072960903925839822 11045906497949984.713348517555212903255476215645161050349272670699384071704150537329051559365232026739467508117032927606579910782920821672441327472298415720777186929689925966260343901994274501184332752 -2832706813594340.0408319337657484603986126059463139395313567890699713908351004911937469291883558301022885387755774598180663071050149016491598641136874315756052438946787736244935333611044360289307253557 -324015158712565.33793851428576550057924930334990390477308231145715731970619914247093948765132826258969620276967913156681834066178066722696479501255620966404051493334914358538640851803063708665489267347 395112310314043.82786448260375227473851346796075560771147150141144544951165522381539238589942526422555194762426814934418965406747609570079017792915405322680233692367718953258459000145898702099633974882 -65011496836259.074120730121492620795939328038210721104480936764836980060039078277152504039339818408368293068329379737660891473558670799760616279496282791597280200009881309775769972674863981934290068198 -9454873846808.9893986271740079217026460427923150861468884038515115442798626892008702551339151690313250097080321037835258967904832241002061477963211166286257120325977501802714430102826484692835564823951 1234834565655.2595650672483679420197032191474914358900010951546294698304582080336001521701294897966924151427748868872921429593826333330817283080853906426811682840043076090337214779493618191300006869544 938990817070.49994536757294535831920047003845492271712442155233366244226438244615531021273005835799099498326383738535387319188563916965819946690804458739373349698003406023224654040311248512110621234427 -102767655761.69191336306563078466336215748179142330690898733957377698003462365141375847315905719980945674966922801816302345802352098363344723680318862510378310447551093047347846035277624778814319506106 -10995576339.052782040031510534581056987110432798079358329451306489975964971632375675725258086084428202836513552256962960967201707147161702629879695546578058634650022649445922115093153807171071812645898 -4188250727.1647311449520824869775844866549806196814843211228986502989910616192489939180366495920687448475493478647502451874134379026187751512043112252334941534987446817416049720113268424285162785849288 493270449.51892442283449545171755033679415147338917179684589723734182227352437251826295972824203404384724659233209695114235418200989996818000468459747420618226289864659671764038256801203301152955903983 76920698.319435806481236054936246034879977466671846688388485523545158307150313248484483103732543241875041417723172095409061629432660704144459651268808597614643226622098054102535255979933790850710318539 4727627.4196911747927337508343193942360914464899753873997319875184783797742831400540228825357211380712696684039474313404330816776348978723304009346185324562867014224414092288629538533384224590112447623 897236.00274723191922384349799156883888396998896590974307138315463478839745704118534902827317846508314577127941625421075044743140739407514338280733093249132323488772398564122757169079294503090953440079 -130679.52125139551608470600870781198295244392551088308398167044022530921028909530520367605396109329456778232591869492991896159782078658711717093326904050612529665717906075715715400484516451972908025358 -1553.5285752906161794473516669792890532685215248576402069728999858055526427135237125034095905556541843801200770724217704733497998119081985617265980978188393876411636542755379891275310440883573255111678
0 -3915208992568798.4431824357303884466948987323794521140430350457647581486471729297485670076576876532025676309143683762944671564706867685930263793522546790175357009490590841144252616482170759739060216739 -2559867754608696.4827537712140540826381236232043743483468150315006971904225933559378737257134488580332065799127940258975633444126951079893621441451117960915609757540269832511536822383388815682064373738 16078831280764776.950986199411858257513365472990508558503834707664073190519201538818715868058707328290029394049076723113980789703015018113494971206931333220204181243307487178242057722087352105977018518 -18962378234706052.446510499949374809977651664160334594979846178117271305691881741904133023166735655827405460914525546124572910753767070439286968417492524687641283643193458180765289430018837552427106291 11045904851052667.744026270644076135840210772387233541936643514329400103755394126902028084991910792584943539597904947164871045128952845717736849658831043109401597750430611012610167137536668247454036382 -2832706549508851.9266229445356480051388187092148651116651167309115069397280630055809649762126303622481170716821735605257046253347551310246136637501694853570465339524045956796351299873616943282890225901 -324015138111928.76924513231557579381275538923369376806811843798164932949651481922031453746339954486766703261263992803378557568689831277709440121850984589841582670781928815739725572150294322549465116679 395112292165051.41153424169899217019285176928953745348379316009364780225060753232895811293823216416935643742696748562253998903345203746828600527586077026264514801648811602409375183161498302744569544173 -65011494588647.09437864934926515721348682933315307135572535703789262351675719865386170856367215225992547758896594508102465284221540492349796466325950954387313637320117235880094408088475172418942026517 -9454873593189.7282907226622533534567038110924358925816270453302066100056190987702446168076533270154394938076985134689159762374947733272992382987192728351285038639030942804157124109762650446847261773692 1234834539351.0346451554822512432746197367967359576567902035877203784551980724345328615886875771399852985395511964495753983450187338695184878073930844447267884444943798273936418659426601995267157122464 938990800895.16400039918424950997226606644781210287737542338724425279189834652435340519658383334776859743383359053750691007319637202407292194446568979308669196421460483308382995288220959272713055820497 -102767654309.36502808941789654105127702964808768292878245648226078143169477025789725223009831447765230536947563792634628519048521031505753399006847873210783080437449440421842240033387018304766656560747 -10995576210.105556540928756001372929875494486725538962550170841975900848918277065161295242695800247835865869858965621283374805032208034088571851692849660323914222833442841676712143279499153678044520794 -4188250686.0340928743423156297917628304439192693511985292081443243693494030024959981115368698306600894544516529584106412529792258672341973069168526988626897511134903037678966941955484430991171045975049 493270445.43323893796095652253827680437327800953878756446239813784265143391557481449510115963314362719358444419374345589015769491286373714670354638410732412612205933233486071336819922954339814762186699 76920697.779117339964062265204258349589603546182994665120609326033874919957388153267876070046178823144536124705437598992229060667130626089284602887864639072909234390443514525985069985928694554744774463 4727627.3914164344431562522561749731720241823519747557537898133126106167621967283190126175679425122591967538215412829092066348736641698485041301708170712431030264654855034767395787815344197143862366221 897235.99816681690435881422896993291972443142935899616670913397737089752050954586622612172365067093336839780955285022192645378299122844998559830763312461276645635495176155617156045762893010506540062588 -130679.52068136889731522329773643702869365890081283030137127142489182834533590381404775084460102686227406822579423404259254221987917667371873368570734182885477175116078421662068084012877796673280613689 -1553.5285695043925557128738500437601215390564631013160833212862239925712013254717078369915624752298424551895712954572814681994422846996654958865648362293626585904269306789502888323923502501072193035249
20 4 5 -1 -0.00000000000000000000000000000022871373272064688933331622844755827814692023576665385980805374439643956462419721916058615611778814041394389885979899476364020497651424242044705605313862967608595044684310465187630644614051718858866508 0.000000000000000000000000000027595804182566942442140889746783361796802712981713225920308619817665024163099516360447259986767299153352473224586529569566523488084930186121449778549016744529470983960849369096949237250872162964702792
1 -255689890710870134.2191895068535362533097833768748919275516252154657836799988140477245113279229248779057971872030743182781843447613969572165036687183829573686907297174822979393090916079285506854331657 333113195359720582.42743598739240388809464732317149097198803373656004919643116922681642047100726681196256582617802942776055119539325970556833032500574827034148169802869190433906144770012329498380988323 -236266465983301601.62606578197280347866509343384228131377295460511855351856378982236910236092782524019956901677892627006382828169722160363429706482335301827211326887334258976561720200313599385152074704 99788333442346343.305174325750889544908099494207994976345821970402734219268085333243138020033995210422137944897839014675585534284960849616079077101120490159907592753683236256243732593673791125954686089 -20158814718924946.33209841219702419163336841305686618560587647482503611812720107280129775105057333358628489613646556051140595716739123830110971102291933871455316626043552889311315719884365428481328944 -1905342060249463.4206775457953165388002612208826126504394751832608856994359014052850093166733990318824778725106110410398029872493774247845038251037176717004152017642623557581934416708825893355531808188 1981070383150564.1912657382493567520298764735308148290890643612058301743161643775735217931069138517494544633065433458108397728131112113464234729766226470919354720052536070807369043962845704107847931398 -284194990175142.07142673306954896853612182330606431635451789469547672033617748128319438754764305061702119102073874115815810331902817403723238793704862161523551009017414116300051907059508598952792306577 -36641144212424.752593512705971864428376823559393913794264810740179888271406648300661737552098349272289593949955142001387813560333829120031127097856123832075581974829431716566678003985857826259452522089 4297693403764.347326064843705701508472528323725182359223869445906391743211831304558005199112667652580908566850621879583742015888189803512138077556350447898547363010877635643917826040816153096385204968 2965507720825.1006272799573927640572435423237364132326379958074273898451032040031470350258414710371136322994709815705782530914679545258825304171747120905114777771649843178087914510864138392098116919247 -297015975780.91609981486516641777002769319484720398134009812790940444799415897341953562203557371821970820051080366441991493835911803430201196084210844795660052834523029831459350693488359835916659436424 -29287359960.987045734805950514903798283425073608071677746059730739885940219612342443060124726942104935651620111612944822401272467520534709583592869262767618747109010476649312138424018027758488499524905 -10341975732.037044290492919994136114417158491072345920977545297370451824715683064876458819701736118435306320795138050495318596929148980051314209800045120094124649648668272291011317580529453669737164353 1134872297.8508510734802011736499754039618285170682484185130847442311495483225495417704826046340746103788911029228364500339035914453892882815746824645861975234190185393128110585263982492718524938495271 165599197.48117082992403533864833599368583533661538907603329936296579281572650061235154243751835024166075067034268086161228445664573717054863012521780004970841883194002526888209062221579104880070367196 9558661.94381321698646239711298754913098457502953060593051273270395321258384492726451836150925849204098220731695814631463292671859484670040867189007367491516132386577885641245039639093415204193350552 1708956.6067725084624624170727748351991381624132710956587780772411833901713121550749573987809452727223285421290291875183342142441211458073127419979628099578898314492122145955473460593904378073466470377 -235057.02049116104778498021527077101091637688289315190527127023461283883637586286903632158887583639124662149336083869476424617036694747303699511271723543109921732118313850309115677708058036201250184055 -2643.4616691496727547278635272319275215254934270449610108304759761035535503716118477799582316184792178204854939551770478161056988257213117307993653745365385454580111532078458404586411097941449142088357
0 156013791500.62499367452220302593915689402558777933197720435662691796986110441217327260086456571227783552072336405090965543358206915785596938082634636907011562559135316438449088693139552639080676868791 7357523518589678.2366386433944577809956053723367199032316174896405068144257151326891639278348546639416500550336184586873136556670590925253466645288929166495441407187002743560987834792650505512756342932 -19171161607641405.373596118892837945926653381884070922922383716896712382524840622156086947403421494599457520493197829027526983800344694626885373094856319265146785957516140274974704812545651011616195249 20396305718148617.128571517025771107700859629037478790685198714625582956764169136506995577246089357681117984539588462100330339979784815137519568458968046890760072964744018177196234526988276074838304076 -11485991491137543.702906236357612703365196735519476438421712774954847978451040779979802035942798751248784174356824718421621952314264532082489983540467801843477313935954145025709515200838865394025389111 2900440691510158.4124880754765722416186027266859694764099155222170710697930107274088594245264058099426136288107037449073302663354531945265914634589713507154387430490987310912519153467980739069533098309 328967765361223.94260386282822491936770258628487130662372757541843485543766366420630809426366150189695457604000890709616810444365752138502469417656622365199604790003778123036914342651951834881501523959 -399049875837751.99104644534141188828683487245699233485927855900794074269318280816119001046911624026344803323332905264783201639757743378816102485629552191998777542389964789905421066696164469455201479086 65423791183807.619743853303278671076441759402329367886945262043676427582767289797631627589788512804189385973130562278794926206261429318282093162706713010266105937855534487446831915156075545064217141331 9489446712513.9871805735329277397656600114430951095558021537224066869065414957586582537502808236585003893990730002615763634107806847222133377669415785096162115216403870434317879822442016707086698793144 -1236701332758.8140390768897271904909394983089561997863707772121602558265776939598892715895130074070163368537748409343836696670295896969482832379660180305476408125195752164209578095061208264897650440338 -938687820413.5928543964493555498797255716479235701933524618210342765305804131306653414572324661385264643752276399433001988516850147914351872415980741933471179520548463373516828308539410738645986624519 102562956588.39654611191723506116653575029707128001499951264793080138360588729482670292474562430799719031599907907863452252998578741009791248873858111802342717958676365612657904794039295272714712196203 10956026913.059840418300647079284787965871534812845192168094648787690395511458183962735827342632809841479285165340744703392315143340544204214825738618298841397269539067740942978784252684544640813291709 4166401326.3215926883168675452484582195358285853672375861057634167520236455461898946217734749325066203704040972255461859112584683932119885423780066556855083523893264146456001349917279553610646303763573 -489855337.31277046950969486479402954059736562660258400325565256200075607526985691900150508562523813647823551041798491929889745123969044358762222744689300134500526957342026112367537599482254227195147976 -76244381.014995168413386431396399017594019200487823611431840457120913040768239034514387292737981036181554206760522072347661825604373941861713957819863374358902836708648783034435013229342733319978407907 -4676012.9214006349807007108609280377533524987590951500518523948367697242843594193038879917243711740746166318040740092248612589679937993674316649344183446431757592239667795012506117616597725811676881136 -885183.42080375776423589152781415770953895347168167390565910513874149498949753751499654760797697451223210565577810137712496462527278658872495068344625257781684430928437749959423163129708582998171394724 128515.82787373144522846407751101209870885731044376488639579796989339100512371774168977466949269521868463034182833215980313066319431363802835720656474496233377797082263278880596386540972503531124490082 1521.3630895788190533000260371140495881946283529811086658287198794165118983711552413536169882180864364881672311038858006056228650915339257691210825718403505657970036810052048126508722567134817438365598
20 4 5 1 0.0000000000000000000000000000000058288069000260009206097733868455932993524117326064529466829883109624850256726242107697381882064061108158821931124708145865547375304830236072570880122366220067836485754081152906368742763290142357791528 -0.0000000000000000000000000000012024964555591503023497159810230423438547755535606442730416361068618074614567146223305202100557913190867595612608590500281694508529198980743824898029514185853122799359313231631148114086627358839928085
1 -357447958841490326.43322159580004210874380266815599413501721558533790933267273626635104347944066571159411784802312484856287116459575865057712508598543520143976701646923966999083015487949835172939122043 465037789654271564.57876125559129646314615146438047595252365297967613580978358846475961233377474354039107855853599207925742006537394841841692967329133303093098909730211936411553717012120575745491194933 -329069706399266920.11657496788361687595650059616920224918424736943297618685308474180590145467129659273590256877232401021698141715186145915739843279709799805146098725998315877502080303160720596792095775 138528235945607302.01533849077344817197517042363612114701302234845604684703735249757865823226212974805728166350217077740612103293397824601296599802355592365028174234839667001734476019350810592698691538 -27865483271714466.67288816536290568822521484805702862265419260039090493937985289556270085422805066302468440402287743406682576111502851264153259377968915728038177521366370836160493888947404133133350177 -2619814084833645.7684326950872606726926266419901444888147367010981678562068979104750731225735746952174474704252993135909563076243494601316125042660630768163960556941199074026361508137750992293113522073 2706597159293756.1799602990017848841873133442650007751476521040227815781423093237705147174968309293953656324885185051079718421120579455269723373226914528746274309033661017458064201777615869974030706561 -385361117092353.36364898066667644890664641335423353934493142121833734907187610059120970256086770467365358583329967798300264462717510537523506388605682422038323537572711075374892984830809840950466275343 -49250849633439.738183564673657721435880161713932085585921391610145904308522890878515025351492370294601369427183815545868601988024925474128370040148859927371912214456048430538204536701359662304661803778 5718650354763.0159357777299937231796027940264848064175995018862094476263506595316485989093761911767597352016850688289614740885912816029600161910311923294058011717387953906690846730288778013833383712919 3900621173010.9116499631864885425476494406905152439278012754946730760010142157481574888547378921268845899082356985300242964355448081597540606654511939234084688103316392304218408861457307315806530616543 -385551083294.66738688428852411219093748622851432297963340464366085438900482691708925182074492923869129729898541922170801693388440056041172583821745057477820092800996195119116956918459317208252365732085 -37449616671.583864731350923180758431989898020833881710431252219353935552677775703069355808953905980968424028023463645377807982687060003008346726076867452802706953038946426805460709546407072840936701136 -12999034199.839422693415354979420216702165278191061077359250587499106556576596875435877473978811549010698081472430572949059624124332355862578256064148278696677121882128006207116457811430921888429167073 1398639636.0730269268830237730808996135980649147163913562039776231305902485924134597812406531820633661940521726121668439684843972058452484651375726936324307860912617833493721325387692554293135207423427 199503287.83245363379828465317906636098697592328656514117275309767580268746603906304236969827212820735594673484862299305430216955165255169636390257732807037099617586999397922587620789066885109448762585 11214241.066324280777504792615382909316612856121664224454259901588547572358297028789218974075672006367917886490906821290880020684487355974201206902857826620428358946140178375425637904740186933600215481 1942744.9790736457872434169099359525943459680765574531885880536334828836361906493725554533876537254940895858981467506780920638133362640696641741333847272597196504324740382303342830516636659273373056306 -257115.6705866669424106508931576109411017918187217722634497331340816268710253991932582088673004169487255875356988832318821853280337470983105070270044583269827704442138318095939138451685844531157950124 -2752.2431887594686284071623071982041120992227000233005251463672514633223267659663010432576181957565213264095700562982787097971484761073021838264453650660093592470736641135976904983646165751224368758265
0 10258921117599853400.566387515601765856387769291539668789035576369457352815527934024905339555825424800283464561184980705095409080655998870701381487682725504357616827060670724057280671111558914103526312 -12607933444128427666.569218658736293919899127379712002288280584206459864784842808789376316450204727405111961787986015604199087365818383868266785201832186100952072348001152999204049710249341904396067428 8201425323928269806.0179068930262590703114311343354508371840317972641731371023701764687859094578303560992699541236442271356176437134331354713911911818186159673969367104311499187469592834355520410326942 -3868991108259977351.7320172615865345618175013013035644216044785303912994837481745004062009730546236488888915876990599205932373914903006312806786345079783380896413967900660507606020539317104071677780614 1221544779605694186.9315739086454859796142759820274475119266612609111534798519034483798730113127016390940433797224257974581322399349560168550975081772262397362563498197863563363353254033524248502556755 -196574713166793946.59390412144677277038503830972572970503695753169035181941684425370399782527516220175563315723721514439687073092441859099241957418508305681497860019120718197209364098835356203060409634 -15401048655783682.33245750350797578878705587038100464242504515698743159916627968218851729884758056511037436846977439531108967416828169304217388123880591816182320521376378147536395112283527526956277104 13638187168592952.83202075886552933588970525257063927062669633180490798868229835692711255017696408025058128735680000910627295374537462267813198813303192045878065148929684971557327298801048623837772739 -1699060967810559.2257180021611220027742637755413971785495960480544233552908734121734352845178039150690069728113303926851365891761007524919373477487621784778494030703520961998277461839267713946660382856 -193019980476162.50405364424446030790546422526452506348702403871375082418129088095475842513356370257840522567225339817417989349944233163579822982668856111296934738611139146148227956110317143366466188562 20170867883158.664794111796365347770842624545846162418042153230612506387046576944872838546960027973631837022850217029591484266555295525068400412769272564163020896695408084761869704722358446696777540379 12507546298490.744578749377112710882065913357679216658862164488278336983151312965856198221172198327508551431602900589218244606538882498798153338373987202958494467994174054503339580002737006651468816008 -1133265585803.6437099353540130704742585372687368546262743787805651882120210154768640962727794930486520746210658464643769202687039835892628686564992056037231551221647537760729750224692434962221989431911 -101609667547.88391102109642201950182357846582528187896007720738121855861967934249845498562541512752430280174540061783499572544954290524484963802917670061259301482796875283437207166977865955672404370871 -32750206467.464469403104318551946352011788907433648197345102487196209486360885706868530757987369384387941124491821452722244388706486566455078566960914372402811953274185537416199319185878434256647420743 3288861219.5244621554710285542252129516537517661531411552575386491003869606615772362136730394212407468730044433847195204173853756606881378056285051763885167105879173595574789271527424236277435304212633 439805880.47970948822303642586547927272746350015161683850610970591623907283931620582339688349798262674067408405061229699027859958191167065495741633861462042208942086756925384274672047023695238023829575 23267616.814402313451119392148237207385397696765232009666638694080336522026428000608505242836901128999440191696335384088404515792975199259703642624987239739018299813558940667659348822751188898118975791 3806923.9697816696625877990624803979553083135113967475092683811759726216458787648764222685109090833732528165040747907510358493721169237258852568716594672915070294076888505863183634798116260237884129359 -477315.82329442248079837926701745616801069482570534272704003868718356163328374914802775809675735600545549883382222010006036416935610194291212585182049131071352171860548358814041950346984727958429085632 -4853.8646655987786921260460958135560354028020595630982391043785527398159552492802205398443056510884649648354200132631375333884211610746645763903880483447595737610302392432001787247301981806387155674349
20 5 4 -1 -0.0000000000000000000000000000012024964555591503773701827207300806491388701910808062345112705644168298261828473995764084985482766054564772368769421022747290746826364071643381795364798220494378661654435441836532406752854785987708891 0.0000000000000000000000000000000058288069000260015441436069580921723617818427005419854881132749714289773174231363378375991437562182807363750396014473739435096323142482260585740461095744775271058375645478478730974294089589859475802364
1 -357447958843313508.47587048890523975131175294324205489649999911198243065149922759265950251516601517011012516890550593712518579368300499254897090252587227287298230421544497523431272029348299250528874682 465037789656690391.59875608201132878484749873699881888866113271059910209584488409907885206507740303338286469777647452841279108694822346418016947317489253051722739973620012994935994619865001211656313292 -329069706401034238.83421755228356772205007153947981257166921147555899719379379227268232163011177460082066226236462246653416210446680776164031006302801471172013335763551020391673692501194723947425367558 138528235946384504.3139999944028542371973266528598844881315888020120554627147022955199703890890853864581068732883349209889490596116401393972636373246728721561496948176053810785758863279615725625207806 -27865483271879529.605431008800323011068788284732117853614290004954369244374323509442823717072995545973342378419745235454612904710927489724642906950378919694213386007906551409315709097661073123613320077 -2619814084850187.1853534346632310056203436281738896886319598322478193907984295154939052557550173989969825036204746691229965041989336265097370518381699704695494165141289450285721231611617976352684004904 2706597159312125.0990232609399255598734309565555695820265262353524175591555586888237376539680868289094296853267635199061818886791832267030830267115155586589128363542484668554720152471006467172838200778 -385361117095185.12361908985800396118002757445558563538238871357745871388561188740308119402576492728982427189267200340165431091716620694226107326351001040096982636134343006157839735964085078184776721637 -49250849633834.091215286026070225537894545029848546174949154957522978487451439486329632579516194695227292103109612661075123079899443805849016658946121814272845222736609298901099592125384153985524658054 5718650354813.187156437808296459928285074986728822683883975899033808867546955264243522352299811334069794278614578562550783963879195508846631726004748527592928993900895958216423740063117813848041910218 3900621173048.5928304761347056004422634286769895532985720867055360622810252128381815253221838200362809529960164702473412572780190918612343505497703708582138357214289962748564340765261985435935622032917 -385551083298.78707929822007620127383478216388729920958498002243342813307080759812834964861777239322068201017712346565992356204534228701844346433109156985939173973863734678163151614259025744664294500948 -37449616672.028399274840115178856903317659200223554280251021414295192997813536580426887567798947443329681440334549799947130036646139575554067050789479369767618747461848841712438674392540364253771832594 -12999034200.011593171188035742965473596857218109118222732059259893189599131009467769386798408532343017932892578289756272522616388647124699378386756655796566640598904652435634686279062965181340762454408 1398639636.0937961582889808488086792519530293859774876033466981988304027925714218938485454005938267372835303114364621314472942180411024938876550340728587212427794936698468592709086370648126865092055271 199503287.83579362608348956762297543918096443435529940342183076043904287255699747822418439316594426159416471410549876871544179194829762570529389002555080553518615839321092774125871181250098167129778848 11214241.066537412087275347345018588099148738824622428872850521207563875702389485321223922328737350575740066387454820425303641920275732302842241882140471200709461266927361338748938911368741817065166931 1942744.9791159489513577803188613782832428823762986640771952310142207899225694008655108178181938880962091780998360224141748348685041805403845004640330782013129160353076649852034074462253322395755402329 -257115.6705931670235396182611190456555787153014789440807506969256109066067210142610576206692180774502693992037612600066100655184438834232798830660788731446498495718441988129143160499035311085699980137 -2752.2431888419711564188972031574850568085899875610256763228316744423358052519729932945562198725378695391558182579184752137101470993832366367191833494428210845897301514975474014031695868804944457226895
0 10258921260588820632.383216193339836159046255928632725700871578262745864545540481454266105462469236686515850507863098167585991358919482982699239457056689866328663912502737974479742830593728618068826169 -12607933619706211370.657584030148184099599274216934671048882072727795510930156656724004175369313017565927792170544162962595373232873446013074373996367915428893223601993997620988419495467950919023382635 8201425437844455200.7393663724899033167993234922002003930287061257837155006795174483354959669986016920606056742371794154725827992776438259118451257985086392295472269726975393534455337936034006275463245 -3868991161765392779.0751810802422858583608831334045177371773854043702532618988864443037609897879124846590807567413605717954051568019573048596122892456144899474303496845528166342130753566474000537408023 1221544796394739749.0489255089738028836656463941176075523416454334013548234942394626659943493213792564329250548141135478380212670987650896141797175004842867905578834382214240405023539772849788365584583 -196574715846847056.33316310514849396115899707395353350838936263551792204339382444795575709218395376118578472162926710529699984201325460281762290738860513444321458715342230316135106686566935313296913961 -15401048863660917.816151624147925607876880763898763638382894660908849834596600563556256885057457378661770908063434936045204609375576063725561121139161602337120420613874303800251936238574273691495622805 13638187350455321.424669785801397357188312897743970039845565908189432066644558071602505460335669547309179754714252050042188445748073000414216229991032150227787444885209662339925459888713567651102427717 -1699060990143482.9254473131801915547742065236268141029370647384085466380341184430186182012843494075546867739248606121562985265083991442790847449533620846953613260524773290511787071004564873187722284259 -193019982970896.99877148025873015814530067608179627191917151362891420841542347330723493614297854314001279547552732423942115190871138396136647203329302668601079828070339577135459415124982163463740974026 20170868138816.194083311602058324135579302621054636606482260767962574325942304309382260894258882247015826464069749249194883335749356106707346125361667926755327906335687772414444825671772557024093888108 12507546453481.840522501613238881940601759092422983625638635985345348505211091141448659104773118839149203654289172214055136578977029831536215902177071881529937627462800064377679605296133463930789345013 -1133265599486.5721421340058984573253502976976410039616082251459802061796605953650592126509936299355366074368321538901394433761889178065008398071622444642263346214533383398908929063056721334549276650721 -101609668738.51631039652320956631177015520084775774774920889383413105916603148928565777206332993800718323065455193618069907720907855912143541676232365872106151226153707752888471143985574497741714783986 -32750206838.171199803699880855473416590566555932652203931781146938793643722984807349610641180095612234854305342534975688215007767341628635346443387242058651238074692639101820516975989116211623249587728 3288861255.2847207984913710453825006011627217617066524517591057614443707713931064321652490205979867348653831321873162885591159047700882885176824098123650001845924808658208271438050116185150941410366119 439805885.04152783699565143611870603352391177790756456314849908334340042989094014425020048894120753096589387502060656374252903332159798651072552302037420029850008384672590042035849304998738813943157159 23267617.042582310803836087946041164224012404786338366935895206006610356632086315404107715585477845067622925363212651796102125130084970164632191400303088200710195837620831000925118453000610152412729417 3806924.0046582507164848833553185725608589181681497208217433486015306742757884054448958865623604457849345129735874975280928709986551258102268985343900364688075174902266641013543747798076833234801874745 -477315.82730943142742319072861470250600895613795453133800214947664208567526152549734218585696355612599130420074151808551329037844678939009218173523579063590234606070609355143517575569605426679958883554 -4853.8647020623276743486147770201872229861507778724055786102000627154741790305679311936846172310481683172758198141682493030963653735574070892768898225293983943547350762906945847116785435181255994790577
20 5 4 1 0.000000000000000000000000000027595804182566716324741317004970444918712460733642508484524355039718289607177325863949310084102655784067856612613278253242242793052419824039089928573716260449269464560135244101867329595724734100313756 -0.00000000000000000000000000000022871373272064337826144891279492757716096246384823736105585286369623898107539648903538831536486414707320760826102698012659777687466684991458306351888121522448414139640625866950565722600965350922671189
1 -255689661084328132.6419055323327530332346689198918346544347055537613562386665720753847063454003635851119431788207159198412892893512308339723028863185771385718320391413331380272521786786422419307616075 333112896993390333.0782924818255209260289621147188847573556146368620767428979585751999696532388982878207126020562488449576519048856450347974386755103791263438084660728334053343354756473357004900377204 -236266255300986260.85600832111526515564783083638460747362243576986127769579160704934975847367093053433348065693508231186130153740101665391780733122994424073485689958205104622048035708879126752124327388 99788245018341816.483582084135147726189686503302966544585347716839950561179587448165692682000776596572968372157025615261141637164688197738256878234609679750504787762126679633697904957151012332602403031 -20158797002180665.827991611589270576011196612792703185538414064619513157929579778224067530497415073162568187989311732778454796578190912614084211623441789079485996249320598168301867743755027776970549094 -1905340402798350.5546265470538021664672869444634938111488065170346290757890351816231345734535361766302215100034789107646733642848886576555605714562123601986719003106751542619207547588826502308380677793 1981068681071781.0313560326312963910423024960873089254245682514143049825292499966070734481628108160718366705555859727059773551465017157728930888170800766187461224594569898720376962467966943571192776057 -284194749573897.12543861356300107590141606751120979542951654687671666835609583410238154235418252844905778693249740236200493678847891857757358574732457379271747554955643342150377972504165521853825995831 -36641113723057.936985935750282142837713192634907619954421717741831148465740559331564080839107290376530878385687978654795479579810971291812544189434683123482965791213541188327202353439983419810983724429 4297689898749.1681952264491514616439990239275159282790068620465621317490857531924630251847829619418994579451498070338142669785095325761964310328088749220985679606663483146828376985800735075732293467489 2965505357881.7599476981571458640903134640470791555483645197497187456648593814341618039539644428906739027035399717643324403476345734683587443599782860670631509880542918707588966775046044031033502995557 -297015745392.28639887809857674179452204276125460762081968938201490963046914761686278779793509257856842168818330299373413798732806696512056636312807995350236843054472841879987213659873860560189797938005 -29287337939.039475534720285957499876214587804546024230779987153707704090049583940220031180239536094446595174708258075229983626782719328297688593374260319188874514105104793592781892513970962999533938901 -10341968231.526749473877661246883472664527957251093989120669733926152149841875982268296954543044851364956348995638941043691718843151866733515047778119545080758517039113769294196582229513588769268335458 1134871508.8469855408532726806547454772231077375072817874448037803454812445450268890991984917286250365384417448962236453113850649200902353085541944910391453380239768536908318866530553516652711227361586 165599087.96679767371215147680594780910456885366546036631579335375058990435104322462799739937132353481895565110014692102974905471811809318129260429682110048318678324960378425768931537533944921514806508 9558655.9916909077056120465758590720601899718710325894888029196723450074785130761263842461712952720499215185880006785253741331680295204179204817642043597112346510156399886489979732827413072860679367873 1708955.6188113205774298954526635415592670666007197046591466602398428287944659654254299277814435333078105552476373030121462124016541916838745234882935656714351738182745719186506127777685850721807450389 -235056.89697037770530566889137358512588207985978929097680017327789246424732438986797253039605523262975663101753451225663036996987036850887507958815047545766852906196719155431529745272351539541263537744 -2643.460450615917608436083770543440507036105386403535670400617551411686956148753510772285937919895032518635623767837014575392126728276272251485860565172004761165513070727126257890186888348544247730468
0 92341059469.127799751278437084742522483478720965802191203205417886585853291038421399384378321374124820720641518619952663629695124677976545422665871393988088725360232223978175094036065386447759167577142 7357601740570137.2012967990063162800198352344886619247429005416810868915861367929837331375433880142287807278040361551955228868787665687674312738557478635694096925198293808276614642637843170033213946535 -19171212432088371.36738385973255738366811681676032358326336484087591516150012337497240441056314319353093479605775432853979286226114119318556929367042135178130359817777265760943456280271975108357357338 20396329648116737.485042710931040347216678291234576067202657504449990988259933184959065517689892237051392213011512638067710803567757374890089637025755999867209726306407895004472108462304142436775887697 -11485999025958597.485404488590556380917561718810252434978633916501270102944056542668349520968026809629712263330512765730426490655497216200310016518010815850089034785791016521319057598146421428005383733 2900441899774600.4034366376445293081844312236233677823556246851466618885158022427020434838929250198376910058800123241650641772301719193541244638333414386729921880969847937003765729182530720490871271245 328967859614950.80677147712325869889307735632464766028331722920697240580733679227625961667807907195008494910028062997289229176399459424315665037823194944718665410671120565472491755308841948526241012041 -399049958870826.02895412335580698992969831671087399686983346371382735988517122727086318874428987037597678877704350010297558028825555670967884348224711085854251268617848229946245019906554580259037864981 65423801465598.875102779034382237486721583677654906309650788413370739000038493637823562452364267386224192405641335401108465478470233009832502916297233650026573762635900753382135403332192714404936348087 9489447872440.8176987754322699724581869953422156247491560387388857117347445141119119550218710551723632648349008888795966775974288831958238815517581779128195362244400598412807619166141507690089741815305 -1236701453014.4735108581815742368186355312253461080574505256533939195158463981144556936321133367522608525594713266324375257459487063811514766474650905417063691696869986386358412792310002902384857270382 -938687894317.46406019240346687885037190321602257393608776308612303522382741999188658141378121508203807588938951476814678941369440667348984981110953554781806483741636808336652228823491258368850749021282 102562963217.81989717396487426626395270024726738082256232885064738973985691755090350198626014171970168606351082449745904433024956584127219993291097115851999212300280764000304626276127381974336719277535 10956027500.862484984149361723968186885331966614388892990077658236137810698965666997093214520944516862543381708456538224901172737746108881793718078560903161501743738829064469385121844289525568721333937 4166401513.4456369193835173502969581168599060381557427667202877622475875386931769552346288181230791790193656551219276762011656051085430915164171099399861032579829666118272673745848480707828702741671207 -489855355.84823839069319638283379645499439657652686082109925181319618783001019925336821957690183865017704422830346023161446731092724538459963995990056763387131804476217726721274851037062656048595347245 -76244383.456371002419402894349289783667394270484740956293892505910398769257623453317817366179006453033974234203760856296363804036169169125604862955219841074021306618711883658055889550374092567283202225 -4676013.0484161432704358008516312392605733275136181530184703758169109057280504232601812984193413758566480921202401589260135008370783799092446935254640568180299603978787827114843451824188983266370641975 -885183.4412052975759437402239457596539917853691705778650655140441344101112595605540203096488573901902316811552497695197629621811114357554667191462045433550657722983897416286387504913398733619425121948 128515.83038025108440751655373031358919669459343644962989055552970729683551935114624194130511827348286215218201795651051917689740417857433444495025329474451676344350339661702114141464492514226859796747 1521.3631145073770455751001422782788083427537010133876374803516869212216528755038714190100123637778459989708033136857497157878074019081999231250520374344990318075958835369650526733188661614082170433087
20 6 7 -1 -0.0000000000000000000000000030168573308299880704046122500793684543791856054385555241222528561342136889500199514564129868991024809295711985568862044802396183221420304802664959143675544834542012341291870858613014581606872657578242 0.00000000000000000000000078683374036854705177468630845095496940582205032143443728349904473088701467334660195945273949563205186532541511280568612655782751442881467306041573577941505170467513163383750629859357899703964197486004
1 268166606561800503.80468356766618620083464493484635025662065215546736967268855620460781026079132216350887627532750067192574436665828031100173178591666222651165053511983219268485566074296090102842159671 -349318043925101285.26503069731075411047597529967684820250842709042855481790912295459167714950595996332086076878147836605279087220992371789072438520743399652694987569008670940715370035230802362358728933 247700672238688459.00943897666966349447219288805805626613818945025858501689059961930876480953006910247679727883004660472819697270405738705882650359465902879527344132318077134807686778039510987541736969 -104582107482819081.62374517754185552001892571737245492495143826378992251673756089791290738274524228228648206932244651951881575615609357857375934150704941547337098217631256561009746049776635548502931707 21117859082681083.134471221563000486312939790704371038561515907494221922599589434100718755696463623022960953512057766583537389355361835083203396034611118110229504688414669343563968572949206298934646157 1994882744301655.5855165387441951617983400197865910750657911032284689230265472665506408630119472163715459877657730599459682735971551160375070220828374573891820667079638277406852922058382509496024035132 -2072778169504286.50664520257030856111362393170892790963973992345555726833046200731080674080374505609624260805137858561057707387393006931224353957824506067734105709131356070268349581916985461540639813 297113658289503.80538951108337292901122001553137760830406384048882785650397932036937251081695598651697513132942660366033066549829206906226032854250787260698372202464873540972924501855183440857215120276 38270834635506.253351800309032676036869731481229409247052474652262859157906400748325660606631217153159939285524691146190898119301449690122051270197628721794461756506902431743396960571745237195171770314 -4483938710373.6540381907983280957457977285507056412053388630389036522307032880084607144118508296728910339192800018026564143525936596650022588076994565278386123614451603977088569731692372894953439656464 -3090100058442.267335146050608885299290091961316231157832337270155620731242561498231390703211575902726065369281215895047669624515136280811721000505148035065094947263648433675462578827282357957861522276 309040349909.05776917838027849570022126194388880593734445117052671236026442683854836401763377110979638857587959754720644257830904080313738511940721829016834900111163318274250286856494114635142311626614 30421130253.220720915615593112502181378059275802909131338096672539848904714824403609842908874088462169001439998377956331582914889672943054159825151802719313650010754753012958913689980460825345879571239 10721026521.328040196273669880661606239657160671064118736651718690233162391615673055271931323637874994958138876551508943886565817821498159608109456891166909271581776977523475015690400558030386943125237 -1173729965.6753453914857687683567423940134079413839772293679344729864368641122365881598831294513415842280021825266623237583958133238089949426064460010403497574016789873967089510350710096695237076122311 -170796605.20164120884634549146169732648775643394290014883884139089396743104737461612794849349740907582484625889899255416556182600064986622310048275740627774089760922128691758583255137184247206285357442 -9825865.1292992256361294255841746795139848436075845631859616990234836412567475465125163821665323900279081817598016143856748498618640511872545920999574441671103206508866005499874861892208881806131006357 -1749512.429294984997292429477396753549152677726369181191364545438272481360130425552206329746473660019680075712031419827298534792334987250217215624420030367694466552295428001539676514214530270360546663 239369.92141598688202017452953143821110273872510116187812861020056489873001160661471822085045126609574514452732251996662458172145414500161522707626460134125340259383009639428561541544568271519503627617 2672.7710601280027290875260038518163506779982891444263646226741887522546113548414848835677791615715487412624564176565854239933798682268019653765061877796518611604142785027506917379242820423725476334047
0 460359466542.6092939579323351325594434033722800872578968183424173107561233444142323980497120504547313536008375339020904040259362827893992552667307344944636920152425986103838907425035135464295076796485 7278976038344459.1928340988455615647251851509618566725629704046565183694236237763236385465810040624320638184268089066883438613520186009339370064176541733376162687316885515128409631596529557868454918173 -18964523565431942.18202124916166148254083730668605568880213897105478017425721734748167396131079877524446310619961243974639162550632459300672961741116975538010766971922605017387766902048723522419454197 20171772121179185.279625153761646922052200004302492054382659528524456432138457814952121058716975347589674430303380541435170880027737795715450625285899842083539284838528581369520661103892265112151082853 -11355719025019399.749698467943680205361279104426835314402881309087449788688911216634547488877223811113470133496750041965127969501870265480062471896215943592526544982151425214525589356052124462749714773 2866275377311149.3942447168608180855965472740950605646122412018753414419589028107933851827173672159512699418160880095195112826169584651535814488134122224844632868467786597258888509865243017218743723883 324912980644117.41537684309752893499944952953767715494079377033527098057285088478770955002125831643813000153601080648300655240011295463417327856464839076557618591110991216923224667909042563654837756878 -393866966644599.54453128969370931418791675408831077176454667771435571919962041144208866534247146788031634094032231283847800226079540180200398103044193998162317352539470383809229292246622272334435543328 64522541228511.819691996727522191172005252168761611119681762431564645394035463657670966419682687760538684327371610454344261916369130649855026564438260807355599846612545015326332325068051263668298971188 9349952856613.7008043473843391482142498298223245419513295365439169406256630377853089216185276926827426136678208242722351456466875464679883574544707117372512042709930708626797617751827054795290850569495 -1217191001698.9401180049921111672144691053215139187736643047456871950187805763874840470150552401647938421528408983344424591134475809010417005329031219234257199182006837977016243359867270979017306769019 -922708158608.62681306267005233529746953931904322822706139166497675326975266638397572962231456151579057370661264038356379541068455342319692889218438634018606079598630509650109789555393516503654855848021 100668969092.13805715645020824466053343012780467176822683186136900755215807041032579713966741033265396298953256819403935428080796163910999292612050971184256438411176626345969693008891071771046452447009 10735392628.890600633007490423771276038926128414557671797412048026028084565074595777221641409592454169266580748419961488256274432931190506544592320665135169725181920688474379501327389018420980006638627 4074400172.0271235239513135360003660345298336727792612538035587941394937419496650452703079582200780741602196024391217320724940001733904775933410512015529119012293969427509687285722244442937336112845583 -477923916.20522646189861818024518528105487453009993827784181779596313166922464352336270954012154148254078492694344269750026246170671707880018910993913247069087865245894500362787291690593734805836985212 -74182004.504822149370393746194642271320101867586126877860844968187818869738525407293421485650073719572608453677576279747627225008356221435756311170499012482525329228171180387079547992589381233730762356 -4534392.4107353886159705803362806996187925554196017256121608163279071289997115548858897602978599563977762781148146713652004682902426513840299401262385307385092383364724205641830588784156873916092065063 -854848.10565618823299311398594379370657925033550381732578168016125953209193882955017476719654603917832030865684783487291574748644037517856657710558915241637201072715628695730247063332001322299604223442 123458.96480472434936836123468463974251572038551249945649783525210113446655085145761634533138656288452998364958859574770088562218803199695828803645393198339154699562498612651155607221917992956062246754 1451.0796441471682994220609561011816970576502776619870151553448036335657331485906738016541752318289279118558155634226513180236649180285305600862698709695973748466537070648623558670125056420069904028281
20 6 7 1 0.00000000000000000000000000020656156369460744890607656757528491078266590335216767376447848261054978452330886367608376198157220330128697593301893640862603810614220547522470386616751207497038689496972135349161109945804860843087845 -0.000000000000000000000000077049147229497430124798699986322791710590350992298480943802978061134667214990975974939810787854196028177222600624469795524392971410551155435791925974175931469116969440133592175232950657072290080184908
1 -353367125458795117.05006142905959201974321341605766641536249391344442844198517871995084647919965802011250241247141205327636240998105233079390265482417709720629361396099914974013970412532952234638002046 459668667244676440.86499294345195054488935673263739656422938310923527850281054585140002777891086818274639138126900440456865165320012082485777909518094766624850354049230924809048788246834713858002559005 -325199164509409950.77736276958446330077836077677378100866863255433862444439420344367100885292073986193269578175785398192013308086547241589408365854525115366380863111825983615843949412952424579596714176 136856409685298073.02932126012730337486911694664495262989704864932681802014677523435952778400866161565201974279106988647676665512052204138429911407672050269353153932471181996488937120122084629990084303 -27518049535602624.445725820356118946272159934754152246100131912088884355147027432176415369539713061077967268844693163964154217980035138938025848734767957139221148450962206323529617908448964102627042698 -2585845580399949.672371393048098096198290739402316086251549784744522856712334190714480494260733490169642183339995988424933703609940086979190694687401742744173755047253800212628308632451568049457851062 2669874652546177.5058625520351414494656507671550143119135619335002276881974228794189187320320407132050823522880833586840198624744944249727958909210639326536185400217761806880841570751866849709307581752 -379857668213551.40586995713495107738115885905755661169581585259128556829210992191209144930117389049901466621792062795028731005128492782224191860492413944054725278151031551730218482243628916474421625307 -48506363325214.050854531166558056150217554080478857595390300467682614586014713137076130096725267957904428934391976210480252512965410211364293028706238064096291007814032683827467937360792341790413261381 5626666844067.271328328946010134645198029683482227971150238593336390408209743090289066332818337636226747140356568052684266601447641789593497342329180567524278978631096184314765620584429720521372864224 3833520261640.3081918178182278756723243867346596355052481843065656936160592606823528308424728319818762750862970387016802599492333231362707730581181072628688543396370203931142278530883939318207816563697 -378422482862.96214422007366775898168129581763432193265209938166768406880931632738935363773139004333231603081513111088328998154894878368635086480915783557479505742603776028779011398310943379575726492598 -36701720817.043575735361978552881072033603915828541309093053635625512195623588914491322467064814210559119481907915694883378038897999849981055968571058971400419580528085931944929185103499163963908495426 -12717209152.887671277340707832719769499955866398300207972816670258830988253294912859629534037133118923094149360847734020298442296501736009299623688200587250434430822998310819875260489453467399664647472 1365541679.6643294210520798491382953767283678682934973039603080162376624240197835912658191557828460021880226094730189042682740445546566638264653485906764158434162197171117601791414885947153137845143396 194318859.81667241741216763438732095952996896230863566967632789083296320461147785293523810446637393594092988289867207701665945658717863392637299848199832671765893233646599700911588651503153769366507622 10891928.078158312137162055309660974252502326539815508212093332506340050401570430698437728831965307150246164180907214335597189631230067384408997249051782290765892663951178077246495840123913847585634709 1880430.8620467170466603541062703248054034982761179878341767826227737488168389098593870027521327979708729658120842758603834063005008906845795678216919390296940884633548318399475711924163420702062983976 -247798.26522761520450522137022389268109961304909841296731216056353724968038823208453445974807584292500655251515804228600354256497642194220867507182920929627187856699097194836784457085276040367489233086 -2637.4342029168351248096519186212078190796794481661211021802866433883478961852563521165743267394432025185888017481890500724345472454354504095641597022266619736736862014228669764297699335584597640384557
0 -10719054163627728840.678836450059422560379654735607063534805647112095135927238988069272922886618498556539453893952615281335732665050959836312197509425506829960271606468154819334077652246126449579103145 13172853521867291007.278073850621074031447199986158880878260886953490491774679193023031085429140740906422647238833242104792871144082934313093886543713307132073209256969859790964659865829971218464458299 -8567786270247040365.9583174827401410852361071785357438774084409210414726241470708057258626468996301192403719957763582452089537591404520368060078579769797008231982433765497926293330719035188929177721353 4040935173898363926.4735305148305253768058078185339700367647784459844402350177895587698935884525983378905993404689371326114084734131426046550340455571131840195107375234674086236081632981799522132947482 -1275436573424340020.472111329335405172932296556426691315444125521977239681149389784009953088530183201189277381999927972784201368812932155103819875122734527161738268031874526144024162132442715430660503 205164093971974002.22423225847901147071481008200556550865239676572279949494647768786048951843467399608936004873601079203528838104620237770050798908981567159802677497528411736685736005393607883375316073 16065899508093790.404294861747319479506082673301188469911143742856964913935544846251648224119734103758346733830112180488402920021746924953247498124650600412044542145017970834779597123345456531203758948 -14218262857475638.740512492780817042750866496859606901904389597502263872841740897443763644704938726904073119375593862049643727871735510931161186851105119065538743966576397903015257120647958537275495436 1770046247529211.5655800979992921872054157831335418394922820143607863081561325612284682614159439843236915260494981783921915810558209428829400779627388690128352964384691470114146267468291962189511023335 200913863077608.67286627272273479474875371034447156141141164131919346517191208809968044850803456337624717885885974953454546025020493000644722488899903397013845698976904191445470311261650800522317952538 -20975141255177.193689984969255317277676836493782276427536286329421344995693075884231875048197074301338669332379512811119779088669759105501813146217329699345117174085176294214069958121799808637629178182 -12991484064353.056633410180446266537589440156224572856029411420971615946851061056730016445718977999914880950648966557187671472733144623463865296244961807996466932297265028387175241901773216965702002666 1175572356888.2001862742668383621157864182286123060845292197364060029396138249070502796388951880076754915583666980119793268198223203979414511358467715426575253125010341079928603261829400231161003598585 105243855119.67005728298760977839857836716979773428257313573485661483709347521432962338726312364819098113781374759783544912733898446647202809167790283911895237329547595314440474994095510389693729887548 33862377196.823385322720467936256179159112955913430255579888104915512351113779817669019957182134710469223039747035054846138533999173554341608734422743220146237420211252202542610706480451140550613947131 -3393652399.0631025654169434335737572874557723368324399822845778231315756768080363105545935090384546039338959389605962352929577628016306336236368871705902472023592768756500327230858804206428714312544247 -452739738.84618368644728618152842493973727076679742486692756850038387578269244815487709370641412114428523788318657623101311831779019155844129736468750372618720159042611369061715499121416349774807680986 -23884132.780524706806564198707703377738891806773325759555617020416011822450775568574198320360717564438436625549977536346518416654777102323245641610092186191828206553094381321170322069110388832106737257 -3894381.4255825121970783494219063574056968305479006494138213130921583599081138352953556875770360754384606113043641781655867741842100224860107531577467256032841353970973573931476504949954704483439823398 486181.31631180553594117183084382370218403983029056450355931755031688611259903436261535123305279619645044633191223936412817939598045922284381758854588038525737747979896156577445029959346899958504655451 4915.9247240331764405310313050177456050656158037250182622719731514633735509190668729511907825935544629706129196902424494966770203448689676522162857516225791648671512667957360938375475214701014137418056
20 7 6 -1 -0.000000000000000000000000077049147229497584119591874086545564032761670814089867353484206994295799170303036907371708990966193294001449772992592122027758282380927639041560742466022820450764096880600042950099243405959773506810443 0.00000000000000000000000000020656156369460783617930181837268635705030748355623744926598451341387242059136945116466889099043861102601030725041238678960030981024788894197236739166180359723476851428213365649182936374565324680032304
1 -353367125482332219.18725999960789574343189505032063383456978885435949736831052234376050994867444393315605520770776217945625496618378757175880318829293308303850485405109957232745541554672600062581563181 459668667275540947.29020334771734771978024999849153892491795589076272173546306869196787144231240240022356253186540716925075765163644779645959594867691918061995877543200484251317744862192880077459102801 -325199164531538774.37536752117055175643852171701247341360775670777344884057549630514367965145263128159251125656806653307319623190376622040338007749754513493987514784551480530571410134251724256663354663 136856409694785525.20148704958622375748902627172804339425565846963256614187959896261177039368477892168100574323104070752985588398664788826890861730381713013060916167599891800979016243864096414803689881 -27518049537556178.668215845230426524310412329427341267894799459554394232485900517840831685165332953982193469356856372076901730492143979653560932701616995855650549323683462632405227257619503660987141575 -2585845580588898.2412755318849591883685223880086149167807779237542710748489026012193813067703486259165407897264587847246342177121204368973211577565642397739919355845372456644043625478972844874744957611 2669874652747984.2402303282240477442641070052033555339763717610550726582956793248698558275276516698468481553806349453826664812258045095270431978331617809639503954806500656526314414596443848095189813096 -379857668243398.60003013216814515383996297842205278347776651803832051071201254492729847644670043708066961865046999351968351158304666112036992450403045682619268801860230585640346430360856009574040099486 -48506363329195.344949798037903642263019439383138112359995384870662679936780993666436033008874341450468549557244399522049929720883371050115738972215638340085570390454807733975684939689052989721241440844 5626666844552.0114052289653158718732060779031614044041933311019776716025078470834746731083247319727539089059759585776464019478912779913308065203342511059038701411577465721507942970913074116291645053171 3833520261988.6302160862319067296866049886335753862652041430589018338308267159979506161526632388646310588484872775065840640902208229896818436722493544589374333292732421722676476761616449743884799295916 -378422482899.40490091871207150444472313481262126693746474143754683357677938835701033460443891546442733535930968718305139878657915976778827239712115053572790678132227958360301249587543083045798249565492 -36701720820.808616835991658428947949516768624562165035237267658658089655444407850835274541962794285456587441323225200033294654167035757815151614807241332194529507824708638347275924156694715813791999632 -12717209154.284844716977660637636662489393281153675987461803299502108995008611947591807136578435087088080562532916800974511050095035282040588663835694535716462301950879358990825261158035307173758973065 1365541679.8259416650053413691792295591435656350273755166531439856620153660493793076691121671213851840241563187132954854792176875669791645101875391698178898882238947592119985881757428483621891798451659 194318859.84161043850193113758839102904267436103617517819302560727743890119728813774196794838577183046811427868351871121674054528271472818719721687802715758163548721508931815956026047973568472560675651 10891928.079685957206385952710671840930130668278221237087767963533755539370828477580600807927007867286006428486111162335439426780710625957857197819053956779595715618282430485765797995242816717564332128 1880430.8623377889563808481107619531398142263990248998269140683394471099753936405581036735626265023528125825812141457563028782410587280887501008015071456345843841139435262667894920504240575530595521078 -247798.26527051202158006383133444489859855425626454949536470752937761591254086368433970524134965586052717788930249531239700039876901007275789253410926085794543202433771689736912618916847519796586737944 -2637.434203437762410582800819702360468997564771471025896062739033871900685358922336677837527550040305028926638512636917780351427476278357898402074502370155828047579277831877266604648916449313691726356
0 -10719054287140582704.412341557835597590285474986058117035122265835425773099703158972066981561577020371208716550205427744013778743418745836888955406239411374930808123784243583294535718699271870672567722 13172853673523459839.537391087469135983926403961831079092997321179695891405654288457799302643857886737963785968900783360940870957423536395413807441310401901221005337217600224391362233553969266686018674 -8567786368629674189.2417042360927417218204899780227501310753333183080998823577107798172345674279602608603342345591319378797046836498539237930801155870737244200838746287212395694822052180125011267346221 4040935220097548097.0096547418435438359107539926204135991263965878745639845551618835262090405779949549614704256462132047774186124138580591748753101013888795084842872702630446251449742924430963338472186 -1275436587916271474.9342575156113033431151841664755803705021114098963261092610183178844876298537773541728392564275384038826878659162868318506547860322560924928660677534927650575113193102180113451777663 205164096284391150.05931612890067097595806113267253410802883579783536900571296163914823206423131765802140053538433089688864407896856766977553588484860066061307238095988161004973482743004782374948029028 16065899687364478.631450811066671184946455961567818637068889460823909580553479075005557069397547183497665109517449891008773281831704103359263707740657267306339199423960004956979088797266366855994617626 -14218263014215537.924445827375243460575383876358923916691817532653587325600495451391297293580772983280974920145445111562988726031032678347784490776566078328024280802238776049798311212945256347142554874 1770046266763168.4158621186137938345781201384861767460130071367173235778455613257488731306443450386424059196115005219718613042011324919030549230054087004878294449436425105712781019357141866353302101227 200913865224362.31051309606324857523537760705582710310652963137973996985499967741238643118265457886185435712261347999084024096131188447299062869033733919460466567929221937277175679684367114705008083739 -20975141474960.908566414942405577219208515704357966633467925615548528162501597154545803726041516944355569654258704167239117118290891233537469856242250820117179979762262683220741083332435059879451404537 -12991484197448.063449121306384002213681962439719512829536861606888621172478042011231127254353738456709744729076904291073195598604105205349529231391744412965955776113980440683590661080003396659922083957 1175572368623.2493476133088919329666436796612445248487524177082693368184427198241819263036898334481016755739377154590027702764032378807975254251976225097031671437967185321222264661353379868174684265715 105243856139.3397829193515598449621098712732870673437016095511140663790790974010643356800108914899392111949264493204135130251673260897203984271979596230550090398564070886358301483846108998597799328174 33862377513.78318451957937367255026443300575350204542011105260835912694127364407090802467164035532883767464779842655023025361132158586641614109864937825161406417698329481992359488383709526274172460366 -3393652429.5821604499860354984678005966549752543382297451262559636832605270542481022644727605798451507204075338563944404814725403169903126527717753418022179009270637017387517762808121920197697148216321 -452739742.73123878096995462898861634528821058955182010416774906481811574848801649034084175018821689132261418071289250712386779086427618261619435211800417952847882213666790086507993531670200891394542544 -23884132.974391435333667819838530514378320488726035045458209616914750347899731024798171246951409988105623119460731712590827144777295440573608925662201497557190325582937842124503924350966385435915634821 -3894381.4551348202202140547181078548475206361844598897890785465614825280659472568354560102952685082428460951912867996935158088044620501544111008521325301450465179608319573972983718491203250786318609104 486181.31970369022894725070165206465246869400279674862245650752296652709529171638499570711031081643286209307352449041648128371015078040987095216960908686547694983350102042152372594260892630543111750684 4915.9247547397350488784927875167859268786471943918060764675714427858817501920025741416523383025482624837787005499067597944940754466149706918711983727388078917245504870084716400392568548163549912050163
20 7 6 1 0.00000000000000000000000078683374036854528243622525831072873885199069904419309073712904637414401354784733667818728835611598565337084481363234819661051443723959563906800615380778162154720413963476029077729706816198247421616268 -0.0000000000000000000000000030168573308299816954499013335194303651336880423942104040110388475260394723820054538409813599304634091018542146008467892088223321044238369423764677746198796274025020039203744560420942383741127545916389
1 268166528093685772.90797346954023165207035028061484227030723776258895420569743229404822322355781280439932808658092695162631630131845942929472180626723650943674992501261527096658121463575637052724000443 -349317941980209249.17774838317936167795462778167236608013369895504370288056785764538916616917138434009939410562690790996161010026547632978674805267395557924309501990608603539539446782262987146131858057 247700600268820309.74775541263483976997151935993625240636947225713685606271321205424727390039224527812277735251672221697492926172437727634290741681062759195908888502628078375188088053293419296274215817 -104582077285990398.66331699827499748067152590671671422759369085933776011603188230157426073519675570637625274969383055013656439193419242504752456327770026502618960100916743542517785409790821586432294451 21117853034790775.718250812371534021494643423493957323374932483547776974939339451468482613525376722850221494710380637247686322596143006975415281226821303247842434079235089778637412802642643045526147553 1994882178781394.5756094318976743220379528694340508965298548950309810029826294852847547623713419227544367223882308416388189379798909856201410160348917375185693942716801210849746421199210555083462833348 -2072777589099451.7155404522667897155142290536362850966901856921121571313687302958927861717139436917711869465505021604591764518135354225949022557426222463494990833886993060147141693000574506766929009348 297113576302136.15030283882544846978327616122564326541990488817576254535038444859171291062203559453935849591725671020708765842494396107997655700799356502651167336426057327366188996839335797100716291565 38270824254351.127340138801912464236845885763838242657269713544484763364855798048322973872743932408224659754148110896439915699151068394920508952598493613424393503810636868466391114626587328764394848521 -4483937518083.7514318114314975414098390974883410228752501714629190153686613210650144694114761528738648492542526555370177673507197293269511226192553140775529559891940060120458376864534906667794189273451 -3090099255505.0404735645527404926911979222256978213764426603309152603027103399373059490852390417359750282604140328312255790755244215097153550415086325874226528180450724956531186899069178274658380545662 309040271717.21547038864723600522247181098005905830328792572651247651881197741918724926329854980115210140345516532531678528173448484921065354960552616131127495364211761311070199059906883996386767183767 30421122789.471382750631871483747175426365183804246020881910996468157630618344277011228654523482056285473318769766833147573687096673570367822763659412089745445131446438922293466993714051225305989888468 10721023983.199940867737981577388665457458554485283507498596338702599922869227600896679193114379100963196356770035956969157040480895638281451930864968128756635821913774408373405830282001959396739395323 -1173729699.1527365628010646029581493958267487579117901835969207524482612034220713836235260832989025169476966101716023684950758953433748479284114020334510118549330665966469591600723979192184730958262295 -170796568.28193609998295411566096848860040668495427950636104321683364025875981214909754486446400806383193502126840192989823084789304893577097078578210924885711180562202613314969734000667855993477007679 -9825863.1272239219986130377328499056368849596289628390149921751145153048976522801239080457283158122805401856862357298914376807061457775618078906491071870816541535612752750147758746528300248818293769201 -1749512.0978183631546502991838214040193690959111101722405554706502250639847634740184235437996569353649197270048283236873782101825630815435794108860881366675496965845674936930376604145725988227853367515 239369.88008715728611310794586730825564308262277007002742191303763025494646264798911896309398469829482400950239687533474605855092258910326576323130760337143617052710714543242842045807456841252030873725 2672.7706535608990357118050711732784102889458682846725988453793424796867267418647064757048634258145161757620439746664582998320482154930175953661970952882888477959301318279553253176566502182969656857398
0 327554833146.31738738241274379106434965380385243951460994774357468641821881104958843526393147456430187307258078183196953135818467765991364954815129296625690496430092532532669185261633352581228305962951 7279139189601362.2044878509230236877318926041159264657954152549337672049612927133885239999834957008898952939759453841536405445198001553602957760374795685356222770526923831378752604110842558918528536645 -18964629573696163.451620677214615601844463882033682731025946422989630710271539911536888719874257321850211938495158657286360849735411457335007027785334936176339296669150635151815621914331417965265283392 20171822034637145.003485381368222339045608736344600690032383121791617564377532510333114556476567293183172577382053289651081057228090354292580898185489853331802394628901694486338531826237437793035447736 -11355734741635726.113253770128027534939458269784640900395657289026135693810366776139568727240705060886458583759346643631906281731789111649644703731817557471540575475703601335571243014087215388641003959 2866277897652540.5645762952304669828707117070109827660757503219089501383800702268476716542065970988502508280357329776668854406507375924512916332097686465108732251857532419722110578128261355895846894611 324913177254264.54182784090953985839378637778670554847185658734041417452460068529364940668758829242313705230522982832074764184097890334123090542936731214238534208894322533842503978178550353447323557715 -393867139851284.73264621444517117090402255020899732084904567630976152814297080370290712083911364095962315372527895071253919380667635301574214799872394724903378342867756863277915927425279076939915955775 64522562676228.02078628648310197932184780177258949425921359875792399575964257058493527488319127791958086561505104534590086741259229712090254070889815879787116598176649418477579379069349721196596734137 9349955276135.4345416076750630917441322623292009281105699351568065265325457434397474733046985845012047488402636595699310798556507767658318659950648461370906322186745629521217155899390653724838769199171 -1217191252525.0820274989256343609911029633074525906155747107835684663698186742056687172806011364924436193778721125324326042696319322607132083675228457377091196225055784027179887229239632675423850230447 -922708312734.68799462668686669417829103737391966186843689669522146326281251020025674563071464674799266558698950325428120504112423462312412526368440612776620670138679868875836982801599861432392049906633 100668982914.68562876558924354711527762865223965930692183769320737150197034475909408999197379961593881796469935079213801333778874059211657239806244023084458240769444324354440257472762415046397259114213 10735393854.051961683253346472336366371842082878000173258939027632668624391560517893609361743349254904086920355219119586163677325473104892414661114874852560179851835756309150588207989131069911925330669 4074400561.8472700598832396827486452783249315418966998403460878430699559233891688884934147952368085355466455470689992032746798066953912092131509153206768535109727636306713286685425604674366300232581083 -477923954.78876085123099467084884660174718734603900461261012724011518346485711413053869260434072525640345619511656255043772574626760311418330396783218132559490047988526827852861549141612268560131839527 -74182009.581019179562376675578144257263490691798684725012742041212574486114730455588928216525792958020511963765517924250418191810655372463350343751541704821475389364275241832226453189103862108708002135 -4534392.674386693508087555863311598359916225924473416457045603214408784588005336824463852378518624851535217382338751727994447542767106880387514681612204045990123716239474982780210540458475035332618817 -854848.14789768696696149835054332400477823320698469853433114867483600935054507562057334166293530798979919270333090478542209285664244842323191368261834881611932406575223779324550655181942081257197730081 123458.9699742072123025886712302107691134298008175761161614563456123415696897989761988087412010665198910174963098688008954844647460463314686066744191556375623673696296322455420207480110169043529511777 1451.0796952303288867045920978426274985911320635351451784261085178346290277769581380275694414063016751522964553562063929371162468975563043023963527990230098671563005017433155774344841754107198303390391
20 8 9 -1 -0.00000000000000000000018874688903903052253698779873075630129958925075587025569310326174023941407597860611695811104935826489874169965577593283579893687441643327597368122128314044396699954103143845276154962406840382803818383 0.00000000000000000012483888826845366325940599444764325239430994809145947460051799990210433050293544592826803700721279621884742800141082400102346444843919811862770798365242501192804590922780388826061806429019011516091142
1 285925261774438839.39351292658823805109471375585868926566950430102331693573530165593469897212472752443463659271877889701714358234000622138360215944617434423596256514708226727184445473672536590780311403 -372367721493403989.33647602432727944522938345354053533487529719298538598891413395223013768685406809101292790214287570325841076291027183319968194172515117468038640052750141697825685574011378529237871078 263946315166652505.58250949991250767381219222325584360438838448081990467980490887349929793602868091828597047683310544129253961796836802714069757886056948949608411822335164224441926556793748666526055006 -111382144930482734.59592168481730152882004864998016943174369342669547870446366424284150569242566326269527903282531560307168898970712826336442941961313170164833075517474483708935003469110845946869284781 22475402573701995.26628563996377544029751200522592933360316041500585144299739668686469529128522700461881379682206490920441339479122346634252302722686308785847312059265954593479246938707325566598313353 2121291338986873.9917716010876661057568367669084256852456242441722328321605185216871352591977749988380727667178852263212642940045499464919030007769461402130022461615005432972219729356913802069561655503 -2201822313115102.2545901349392123804372218107516427522261618221479940729235530689404805465858817670859067185917416014647858681276733236150642813431822671465852892499955118105972911504806976542227505486 315219847589993.57281550572382811794373958284288444626234362964623024702897478918236551554988749507835140966291904278163971837950440477425571401861090052315084348050041648752544550510355775132184104853 40544090983618.420434361843235066638665922953206763404997094147454711024568238824780639077654345720799152149812158678128123072022392386025368521988623440302408765797563375294368969538660189864181242423 -4742259496269.2496748806806890058629909093803777606621810772774055526375373604523024782747249378762713685743550318894553879383396958884963797625645165599383610782048880262857912180876373031199318950118 -3261736919486.5845994003832763909696173170188977890405560852339300049361933722615602948669498362789301378990295591004611834018848376373109280318439688720853526994638012225200889405499444472442568596053 325469908654.17354291794998399169834643558999277305360476358104465791140505841386103682456504316754168091927353390984819126793832638354759050578807938556585450996156771002327536215951628292492024843237 31954912893.432486649277838174145752419332438338363164371765701969330264824456858352776161089325181051636197240112359966779254867705374416787151463743813528186638414580354629717281777935754867492530134 11227536057.390562129146129768545733693244543953152931704082755075537008965427025318531698757852770770286891512918762607064274556264167919006186308033778584158868074248126486500704941018789296887187413 -1224849107.8738614984601803356734361220017787167887025672693836417006216874417421249463728380824663741355426895428232313356569794658132432292827488902961101133094980959688719498141232085697289320865242 -177494793.78472003204175995523622706062806059571572968277968795976086987029535831949017969227746356144730720430631270553111255862846725892265596434300612193288978718468351088798667466573508322406269754 -10160459.429126391274089025148971275286701242192281288208560793659168777856943438961878611231097350979774429125551248743853153433794814216366753229186007134833444244786267094459414719435735470532592339 -1798088.4070115944314692836994212616230292613085225835832728566115334760355500923664979328616159367885233086073720312015402600052576366137641427395364184944756873875218890612488129669610095445165816941 244122.79038365843087285280064975609601125535774779083101711222844157062972899438837619869814698286999310968517242757424340727541144516057113439647429025946750976242421531467305527629888675749772480564 2697.772619192814486511823597136055243850734411354784349493796717707715528675167655762637172141535661652960847452746184664444068463458431510466754421089435146120820699289703871064469218196871777873497
0 939189725040.47442335162890476153801919590705504447952591320227776093245989284366481201003236351973703126944182444598675046139873072177332445023701741072527741750746287398089987354446981446593362764903 7013117933572196.2541248865639540391585308863186025043469502090576141370327092409353523958737708153344705232304565182050911281487875423058281752579255407012490774790482554242967908462923530484048402052 -18268978357313578.212496832142765938700211428712725823864825078452783402400068969879697065619991198806576990119794928394032368314261697934778510921672107508794887855525321233950072269745290562001130114 19424910517497350.504365991053675813951952847477588158745895320771483952860706927890949314793115884742046775825144800755908286669281231509395160595506591606865466626900529291145984097919481914745959075 -10929523136670323.582196511128745208934925567177649717957212596983133154389883889396662536298563807149244349220538145336176378075401272631155727324823908171528738620165078920761496169789130315730372296 2756796695850295.1693351185421169686111542365539369309360630152671831623492209944539355020710544599568747581162586754240134460590167449247693520086735824965321851610000507592139471070484175348369734772 312233646434629.27622925554470830674902349442334047974371906431538124287251802095424183144262836140512043247431926452749131510614971503785580374904683368888600856209054733238754769764797435368162259615 -378101995948077.24932048547195023898820122149258277057000746018527721881551576498907831285019785600175522615303921719369107561262853788047506809024723145032771221597833436821820602852928455928695777813 61863223823240.087982881660728849521262164282043857750815510597947348501702008624363019893391003294452029378027517388830308964715053632503501756909502607492851426882401095241906944412655792327692062266 8951572262389.4688501839284988120726278697358564564627922702007054670422463222435912866606582495483178533947491027570799068282271330982647838574208938289588651490927157440706652866244270211744668588194 -1163361618317.3998779906409739679443869905756067450488894340893746676284951222971565512176693062042318854843110408946009130294861075144767663648001486333269575181511186632940270067044742893968013499651 -880179318917.2601584968027565092984125300209253199352280261433130934860546454737123085353647576227885931232783316979806038287627860748514740983434048851069700609765108530444443279465735338109115721162 95812403153.692699012763325551610916194424625388723862268299813914447962668957323703434861339384002392102510928564612118258839234976230536728577926014681880983110968043444431005673930883593100184683582 10190857174.405617211734197519079389423189281289023631208270579158180870170998953889528964183575260585614494013317550327013167567115104043904971750168512912504052797157818359589885801893294598863160976 3856046690.3219561018118394922219880380115176537287263272030766406601130630542867440616062094558834931405079475997101318135385632633948000758217722536701007270975814246479879499561640976169081162564498 -450716745.37617178790713045895519214235136758799924097095934916301316341133050937850598585081190074654819078027597335968564535876594475014677943534493815608810683846525381175928932705092295296875361492 -69668344.891862234326877227625277306694761152157786946672993929468340617655193562974769341367993859426117550615584987862100852730237326009526376998459359815897588340438935146455119447232704126063796615 -4237329.1493728033298750455961489966463244618216424969153272946837760538241758380318065612078353900783284453083195634334607164342972109057893278214142212243883984180157820629290544397967044034838023905 -793987.22978919040918626497726856518371643711086386067794498401315867453308341039042282670235464167721205331271802257688258055461699046061564276165271753680804422915858376512232829668668398808980804808 113786.8130463871728146796510913188587646303068732434670330062031741462590595044415854856349264155295622923622670458047873002213504407220259291229477267204501544664473439154092503121073708319117834179 1323.6262807861426604693128553182864803783847079584994759329273926714284799042953429729152311235244250006004072752820335949538470845892774591266750944062146131531815575344173520129545636960670332708117
20 8 9 1 0.000000000000000000000025808293722210481284915808185568407402893701668147642896652354348615001130374336901414738089266470518347424167864810412110041941108499688210647744156812916578388639714147383478314551314773988584103655 -0.000000000000000000022936715509503691594116476068868030248410760419733361661844284024867369338189387136931238514748115959818567771106960948777637647256335100543989048306533220695050885657536244136319161063390192696105323
1 -340224888784640691.1739888410312958941316393021682919163712246508278427311516244547168406230289918380453809278368831055600290532176844695074315039647216104885954209893459353324269260105001374807931423 442482593361177915.09839947874645667593307735605127838776636101501230876570597152594247200973861605025846903467369046186490071561467628647437039009063338478091723607454494969028171311343726836813106448 -312933411618008525.46292750034642076803623842946469134539940603430065968841123985237409741054171346844637676679679891707072831620262264356845058852656315908296494214352274424372819781773232819643444755 131630694215547240.94371732235771590704285888176112441077990113883003995569849040575512948252089778690643976152108508922784091108790660909738327650954609142660862623782559637355506795541290850331352489 -26450579546560729.443914249407563117431374050571618445634661313670755668699391520313355341040408299525390676301906817757420825118553045327642166931876258304044270422005656788260006144688345100251781566 -2483582298137788.815664289130348213645934714592410878038892866277569705421226183435430449165979425740732189037002527054891184180646643759421665912573097326437347755328630094935351237639264216407947673 2561852789141865.9830188759141309137977137503368573427124678126079434814813634318386081448301265973666431280940931654784528731308462444753025820726921153768470451803104877888768401212510922894398591005 -364078752096116.10009330379644612481648408296710899420284809963496034187131456002165993099192909982007670831288392118907329799827518203637749474838170335035717526669881315185368647670148800142997316438 -46430320524235.757878755136373269221479386465498724109644919254795560118468341381151357588062754713102984825001141414220654883047370112523115073502181302160982988535257789367007954306097562997585918279 5377643748789.5342655833858837168536784941612446014687027481995997031806124275892608938335019367988493941098077212253344857908868374489928490921050332418777456472394613481702769566260672964394705999161 3657426578041.6416560174971113420982057756809540967272866285377050722121199805971062031775147886508909104782746504772737318384700014678485953345685523328881258838916627352043734427268217467377129595138 -360311443820.49642206631123122351133702319073132101342691079957420284835804493764251523582133435009584557354602157299781475172207996783276045918238788082961915386531636853647751802946354752460129785405 -34864258133.295712848368298021759096527113808927599468426643654830870146959620778634089812866874109834922300368870872833476158981850230149702023030341747144728292791390657412829435609202268233947946773 -12048319272.950214159500096925244242685596908536013912238882065438339479446135571355489366275418916936888665143820658523850850880634998224106688013364441922213912912658428628676011911438441094519344159 1289729687.1609004719058315185438884717070894939190228812270220758979095824956290878709194288481307930018728118360739122115915487305945944689594003113965191300164451294130061498233264191256589697884039 182871249.94807306269796414330569852881386624965780861986515039223138264821570677698318788564352315329598925529492712498393299536023590795929463742717055334014517129485175570234465294537437877054966005 10206820.145552074042904542863838156370468176584532681051146782895346394519357715848535916932702975162795234339653290812928997492164770398320727972371980217962394763697885789864666741632128886906267887 1753175.7995021108950622850691572808903963632923684222097066176165975714357776718822813520313863131510855115288729606566832000250175578418620349289589578656427234495622164981927583723937484792463016725 -229573.84008073532887439026385819473670857312141896085432173609833526364504727402141500111653258133286904555821030245830109561541035960149618525005282187138904797118281598405486119569958530515129102796 -2423.4893373758243792379093838682178878247772494896836323517469199139579821008853321838666933539508252669444124454121826047006942383085678139703881912130977143013919187739516946061829456291083404444047
0 -11368345806643577689.057801351922520174143297051357329928631321935411985534752392324768133177044976464369004324842414444113082225447992746595658200755782856047167321986978349082279920949926068347757967 13969833356191390893.38903663852447553075899640846471251094475399339356869992313344617402727962726662277790333792990260265085581600951893825194757133162841584609622404648506478049777341702070515477474 -9084297313448553049.4060723851174900762896955945515993220010518073942134825137110980802162882707296252289453418641402503196707642218481016940378758286295936753236029541562010219002482759188438826980111 4283076424571430737.2668209965389917870602538636140878182367002294507037910952916781810717359872354945836247358762999117548932865997156083224779256444270528365696458799458142160688801403619347320354132 -1351208358389912256.5373420563191875348538113248178532816590840133934967145618508471331564919293200529785764925928330625077958630748019092753100639073333733874206555472133502529372140670607617695794863 217215258342852677.66303488365498992589440361799692537941803291978782324264903257407357509496533133284555866441095254085873174364046950260819444540805009956507264839659346419233535580185045229042997999 16996223957827968.084867760069972181795408958270638779652144231706786827323050666255189511400192003730419181629926471217490477904642450284754108932559899914252944720342811506457263901348549062518133972 -15027310784539527.605584966499553071245167702553442922249089926959330577283577947067652751474859543324410384633785082574777169759591471891413221444698039268069744845541671180244531914044554228412186313 1868660831721041.6821585264004320871149125996408223639686817541478599920297316468792169189978292449969048796317073219868736063949222042780889493173129698156236070975843283641549773129385927828398247293 211828458319214.17819488135191579324845943256240102680230801849602201089449035577190240638263450536688615827275568705812397718496799323470093775731221480600720633915292208924585646609834599104483702307 -22080919704835.745368153205222365831825950767653766330496026961877624493052542496047085104264682073058305993193673634424976007305971808255146636920242357759133007053924785478850730254077912049705202884 -13652370266978.53316789269910839922242116898064920305570389743956693218724082549571711258935393648432525465829722282227411654538547854696213581393184553563171075126554056077056637950554865233435885276 1232883195591.7643611293616091236576966800689971698314570609087308810755631441049984864765090654287360912295058627067864606677023966509014106971608686114943502684378455743282571778285291774667315528826 110118983850.79207858475258241577446307995728761319856586113057336240373901149189094438316512119166822140765428334908925209603442178751174687562017674861865025475289359027924479204059973446017709527916 35336501210.504365982058244540884929198351583364244403558472698208864388765778290861122734061481100224802609141578112046915660486999348115331775401202918368896098754370111783031557104925210657114824045 -3530470173.2767148716872363750788633752322026347708636320958476807223125918411521947194042162175321989032652362777141192257257494245816845593111511307245088186180906486288094109098429540159305135647747 -469299999.84663922224504637092584915563299171956129120066498805759606712876874420533972148021377166770780785039395278424503003248828738537055916509904453900523106898382336477485831122999680603800212725 -24652821.858174564269167007713907689723818821912702623561233191249965646991526706677410997280062419473696111372802623158399521890992882607130513174230279328481491718500809539270292718527610428104878827 -3999245.3745526553126442949412836002155849954592429819582834165504363700109786493126954249915202469223945313514179452067225469067212329056202345908216066671933488598207933200511451375967544160432752577 496128.16007625949499569019779121127159074630977317832905498957040044074572180999625232029962017057711789758970411093388563920577260564053309015782554088825399333137562134933940219627895088241481153209 4975.4937776899378745274803290111141263767052191043152696138055195581606365632502748569007864226869853989927784780511105586942334720312682479789144340825199743464440884819920582392590070436971242821609
20 9 8 -1 -0.000000000000000000022936715509503703841517234174424676243680926397280249926874503993096447261124464885111085209766839312169593755894460550879123535672399105421817181359742563737675207430917207032079277341040880282892855 0.000000000000000000000025808293722210500987157767458901343780783715081008944401709972232455284755560455195036145755871231128266838530846368830484543670321246382992863863941664922935492523963879210545865595279013559330370024
1 -340224888921934915.78739110499577531314457666233104521243807212515452324009663649398473999441972724563483500706488633703465973810998965283687707007780997586294586330612921849127016494366151070791582276 442482593540493068.53819056194811321294862485081920565235679905896853658613949819192579953784587169531157329101648426968458341463437812825995502445959183950688085713870597280730743016471330640823427104 -312933411745721762.34268165193326689559494211628834136528326503283520947540998367061834464502449586272851351483541985282766968084596430343244823216036686218308091278975917696427036661217912242664295298 131630694269802454.49658232166893269294049084510428570411492325746384341981450407175729263077916697173844856780815805296539032340507842882532923949314675811937174736289641642238530711213171852744499947 -26450579557603288.851066045200197959233887533442519885873235717433923986508988550745036995025109261605364739153981069056832832922862143065606306204014911656613405566462198806365793033122456731828757865 -2483582299191037.7177868601260597060071684336686205993912198977818037541932614561663205106455358889005338043630814826448116244203490418056832250892330709184234992639303617195012238953123532157837405474 2561852790248785.466680960630191868132724960482111135110759033345555586004160190293749609275460016827366243251695489206847212156136526654921848404294392656477577298788616693772654938071973945148957802 -364078752256880.37475726981902528831790699201386548528887018685364339657309003669828999269201447408898067373330114349169793245402676694538146298904512389268733054319341838135121485326167912881970102049 -46430320545253.803567387194347676124189318838034622846405031789266034457130626762695879138472039788833144524579556373030349907680680924055091908887798587852583876657530711348421479243744988345386367007 5377643751293.3182412839196540580637912115377346293359122249700916798857386477062472637411460536964710616653888162591005587072939786288081965121531060224751105538061498728685350665917615404814728408199 3657426579799.0894320117168652521455581596013300602609833336379188811336834769979607555287340498174800966861746626662661800890565904905732095784587120126055670858843699359410629189054204520268519847849 -360311443999.83209201623553082728867886250859207112128590853893025346064642456609861623066077486348779841236139703007627695669230529756287662009580928097121554276116316600790863697915833370380309469613 -34864258151.340540045475248416690693235972798230900664693216279677338270285379942835470571486281672326266511197569534295796775056327602711609320876511184377654324696267867455330533397249782258487919819 -12048319279.462726356441577936611314886747542068894599590629513422284058173982947348191567769998833930181138851938861079019054173287656594040017446868273167107446190567491577418659287306496149629702033 1289729687.8924814080782585935194493392788538889087597443092344635509289067792973449459429372290281768585555786097990437319439327303683194777303827510592098834026767091509616071584227618304535109290391 182871250.05753467632893997799952434942949162642227197919890317188089552782488662346239774622413472891329530112902850299676484804517046687975044974466477124488992685017537459529651092518850424724840678 10206820.152042019089314533398433999363523675675934829335233400346786314532637093950984674509114490994570222248929279958407366580597264940546359867051180066508700192531295117540559165775980165336728064 1753175.80069616661978639704150066121052027191719691025866071131264041178762879328165880175349082021091515110923022124756457819958390867206944201866157770960755924706418409128254282147032707514923837 -229573.84025010061039431908537368599700837197213069312318701095704489721959045550746693347871855809915350687351347562279751629075040664420323645792670214496514897254695051965066562084494105151350974075 -2423.4893393449479490991961270742621715342336043948018455516538886573465015879966095524727827462342429241306357496711650327133809257640291904280531217481245648111074593236724712549517194974760165609138
0 -11368345903719533601.605548600206605826210655838595519101655733678358702843949928723361343628254181296016511299877660718568767518825484087120436242736649381141124599293400566734635869210396664778019768 13969833475378800722.512347134892239234118680645036582380971639465234078614405703303776572491837456807599019604835383400987695962230545653927510243073603091275610755567769875272507756104574646844242837 -9084297390752351587.8247258005978481013722416826530103206449587437136057581115574125829536334421254730952118437815272771660076053154484465876346449486354816435671330452348322508548261342958653851094519 4283076460859955327.8867873113975243079696639073330951282975461239006658288445352849316826095799208961556768736456424139746732824752267439161349312555372810040047229944501701781879808498837095892111966 -1351208369767575998.9348364396568757636514374981032973679762191303634003724016876745021677914898025586929953875090482108980878159758174084545878618003333522119483121835079873566593347862051992341263708 217215260157207088.98117119181445101626976294680583876114853626941160543967584474043221594321150662428418771321590922835248344261268793929587083422934364783904112436862952428104476470423710169600891623 16996224098377408.02696343546220097379548755172673528381811185796024089546452394742967687054177445233835845919097400834470931528530818882100777664126733007527607265225731868979307907839439057929799904 -15027310907310252.606578813915319042361853541921978257382261569232719323523870238858520581368708271407686143263258117336620281926368916811985537652634117998323976360554959910707556474273267081838720078 1868660846770013.1767464992614713893355213080663645042085319798820595426869791997264628242887930425005703737756388851830686087867115747293534505567618170310545875405196933603944945698219909667392207522 211828459996727.05621407606843651812406571976073887004132918300424002999258700773760412561408167058052613952435710129603515974023861444902587960189803007215845921868313523858301137652881466919325481091 -22080919876326.677075972136657324670101951148557806523551384343639642309817066485151666855423962949643466504017556381479274880004488910254037232864293194213548730607869421037137137664577969392026471429 -13652370370654.628904049767982685509010193409347054743297884396665209075919084214342281154121001289208643495101724864586119190965779040330760269161357867114148250513282369193004285796628740020194927818 1232883204715.5155286237391432987874400420561970691132949629665592000629203223267429381300327239912441436334761527241191031315765932951101430895805680925360389457553569012542714017785188606844655158751 110118984641.85228360842160716437070877438254592329341286378359983915620321996955826343495599476563433227295068427809024544578055379119855081324899521067371084291193070062852254669224938968128452760197 35336501455.801729935109867746863649556614102629519609607224356033027712656995804183008462246042239326272112872052684319231145908338098403307519387149358294045414645779924669429037920382687934672530021 -3530470196.830502340307698383868536074106464544003866989150197083129387605412420825654838656003666355105358192448473140736664388167399169066847659427382585751341188730561082450162487293371768468778204 -469300002.83568699283864917559614095288838556519958110262282729557886943831088940602475647212984231189241500202632450599714670658444441236561308085075909847206897304287725669012628285330985737732417566 -24652822.006806457478105125036166832586899750342560733971850277809533565642538801606551170417257945358315056575456496602994126440776148833652018404605645171498340982907165935243748446858961428405439361 -3999245.3971202792553315790300272840061222357216105211828048409360505476901157479533955218324512963362866289459253585863181655513959111103142094006804668964496971775735981878079908602174105723947186656 496128.1626551910486531084343616686917201159974411799504973308893477215835133783643742180419282985083801745467684251240507775810880580656999068650734249853023958387501977775335883142354855739371849127 4975.4938009302446976665568364513674445086619162611652958286587167357095269365980230269648657752773862123388805047041504828079231437007875219300235597537334034903621158910800597371191476594058855182925
20 9 8 1 0.00000000000000000012483888826845368446731530697061103090100941131411685792099168151398916117390798438077015584925151568934523131520352643564854415101629884100680974088015622169197256745577283803236104089691522718724504 -0.00000000000000000000018874688903903056714739704718932340033538614450350415416622749216191179054794363772220206221976461820904436465543479825552658983058928641159699231106418529710861844212125613704170913696759080143910761
1 285925227966508077.6015683347279422454912755664251184259494692060101641313845063765414404371124165639679954869354176338459872559604081192332491251688149031082228268071528575464085956213661334188123088 -372367677578963073.06755590051195791069980711992736545005141271328669803507469026635960923534638290448723080081520631207706562402291278731716864801647406768872369014578470614493676927377534381930704243 263946284174433696.25694693264168385779206535571005522989914237633940007010807841605733179734624389061385649999179747696732362304419397552768212056033690909462807393963925844614550107710565434043171558 -111382131932805919.71144311424266004359162784848787707427191605255737004462840379155198356746877733827645819285645852037266659506506767029710907893028386399856055149516724626230875367781019037855734606 22475399972036918.883108829807587668120542311444218129060009057083354784632632462782108003335209492195116554674007096518000364223536764059926891168632282957292219616164946810890698299396665721580212739 2121291095891270.8983909239089434514418049898813504506466480285328278041964744183369528476323735419523896520754021628780059958464376934026130179998249513790678578039173991140015055813563285960409348634 -2201822063841155.9988593347821599046577189828607409272962091693345985267708728041491338885812953836773071309232394941584120604004148382396329326296808929296289333199622471209586767335065312698664955221 315219812414382.80117557665861169300206843282816264084664403014759565914054769899125649741731005549537741296065310964010984385345621762613285862481141803486321941631417872628297654409589102195990339122 40544086535085.826250914520432777170737786196060066844556409209927421099596673237948835066321197909224564541013706700386390641515934761420369400278596268178570377537862429586098282825156070206798734016 -4742258986056.0531277554177011457354165671471944560244387792193619266545170030817950944367241726238829737407971534345784960861940530409960966559578298487762623343105139034415055256518528769201607132133 -3261736576429.6015750411966257251561039588568087885202316220548839714866192938743498481414102864698039204589891511274836062170425400280619311979375732676121789473334726701001622589193920094383661556 325469875306.17444035804548400967337088138646863982743711159747730240635840726148426631703258938404359632494150986839866092760921934867857132687874345373269418582527351888929281189596771362362656437845 31954909716.636069287490976213946160452776372733996088063323670042379745068599704883625198487947040181595448299252777131085241657118652887303148284939275178590007313048277638318700940922447295518970982 11227534979.534872206072845802805581473061012942675783854016382501964812953363504391130033964611422324362587294312648772396691648577668349754354094558632273511674263573139522380825360192207551392593965 -1224848994.9784513626424794723401723990130009816779896208717299132109904938484287669717646163167362188336901477749794721433319849995516027379112100626391002254121258905703118916868779199502548003664202 -177494778.19040926370152166610223590019831523239039438076910403222426961634009470432186626645070841543945371548413398927364807301539126446007381209663356541161749979294580175936405372963125122878054566 -10160458.586143244654792411412348071949826716126660676090671527029756135881006350494854225049814484053168610507537977616832318695592964682720682754727142960367928805758549982633548873676733237895832845 -1798088.2679219349958495889346298995180241115472691142195548006086411360425912420550464073914127328626556104640826861508909460846143120353523629910094640565945709514107422562156962989233934733636280853 244122.77310446542771488653228665352495276494371215874084725602796922172975489474067707670360456888782241293221672606083114274505799154020674364863949373246932332481806642077665570782478855054754426358 2697.7724497757734428793630250551561538240174626120402459809514236468874701013417051874633001200440356017304280765542051539014724448914756184296742292031642008769409538347423545521741480241331110845116
0 716258856884.30273062749571271696129769636975427841301012071812600781805953165334633189417858393069849205456205838815844895342730931878494061497101830197389117673108076110657550504605947384428185021948 7013391805514070.3539108303483138872031308337054792522545964388298112268009825976869313339049516987558181068658583010270738482681238259399885402631924110895677783371608403404048792212761801660085834342 -18269156306964205.073390182079818253882981187444316974181029919274998757437641877441300929958069736877466602527616887215522772287217284899577918431087044485890008920011480073141619587187973865994104181 19424994304217553.975939021422638006187273548008039183775516781076945180724206186359206681739034348396813308440602324573633100008367894765804619067708464619609277621263242581622095251751080037580205833 -10929549519168609.750110638019765297133448243407377434598318198665033793830256282998738519922798140916152246878091053407014326683780131029804462540802879064241436867136963017857891642777861737505857425 2756800926566639.0909268874544671666868820027391788974055546086762226428192713787323028412484184901210478176379769244530273444981399123615128703353011964799572879778365270283058744450419181319736791791 312233976466011.61576795791762252282356670977557936273114890350852111915908395102777325777514026064649179088328043356332456058822831869298337918702584400923022187238573072044898286330876987979700682428 -378102286687675.5376222413578734552170160793171764678254563622619722499389298937870671490528934416736012687525405575087497263120522212973268387498698155555787917340979045032987533998304996583455221099 61863259823370.588437789739193340658048747728337472723853004129687916540410373584626019199811859810568383230315883007650625829344063232186768540351740456408960040669631857378313287081487929245066777281 8951576323327.8298917937799335170452936484781517644051585448314888514321679628070624203078823385294670842738144536012484796321386828550402597777635473128707184561761657458124894121044340768466266939806 -1163362039266.9482172077345280147163404659764308610246348238712890236774153214970052449296964073844005525469693160656088282800893065383906442857295925703419155134185212932013855039917801037104746827738 -880179577545.01103363478556264401691024364515436184689859005338396577463386638368720102344918251088624665848505436970176631024081506501731275435679546969224743836709252397963853289924062025060038881008 95812426343.835905732397420657976168904024981043329134104950268033894687533239577983635540729919864483830169966138108524849371631667625588967532066099996285885373222344626088779967083589380208797907973 10190859229.301995620954320513680063287269436883345201850199239921356692965582253014759226645591655331765234502889651179794203346446423735758748501893982043805204196831445132294688073762626298125073797 3856047343.8946320677889849632271927436383742214620328000046154225908623105840158908904638980295650942496458042733615001964814180102053533704256635979727792685723308084053613767722189970498045886268395 -450716810.03041464317241975218344861921780249819795499117257385732334313984963919693073722274193111001192810860430747805046935872937833429716856120210989582858126132553629756526737974033572294399063684 -69668353.391543010453541277185227186756613872309549506132008313641231468329803839986175734099023184181499679050644272637112842446892109014782843102386439376921306583193814326032753616193910480359598217 -4237329.5903558965364791783810226843457340389676619005657815320812721135778388156949415037939548524844925957569028005070105134732691669610505738381654134910488851176114002930331033816557961358002045211 -793987.30033043684485208789314489382503496110659286864839635486104996987106608138283325023322603749919719223487993728176093834576033727624459281075332070365973304512953553501120452035963633016302796904 113786.82165852272180181495022706186735956928782385706634421037470136791128143953253103063833925132478414990446320513413905252973119315843377347068256162125941234295577017802011490557447834952652933917 1323.6263655614326890928087873091574034899041197832745334170594254603961981779621811704607516097470986619388626185314578428845546623245624297772425417759585169877416278229799727288372057630276857551847
20 10 12 -1 -0.000000000000000031755324917167959507187378384664415711708568508234494152888498162492129813014220068304874356188788178388407892166846838490650173982301294568524457862823225288636950416479155064441625355918947492586845 0.000000006191306363438189570159769327236957249352319815749343649307983796639319078557767559185112715285392313669939877787388591542329044326588166790035056972073070751572198656489558421101669652934050714795975
1 -319297757661147155.55603285991731468267615538764371607900071037476421170105083068384808088932252427130592877149599109954816269187412556547087668267227779751925026424586370294648508288838185047493404922 415595449408587741.02035835432317795529253722252284274122038303919714000471725759591241489294693235315672831087001931032858789948083219033497542170387060615591982279588543944462519322704881504705028911 -294309331223427882.73782573058084514132676964486226742725660914306168289068590891243465793343367078462344880785703368782145592147070277731403041733370391453649556887591931872402050086459437351874551709 124029161760099934.50507445479544088585346982674666806880450840961604161262157588101202173623363165078047426191579414384312757921271184287673317040697251822613437204403881887823896101680507636622894045 -24983867388916033.998820239139729991023125478622320805977306250396156493772127609608523737539932704554240703047636554018107738995572046409855135027452376003299179183613195834715171254164655345781405719 -2352949246615248.9259651985023946722447617985777683974132461098463790311846259104465199742213174582272582469969549162228037950046792709483713162133265617694734981330182870230838766616088422080315401522 2435904290390077.7223268463803886068575476001483694585257436807474588114812808402223290381526030602730338094129109885116463644236900142504983133088003946633142929975288336691911140026107011935219847916 -347655900783140.6363942081562129117182660553456160218273954169382614383053196394838536362235815924621717617778052996919718673147906387779104657490447223582353078977132620838166070828709240181939843191 -44555097743927.687608518205334279754868498187523605827441514192043658212077892879494222572431339178303269947138521655994224218763018253862440362422799507339616317459263996448636262657847684115952193227 5189716498835.7877419129176631164137152037182823791345231498908800926815358784456935408608962799223097134847680752889568460913676751499022938758580000195394009226655605365993556125020575722171475090978 3552417431027.5937048671058811841290778351590027039474287259712632056541352759083281084057191256563145956888115974992962625352864733082554737765357148632590644471865133993839910306220127351314477067156 -352530976239.17098855370285532712819313806295036526007383779933619279815208819893453917541488002017662936330179890192389343589183352335360103813564932899704816375523524094091448796290126300159507210765 -34394322931.72487634034847343885832812488549570969314770529384725930626894354988746408085159731484706130652949445864497536843712558738160289526760192727478328602849848488032314613116886248986077830962 -11997497605.997794566316418171350679975225914238315816015243244393301114987427727450275494826563856058756212090016050684220377634366062061044977157716881413826635424269494268455099819007488755416947075 1297966952.7408497952676239355394312185995588245550767563690130868402380248142128339803355618711904934450786656097179625354230209941563722824228980839963876459919129493552056183007549891820813743223446 186274081.85196009336245534073549325886782280246686373192189609032785311435984634272061507613718034019125125450204083154676975162793051586248592959926641624719370332472819434816670168151725301743464537 10541955.776051887314593296004424603286174556906474434277717239683155747452237454501306190162568834065424936048838697360283582228022535042388028008786932660760831660906518436932636665043562426939868054 1840237.7448423019319784637662548939037056262919904776084062852027868099967232681560563765913445976947752660032275267641798049825710821850705671284121673806453926363628598685603454401532073708935466678 -245658.99565618477445717613879872485799429096919216534846972770643798896689041333582393760328746851488230790151391015268372741731809317676647559329382066693477659934877776492581680271070565402098189538 -2655.9183585434773471706272015766208997024641732311968222778710661775390671328102541843848317320992612812414499163327786013968429261504328124083880694350128892982544622874540760938835575243092935467505
0 878177618340.80058396645601795111039993475791535761583626284487258759844006295022069686957558008586652812223635525516671934885065343656247661505122232764784348419261601919186237393073578953060817099629 5614031426503084.4106349705239624642244947869177453228000985261136677682280792105072833600381888688394498308673223521411664527380137746359766090958408937546181485462667957924502511600811477942424129567 -14616465730264160.920387644231913643453268200099036108979146425949993016713855158913838495548598124980200952764829797605257169933036080019088259420977625616189594132507605011196706164373509281545645407 15526675478994262.07932117406879204481060957901638598507734370504328282400616484336722462211046137381363945022021413111945945959333657274857308564186886540014039861207044781626101030609831291346145841 -8724510065971483.6797006233446616219322524815977841835029774621417164861149224141882298740439299928003096069837303944600543746125922701050658103948366466775311012239577147808547674021795326094432824819 2196791287110233.4332369743081476499095139179546292537056746866152330423322105912512373985521653268883888069151959550482181342030469310054219062653091830586997314065912682197413839710968211545618624921 248269836243576.52762335365117577920030081255735208621097132540266674984089528753053787232204600527629656070015211816457372591155634650427658830904471880480732394500768105123068672453360457071989700458 -299860336563131.92807290053953751071908831560135427000661483863742419517820545992208287453843022283220006850273116305885771315069748100395050399501335285405136721197162556781830786279999719167236237857 48910348336449.889885418102526483356089710634035738861298781123792928198245578523180577229819689725441258512929806563224587031113760225814433980765601248003653848116307141564681538531348195351191266239 7051822115326.3689984037861102492844536875957667004878077594509200472883678347264566551697443081635969737416230143660071348987491148170604887297392160507490603954913629522913318486889192043526481196594 -912652124655.69312882970935051529293687802338879840244245676593555893797613620630487220717031308153425183047942965686547117987051490830631499708196759036749650116837213876220232352829362058395062416114 -687192575337.2343663724133019921077924304438420780502546897855333983126593694415774613041536740999486660268347123040858498146401660814455858934301386311698425492136237328025359061150447934870885526251 74394430257.203982551943345670010821593844112555735508224226948578380731616260357561836875990243077468353065049817234399260135823518018579427737769049035721557331716448957783353450323814639821648084779 7863069175.8202416375435918320185712891660110137074189139476693159291754753310160515671793020162503965545466207399660974985950857082253546476278242296415054361792553268734748604988799141725250192207848 2953797759.4227185742591201848756127548414836464268442538503381586601954814555184596979865645124304568988124831934598783889450195656174997437236855949577856768177246390821204350501829520640205192387673 -342386789.6726645820451117613998549546262421164152125032757127764534479967207374145617447292624086539324629322470244372493528419121026936221854905636070695619930298077913439193248176584947411705566435 -52412462.749108177633650595410540073590685574480280111945724375281289833996807117849681614034704389075819049344226022053003026376981449847013086362978468928054022798653574912904926093411411334704550037 -3151608.7936460562940336689696710954763740988974047081584133695530755918981637076650309602662513505929753874070817387099428884090871969542966730058231180162689000649273565555617345186443164836463890288 -582517.08212963137159200739871114119051485652234668885029510367408146917911280151166287968242590562590180099931185003976899042693509855546733317342638825364191280118285627046428826122134027390003584606 82082.113186371007825764845075784537294042351612958179513924364044870026662756723983008687270636327950610346873791935655912403127974924927062130315496630704086674625754694419220028782840000992143100129 934.12931011032658597999819504191498696311762637809934830523701445296586010914277142602392817458727626807504448225822427896507896703740362540615683451635608532791831671951109011090376040233719935980783
20 10 12 1 0.0000000000000000080128751230927967998819095193211852720455553088943233998065939244119209946948818127982164469608611273220123399988163805720867711626828472844053719912753314216439494118464599847372296857681021871256706 -0.0000000029428153503543314522899311482128346702580949970840842969047628822524444708821783814340941780166067313192246088428360961504836786554791290735615983877185951542592649310766420809886661163363601352205732
1 -270512862011636935.05873905575137933142211001234125565216072264954620204235714487345809909579836811235902445379797792520510351371600461467510405992133381101741794627431075233014354766924957622475469822 351631741467902289.86793524179378098948166748396930471111424041113863393813527636160999466016841572394248239884197938744246129093336045592440732196766181667402721156291692161478416775676526118213727015 -248460990867825090.07191183510832609401000377468043120051753861934239217380558205026234601107823686852896254465281027488921200587001378761314920855577185695346468424763574309220572138023232090070269227 104380317616055969.27742901411941986585252554862475651656042558659688376029097251405501176815216834950412619159500796888080353971659413771751521550513532351428127530786056396377448746958160120982209502 -20940516009063099.318914499715413887849288337396376928524085062760913717941336859281173037165324416960779915214744463679981013268803799020021870383834582765534230343676378053796800420861716024702837512 -1962230881928501.8437700790069606174132108986503929755837042143502682151994168036775958195484649819871230000610706202108328115576565735009445526396640210041650006176180474502202365270539096652420214768 2019132017513568.7227628436641631746642214758528638766290069779209349332996924519954042190689509604699016719738035958846517249546609660901548723716749752799056202011851837132702942797240631216521676981 -286123246747976.39837354256369916446531515190937710384319681394920058344789043479373772279083473811611636111868989870683560465763874935996652779057088865299664886511445104606328163097344097748417876383 -36366443036199.999910709546153857569990227098758177130215290192937813314578309676558064767976820283924263106180576220702131787853402821372529077592630502838571636991657191486307917688753879170681643159 4195742970407.0250055886546396059203134398924906234688857732244807522544313376600174179655568731525116561890661031059810186915773029742751712117605925569429280126398253213270293826221281567869559301783 2840955617835.9175398987632097989825332423481661572570251359047365763447602316857619767450121146839965373090487293322776832458875086616927992930992961168145816432813932784080662603325205549607006500686 -278461654224.75186239192094978078104638136695044096748301858310952872157099855059079227438449011269509422037359233560479210541937522192914189054197135222575017010179214704135737178357591780005422768012 -26789063864.009206843287687225751791677715241937570932968409303705776133135870560153618030044980817036388533938587880332147567082641293943109657219467792380137330803341830515244403834715948464886684 -9196848975.5136427397654508102991558893982144910881096541153167045750632993365412137995730590941757924909951575801273024426269764703805775781311602145514759071983381533606056874890054456026350592887974 977085007.59555445605877777770473828705805344309855494748242751720311242885723499573068330262051887385198117315867030128651665794703492041653552764802673132926416515395860116483185339185327695527905921 137342191.79214350165482579650598371212184612963790142041294227511639167465181686970479083292390732742600823881299938328918045563394880694156619396638312547996624883929147950844219664310283100094490135 7588604.7053344398751357736242648633213594067027480337121491118005885194384170543062727715257768178671506013187813499975507996776483881428244355746605320320707160379694786052146954882965599101514044338 1288025.4358434239776989677335648271745521168120319116632814584777361494357127220084780439822711283109981225914791725192040924251133385601914428529693109200668885465881093050281257989858502996858365983 -166257.51947391179227554279211492746284426234138838366867618421028823132400049746114140592023167929151989659507661267505600782970627575167024386926476405371534360823276166087031357854620577524215968626 -1723.7372173761722633773375848916459156624893016953253394606307357562420295550420572761205969758169831089799455418836642679339840759266636487940166272280920897636650778091896003821884155056367793997341
0 -12600207324155752109.704893622910357249908203669950574969321158476372439684481432630178001943012008596811805758084931814127641800961393046603699730830168604205656664975932611799009935914420243266760148 15480864886683936742.011790146950803232132036842935088853920457292930477804075270039110182064475743414665594448169888293427131831446671126139121794298921487283499954176892235381971451809722826567888167 -10061561284300482067.133718901156911689358009991746370896108401213029055522990205977949606318135784234342936678713010870663406203664635083279743972264234685166177168089585753362316381379968640576350725 4739628027234038488.5039453716650531551510398030744162450588745329014064627494862826189233460314863033305036531144211470211197916539295406609635419611748174327324791203883234348468794005757675159313638 -1493364844554140327.3938685878567235728053354090270049209686779534940927536927387938455400415310305519261423957280837128061259961885094659763943387497075182714374715544811228088261419456600463361396626 239676070226914011.26419904568663291984667807187007674494327398950252032695265549736520613471690721678860637872327721286978952745307695938284743962330612610330551972273149453179722932939318729745976744 18715703494082970.960440409456483838196620235215036396642248462740644813989211656612908351452390451477563616920226544643046264445469458081393061025267078420883797290305098079213960969652835705285908807 -16507221365113653.32405111105987558513448644023223093088559926135315124579945389282934898172540011918772325548530907108676858942547195418698162058336796192788328666033282949435194227702380868260465138 2046776664842283.1213044413951956599998335696305029523153395543984427872066631543092122919399563701091138680136088929227277307512052773960079743744544251712804869955446193376601089797643971155939519341 231241413187618.66746667542194207191439783822026731665018174850471253593417103943145809047977876909028941889450884258730217296736715301553934325990883841130791346190345509918086843564868536861503866623 -24011327656641.225526105675040679184517840523482158862741587606172371213627567231022344546906656735829778763363146515949081809741102676225053230445811161279134194251502509251696277539741766221408284939 -14780157496146.274056487614229993312458870247630942244304485660058990547087063649747852154058901310899084180788953223333124945169072717122881077157722975963785943337537171724789212368740844381989113316 1327979741944.2923177554672566732755895570679926709566587721267077924556112042262161672940592369333513175686364641891025087414409352736872390313835717215523622811327957932462480648263926414642394946976 117929235139.98157230855040778674231510150419931232663649114304043606467141068966253228269006103836824788487142394057722367874517358738861982050040869329121840856255448754466149964295373320252678098169 37593980765.810944504119622659274275318461478355998028381181972681823108125777509683756910747659375187771654998164356804458238899152685448430223013843940962742412014979153470113950473352416644848649306 -3727763788.1016557263761489304908884609304734111828573242164221175380584107106818749542178511857254601707261296127426618823489191296095243289562410997439567915131433964484716357374240098723997942410932 -491237242.56658548345859732061367500048469557225667928141242207786377462051951106655370976483238291613897402874456212343284445843769951415330805377585843642496919958263263126215781497278062058831146542 -25545846.712256710402511971493886608681005386111722545696577895259389169628541384234706626715038347505655798001778447058850875593771200886961918310174759274464263476508140177534489693615656052678033349 -4095050.1570894466412355640714882776999268401060550268201316394372297747006905715822162680824389576111609186981293073786274995920657620825799079763259982768889998026772678954523685387044532038164881478 500766.17373337611246682867662497017805025504627458980643653496827594697391884334441774254043309690105697936434622755301431631606963075055939083281990837529199170423934017190992866467311525609417861885 4932.287122838911433303856194433327341988878897796537641000039731818735493284814093833898270347904365683255250495598156503892778293882587378997423793675873400867142627206908605206130390790910402337054
20 12 10 -1 -0.0000000029428153503543309989065543233117690548095073301097565290396733926105227916885095824885762687436881624386460944818752872945647630440966623396203193537520862683070021164453027733946283140508708614071873 0.0000000000000000080128751230927986734009940692521015523008190186256026314766728705480145850152039405046059494222809989420902812226244943360828834929670190696368618954226515243806151609686247894687283448163963121476751
1 -270512862770059898.25509453862399119489568030041673873771088128878477980132990265027693558967385933063804365911536018220113771659663634223715974362155276573738050835377139318648521458680994717310798167 351631742455744325.81149400149440577714682976186266665767978622527671637478736619827630289099876933036738495346930965128216348213363112420828370644261388082299673568711178430637504794194497257292035014 -248460991568189432.49601963579869109476835065764437114837354781077175571052714571320521773001812358957514052866972986831129446420441458222698424257526406036274697076130097291411567212635068020236631552 104380317911687951.57113803950484041332192401726895473342055640321351406350355899146979148744103503720101584048301010866260271228393850832480067273316111391914946377078533777487851608882554803331213599 -20940516068739464.35121209875500587975341597033881988011039469871838280357032526636738402886387116676631247933174060255769613855759211594732753885184724483568733873596798575737541603760757787916498049 -1962230887563347.5950548631423301942375153301097314836517401716613380282997213416777801371411376684537546152905961891365089325173254194204098459179074028817555422462099146851450995665758813370974785279 2019132023365154.6552376809980633407748958842977066409990257680805988612777609756875773397859677654807241417421395881146061910168271989264534968330693094613550243083222859906852982174381251899654429639 -286123247586143.93253303062811436293402348239799751554004617153662345941274359972819113786018763271533115521798526614818046428998207897486176574198739023692498196173179137887676194714683472229416970349 -36366443144064.618985485318380090188383103696989890599193894568796494015427602120942210257631502354964599881494799510864003689568425669418743895453659403673221074470774486887801409134157744895162414159 4195742983030.2054068943096321076494803632713113251098827785092326723255406889924292554305096923382193646105244611766124085581815821657524297137210844616376264185417809740412405474776890701125922532665 2840955626522.5031048364732981399758094279477519294964842225664245430248668192538020858390025454357925723096401761529088493053025633392428760854131858950380802918639857761239781269687805594794606989262 -278461655091.90418908074189087365569188766863147303290442016758004376978185914090411419383411366968091268848840600094795706611076263953345909402336921828673377453865664080345728140373629186656351871918 -26789063949.172419454261052678452098723806861119721398801073775269125401546253469126018823659062064392013045807481540661848836181913968721689467736543291235990687836608489702041165497376316561681188362 -9196849005.4393573021278381456348508263741484895541270588718206147667145411162603594473958952021822075523350508389375708691488290088735782228678651703714403146825318324549872626174688873533663683182085 977085010.85965505969191566275365302320631180589598460656538246122795589451928452976475249618718097589729914074421437029335112342524143115417386923381482435631569871939501506393314278605973411717164322 137342192.26486459322824731327322845881511267890099714663644408608764088236791035305623133316143692517197838845703614713557758047856765375624072430513066279530746772583840962953381778276142971644431163 7588604.7323617583217589978669062163526540984324492069064924867197878070770660971890249135849266401546055351177145574108489611423070894693720976919957447068533627922094417426895517621675102105880456311 1288025.4406161577295405526245318486445321330275934131265105954781799559701323635752959112863604682626664312508111683328996539846274946405037520696063814746715143146817943389980724748969262114687980714 -166257.52011955661451280646170201783283635411699926706038089494698604391423219535850410603588707305204335848169777148862403261381743586069594915166739633499114152205201569009988948270039027387429307088 -1723.7372244674610303491206651709431671738395677455368288295282971553380077190444150025472362211260446532157299316682293885895127196038619025833619249994264382229635700551735447552821073344493172721832
0 -12600207371045788724.534250547833331998429461770607646271604028016771742187932117377201857153649793601611180351914234835371374367842342316747587233539883168888189665435538988692887155769290184769454188 15480864944244839430.308146443380593603411274049818697692478339232312806267239882405670145940397123806501774919402007836670164232701876254252109167196774743977016354808335191093929860920903160942796421 -10061561321615398021.130788891199686025250717065046991467113075119071537054927001840753081094532949511484523654317571259497004736574533749871523703120296234009862787087488604849778875647899162722100578 4739628044736125749.2293220019251048470525955894093899588874568611684189302083898248015462137779287468313035292091242107782933251999116932974069468726143553331780224555213154320390099085142785281256209 -1493364850035196728.8861997671450832063712358179116108037000022558836190819060228303313101074641812294894772590958924193611393791098057548804091523489542314393734285132751014388896310407420891228518556 239676071099627651.64392696877841581945998342536270780119112204108350951277038477295704462189484325242764687706145819612032911624931215712516497436264796785412293663037107129989863097106726255887922339 18715703561560604.087854491780374353793800979946504096372259071424419098885108434157541458344944328948965067370187625976944363303434431999702023843667003276286615050376998287940953829804475505479104771 -16507221423922497.550895598192492711519285648290746429387695658427900045884375669088920642757973920885161362164010842684117077020833515946388018760126878062916543620146980380805978126130772040469518237 2046776672031798.2874202083900783912515629279102569432260265522168106554313665103393648601386067373743242569699928865446175057301922216637469228094581120722781767650688023990287435412493516787979461389 231241413986572.23452959478756173106048474102695131489142039703860188443694717846824826917299473893852909514328985348164118930240365659126997100122688771908190534632475756547203084809280840816334344995 -24011327738030.227042697040762237128271668815554901381487260002697809678673312496801863336403608845699333970701499062665548298582517465619998551613781711683354645056754789128658673636232476070830356852 -14780157545153.917174428351007881675623606197474217145619943847497806694382802016849584782951901807896036637722929053327237730372769943175475663608927029062542143796654509604446254331685916597647770936 1327979746237.6203704785429624216610331864680955078181665579983705437186919125009625880451448056511479103789145588761283515323473516036222625230776824928586307174784514148960205958329997333666322419119 117929235510.33858904955849219516370771790399626265025760278268282212044703503579433476412985767528817294650635180256667360420893679136380969287571863600889165197997632609056848464589994106497915900858 37593980880.000424743639187272531037406748860674024457947091132052805906877965320985671470896609137636755535366615906206585019570619780347920625760916487238047307139466286179302999386476714904130093628 -3727763798.9965131885456647635246502027812995477623347477017031477598498225216989105078411417605747782367734988595790376930429774020742637242505852140558297232455592192029970927316698522382365002193918 -491237243.93935647825096156102617261008725797877129339237510134210113022359490286173596770878047695487138434388134090237861845383079962588492169449448773162391255318571090180409831369345802493728780486 -25545846.779978978818203884729302117762504458750001605739399487871709910188316428789341539818863061803741865716215478295455608371639197581788879340568925921281560976309229790916429251839834973193262473 -4095050.1672822901145385555891831522521795517684386436083804821349024122984915441725131897443976467141618169787828394286586305590586211348764250909904159259114249467435049499531437082538637484065414863 500766.17488712218119472696924116436454043728484550827116656229152365519517472910248867477276991453274265526828534967026364001719200251193581441507010994716340060272215104489645769897455006017149448475 4932.2871331346007811035049375646560756787079158778175792748597082344053802940887870177537243353212970647160413665086934957249180620497697034699178753135417064553079390744602622239113755745827019647886
20 12 10 1 0.0000000061913063634381928204036098538177123325188651892953873875708901496729803124127429543096547988680344927910659288792656097176639631599994721853141120308771451922588481201665444301003174515785863052703301 -0.000000000000000031755324917167969049401204254903331019193739198689577992797335441492150998604246511416889382098291059760303766252944917557899349948592661174358954531603422440722676014780133607254544073803960014912284
1 -319297747251239786.18816562327740633688905113003978299019493650388054186477897557262660165665012322429931670180687417501429350578138817115557693361184340654983195624424519268338657700392767079897488839 415595435892225707.46506733065473214430220904075315687591113790673659741135073885369126408233057771756046536296179938833394635591795525145456444725957440276227353692249324011161900915650809749650922248 -294309321690835052.7669880929748097899757155683053432023986214184106920095701586187722307147687674147992519668790662517514642945331678526647750387941603175750721999397382008377555325605616844842416119 124029157766080565.18980799588046140913627813960219214202433189396071583359621276404382486149765468017362029160136041174505109754917469710106938392472774105248980931571482999928182679554861478322951574 -24983866590443861.233754680265355086114852763171005469422184369685882757379242533312348554348142164848581459792252770428092311393484506038133082964538167248760965958113646627299250250490422836727224832 -2352949172120701.6284856152690961550375333507607535990282625549831780180526592304405831735220858886922111196232284406688612701783103332950331998087112852166743610583348316924974539039885882270011933375 2435904214140975.7933047124635943077681685068714048171127896593068941807650033209916919328820969944992843060525062243647783919329107095178073420044065683258560497656215024776047895774581175590926641288 -347655890046281.33313450952738276785379336553268235848340018970145857264401311193967802301151476548354609979949297691383221682102947147757419570496102159362804890571174860183104157992050215388454596515 -44555096389384.903280759802619587581007676823546854948957046886599285926069953719417923457221117111189404595237483717617128783982707165660490060178499984485072957435277656574407291770284929450008797899 5189716343909.4194677263521168199616035963783939456622242194759688412496583973011421068573553686095273779498159119485424084343796009223199381604240557905213953126224806262766092716813847091639115504831 3552417327181.636576880798725869309335660529778807861887271317828684078782426473750799713027894219135301532442598375069907523025022428252298342102139772116330945085812958042229491131725773194719943851 -352530966179.36373538125061293724730761061825775997060331294691104290841745792438638337392660211141199221183757677327542170188377927464849669504332084661644664914126606583571465501971316606272977589263 -34394321977.064669112566044122219290759658503394307705110533565413371601563542909078795325983627313197832042431658809061651921845983379374558129297311723951901280058097685176615240604527777283655327753 -11997497283.444251055229362091399298137484636618108619026367111714467842976809549545987731732630975539358697605926577012611519756155808989710648632946254206987062430862491681258650739694457799221627217 1297966919.1092667135360778507913196793961634851623509255805190266892533832967424731043916440450631340118675459147547836566544627857367011923526308225840864136029083711754731567763071210699023669506248 186274077.2288416698282706777961602841480549539924085879222792949924012530236176412736148052844617728902128212893982294301163851497834540569115070169317070656110442223333138369726978100257235082572008 10541955.527393230449367137201496263883723450006662830888342734859902554348897239833736535428834529105354568594973578362009633394244116073131896326009578066265601566534686361721225988037511268331279075 1840237.7040167910270367274752796570115581997955672090243766820428838571243844485276292355884098219245144145268787805860184751471837937909979272026135172661019772913489588443866649169512319890168903593 -245658.99060567011787814570772278411815009903201090955800284434296137778170084311112972757686286930408956043341419452164120714813786520656597942074607148154314248975777025788454296580329963136044768905 -2655.9183091075406138180933768493374438729386350753126368870917989877474196617833561027620248042171698806878696063989958195479841361904936426088096484883222908149001812398389094743854914630832334245234
0 509495723026.62449376669500410443826452096541666993385670585455270518612943275457136588735748346056422663658875333943570821890924739904029237446920120606136934601078951138151264465221195327221619620107 5614484343004304.1924772832167335066403858477761104278137746567601072940930576076015022224232604121284512323065358053207224928957234197857469057652843150506217557685946354982440894696885261539153775655 -14616759992469731.922368350000804968490345230646756705159150140743254141416932664349361914365980407954079061670567786618410006781305562443671259679630780292460662560213748129318326079348487475894422287 15526814012957609.982207895195468777023663978693128549216696234812271796609618037958188333706815553478508345876005078652203102051532127761119737788153066397507772310673934836308682425684883708568113677 -8724553679013105.567578157291570812423806113988763061273784292822411630775750628728144495726454502986141849414033094559453447672215212133736604829879188003094870033098618927684578595026960495516590958 2196798279208155.6197197517786819881918251874414057490762357483900734218262212137725918836995255032199952317777856345831243476060768135965022694570252602650730739246484438795941135274049187514326122959 248270381515460.83681603302933533578996481758725507264895549185940030985038368584956279303313473495490394229805109966877716378517558776970407222554299961315242320862171946966741021083646308907387625796 -299860816732036.31215182884164884763963801622060031457417693667578110380101852668637460264158297376779106376363635140593343471983148416162549835243422026375277634316836972822897095071875162777478804076 48910407764185.377876711985708929230729961550433475559675090550309903510971414585791426667011725516403338677808971249754301043884887215107517580140604079296850419179281011692858217295937330585332213034 7051828815165.5851373451489302922917986686362895996792413076301374481983839814175178763925265209187903121844282228882496901245216761000144487441978204812887846146733670971800563609078114889522819574572 -912652818674.55302218280348456579118035097568623125498054356965581475699835700875747475160395653127346705278757734805737010770185061972264860317489799153804556127375810818369941224309752809014632079405 -687193001387.29527185836303320655194756686575145599165476941583725690029892199556893512941896691470277837827864620312568951861886910542597278561002898815053789733643474211686657780824908309389513942342 74394468421.931269451606965211208321687501709870836523395752537132905533064758274843572723234945840447238929933558532954464595880129162022307745173730696894845078545025464214355655409015495995322156984 7863072553.6277170949023667685842856972349988293283359052513207980635377340612582959695573954242733009357777402161816287023097926379273523761825840243266868513734117571474747019565107043388896907698779 2953798832.2176736369182391692464050303901397984619401401407588009082161570469296917707632960560715449915732739797508529343282939185911374082310243580937341742002097344254937942142046286681520978329335 -342386895.61266749255953917388617044203870832114286459071465964880354315074138370515957485170468498215987746363486100119757670215826976232692307783734278406328194859099336076510444512539897000694997434 -52412476.64627192475177399703030185222091261496111351277292696570529355039281731838627152269907436220428580265319635667658367657098130549658687312561603690862008468874974990487499238681555299500094032 -3151609.5127053087535435280705562671674681943590121825061338696275073771144718287402461344746933832799041624143784845814951999676895117803567991122641537977544956715855454256171570813759860510323805944 -582517.19675115956939962855729678835027922124209766738099092733246926243607434239277190906801063676837376873322706945628432878556432695017913913578291365188908308511333910371115842745109435297324522232 82082.127115007762316958227831818520484872021091635495827956112834257688578069410578988764521366486643420929240797705302808313873649775508178588553705087023514535959863106254927665489170152793870740278 934.12944632107581016735969106784625481333478492514137445784196717443106587111796352898897152869020832273732781924751882802993395693374610257283089438294627539394702457105685176903679619776560438108295
20 11 12 -1 -0.00000000000021552078638706416936595836888081749785360140954110696379686840054941967717254504043082754298042996809139616342876737459114447938395632021783529771399599294806580909316914666055426699234610581881621194 0.0000000095257539707006295282551906988191056867676890861138231120244923974221002561495478915435034375264550704202082323958339966413123190771201522105018279880124906980004570964303872828513564379612545155924274
1 -322061359925809757.15095440534553905550836634887882410403746757039482609040721747360303111109081535560379057428912078735784545279179428139291623684522348111202511718862319825342281587055970864813776886 419142549431650166.68905355102875281939616602217906850733612490248354220249152673969263169427923074289062626205803649460279727424195101763497831815441846110995498105558288112273699202062117825537835636 -296761891292460975.63645565973435379905205032810782074652571405044899088829353395720753418677202919561469079428595156539853810564471263318158365818067588873687113162301760474138162710586521789299399182 125027371348180223.75667840436291489195530054519717356151441511600718795087246727837927928376771463151018599309270142150603143810827813798025628990494639340199340716979416970848381701822142463822964315 -25175666361659733.102071757709100631133584966252234409496448811531249454855426595502533440751190382716162140214281040486591258829251167271726752166929719313158459174331084547271681324505413996520545315 -2369927393967976.0727043476552152751913526023152708914687562202136440610428169277124701260993068779270039523744687128389525606413316859930948236104793411970807183831010589872635064139796710578685765108 2452126516162068.1741302444815548030901332749061390129224760415608183558814498694292435004287586137283526206375913394832464019927397971176098413886839538953222757076470903995338004969018910193772701168 -349742727276383.63369099502557049913340736708821672307117636269217122576959778062760057994403834704764794461316110151853668623331768085368831415289886710409066705901918063950885507262990732100679638306 -44788420596073.279119896269635549586873082930491156127030825736421775454933267765163018264942048348685914295397906181878873881529299420595208641640412270283969519684679030892287333397812062400466772274 5212304316641.3440021965991853536746470512519933699141723481997303187758297338059842389000690179991070899644016768238009242186492446201181073493606368029758947348110389602257414500671542166314600138568 3564273502007.3318578959236278759853064826356456081986876384813586726105975088558360724727879582229767553845784302528208694943524928901646892284106081340846694044972988571510052204978238382919660067446 -353298250779.66709091981142712371819039164700561246163065538416518262928362574822751323243694566738443094879538160844121345921995013697362852464008625387868368222317045048224734022488305544549365505935 -34423548870.7395109561502880256665636307769237717648385456034590585186825978210543321018481095577336793985272458847388472346042262877102797423972415964721392343241347219714120397808204964447930391956 -11989477730.168536388996866007048596135748727461146256724585540965835121033406617808596076041328668359589945399508692547953875345483132688086222781034073990281514568769768426754883600422184392913732182 1294835687.2552869250385380195884815487685657551794844441308848785737169824373313117658848477325840684002074997986162022943734057483933599371846263345545067743063437218107932992529736155808605825001156 185448967.15997145770110692274094428377625343633491521702948565036147310677462433512096456704922028907443296619605421943494954134530242079028182494394785162700779577932107392189020798155761155780656416 10470395.150520575103838315965598341119313821017804232300369143144260418580594690301064312369983450735404014963290878283633355853904810860683810026974285149691395157110008981362398174501054589339187437 1822584.6218478037498200172545455624906788638756173623705278095910494134695842510282367662013807659947273136179104052561736434283888223923672354450761151289476493194627538411306911874801135071737511092 -242460.95727620118297208524849799001922560921404995220718414383257196940202944811048997833495731705159564931196248118426148111407759653903392393456245684013916811737638630797498228799697415866722678389 -2609.7162947170162034430835550694730306356851960799450514744213929923161372474352759558443186207259307081668481908118009337649596356154504784062553059019681152447097948300013626790468091729238308278243
0 1338444773074.1713639337874977812351034582999104152405188453135528065469115404412021342892750958598492718007634889602754011640228220118900982320816125968733075664847308381385673215991994795481193332695 5242766518954631.6364575642664753757771995762258020346621550218996722642237915194992122791633530834015177718073299569870697398220236022772168945128472078461393577771035199309120776939750563932329467502 -13649471480766994.470867190421401911691724441593937447739381000974527571979335553847827049251417815228703534775399843495610416545591137482100687144104477790720523749498551841968382701639299804094214778 14496808317505776.506785620545046589594504443924710255882429671497373614543160113873856987946139530541763252765178576805667167372676193934991730791209106377547451611947297105917200557822145571013275407 -8143567983802735.6420460170105136847215258679524922206759814838519716486524582744286386963522747122461755860484187010653293011225313824466906391854757565651163649940253184102607510727021486085790711909 2049763140117973.7264834608930280683223979682774172880654772203609214299975182906301969601591397019287191526405060790969486568484740636003869200131415572119071266668790393302792299130869548047321039873 231547799156446.03135642625055556473736555429561239322264799663755589555194705401295601817325396267116740555693330187115270847676457715771118147717649128015634038110917023853642358479374937677619609452 -279509314053509.28945323546739521689935571671117601728386417195126378728294832265605214312008796736180560282725530998930433275466919052522984801855001359955189307101373597202822758361237721205778090598 45561152634335.400482022959739446129148458593297090512781784797532969860857873604241979534604167711746237122875128679413409286606949884748604137990778976361190512150449545198768557282946465494277020489 6563941901691.9426995752180360797428233978451982979212039062500162204356027732922897208896271480709205763713651065185720802701503834661705521287903673879938010174087880545049436448950035417057014492279 -848763227457.8771672484778593089437603832953073419773394683115618322243139956746807810350582100286984096329704241655360712009708292137149602569108303773230121219053879274344812672667981784783154406299 -638440952235.99237417238613963412352841660407794563747940267637232971643754703696800032378323704160573145027132730494935624181942319153469016544983012599497375048954049091744099654672535929322672328283 69036687373.574061434720557370886247702183924277367756308982817937130565412780542788486900752659003967417350559079261966448846200139720484655869909558568940648871535205273344420598798825470599398466733 7287127135.4563509547056538805932680942282598305888668079605948851218073715357534280000455017137680640346207876342973902394157268824439840477026383714742636067456458904401225324515068030411397667447461 2733290341.5955891918554857330119880454566021403796620537070227561495349338102391603249564906755567706404429319689813958323105426155069850861212411491096305181642495244305672030556813596647120366178215 -316273989.77343501463613038746773103380717711490682558023371579048496932947375027512143827412303376983546034231685832926277610449628479047686372665873458327783196409536888800954409083052701165395561044 -48317230.735532838888030525689000182529242025473441707396247809253981943646079968213244313593895378401144372682039805518533657355327825812649249412309108284040759203890793026667132386294495391089151474 -2898475.8812299942409361673652824908337451905512330333736351529052803072082396188485011654277410059420372482022910872776115168846120438216531635784879868359231581218659027884063215914308420506672977754 -534217.31291970100940843118102926328375977852239741440967631119955023706487615403282815498504407175679526767000024588867034952449904949511898082808083984889971152948475246932305064832334226231630374694 75015.881299861164859778781971548297350473181767740735499487268164977600174726620442632703595128827879546972400237982617145664282065214783033562695715170390850489288037340984965024611216951976470746373 849.92603870427138786913785153058730989096751034343841315815771440747360303212204612912980724774123750178630240768690390070147594543888433209489554753490236550355366660877346152716343474105711295186353
20 11 12 1 0.000000000000073567228390085462383887274262373891109525935009601697854887790272266787593627619551671118646312642610320955359263439354961211427992174457375562811926644624143657656241493271314176292780111197387511951 -0.0000000045503831405335054826550437928906361655684438183368590872763532105059893039038612173422215782547838441841341135935254782018651833173812240415410986048208323630428246866507563150999270418781611132476951
1 -251715343571069534.52698538239515229835902883509879365090026741924242539359716554260076181656676940391633032953002343151042716074813804901840165955506059494033232047932362162822313692192657823114125937 327159570497684315.7644900988680820147379442264829320192048279616093241510261759383884886304105863246966008638697649168791794033785994918737830129757917285086028728761847645561142988352248121612825215 -231124285236106776.41798739412566115595322578971676165842931358661645190592025049517127953360921124908948121458648524503204426370521680644650451899604649627315994160662929590582304236818746446357554838 97070450383885603.297195758252398831374813864464700098390306546447526782706035832101407835520794424556690553399072883641499104808585034099645352291050429588913969553037485923901288395106990897529719769 -19467088863238054.703390321673214915493015521422150478089834533666848344390439393253995969711675786012343198384337711530618261535544740866648422709012805864857408661991386849825708264722800121872701491 -1823356488201729.4594988134248963700334939212601997751902113159876658407986211283843600431216533718739942108374342017308465825447985713067703847405488547775903285092782389175769432180650535882438753543 1875230968005181.8709995330969993794107683344595546406030542219709714081100431488440871767546503689635133550568046817796057812094137591115709903883545172485708060117405330656753824901535046857341968651 -265564525235000.14998676493155855530327255738460478661128985189976808476007524168503152353836610265593101360685774571939069055745071389418222667811139145542313761289703365794560220091514759512124093859 -33728720817936.365887328751617112922288311849177956499161938294073674243430152052741049557577667833581242433136715403927834221162558022813006407186320350748401808380667518085174591447097415948257194166 3888136912031.9710590246013350354401181285322865651161818171409030075874442548651689952634033737425339610560592144048456004518156939680940427588666148311814602636487806944983365930937626967999049524943 2630132109100.6712216534195373849902244790414922166870805768979544652540197188429643775547899545599497374281429322296263676091893819855004827105958671752890622208664398720837458174699057765032424548509 -257513438813.14121780626661979169696869639317171138092476225673429782539671043105413797951225639340855047117411758966832022825571913997666653530932807178728216410096831741544527305907387852141735785348 -24742691795.927780060494165031103534534350162174066820030625478002939425308017133605142563232465545266384454334635627030095089198140438522936227602843521640058041520787208780122671423285652273010420198 -8482177593.0138016927517922733066391630724649406019273061312509239905634352557695891759418691789149727660614715057944049384709995060868669787897485477321550052990191781602482238300562775303751845012737 899686171.59890620304069016150527653553854219391864569686620002607252077189779782984828083326464970636539179184374121897041798926268501079137018965797960707785197970408357664070799776555207946445200609 126225673.22605676606986630669525486152115446318373107562227657664008396351377257596412752738883907682938786637886153224606271135429194664727438792222166147181366224496781566612315867686047530850496386 6959238.2149240433235210233165870320299398083762089864741223612811392014907204310051727928872030677820232146864690967118976885462702364861405507773864096488717518929881263839762144122734260029358725438 1178192.8580279219939234604717253706806694212616752002089639559135615970324463794660799611975714846084634979186499279606626927102647853334588047591808988876554580382914234217548761111861436595922870622 -151616.24575459396694320276134914048894109496298152808018229442443640991649470416550709371475971223405019171180479627223743447663823695549392052615466946303430155761604718154096982431545777802211441242 -1565.9841281666105767943350840023784838093659045382423513735818870493807401309450695362936059697993348224151073048076650196021814270478243499562618442063857724559057528935364839828848030573284266154057
0 -12702657910985036093.959262020809002106755159839814694830998620248662706117655552343046048061066715270187932758707912000094031015904052947654138138389644912566178538069445705695543791397202779793872011 15606138040504690105.977441578829481487716237800974401029858531543402297013215672523370154687375473168392996781508990878303674355486318082798341067515893829512875898435661870365261767822171482929588152 -10141808092857340436.205952059814214035864928565516809580757066192230765923258165551534699543447290377623847159096609333736787689622499682754388607595461306021926577428968165462197964219376816919038421 4776503286178416191.6041464284411620274402722536448122543312413026315279931883722977190734803209734025128784736156395596219140812858118629164709892611381876919768643325770157042465737488435031438802033 -1504571418599080494.8847874990924313614492393509893450731764978023644561255616158854551019309869519627032068794253988838551378033986973434573592707333315015636646994682952809308073793612629580582097896 241388602742157220.75835971350574950123594794672831466269119057494989392834964640480185424388549786559378259426603735553585419793299280256085424584377693606120340711779076398670183015005109489398351566 18841092848986533.446196859194358502497462687763073720314813441515411320620165391950107363932860209027976817039605388061532455491010511580436836403545388538795148269471028226839866609753648878094262791 -16608961533570191.894561298269379306040881076556923892530224969208393214039757239272893209971832770076577375939986658693819337345578296624074222481975877755040169882784738366314247273265031570304995704 2058096933868390.3968436622983754582259728222918855417770828616528933039752827198232762972104860435256199863866002480168514379442835038133069913241830131281620101216069054546068038717222138762584721453 232350233167505.01750383974200194790667384291440903574342477231314953745732931645711169935046304328044348885065769739697151219471423829003969461787670178997102837019291001384243462128074140879369905561 -24106119205380.152788425548614786377239989364350929379021507481699834011598550387574347765053321106629573811495501471525606151287661397809700344607999056033538612755658216821109655564804899612788659584 -14824178225747.197164801344865034251368279378299982808106788387715113974365323290689227502021717153025589050838945019817547109068628991682490418141549134895905438603056145568881688640182115496287712485 1330467900094.6540893949531794115030240239341654350536788730869598433998497631770325169407203503831635055307457925008666940703979099754471141618339139022285797818843096197084839758599458812693342306723 118001992449.43360873772274926377714640702116917451798917882135317717104798367036494094182185733480574123906682591967136159065596470156690497501549649488578033783266165278339664595229460653790881928863 37563415250.845476374910161440367312623427671134784522447036378499231068167050742296743249373769152674604218353362503995490012492794912970694705394184386015461215703156880406168485281792314858910670237 -3718651935.5758125721343217441330493773498366252835016903127800150784504164396756883314383408403167174475400382179042164655678800502856959502079746251743851066353947969258099417550899672555137000664602 -489117785.81506860622098634398152633654292189737057994037551710369780627418496734618619320753364124206024774287460951567793335585304252779979712537107539638355379193018642989322204424710905596630095665 -25380403.455074820721052160737055839583643277646823988132046377150224496623853309012072672745674927435481422507503871595469679750567653758834076288045918926032075850973506878697225017394895338532901236 -4058164.228953281281505446776931478460348543072204896744957417758807913771201828938689498585671805525134294332922504536940505794397981775354688902333264759024482023036302027238848148435966211641632638 494740.96570802937176842326422130506338662171172799926971591838253147566664435309644744181048211023835512113032604089924508978447283656175350179788919179394807685725997461651578397471004796628706006805 4854.4841942883934688519173293782681195171803395600489295546589915631241151783497169695919477830882370546314010582366699731466426280357658249021438396277024990213063769319676753597994397752024354306985
20 12 11 -1 -0.0000000045503831405335055015777171698243500253560205514737102033675568190129917263279526661752233538454372698920612251445274849129765365606800833323034854714914226865857692174053464474657428869145419312450305 0.000000000000073567228390085462882955630569400585985092664810438995733342262425620278781664149763535186510596647297823162915380972197436738294993808864079011649870868875760928134823048824451802751691601980180486986
1 -251715344490390888.07017295631485306326639919796583643132549483182520257061531635830389721665866636320550239830814724165965565397900534634571589540230857420393063991567442759695059538275517999036083463 327159571694774341.9376777702392467354569877392965134344415570532774731557984551273425499662070438275780598201108464937500440403862914802387081308341326503768463167304156826899410405756340066948781395 -231124286084443529.46530548539142461441838939938053691524956867725508160254321753705003798890073076788644525022333255967265019063665607518092506825189384227970530618060085375487559832798284273495343937 97070450741752008.517615510796604354472381130530080132339623961084281684682726521247006126854665628563872477736996026644881740051421983336542767939233568905729910179347222523817202358280115787746047001 -19467088935417861.466654058582993563147726994706966756113407062080279108182139945372418100007873049343730953589059681288040623537315583182748197311631369167525573275317005436450121441751434117837557696 -1823356495010292.5452879467674487325167221161225131416684940351402755220781236043569770642935218971032031009073377553925888223550361375918182874994959492017349480296028414664360554444602629410501429895 1875230975067061.6008178861654869381516109760052094649789055719044457587121531113260602290715245642523951364592574832207540158117081146083184401612985357581461055597490894022618088585186692241430175308 -265564526245090.52374106580740929929807178326568747686937191617108760400632343453152835121512513886573809956583201641573145930223466990921360555285979562653357253537827739008348371756861263795419743232 -33728720947712.734778431633972298077889107291384980229476912508141233448389441328352578939835147034707719082167550759473651664289053537343952277172432383543474793337634693419885561544622299867709752125 3888136927190.9894021850810980546802131751080265501467243698339867902126391427747403194291852869387863272950172628187422660476810445830906309137663204176906704151213863502133210847294709441813272238768 2630132119510.1247542486225761845330927039310001352915971287949220517933872290319953739854768837922937103004868729348288244686102349166576536842375177512157112001124694855255273504293582125101346277619 -257513439849.79073364384364127161698014211507445674420443889526770002943656117876212599688123675588424391227257558814384757146029679294112057828977766014629226633438048066699433258740507852994250741939 -24742691897.462620303523426735720365867491090505369698583251147003776311193468032238777665076504078682898200534012013667340634252699744231021561463488305297848879347383330855712397316061663653366423256 -8482177628.5840270416521937228714170993509518188561314377351395138783662220843747191937449922688827852108427191048033335070372928421913711847469100956503376120172580801929800209946948581660833277941841 899686175.4653832006992308319639745810938737609771387377671195082296579495684948742967949988099919043829978669087598810595656181244287326691336096541171063683906919824211341247867041704024211393196457 126225673.78384239624634241112442415690099481536763956906663162005734300207329640299749025174733609546405689423137330744974210335837430306213705352857522795712385395626219081069006991178715492874132673 6959238.2466732425219427530785410830593342245248654876962147298806735541792103754225988154485623402117884798969759681607736240641065993728330591072650282571888702718714604177566799235288056089348929521 1178192.8636056133542059061880306983850605334308740197236507283704790901727729899102448551362658346268648523673339060576565192883243512282937648118406088036681261461548539210404680008930215144218151975 -151616.24650451586519368479595216938557201370153728625332144248660112096370375346091069246232940402114712170424243900509154812163366668019288157760600525039225448510315198004322932034026057281840694924 -1565.9841363408282694188418581457871519374218714919056600177451257285024816969432244133288243910282855472856084093700003200930286073698476099638830289207993318527593007401962427313354122000575054949461
0 -12702657949640712030.397552503882142166434662933561761508211859465052294358549938685611597150994026927134521459526021835365660083811452933676992748210748712398537229096569852028285244301225673673070581 15606138087955684482.13170486580655173605408042764479393036256204826682633408245038013507552179587844632494688857188126888944958426672747998209604397556584878513183463256569591655142388548424818292356 -10141808123615131689.990049105549665533380525642879340059490326024340819565771767922865069262247558131988665987531960194775584053931051407720292239063542958852508460325848122090406125270571361555120116 4776503300602461523.3112984631858584366439653138732068869603046339767761079597261308238226945887918789182978642249478262069978346684653762094896059687427322249106563220004781319912932023613618735114404 -1504571423115092620.4753937562421984988513851433400789448346538829711306849930288965583677546670098143514262857232754404861515921631403087365245355847907715599342504151269932995198066946867708473371666 241388603460984282.71983513416136957324531006058283313605918157354023633326219725692074070409146583108463129899663831784756060592851611857129247524182643134105883180160868894166501576449965084288404164 18841092904543878.918824242436485370984560489244502028234466181876722702858480590634399095102125057570667979247812493967406080488667820458200027239931549168964224842037631669106674068722966043726691172 -16608961581967264.495447338622759480448238795609036386530065026858570014893247950821746531453485984503849287916604482481471156390562894863020809524199462665474948118226005544284163263967292444237986917 2058096939781759.5895772560068305587799640592409530326474228050539360089888254142336790981211180859653350673767825598413055039092652351317804256735174888562385802280943782237503314336750461726841991044 232350233824221.59308352428114238295056133366223651440180709098204252666300826896519163695685751573769826972837854577442209892959112802801576464800351371438833604352864426697559965795677999389671765206 -24106119272230.377444359152273628804066561239707257701218918965590541525375547112604253160263537781384206672246622023913955945387228755750082547229397179012817085178923628517898520351993248463179554308 -14824178265966.860743906676149530936661162019198388777899048160381590469153551268899018200489253549591955916453736803004712202016468296357465068325890836193115804187613257292388785169365330769505341612 1330467903614.7902456468776419878711281152827462393888029756824665782101102987937301496653630304666530201852120453772354075516202186444469685179918524309629899198866918111032988368406878056762410803895 118001992752.77102509932350076133420121595689712815973804205918682169886086382187443990643919074399697844039213564337321005222923402483120165315570215280804473731662268043121753449824558375813200326558 37563415344.260352761094306249396116729666917630601425650498912275212406475262262688795975369760772484284874233901232125732613902641392665707458929128898365207858915579830817274791208036410707901473961 -3718651944.4767381744176184134616165346359734434579578468451883319044782696556781992768483416412693278149326158198127804083132684398693646789239095259543624606137311600973573240399912865923407583340242 -489117786.93494121683335436424627989514814058794024689919363763017001514125367372316797311566043565134184604491770010259487719526574636948608495833510025485209634733870170322195976179275372436207026006 -25380403.510230017350129555697332593022670647770099275802707120229921529389558897985860816043334687962733551396259826903691510916354946329073881734886280362564950549915731298695130852917127918903231191 -4058164.2372395432671489845074103652834821981045940656198585605880487513753253534762115415202178207439247794942124316404914306079761905150024297432090513403914258890510347809293868632555906187559169606 494740.96664410484705318542309864167402800031994922762504146475468274985162985694319698705292240245899971890569753869074215391149824683632306030576407812902666304487607924739612557187616862264138609909 4854.4842026244015784657546278602325622938760425388575029477983789723637753690051766642753682441048106301677061262774623623028801491153562801133616348436267369478243829855812518406318123591830688448218
20 12 11 1 0.0000000095257539707006291715547235427238565338742382497051579364301395940822195373585628129296578138296961020311146608879520014004570834877712931140050203556120347685692236088453148829617256834835441060858344 -0.00000000000021552078638706416372686249360897136753015273913795653656412739450735543703599362807538818921128003970261345443136494968373322133391662803444608970992814049116591331625650930196090887338862910355248439
1 -322061352995018108.50727182582098406371003072869995805447576637409424811372838142476092526110518374538622272208314774093171051449043600193067155264025540266531036503840229932262174066873441883179255844 419142540433191200.02597926327849155555684197962452673869282911975096198896341654097535342468763321304177876184231914500753540817220983061133360731583732913167022730669191229382567735817032676960372268 -296761884946853344.51306932243332238980400965957503712299881352300699685672668377266246309024249775946799343512846930917083888521687623985346782621999754064300557790100693094146079988919640133679731449 125027368689858165.76508310053991057685007618244085222360162223595553040163493229091817380358671033206684568357651812528179111696413119972835264815230714323264852873275560438730352237623531383448998091 -25175665830318198.693610099381485785793839935381413652403919467117416368615122797385906297508942035448363398654627140621303305466167147353734631588217588741441833996280978842678461649586092730391453835 -2369927344407417.9104031991521008894868679322989145809256472388022651528372360647618329229233212021010789317276964981987480738817587546146157622032238916147273509553502147858196270913326723464137460257 2452126465448377.1606203524615138489487001258280067177927041353712342929658333417916296851008118606053354000765943532284853887238230121314011757058875790428697130614902215086681280769177051731506231034 -349742720137545.55006344082489907433359434177397330310012763581158562258209670783219226295889321460937557626671396305842040997238011221520438809586526079368746512931764536731709939694043460295591338315 -44788419695780.391128671024157474583611396091365899565063692582606319706437536623331115517570516644929470955461256254375208162945504049572064759241564687594944428062350063385186497587844204622371004118 5212304213712.1605874359012923311209138517415553954863080209619601965073182188828190369950885642468247617967604974008421268813648251671661806125825174574414071072415429615348358890188469091940134147219 3564273433045.8306945425347930392583983529675508505889900188775065614292402944952229608265943096197782371511622786257233987016003058627643456148533069869972578599944793089716933446300242545005242557956 -353298244102.47851280118618099335201155124482995076131368158952552272440983540933276928016824945298427162367132008964361446540850579230100797754415163985386062914430889375934284926745920470469899373748 -34423548237.417401172322514428337677327752411887071027264086562295864555180933439512317136975059077212662686032495797212461884494658509194880878120829656661560475533654697870660980272279144972478299034 -11989477516.304343457442396545945054644888801434884030418338096522170121739877841668048969561787752814726952488506796653534332757991190921753357014278098925055888167545408072750746428451943444004031486 1294835664.9689385662893268227095078120025416689045261700103508432803805513385275902960852368332041477165022254567920414886100742079540142781810878319196367817375255410524194799720808337679218977284568 185448964.09809172195174985194969936419613433403531438141537378604318040360771597968125720907422813334697079075867317758260385727805488517826126106568979108833609960042475289201029392231839434188157471 10470394.985914840688101825261886631405174498324708358550144414985935826359863757617138852887919778847122318596402731119668955419677780810711648436631475180606512979049635405512161025444191036662903057 1822584.594831384512007669262299531381290291481423826629242179890873414474849120482975297454562407294970357531495930368517754788108507827553738273425580761266966350736827709128236167671728243250603774 -242460.9539339701211134405787883356531763361251189458069951923235779176326332600777161336138878585466694462305392299331516008931648358491383982034614893041385096733614607786565708459548205402393388941 -2609.7162619755499265177197116165764597227699966250369976089250783335192023442359022724594632580679927357457152876784481911997937246274645594923121850645079970101099040546583213891675611981681993840272
0 1006961748504.0437243696732890776966677718622907766783479874538525330311038869029185537781969579709453934501930301167489046369300203641307351590342776127643766366414073805561718814816269403781431294726 5243173730933984.8321786730069184484162938294332333270887525400496776659264136693189033156062196528782052950101087232745252442173472992855237205895211827319852693581041141591388914792630460300999188663 -13649736035509453.788643188371320972512836858851943644014811406491339188792968182485626839608724499281116433273214221154858640700122617279799595191776351494242073667104707316589131645960208644851669021 14496932855376009.206339750688500743739651131333010697524829377846190532911896721579831996987881375749229956059377088084958155527569163992903004303504171884005618804765623238084000168722123262427066057 -8143607186017243.0985794583080342275956064143682590732632211611233433643194003783150952871167043489646115997747716646136441183275548139552887173729238865125068020906320917708496348069384743470810417766 2049769424100682.8753949896671298204890996475657428789662596778805385845197700224177594791651174955314106744846577095797102059371008341888966930820603293067781785721145611586725416099758300955586631377 231548289112415.51782831013444002001249486480915690059956877014476162903208399487419856098051711809872738757909475355109942091002377357014696031438175027902556929898658270061041658438454611890464084372 -279509745410039.10381930537845024123824347013527424859581409197356370722462459331076530973239671875423125784593812715062362662031177419055417500694362996257501245774793963497605326355013570856683692209 45561206005934.2176192194216828115671678778547817551640935574532691164244874499998508854039957223879372324204792317775578548446107047379429844666219739231891887138254672927890351860126686034317032318 6563947916784.6397620809154723724858924932977698773229056297652290694418091333688935335214068375137719508477120529381365975253660908874620239053376411231685425347297629621829537082340997013996647484463 -848763850305.42992449811238240737254816364768612650232704141659235454431134008484079841681607396397515190112048893033057046532804371213564293125691606843264846913021207428834588422516769586262853568006 -638441334423.10015099408801579498569783514261425397838056188223721604098393286955456227965867559256338595335648749057667235554067582313029395349619122750942875777989381989415791904592639863986276895614 69036721591.264628242901286103090448381459618604988733377515661824519029285526517446187453015620411729495820033719782714176683348164623290709738214902936371681438828059740360303397909004713743480798866 7287130162.087153692750197619024793514878008010048367298014231701902859539917946463782211871730223269118678932781825437938405795623890317003361492183242480996590420406769921906900852870097162534679898 2733291302.1749403799038980935752881272228926253890797166355965247694881999349323513483283938385249251180766975806593032421371641369271074984330257824249060024991758368005910600583146059462566610381178 -316274084.55309546571906877812018300497494386847040489621593544891665980737776349956112855664552124273646410880451682709527336758616762077401598604191445635010072767270415461427006136591693103008311931 -48317243.156457485425828329724573551467584060917344687136774862727250141940179429976438989155637945801055168798695816030821248406583127434192419139464309621779811705096038032872538485478585685617710752 -2898476.5231497769114163580433526747980374804497324566441319645231618309274859370889066255725891455819411953631912712139703903699154500035344447391108676898804165736356032799536077774570208757913243699 -534217.41509805025884239458706694397107465897485106641704762391538402693642486752236989878651110516682366056274216387793617513129439861988166207700921576231092206313965254464396679718445610194770854032 75015.893694140473370378782840854660879744874367852945693676098800963613217227437664941812720078451065842171163828645726848999840720659616951656955446527821997690942922187705255185619005577052338659446 849.92615962597210871601259996892492355805152014641889665730812411914147995312726912796284588373278308168612123671232677163781365187125203834468802794010172330349721631463094879803539535858343590771044
