AB 0 0.04533284421595870709345183634262962282057398394858500749748337940141699762547834260652195574952933209196775361298821236034523151869441404836222536321959458706291275956953424410822329833205170004499744500629910645034695496 0 2.987649727896154098267686931994163088166763247432773636489524183181097289815912402067290650173875747615391347698336858571545540699480893652734179876479376703556481594356411061948728889822405626040966385246071531983161148 0
AB 1 0.04651188954367797931160607106007425332894789563952726103859339749701190342346232146654696878798238677159728094522498519855361756064669328044522456438790971183503385834925805456703737660510341978210323893632927554025944375 0.04572034423940005403578536549119864446551805626430717327961198945663508492971692378678968331637021270457071484628706403320409760514405318885164570987035012937899546659581057892340807578516909372831176511589716035187055843 -1.173191040203924760569813094795965845577954903685804565897987625207324563815145043959964881299774035992180631248763417104239505726425723625038606974657100985225417098643140876879916824729105918869412392574437444954921828 0.4844340627731401499027596039463554392218388777574491159736625843392515742953868377591940430782970073196878577267633890363899477836456614245085969109203067980027759388718691062803563962459428470932383851352572925798356365
AB 2 0.05062104836297459200696969202719823345637324574067461021696016340454270422311067413195752301672549863668774368398883998240347203805235304848926839008072172790743971850869035431986685815538760279836327249636363520486594759 0.09398184488857418579905823544533578547772433036986963667236593974337450646009095281419933960385455360995594460646476619297277438584273470844860855241672314448170994587970062825026079715714009683233648852942670077292227090 -0.3094747366636365790954892731186545146739490491598005676234039328472892268122532712999673081542942155793037093994453585823912606695044574670891090285294049293960560975281724683826241213605359807152042314914708509507978808 0.3695762252555189357672102270266827287881456870085104260433585359491657642877316057458623030343286069394055727899963364868552409136127723791492985920769724521635220309983356873903198928097205374305318841722892352273365311
AB 3 0.06030257948595118846896957601252089904104626208713852105019484545039585200684896397365465571960532960392977224948555184034431193019085780799282370281394329854796340785392315804478081999580840945048816702856847119002157976 0.1487526770002552639981431810428341855678369719517467780109450543084542035071436344932761569689810113598940201339473133083222685067898968055480226450084994048875930114626796479750226222988777894765651425532757540396617218 0.1293931851821694346396056658066334843308043173531102349860356992535347568887757241565811854692623856722772127516505421395817651426213284072357223749530862267677126739216499853597310174690209540491217868101245358564879183 0.3300381628552936831627188091466285243537690968593303251298569104523229018837479336131306050859169224096591009972927137208939761127746835499182259743273860668370032725264781774309504902550262240133921501021270504870067307
AB 4 0.08724979667467490093418328410481494776121835675769077950989283751061461152270193846329852538871075737327001442498385706567106984483558568395813776694370222243032798113938185420444466995790160422466967165872093856380114196 0.2198853806911759405009743929497317924416647380695397984387318003084421012490233384544338695845411085325389796302686449380528179059567372263039894690372119896513955572335549345853430822482755396112691774030090412562653434 0.4289474659228803642998862860744405233865203633091722583968478250934526758358412962566929935410032738371113225433477564698524167248842187078031826525108430927436406545791943353227837509083787550563944288411718862218828032 0.3101141008134535387971487195359801257298303430939223829954458846258604248228350882149124548353762764823294110756322918484969101707081848189735124440197860818887180089042161036864287377252944000616655970642006283751774505
AB 5 0.2529240876147708121428940857817433757350936557231597938645173765334740524532898681187775322555855523745204882682716529150955253700129297168340837640696333990152731501378341842787533638341683754630527156877609337613099957 0.3588360211876490185232475852976327980950051118776583472703401616566139926277909155069728000662699537606021055594033363924099193411455542993700536976477393814915486759948099286689785948473346329291379534687576988674469426 0.6576191402844630257903022010575811195558265647044040018775058456972561139993008242057012539901922095857468254619354312381879102017851673005830022091631129511437091067700356219645789782134749274248290979572448467438007813 0.2981230865441659979127234801641638526169587765022103446836930724295460226544215585898448464176873933688246773659088207572109901592665402003752002906339495439122685900830747630615456437466067006577127938251383250450275924
AB 6 2.233238204998440835449936613977984487935222315556538843373380427866968731120587145931249920754486945090515594948566313100095301407745002436259086679265925384253364147330271868024434162094010716823237487751675704247336148 -0.2113357262149891182521198851164386060591802427412594947125363760376641997889148869150580957193715066336060043740088812821924321991189557506477667966352093826991774721334433958629540455368771428550942420206788132835514335 0.8429524719986432615329342941864647523860371827252922100339490485498334061100892399117471184530227993781791635612725647030487920714130286318006670646106255280213001664236690524234020243416537207616834941267227383142728662 0.2901170016904388783985608952348664729890148018070965306018244054738511230405592215239217680745541304867423463803702652318490306741408440978898853373484997061632255998890955496393747127056509471991629552190968134659721509
AB 7 0.2293319600208905023322337662689947225332640486814773497102545623780453525671606045411465446043123251213430118183508628050472819493431879818463048378037341248864508450869218281063976078041760404999928298264324735753519002 0.3018051009115644596019400712068051879098225950429025180110517767486822311740027335457116042285999776834191550423739490855589416803093124931521656569666597903226894704861067738561479490509675362279111721094942173174966707 0.9989221807332334853032230875275181527180587121937503314305482023068486022958110078601024513461430261251257500785508109425587760104957854486054655580868419680842853048318776892392847473794645120961738261378561471941259247 0.2843934680317674548796971192540774570558591327917022909561921825978042603159739875776342151505473198074290021436490383443247929811859096910744066724927079845958085016079158786959214909104916019944314819602437055513391125
AB 8 0.8177306379729756643648700858420933294622842651028951016307385103477031897616275347220958389602200104007130801342139126022847152277919388418647686500076743578669021367685682757785204944320754375497246788896233618782085574 0.6728320512907842036210645553926476133732797302640925472003763671769506324964954221851621952541505205661900679148407089515689935701542717803466047157342357760721840925043958081197488669885157517871981259797490846914759871 1.133635413640742928357481148886283559883628312473756338891112735643127042205869715174948186301802269674037829659873106578491859115381517660474985882996224536095681683424384914401648493903308183057567033722691120849377205 0.2800985279461255361921852921916471868286011831974950718996936373107497249696709688463485234846592881765004192752495763409382693176849835593168033753452799731817677910784228932239257370685671414593854207068742725056223491
AB 9 1.539427154331695396333978092108639627745059481577197425658437738899305765439552419461111195924446305993864236141985723345197249381803092130280217421315329394760815112091615379890380045996600569073055337941766759129831068 -0.2106265331666466594923539505486880680028773497769061219607273940015353777920605656650059631143068712529450986215755461535953464993772319247194470981822094257873998421704956138392854367934458477599019495875013528031353426 1.252229271175242435200824185900833076196683480205801100083255469859477594137210094315451880149073312924695497650181967735369339820443327032987934454350652383453438445585541354683185451076906930971982730212625236176916946 0.2767568343118239463622103902441424550908285674551131999729425689766867049773198470936024971397255399508102595667731327910822765324593662667723418822718424452403874704748472545323078919487544710417315023459776873458004899
AB 10 2.447289190942426050474753324495813521824843887355906872951019282705386953299062527012569202314243156863032909806453365030889834861032690670810328328215902978138225008915182998456231734366068395481300616749278455802828040 0.6786154345316572846214232534417753384700661289258814807811638716742997240953887589111928381594963479563710832857939779982208876108010514211121976983202021222078223951637716619139911432128920112684386701698357141685681015 1.358170040755091747951678300658745797843102888113585303628267910547028389990460931115378848567914214035154127920557336092427056473030451950977628544087830948163226845195946320648501144873118942584666276830853279157236664 0.2740828170057694299347983023103779837232865377464155184276892904134758118921988237392842982798251410694537050248392648499828726225232617725592518720311274741063200384416842298818992834717931524860846775705566658027952964
AB 11 0.4167425954774690582149793472855604434167169748335735766637905531296741770452270352131366119166853380793556225976015525870702325075805451041388514190823524571328417354366057063763294784480222559942075836650618637314332951 0.3141126225536532734450051195898002427370474101100784660267527075084950298160205045129993062757389344401112365101456464450758308192368220534761156038834472899189971368295768233444794710894996216074993203721960929804356044 1.453909692081887869997735188135626023269978770878044678033084500695898279038418142666926712695384759615419061833595913879128290019525345809538901350288966932169122646194134548110353565928338709729341053882424183204006734 0.2718945909461866003746559768703590174680283705887709234903278465965988113427021466511045385141472549014604980310796345416043173204445549280216641301506798372550257036479005999371983585964194069371719735308625994771084434
AB 12 1.621662336044612418188806533148221279321910695065071778288397125217852644305834125558985445277691181609779473024282340095446853945148919650498711756931951577180118752345287266818850398926470907708991502136470779895517652 0.9537758971843202730390177008994976142024846797457399835563272242578998174906233977461554494520078798798371651300096679302555063070015779205866239444195137083939675127656876688325116078447602564643467252128395527474489921 1.541247802416124470627100336509071101558148806290510194719068318745698110713777546932101638991506384695429986637309075055358028918743236177662409180418595227598127110328335055198562147720623981714768574818833054180987220 0.2700708233581746798067979151071278072033831749489063981181593830731150767374323378266277471819517124345158822384543503522132827028557652195650258908222909011849818766102766987905697288394642102752491095148711193163730308
AB 13 2.121480454619994572316517395751634493429185617454082502071410099571072435685131550144140512050994413463490976913522442810012505470945787545272822488823402463902339854396773167902986713167760492337733592083835396174879470 0.4611158983006537624396231413007596151215940930150074286408219226902811245817011746206735694665817653616497522142639831116405752765245024643168011416158164870468954080699654371635771818663800159447774852891889001422800711 1.621544836316641973257039133198931370332660653973265003070761677149855503717527044032840470431690699653737862342583864586490522623597036966731849568790186671942263017416141428519050083686510435571614296691124489291245355 0.2685274754645375780281401041187394470714201530857251802286056170762756326695498096793154305649846129671470543290221751886716992864122799718234777875230935800736977038153096244519591339914378654204126729359704509332255947
AB 14 1.123859065151803999441176191415249059993886595208131245472205140430690655498274961539865328103920291106394046657123009883802812956783110892112210898327798117893565551570825203100333666233124370545031782072032914598685539 -0.1410014034910869419319015556240885320007306740869233526096555107431538323769076464978699375836692651400480674714349368620426238471498861569527340017790288155478994861365507595016337854823200022496731124968232887586932379 1.695854640228715484175578953219904539933882489807606997548067371324288490406905936728759295547489207618764166457394555645590127462993663980820611147465427690684121696224004512945518725181402041551499041983467220231050656 0.2672044981830204924113228339977546923645698215120120244931287723494651624460842834506912901063438713274068812073420411213492508813096508512654184163278437170607453091051609024907371881678616029383878190196545920701299580
AB 15 1.997492839540319735262227133535511891938267547039300412254184913359193537856475944781013595771244406420174219418206280061132049599434686011350781655168533450032385049056490135351104544530451787495943327898042987550058131 0.7637159951116822514477096332020602335507821095724889326308955658618141920784199746313670456044264279153424598568194165252504535592239251836781796231870024193706924533468935927152439946754090806016575885881768046879296509 1.765010359715350329586030848540841554045229468136052140219143896916191230533284064920360150516102001112216655071012624825754289964817500353467839616279917621839387311868862450008015822228547546787762490306605019569897586 0.2660578432581934474865041566071528513578773694300448633194941781855645295991430966431366616819664747759759856265170172906252876869320419960708298935568321141116772951542981328916433891188139533878108714816116301163784037
AB 16 1.000883448989266108953927090113786589625474456933702116870624506666424576694524376223577196588322704262558728028362993230214859787968122595968414103251841089591704928034068491054986953219898948931300049546537200154185850 0.2044055490914040103931286847902858042974128312847888997618543645030108262353048896621144844122907944729955726653195297342254363730141733997426022961150208647403920270796730084769389601165997380442474083880750556305468760 1.829682173591077151275546607394406626891786608724177490055877652512729349395085671870868435147555136425553879844359858319209377184104961482600713946271185207010447412953612887205464304670068132750995963030606813942165175 0.2650544671695847449684398560789015061217130225263450300702837215692448528870034732964928010574232623949328120077934775759959257194166599388904029939636901373437442403693020983133194112676907740995108558971441103563648356
AB 17 2.494141882732414505178128577787580156717726013305914803983283328655572577316982331801263844652958704358439937837259684391118578811624000302735685759611539635573569075792790488036772938542027857687364420275740465235596608 -0.1271634896004236975481640352263758448538294492749292401012000252090470840751096535097009203923466972640793506111317160848280524582469750722255247735004429444924209289988506191371330404419114364083497740563166543183417170 1.890417274434941832198981992431802719947382926520432271747472363619232002470358370636324832414780643677805116189884338772921321540854375930779974249988336812091306065496360804367524836309294931434039728658280197094603833 0.2641690968031290272738890562690340249600906323154420755474794166705806815101695057742148391244873701457827291910140587697851744733680181290626869835522085234074501615314855760071066638414900456424496456468760760665810802
AB 18 2.172659497161061303417849507403791073424843009816373390117075726978171359100736159751592496275024123812630968383895467281753721547981746483442748708084887497390444778211640725717973349834100586224020698855833222477238622 -0.3226835178772982027777967076433328292636810467579698892330046657455882794309340911923283284538574436763114772785095461780977866048526246766722741407694559915976066212686452097623491294767798667117895675752710868093408532 1.947668277244206843355650252361607620799197509567267896470507161321622372833462129314074126374278539403060152182380354362937589737219567666614251453151066119285652772966352769679428250025383279686121486922357188581837470 0.2633820723919395635293803299555824771786088864141128970316120344885229536302809771428935949595700786167337362493962055843223877027852279064759264347715735208725543730622551375168069910355349213441878913861225720592885976
AB 19 1.013780912989618674603930733008583253617421659256572058082904457385118193766975534212741982816683979587404535438675128335236489662745500194814325974057186899898993556287489859883300795432280707964852224689459549543150012 0.5849370381003900037209449389528031415322509671055665206632020674440002916812454316746620095315659031107168396535260030257743056122140571722550580542242808796671092797486028832934510767657617427020680884215407579114920152 2.001813861165123043172056139208335608245640397715231393272274938968257043076251330490188360255028335543343492156179828518778651892862496470634038281745576807965502131210975331487825268581234495153937090099196149624647115 0.2626778711632427252955477424528764281617394086587282670072167254396403372296142220241390287808165101419385853396472909067115785090428632666839686799407194553241621220240483943920718579448434540429573169971953586302354309
AB 20 3.475914446454765715049465079932062598186317843415585826333866026131978883389405129722760641108394546401843856582438351318874094546770827631517941681159965872036962698154599904866099639762967882898751940176139316308879085 0.2473955534916420415482319658793378976489580685177092986857555485598986673703051470857551805628325466495124751088739548934982437526587263832116162693726840503714937982297731137823164170671464846962310967571325561457977198 2.053174063657535215745535147884821160164605051052982948299554639456474049540971397587165765881436555589133696431924833816405164509744094781236599487994615581527940629567193797820490502996080859603670723101418052748747511 0.2620440736182398294137513002625576713922683978756196386470985452621850435313583241904027879829734259850865125494193623351342994405790882834848013574910200421662397615703802029842994454102854201967076918179559518937044107
AB 21 1.195814102829235121628828054598309831493606760268923196813458668710865782314056536104558332433381802841211820340294553016352248165869910742370199415355448081340823959044087235319378749048295522133983239072568770437441943 0.1473737143239921323830307386306686503191383918065558319530118698325896323493818900465656901097534300450672518428161894579262759127409871189829552497240315169167916739802809620075959811152437643032023219755240392885340231 2.102021809621376200925301855527342432459865006071472002035160029077063853791918953228414837665854086324872054542061343264950063762612081679216513388878997537186580151845955630553893578648937133138023944746000215767979160 0.2614706249970881171931055453560152792661914461950365483847289378544788671315730284731026043385557407957153638252134941439119497480875471095978851318529570337815526264252863031405221582975390624392034387746567178669179935
AB 22 1.799925072189065979024800536633465166968528879987788339869034746823033736025735369102017479987899239086273524108620236643559982181677120117324860140555210091412907031354244111618066809565603468576026063588945821378961175 -0.4587542719713379252829508901313988222729350402641080408696589848348973178976096735962490864268139756999255633329385834008130280588135527299906452847059007232372730172267506312167603101796748919439293257772007372311916002 2.148591736740701745554320862553783041427111833881852008763248889890581401733406785153308785051506881343107125641769674384418561715601091906651605583979082556727866094816918447633903434864097229013168587607634216966056779 0.2609492980618266164745651226343044284719602624388152611232540371208561827819520172062934845417573423698871207083971217694772428699659910199364758479430491830308672789048249847442063794751261789411641613333693358045954506
AB 23 2.903160204303485244993357498101210571014698467577058376752885313666651545254095725870130438278288356913494359633849489515758964510062505617632863208713362676841257613851058478352609232867677041550650272285003917493785131 0.2891645477229574492753572226167411939007681919383932625547962115824292185089424126265614740793673711469821992238854045001893808737539602748990597684067471112102793728874010163323018195653292769071807992778832374770602272 2.193087044625669675845393862381418733060357605770147526498317129713030120659204674935637433229580936854148198474571151556282967759096537459336644212529946768596908222845337205894754780241076882689986422877047691846733951 0.2604732959592906147346194202974152769911488497653803191048184151171807628131909002806000781347086714953470978806665744291611931286674187792509417639775584994648405863157133145707252978867349321214380386921925767662171571
AB 24 2.450427985597750581777136521024631133566059072251385777684643737367181404323606160896455190385432421403233341524544291380757411210519936540366334061609592456244181817365790895369335758868405853301090706257895582851713727 0.8293685660212721809090550961070200605339741109054527420726296963595376726478887714145961257787938696864243700448387002175191337488722966555828120435046524046907033250197219799755188110113440159911717899514133881364595892 2.235684876508748016125206229341312624289897224872704078169933436769630851911232884264834370529748374700423611623000218091248299343349899561933249636117156034487337369276417546282673347508646509841285861365918912717318336 0.2600369543272152965759930311464470397666146169145769811609835387479501341903933788477650080850029467861809936675949331053782632383404959105801652189039707456518056424539107784802964605925601332024129205551033215425300472
AB 25 2.783317323818570564175038168767580657037497166028823031483241634527717084401905326719996654107134966825148568524268479589197112074572432025779824630577500870736754040882955036012919386342612554918473809184675857330440565 -0.05750468383397272006528169342134145759302961551234247419188891681064423201920248158258460598943881749839322728446024836701556120489732296870260802660115231552395923917726732729636535614659999580966884463865544048062930309 2.276540595604799005428218029338409447808084651655317014929687218324134800489908454058139152379474593310152237917847237757743258034687058116857566791930412127235961427313707728838677520005819480169434678796674525156263902 0.2596355148677876014321357807662812309696220856849907817878821943361717088512325672875709582989433354116382370171120827469466160221388773930411414561668750840963443221029212412875059983165663323869921151483964939253163310
AB 26 1.065635325496118224494703020508927492741959470119373756411255983436637469956117234785674251640090981636250876930975960702495301757267540327286151617319071714721576981040674494223032641572850719259833899053290997422191537 0.8204857567127000991436272544828250470302789076404468568578756502191331429646902668630244495954015877136784082379347623312106150140254781970424848223665376508158904192386232006130386967089866450834733650791125323330820709 2.315791218033229868998651689545832360882000779554711326850099981587171554213495480799932294427635484633959692905071039035164012711479160333579018961430883124485417795284382766236966407713214956247872576081775619860461292 0.2592649511552606721839306124663787100737433031699189736280918154438670771413968480485119436593551356114000286121140204191436418947202197024547593135510798298910027867808406563858336550970177647613270443834850911085909606
AB 27 3.195293491934034776101804890438826388696708656300988053516385432879006002133624932654108363468764167492372760767193437362472277289786153504345440865323660887984388784689246812465536020697214179755377248014139420505178125 0.4742785539532137516272850345083645990061879554972239724363678721962568492109727370387733935618541655000200396998445443056589373319109181553238188707733735516656343005971695871811441033680821141896843917091595532686364632 2.353558194500962597008609219767014663940368661767304606427577221226182478723507620747628251365267554436078324003545901001181824078522711515095986618567833959992111512254597631758061271965896230187487290069794147408002323 0.2589218331405561630277395352652028107020805092631293169414518221556016646532170004010233258197685343958331864151628106452499273770054135659574648523510448356920854549379765961761062734718104939998104708837761151869850511
AB 28 2.457053941739578353163404037824253948111957986447456975641905915309828001754088905697394796834018827874663625968062202371195385340937098411762002303153058159111278117685086918552953024808930216270422910279872272192890739 0.5267113003507764382752359941175384697024243916070707405636169912654961817299135251653072464654727120164723286838045379940976385786902142870839134587608707861832215685678598463771650995309801690267071435895118936719615086 2.389949683682467284871163614715810334233199083266887107116095636618661316254372561317074046405045105529716110839093345402113422224760050362791063965342598772025196141173266748677836275312085357202862763597980520700100185 0.2586032206819677992389033398705945886048619512727064446479092116854707452436622530838663133755851879664580405244366200085555122911668104293514545725602422214351231254509309645060161227482463419102969191210893968450901316
AB 29 2.270142816309774804466425309499122987453515716194168298044923831649367202549129352716883923737636182532296677795726994492680722413010403959066789454308754703795471865191965575569793556843002949589203263306541160131582387 0.3861809594263003500459530421789539785600794227093534756261820532538295267157526626081418142359093847955471872556747776195200714815292438519906886985049451746110206920278413981558045496272877823734652499808733228716792594 2.425062424900264989886323910323798876808058280841672299801296913368138913785276803022596590773160304531901807021265872616472213519111717509941461605819098017364038064961958483308787453084701930063084706221338242230893775 0.2583065790979219124303527412939679714884170132605905908416842225211107614559572475585332964615623389640562928923536975105027376617050566749219821994486403759642934071209457491284703679627295587968339371089543835152851086
AB 30 1.124836616496954154868869090669226191474979447411562884710392786063919068223984060662562892873932223157436157995144282660564620724211347925597464211133240855632853977018678724130296397553077453016386783140267444160725878 -0.1137889899203787142123052786508686400751830535015332679527128067236599952932520354846524386417530998135475028646662899229212461070913548935743781210609563184637867787348365435537652289150855057536626620709600184703807192 2.458983292023681126279392884829841955967101048223485743911615777550636722558571929925617564408724709909457710066463411100516515253156811862080937995010369545140691855979812686862089466385217383827814274097999512152007851 0.2580297116048531298225655190237476388193116889698189235828122610562584439179546791855216768438956064935836654684328787363842477990989010953264054586424985211608705496445272791697040553969309960124294444467390571904361571
AB 31 3.928759271554985928986088957013783847215745412833336348209209591242466135251413452553041667834115274192923798885085306737179330715892051216339908585505931896990403220517808831766446874953192526405032108033889288352981192 0.4868244800979134827692779254436634731579290449467870533648410563944255090402466290673962964012093701421130026541778802744281940247623606415485007473531109691262021383167956563845594924008387096859413421835172932032387947 2.491790591598082071852969803718811720058809074794477792447737134841799764844437631253793050071695991941262690809205204143178563028838378519314558519091838222868056309743657088754683583898222995350494867924080437465903163 0.2577707048284910246970852284369059627504233150172191201183182936366967257874456562802886116431368341279286599816723161563047212660481712748343567667456566564909471906539019607242411058812165333400906313764580906072285908
AB 32 2.749031761561913634791253064211405069484909445965976325592656540623966728954552361515250631972535605994044555197745704760140628393976939597935848371584802549227813803959541454162620064462066912664623487851319232185348000 0.3019036000810407548310930531619499982446490439587428190954285641383999674630537515633040745890984713527102102381436203716400611338303299773012886351918677951135796653727227852195364900333107658975213046702281427940813482 2.523555154141218686927061855998527246773855676875229852941011809977139114429779082106748654341907956394990107240166665170463125131539493321839183463077169483634538306377797304154119933999968422261684101057330295074082772 0.2575278845294945361312942241695816849928900040135011801663440290324937229877291102344141398246574472299292875412425267723666302442002132481181837910825890203918682807756133676818461192722034928982767486282612860855279142
AB 33 1.040243063876284723864120438477640721121735026086851579570379171679063993341569732329790313376697111222176297869479300016958281503288927672148396687628978127445757651776153059893026650843468613022628288222978341982079001 -0.07992981347394906390174103945656378828723894001098255117987524886822512831527545206905143170167108705776096342182443497191338057424486274779410523639835893939442572751107732095977937930341757163212071230354512759413541065 2.554341256951727922808551623020900799068817920679846359590180132390310611778941946411644675806317086293930293311973193622841346625485475974269001420289452636200196866826396762529826703017551629648804828766750404229822888 0.2572997793772831972171689006040730211913060338122837239372070933750463461962318827260367503240050502951049117246582752668578595040062584146754852447740772527258919247056122968302682367270984409738913428590360667665336217
AB 34 3.372726919509342011893773802978022060120767282472978897358349920413105196586408326862116105124279879499155316486361159610053018814247065949767994022728563450967515319560812056845206760534663115491122462784071101027226271 0.2016565338615179791609825043649493081168865896814874096501963184124366857818941286572981870480891169006579217900207827943298777760200048236144231882199890653050529837783841887427622275252329929466242030464249681319925341 2.584207408725797966769182318602867025772767139399198878362407687889808641280652000763827443521629532203619295235747309952278466232774865441352847052023314297540438321067090184810221551837449180133905677728214630527806356 0.2570850911154630149799845438074608877119946231301467799725344013328773939995629814304721878342327111633172508140136080627775544235624755192180772790145201408355325712090071533665820702349167926163118918116209962690065448
AB 35 2.097758892872033323948372444523853696001097307072001702914147866613456275399016431922026446568377796211345041165350853087864211927186857444290609122686978883891499092696742606484058597500885554877485397130388464564611164 -0.08437327895575886816853053105446201292900082363314074949942251176324542031676546916401799213502222765690306615676137386158575811500372805965883709879571428542060787595772347807809714060995384458775795488087943601299376500 2.613207020104553891839482102088620423814929812009287886138518819815543814180486704986768852334923796138728605985052172578799664928306267997017794577383635355858757619076751840247233189251739159122972961414267864056926979 0.2568826698408033820463567836164248878117091809450774427013755071961587762319733694071256916234091576671939753716288281587269443723743567940319248365687799338235145563702878110592402653170106649657825656112856187140394154
AB 36 4.227788617734745873329274765695203057602419966914563908371466359557785920669255903312752024392047679306307071556593397279346609965174171476133517028231042209359360758991385054733988965576227826519641646629935393972005176 0.1068034680390714138761625798137841552609896664020489795248529913285197129719813495888337811416551816014377826984775470441125389605211892342593589619307627406956173164162287518921146930285423155363644510546950991913213846 2.641388979498895024796184765728005182861297781551776934419675567975013635246819880162201320495459975720422669644138964297263682821043197455453963598326837158750922168170458834699449170462453823645275460927344054664571714 0.2566914934016651524064621727582149080725758250237864135136188110802302454094978186464766724031020058577007241838723532072623750061546801271664414353943660505706486503630251457074875747457749137424561062992899235578916596
AB 37 0.8060499566432129991330989254329498829595563226473648826703923404232796896805737405988644100919106342480591844735540959754203276993911990374846246703679568239385397209920162436673996692329012453980588468040945746497988618 0.1776078144082390764567951001144483473010935041980658318203590256660166594432718568253877938702787234756511462155379454641748786342091051458153535007293826976626712617774520364984378750723287080318133858248517742859206197 2.668798149814004235061214408084417316034678790152241082967338501368092338836887098610304997035903493696772402440134781913457093996006001681929838571752281728088043710487857351552751368807440525011442792658805186939687310 0.2565106501366734598426743886177878851274696729922663656849955538418149023810668658139781830721091656253619061873024393384781517078657415129599277252588124762304973146021684533107210550684069079004864461098611402453997385
AB 38 2.900943348256829138342507613478376292162876551273599516101429816768266122819509070153226050669051925654381755229582611786350548299292957746157698199761319096406174096740027222390704796454855527195328674963140929759797035 0.04139310547688368365095610149438409093638509396829566737163518102192756616123073923801440274537054274050587871583068745295732567631691449371771731544195865983634269339303912622537109697855522941106750059074009560096997149 2.695475798769069768915214092871634606008518740706569547246230184749265277991465386609901657416787234186995824154010776898872899580944462260130065200323286658378258344016282135252215256518716540882520547974418581556769150 0.2563393243384383803250421799769190262215491172474018369684941025590395330001033112670659554895494577457881617999295360664523393207046292701121917689428821073210696078572610721582216633111168322864303703181361416741179147
AB 39 4.417943209245057739448540468287170768328085697031019302128745472283101788933321110685390259248466965133016641014535538749836409772480121569652350578269611258032917391551783057265768784153692687730101394848928357141148925 0.06307924961423048975492558105417925182781313189175420186786056735416972634735479646403842517199862054930805946161064984434117930774731696760297520326841036610726824670413120956261316289501919322295529404641141489186688527 2.721459973191589485141836359801965545884025923409490321140998579735294723883973848644902788328707259643652396789324657929981218117087965428893636251442396501753088437435773451321770252207617600745885535078550272127999226 0.2561767839532960747691455366551454273308802957347129050267920945814812342866157176125590302594646944261096733145924036326207295447602978475271047192560679824024562677873495608860586057744582520405396406816091907685048205
AB 40 2.165336995110963635011926107346772778368787995943263615799243193981122042440363252074475276350274566646403952984240244587792225891636281109676154472069131099688642704621823712248956636974146434232705492315335859044872557 0.8024621202455623992382360357977886113531337914822034428958675507808185838573264728949073236335941167658550113019958616041844346782355544676611610492256902109747597297701465401817174337158171456134601860454254680070456303 2.746785825820285122259751534357555048515110840188931238043135127060453682090032571297735275397845710526064201352290798675903833917196595736747161792879685678591263861473034960517520338272562350290787366650311751537827311 0.2560223701258303800025891544743960779731714363079003524712625589491478124781891337205093523266761704781610336640351786117162407834338906021506250544922589424852146906478688899336136130157098773226582650624158071200985988
AB 41 2.406996947456376146889195962691121563995958972860204998599461639858704838235141161867636058550539691031730787771131932570592773798474451706787577079011692521624385643056896721373949602526627859145266325540146981415618055 0.6255677631325044713936237891137745025424497410257466457360848415278680154213078006016259331898980419125360239641863998472832235122185461059268491203664712410621962184407653216880379926298727375980546814936136748496537572 2.771485901671100234065844622349576663346887964380694285066651236416793589598078624152012733155210289004917883792761519651211314561676103358225983733071808705246084036177205065069774584042367649450795604588173358757270795 0.2558754882732608970463715518655382783282069517757114988661429872574522734219011471494599021331996218699185486762572169855970659930484621246457111731020720940671845079224877009886820683605177490719066099650850397206711983
AB 42 2.500699545220787403271873704528497064077322826552963220119353148438833017720891337553566418752738360662795929404147037708899681815335140379426133941736391920914438802439017657753495092135826270441336562155830559868953369 0.5061315685440182977772459549739801450443525799447948999984644691877606505457885009680202345463101638423849075152156821940087503696760526619327557430479422564147054855953081557785282834886670582054637223893218468103118000 2.795590389827365531406284052291119750702718856048181806918462080042365590948197229568119233020753098767197823412872413554251671437812329308005918893933325912223988220197856810602514180662111411730486374157981391693659002 0.2557356004347572024671844908994991841391058059606714110262214324633977486601020314470147836974674098832933618753117110531029259811627220832780925352225870850306142556444297925780405189663016334155097129127305012347264615
AB 43 3.531508910925414205897438939308756858914781675419215702974750196809113045530707745917633744545137547030452992326427257132839510069256151598011749638210199332469327474219804872198970590361809655690329638319423963948351050 0.2278285847632714325701045763454767942084211309599903248245913011841102145984438730655290734972958295007085690049677962350837947052795738846701699189809279338210249300066947977370581739227900535779723479243221763161433789 2.819127345547174608456860159002511851605819911822626624459821352376185474447228472649679951574837406373140752856898906252049113692188587549610668297885844285975041767936155292583359394537428918389960909201382212701020479 0.2556022186881620274306665449579973218900987657559109647968074966782407424822438510665720982675129907079246959972433977235142657521736211087069186472511347917509878604707483240684020411765447867303044019720895869348351113
AB 44 2.511265643789204073644934205253632261067282198824588443308090315646535577045430427174645800773842699837947674763690232313493232402541275515561329948139879983467347355467941477227602700285131875995387076234727533920696239 -0.1091124171930146758891986901690511900327349915880289711593216949750742062794196525376385398683781065327690256952206825391348213806923842293666523118558556111342899249533843687052349544277470944181956143779612069401345908 2.842122886791539548481750866145565046246657049437922640176061868556261288997193262688401236921538129990755411489412981799891814508035613722706932234627499040110627504875998870799067890005394214459240293355569102444319222 0.2554748994643309207589558425738960492863784728210657520196153462756798826661949473381274152084527781249928488107064737016666514936281877923586362136089327246864871842849854500768377680044883304670257878777189352823275715
AB 45 2.566050990797355023510731758307198414625006313938899605824060757843135150890231573037914396503559593373471395837160088871154719996654513936813806513246907689154643332402900692875692161477818266730844664399640128565340521 1.165139868952794682495641221256391931594439077919307749569111674702547790388865526886255573026397154911903397611626918028884483517290803642294311741525005701861145198985746120169626323615557640948597304204057147043527189 2.864601368629758347984371461828316413166865979189546418789180596641801677995343736973824420070077994349214119932954061064922614348306192843341351834224050612267452892222506614015391301602259671966254159889845000756833821 0.2553532386194768781340121292251204415517391892140559818837447785366014846294663448765288676821402115269223850404720650970284275281861582451104749306253844715555745134255017983386758282991062095745965742826248257782180419
AB 46 2.923732766016874658250105642214536114269179592652597407255284271171737297775507674706537026267477437447337983502964209147622485861959437274153729552239706099870450137182026421672578142160386569804515881421281465417306338 -0.1227738800438875840709843840040511792433420622067381116592421688381158696802524280471050812556814078006452149494594303065621327245154563322361287304402299778320615187040536663216960382969175224202124133771163789706122200 2.886585538445383331505387746840331043333664417429155583335634374739691530835074005857511526891601439892367103502852600634502809750048212030939807756998855298260973067275884069799830347063953987231695890284659582650964831 0.2552368671501853315308168505320525377076207031938525013785154783632387899453578945371508882017776517874770897603603102747139926854155247587873240067616427622479720440495539845498833930958749898260460911236554528365995058
AB 47 3.469520283149273943121710154663626211321293469052013807378419629818952202218808877758101011540141205399335424303133592138081952101845035219881914580663115980243013810178912265101681401404566246906925496594838034742804607 0.2126874830672582624768462465550304206649036902048688879410623914327689763754350001477558530190664520925193852361788050251789405418986045690301947660117299779541584574697420527664333976416124920083342299893848037899265696 2.908096674425083852454467255548666400760465171841373539854437356538245184867047699153120689496965717273862362947133699091785293886651227083752843384120151228191839281600034889407282969956535366703854027774267110467925361 0.2551254474553937248258765952690625897828362691027749938839362147273572256124586697777410836494344980579570573785398021167797260729444987960416378200429303330388412041648622894801174237898208935131556619887092247574061272
AB 48 2.291903658430083499709991141387210678523508239824650528654302469840760724463605033518261986804430351222236832291702174742892857280833871893860935382718979453642802948911212958763536416339361733294153981209270045755990273 0.2641293566882576976661490099419153893056245010360213994672459872683216099773908896211564148370599489263787174828759126508466026175431720544952493867270762668087050172263252603918477194084394361756375121442990588168949120 2.929154709446076996466365719581003805445589962066891701459549514782412361778036252366969741745753805628166291573742663233383676808482524420411128170089854027858487901332974527414530181794393600235512610340117719740923082 0.2550186700655788501147971772958412058947084467367860097787831162900955715962557044825623448169583848647504902527652036323530972272606481280082791291349607290865915525328986364354039949466401563872151539784445423505281363
AB 49 2.232751650775493819104521136669021472460288922385625816138620842538860122244443727099739022091271965693861434727835861981595057240871281251776535205850289240273456108500874192201862100482500312754020008591454721537491777 0.07549552800413257002763023981127528239979216058032257656732894264965484077774093333817235889289418288497918743122951667933999500105976563312253203930490247904426619726944511086719633720458439845375098595399862232176567974 2.949778342171799105856376910759026494024679327619058467308040722319862661503394852726255991117879930338803478209790751201317943505523456634916359873629808752371828576792798278278933979631397101440496024582170741010552986 0.2549162507724150674534260116209911938733245120654556507171180262042772895821177224304128937747989814850651440462145426670987695100213932079033294311471184225212130829729426983525773576769764085775285652424175014137770886
AB 50 4.089574028444644319648918362847119548415883936941490728662837725208935328466672741190456581076603606387298146306954181610451812303317749612543531542946129207129723362883917652687723102761562901340254622568708193560965304 0.07989035013959181106561473974182630447557618404407167710671909301813640774561448530741882308861579516855059832132557476449729124095018625450279743939554452053077832740027407736997504276743059513833196969205584285990336995 2.969985136909058663582520577871152988058925818551042567441147600413456584755527745184164732148546520279696858042635213819472710340936918638303953977753292936282968889825512176714575439101922887631317620037462638736359272 0.2548179281028431936117811496986850106953339156631810647583602302748685273693162838046939306182720832552734646388640332340421285167276618829979945637966683738634093652320395997172857405334956045213033390686351498197957467
AB 51 2.459645401299457363583740486305476899788437108663301963714192857324603017933476220378367903444108619921853614340778835112760888367274398530390057181140815945512554445074949884079997790188648446372024636550599230602607679 -0.5768441468843437508093983541442971879558850060721534842159652524346971013050327250308886746104780387675695125450104116514855998502870163133676802041768382835796059088583207586246030520708212886362124871397042992854353898 2.989791613564191503489467735154504833750927013848429768208748694924563116168873107411023365105648239523830351859982272285412640270462903718620649089254916003584938650382494344296625245262188834358419512180894206817400249 0.2547234610902826267939450338687144836145188189402863557600076787130603695655677144911081847326932873360129738093563349017999658935383241737398591079342568549276387885320585686655488629440918240238453243317866509163252866
AB 52 3.011649264120402291063445184406829072588477337774821760525649787882730163358361883612725626705234007490664963519110002067506723176758201280523365415119568821317081989495107764051984691849915058844998720909627269670142463 0.3613685541479493182683790520044561418760622718134539376040006201698930499233501302450248322048310442432892218565649549570293643947849475329669891269272643928955232221925937158687576530203342698599431943326550186860115795 3.009213328853600678068657970756956632895647514548043561189271832332118557037050456741162577942482304632305690198200288386257911314259586870717632076956980598550856260592986488790908220799891389998209187940579983292588743 0.2546326273029904106731314896596346502588749228894177900674698010750204971667498460684373023686202702624971517585939261640202676298183654378969196340623891971195395696821778988943491385758552121992418485924680714242933728
AB 53 3.772865948736282801981751095956665464463149087956270965875884103839064269025150281888748117315901601567670686418493160184718337845120426586607136292043356654826445885036735416041145930288108819696426492881276632818868009 0.5535527139815103689312510041602383821439559649096362555757200783070231638406199748280978750924857697573762021642462889851162606305889964643844877922622214450149470301804545935150460397715653460664287124259629219378529891 3.028264949769735723093963335492702781973176756232696483311823557719290469375630982083926107814859680101118142027767517850880430196204591886337575616047744831949830987013627022088702585183964737016991584125629589897527152 0.2545452210956074985303347457919314652357808807836028636813219852386104975283356742674124443015310945803322986019951784856147347664484205182154428047581620609187827947843819912558984234677173056321497427524020278564026789
AB 54 2.355391047496539342110913498893390999457751003263573382687177504663612138243829332405751567739812563997315808839500992021940290486257180505571034425031009702806555846807468615367229700623222295991283304798108717778979437 0.2798129013067480130537360200008188259446529102244011907533290452138882688157870070313145874959554578751883402930376683692255266681294541751084261057370907071783266642410450894137831260623321989972669029577821233882142578 3.046960320172360733373457684449613541916779791067187169986887268611831785950890331830141367490365261174465520380733746114801866857195076455479233444223303038980473172183159547954555741186652415582810562838236718195627331 0.2544610520549630543202765716471338536092115306914821421097968569973934895544795490278088489440232488958202552356155450260375050310029596611642608177737508355635515705648910422275008266116351231201733055107941542685400814
AB 55 3.994599346825615891915156505779407850196004212202010044839587817352912445100687661139758457382661651575853781895696091809750166112843074425774658741758938649938363981949992769747935426519682813035581251920581024832948165 -0.1425269256168125598700065981606639359932185310214445377026498016753326111114952462698463848776980951240231458546465311460940423131069867818916452788240409860576925706041059427022874628207673917309668850070283109054959473 3.065312521263051173760593877592129113941521664859551965797588496888642873733270669369058824301322889945634945199873748517128331785332669283532803964087400472359569870090281744419654991977723206004048394169609604812570282 0.2543799436154151061413804910504493600179528192550779516972213391569106554717562522329428981828325217514801138823411023510538533974017640106702136716870110886158012257279742006129675004692588583028124640942149819660989706
AB 56 1.951763517059059458833619734782872374531798328898856625488389062675275494414210401369895672369983412705005089850327066708049365841288399143557603921625410822030384504604536091693110044556300690315094314050317685721641586 0.8685835151829091373612040497771692145472237024957556060302413321351292319208973749456956592106334284583621924076974227044007417675655661371378824400115584165825384765197564836039405510069638173020025314555847304126941583 3.083333926605110267761228488985160054789089008806451042384585324406976120293418840435917116134452783405164151219550332039242038394817521710413797815475999492583210543242353644660412819894771754208494339825682119783784012 0.2543017318225372137536936065604174965769807301696617034837205247028679244041695618324299381985768498633979585089160936777603618477187888281079799449658587758434678886019760533372864595133665500160517533292894159684174997
AB 57 4.080363605609391155667216021268621085282526029212171964251631242213144139773363483230688565211092390513570842667468528044550048111066293428997193494585133904050941971613136188161376321758820245951665309169838285852343775 0.5461077489127635393454505371111564545817361781804432183337871140595203271985455566239854922447630237378341334931071866577282722352609627003701075178730531014399747174131207275997715087468261436046424147969691100846466363 3.101036252268927856693388119277582454669374215710351281480943168959728531356136828847632943332869355496968410415932782254214616825455077762521065012405567727200089061022244124587211803916191818185426272901555403534169540 0.2542262642269346321585422717084928797240818175439131130928926755876197720126949536890278305472499230507075027594026992342196556353942074015000211334082179801611549353895957748395304849940259065818632631755455403808136401
AB 58 3.232731096946690623468093443401217152099493115487315532826105970858530607887804199973838306888354202752235437639486438646628972451820073551302689552810138099713429118973648249312528216304807781725286974559490711498837250 0.3123618107765467042265486421033319922640146686144928680779132780979552972524659238533765619554777436787978492109026087393162506745305823744226339215911881254303248251824871974847195867316978685915130917786464141087627721 3.118430602612088040710158537854114081198316092718386930393475301704862991533140964561463893710463722657843796754645973578938244942120729532682611777561376801498271743233307585681996478151361796408627636900461596533673598 0.2541533988924858627715808766912359134839821745447304192840414847088491267792396835488314972967693655101287307171267121226805233514274014085584753089533732705202462247203789461844873782661116953378064341446432370932167866
AB 59 1.763717101596166797308265306264578561285620332786703670571541299885528012917916043566849496538528705003728783853087829537867245699191422953583241092082522468767132441690260815667001820238696537731155678042879429529666165 0.2200654138811597483912880976529079492867075797729963518621535683389208415910982157493687318418658439593877655985514581304966952203168321643052784700036327203499911342235497978217826202756357527255640323218928047946589202 3.135527512142501733866758685702755956237404034745127735613296667809330472785675603767661100096168269213476901473581660263432566708380928691621978879026941377352408261979544807651194391267189980436749759464733808208656671 0.2540830035054346796164075609170033132796864094185706300310108245267208076206291354711813933175138970380683759082453313199221700725075662280688109549164143735149063611830587691339485960450530438406338929634164872768120375
AB 60 4.243574149136284057890737217268205970287771309495639956921762818427182865272643349960743045312178650772680136851314525945808400728663347894875252809038200466478251381849886353199521395742164350284260780387941623317956729 0.1847449127206053346530022567136959624158268645886213037258880769473257527234898638866087178515384047690496471453626608934161382693033480924403502254489985865861826090194391835022134929629463432698737258772229870868158209 3.152336983860028736182927295499826882143638875163635070410661021688496916241085967704842714319255752090072643488745362916568299514480537293135520026154947291808584146224193685018513828054835032022348087636902365770421430 0.2540149545725675628695509362308710495504097917821940201105124450204655725236276904167082936312222153768099208204186851408740113415503998070434057176602683908861274665473489603109235717090593167963760157995923173291888367
PD 0 1
PIV 0 0 -3.093723471326252281296350837646368027172261973482037091590165532975235094298140719424244120159151749642559486016813302687539842888427987684038918853799016812683313637481301554341946982734151413115955391507067917141781354
PIV 0 1 -11.52089265115037541264487167151837988555226411129828288034587180309519899166448879525078746271214277458180909890182037141829492782342093962250179107051867949511786608253900072453647131335479059697835700021868136129665798
PIV 0 2 -15.85714567797228676324435203752501031079405377362234128544686818944083763808484517377615571788620592824745878144628615587191316361136888986358881804007812381268299294644905267614044914795211633662923925595038144321047288
PIV 0 3 -19.16115508649581329200878759882921936960526799232639993481994575477668441019176886380963264600420645116947959959012278236999910494759147193816334571925021979852629263835442667050881297112372309076415352010840513524975943
PIV 0 4 -21.60850563357095848576968009712211590754034160902080971332584156321363634323721925097603055074647031416469432023728085449379344900921719503489788858103955880366102726986470736489757100597200493685533281785588097368488329
PIV 0 5 -21.61730051247934009031666050556706395055756267433814688692748707183178391759812437212048399382081751438820930380742479620436984246209837269776285696963669100734011850651985319094431768924223100255117391469055500420997593
PIV 0 6 -20.36502518648911148805680220217927023443080623964331791934052712835650501972858577135435278861480783637023896226391987719657163440959675203612219734770742772691382501976431442413980737217234909604377719022012821112916155
PIV 0 7 -23.91469375188564620362070812233097481576637351516581597473473579367225556615498258528953307869430754531990185266629651422768606544785326203927194044816646659924898736471031404393480683830176913466837738472645439636031265
PIV 0 8 -23.09420400822875843757421227235612760658422352155803898946134819251995565409384748920146251812853012012764606941073329707033386375214833509619277765078702721357834823269657884224598047595879921415613381977150443535263341
PIV 0 9 -22.20407421796579134338558598192131001304805518001654309953098017683197406666493043627677174515767979232632732490150445202545801490944360827989863310673254536143899622909809913517542507656586303357651915696533096285910441
PIV 0 10 -21.14599516950590624030637352032708372591705680290234663910950011124821283533475351311815279156915676944057346605524728743991999067743140487458131027856927729970003797080396696217645887724116594644227613630538739568739251
PIV 0 11 -24.00614630826195278169222141779116747258044235131687040428262320691455403101467642867040662699354587344925807214906161698452161367132478721654989589900110252615690221375036786537545591149273981492120062586000548834402748
PIV 0 12 -22.31672347441630966207047407461838595884410882848322945495572871190674436353401453904949294068571465499054811803802560138308358043743065980767541406641298481043993156980776505269365044480914364295862199159053762463669650
PIV 0 13 -20.81866821685424390355157597544721658034053592197123948336860131731541295778432432722232695842064762275250890922499650073672766056487603660100665497299027843243124775892565165705459418458785745962200210524446356687911007
PIV 0 14 -22.29028199254316316980847387886601008510861909966421023611448172539451288416317067929321782577256350631617168147748164793870024763114941950203606858378546611007923030165190374914309542925590115101484289090749477883390134
PIV 0 15 -21.45749907115911466143202284436779317513222602849176284553423696027534129379710356547301234645670384786916029294235526947345739655669394376816402742140654266446730558557328076594971032949415343413431437042101690879410398
PIV 0 16 -20.74705870554316693762334232775934925721629120996518192817307475777572103623750154428954630497149094483630819844357066473402575056123700276867903767928654449815639982026403821592227342771103289231755030002380375094548789
PIV 0 17 -19.18715938467033714596216337150482541081677892413941261310721874968810679057200373500897680682811830752533415182759639458060622267842820650503223999563532253693764893260123521358747844366179464363265230687211449447008487
PIV 0 18 -20.63312676610422071708863288363169108687063881118106564116941224177555216064449678910455313373150134822983733313115063441730615875088024978745184919384130275842786721822549329184614671735572176061659291976537122713757654
PIV 0 19 -20.93248049551130175709638855705862199716686485991852523635773373652314045570639120474385156292760268571299805210389811209787790336201634227451483671596125521399622257918801189884385573019881059391255621268053781873836613
PIV 0 20 -17.21180479143969826933776269941618907234166197292732866595482914101109024832977045486772113046230318659759917601966791831837732481306648881083325784602188582798028936423653566913723563352919558189079717021224466742521742
PIV 0 21 -18.21285590958699625092033623389191103770541646691102967059397877286631076652428291655313237246043850562498531428249265487162966870419573553087666152546725066972848897774904446009651935040945918649249642876833684623959869
PIV 0 22 -17.32915641275577756523300136261629077844767213032392777063775346899386483881042468902913908956577671865934217349981464984434940283533794804126733250540080209163948024281860038993064991736435025381178393626158745134047150
PIV 0 23 -12.35325911514648516489890878052850162635919779610653070574081909453270188957747185867395083468103395984615944473523826288806722864206369800028985104058583986583901094399162860223933049433352173043815957934940553058606412
PIV 0 24 -14.25993092101263372391688590839074579355528917230326771693736832752804311955986700035887290116976035811506027015034132024856743342459970587362549532100400752212351414847240348565344710227061714811312505389529238924813599
PIV 0 25 -13.12356663477313230907319470933329733939744974269838041245463536671751867212551173118080060024558700594033063447816933652706672980285771846285228206951425233592578047628553699112140484670915262674900887056900984660245807
PIV 0 26 -15.92373663849462836914322656997405366877191302278149889432504694317434729791013374060348327048282368822881958533263192694481604523652876967512850775926293263268350622180815603028788537239064628368869057243298121987940339
PIV 0 27 -13.41071264185987859396786356604600269697692687919375417566978327001917644025419574068961454184837220919162821589285231187763669351602835019729643291252127653864210350174072255684654595776100085808558594226098347501124442
PIV 0 28 -13.62191852491173926846985696119339453725226114871300570325726446246385848861990633467970649094510724231743522104113916361236774137093928036070657276112053090930978051338237811466426053912241814885242636526853067550445750
PIV 0 29 -12.68809465210033399345524685931890076559104831103068081153525599961603573175531209578211552534471109419742634490376150847761013754650946780405232958761461426118504447567192911091836590118159314233005719084819355323006202
PIV 0 30 -13.23914889836871842566992662166240925189057664878186592862669652284319581162167033407768415039493288624581954911230310812657076103042809884111350182651667587915965309388087739731911944700157126348296616504985462480690836
PIV 0 31 -8.311267766297180516633991667114862434735421305930194238930329782196388116100479723219542364729540740586661314801694656104903750071935077721478367185560958195202357050915386947015229863581135722041508680547433623481059772
PIV 0 32 -10.00848083353674367573000842341625405576703083791647546337657532598708214722122977630601539175534310742338350194989787664611521150313755518984503173554444601746825460220816174062976306031199739903800296491095326024252807
PIV 0 33 -11.90014462828461764335680083201169859141332024812774835154910024437808862020235508914190925935347180809756329102821598027898359576182593461178889126994736750481228120476520158455738852728120928467337440018868682801997684
PIV 0 34 -7.839797167170515602304970640557332322228512411674596244371250872655925146119698559431954902622423221662993706885378127272210686155202169457532480551975003545281039200754568302182779508088480481876405317116605611358512802
PIV 0 35 -8.763774618706538697567594936042709447570411674663931997737897131045578785084545882708438862243142600435455595927001855671324496433335930964293973331421390805256670356370921647915418957513456231255786900155082637646244841
PIV 0 36 -6.712687875026822223362824533587242635170502991837251002865123506175386873178994547506501568693863340424373719386377657697633439293097190267119465634848202867269930972734309958315357077976231438254610507990166204526057157
PIV 0 37 -10.38218351014443770049427551132802771476458816760357686085389015798798832432380110458945738030430056246604599507006669431642828651814103159837582362506472646183200774091119486425326487676969193334058297307048581059049185
PIV 0 38 -6.512199418162412883305922459898375593863933440609189609575079974493331683326121122728442215018738964552028385381147012073715124104115754739840866481274260493859999550776167253919876353232194275619925732687980387428824527
PIV 0 39 -3.378347507471799633331254187939383237928133379393785920854245075058121146032583010637589960206299315127314021562691878351370380630221753955651096175659375455758256164516551525831641614307410546441550335050803346642597918
PIV 0 40 -6.763831049094087274669573441956245258688413708841797242517117365785518385750176808150698654993057305611116834751585964156650636723332851764598452957725738486194931256163646103015766805527559419810564284441100942261278302
PIV 0 41 -6.952546764317441227851557506293864700613249924899793235706845375263502792479577907301989698059459543040015508942886954999088195451684214318758286327246112603072628461644865908715164749057745147621718830334534718146004720
PIV 0 42 -7.050360669025507253574140098716200792165750669273284512548715827339661838094514563546323433297919296712573008144962314131972759808369373450527361916895902559204043164197844534425858044011996755580961365031460813363372111
PIV 0 43 -0.4287123026911550219799278448414490036476140995241956286312657655213477680881935031767754506510046583173980163367785170524221506476421244604996484482718956995648719833754093903478564079229239977915155618587717582406081157
PIV 0 44 -5.333007680738504034277544170603395120692817922716509361157440293410241613741187782940781096777730282063208244206643818575107083262587065982921142575081671948461601035461617325185730694693505596060820670183568666456524675
PIV 0 45 -4.429361271990279193528003341944162681243552396965544314870015102280078131825906924207405128677644342366367776749422495689175906591058892474157563533859256107494557818749080299184841767978039826889579217000214715094642653
PIV 0 46 -2.491492021461152755834470893988223423960065031330625511542561498555898490949348701361021156659240447480510690270964622639302635283430823909095750258832037838063713195461651786460775514177142753142440233171147825383231696
PIV 0 47 -1.936884179110751309210341332305138931969850361885694904931221550359423629079395595204710810913414961542797795850679728921002772748844683985492311252295286091319474756565283572361021198613635060736356996120922721616357489
PIV 0 48 -3.567986962960675769439915836063753907766222381577801209325761982323711818404233793481171150906076226915719168766548453941118101785258758159464343983636325061286771426614635035561586367899817315685016426494683347349753586
PIV 0 49 -4.154301970767158863519448352969511151395377285584235130385788110723965913739566951695844451769902757698389517117207008303707419849885878454781801232508484902992609881820708931332237912381434166092888200357300412285347714
PIV 0 50 -0.5109898155631855687373931643937649936313163532082536671262679533680228887455191386361337200043532805820884275920427242823922915259753468418757486779884759074350595350440457662023211929986203497396308912808555736126108825
PIV 0 51 -3.197742680641510986698782837087800965760651357321012069265319925337109087746477008524737679283101982387508783475976800412249641043173262711726953583599324874942084945042080700300271378867302112135698310452048518634015082
PIV 0 52 -0.3090178351637590074427925542048291836092949217539684569987488095925869496236701013764035054047868864791293545101386206317881581597019267175664678427179248633433438753161237757618526456832574431412201656211709491450148689
PIV 0 53 0.8743262742267479524868394556833011410793593573884123679598917268560353609426600614696729895212813967203288042972066998604668342777517824568623572664681647346630786258453917137831363124918512866210707586978833048910888444
PIV 0 54 -1.456315263913949762033947132268667261681846199693645790871586772870645878030299095213536411216814261037450660522102675772530406121801341529621202077967689478710498292072867734338404697751278128332158984571284389332426242
PIV 0 55 0.9473195540740664987517755234171214049393350318718951957397675757996154926948519121716139657558205690290377657748274613506457627209819783261120353528009567984669268441017567909791284435847199171067929487201517388705662615
PIV 0 56 -1.948303551794319874694504190678786823454560795829852977721134988371245396216350373067195895284873417934883625418085577213452264120529372900845865889927644235012482722374030120716436789761103698868433855377367553555726489
PIV 0 57 0.8201521219402713854739305045610807604114308595508486700502564746345726192864624534199843341342572073596407717781001915443383400837791064306322629674022861167360512247423333738623161712911123293589673518032165853626638278
PIV 0 58 0.7371553891142120052466330115668882819958591049802416363991550412998380199871475464041853111184675578894124354614943674599762332197860241137581133215110277358702334740384199462970957018744133577739382238506562046878531730
PIV 0 59 -0.6185170494850319923087410603117737862127370442108313530167302331630522572152433366088246055726679494139644256825034721855176671437199235202696522797125203574813408643626799209785727921306827952513382475055125740697908056
PIV 0 60 0.9762100931070913973365980508820748075008177225978993808092580897215043879034942242476700396783069256867525258590267718454361077625139078469432994241926686764447070999760982769747494003978001191166833292166532559428299019
QR 0 1
EIG 0 1.013562907169199073599759385274592351956782196251107940154951360018294065499969141776948458654026585845443891039207040922139795975212325036392046551450796502396168471138798226470078587257636664058236496686998351616556431e-58
EIG 1 3.700211384579369712704528045705465625633263483859742998082503664950871522636431104146208592565349296470758375451786724617002605875314587140441057239759258160662960798473989963326382187179820713914000453578366705460320283e-51
EIG 2 2.538152621660946595929922020035083463247897102185928507906644719626092478539784670202771040453887626583943865710396174262268018346410169394992332729376183693480944162606257613592071026455569277492380766918464345228751469e-44
EIG 3 5.101181117124103984802270760957641714586688152458257723161254772670042829106899804775694492399542980558840776242213578500432324781028854116838395124334100512413910998532107018106216001909246929963724933305827137659971282e-38
EIG 4 2.374116306559213881067827942555006882191235823629769665745205682944857612750090623311237081495606964856138719336849031390861733037676017371116164476297487460640221853403502612973388004438290780069936705413319565210303154e-32
EIG 5 7.221034348339696890775123419223130625113885753473552093420335645303071050476647061050190676035657107983774857929649917426484667867427247027457069632444896507430954133594187316267401071187651779019987165616924123954606216e-27
EIG 6 4.865162246191836951472171767134096449365766323027024860746900882153624906351846103773645706332143250908382090096263621663605017093805330359036656412712756742193576474638314423888492669195998758355919191462560669764547546e-22
EIG 7 2.458693479389932056450290179933411303938329675252400891485944537482110739591306660002338099196871869217082860925079837094607211611367782242386766723643074328184579854346576465626083880824300036056741390803667571888877639e-17
EIG 8 3.352819182567677248701284814472873853296810468073116604742913482513009428650372825916072503258796262014276278661092434083758602591558034351162630535455448533697192249057999061075017567007257089827224454622799536873769436e-13
EIG 9 2.852450362872199221969299665918873125206366169401797949442569701163722217762215017078127098388627105766918047277432340518147823100948448458263240869335724167862931700953704341393109388660481754564844042486892012512037660e-9
EIG 10 9.257227307127981649634752139171167475218245959512907385243677038683256446156478004330935198880545404347145346289387240010796751548540616457043473305034060000862091794331370315553473171895318351662749789711172612604739918e-6
EIG 11 0.008383659031441055560250719089308593774459014826764986736757094111684816674924113833010861802326166562432944591756196520229901077295421876610792106902577127359964680900577027719362956978143884305681819775466938726206787190
EIG 12 0.4451427100605791525578499850329058328168337139140217371083640634803907625533024235515487633825782652489932442240895821808432858371369922132949667174696663811191372515056002745759494001013955991560495690194128274787091016
EIG 13 0.6022399115206446911898901906717973926277838484186866475737473421264235452779130506531957575300566964400360440785928539170628655734742455475207832743531578686003462083495381581259779647820805936893747747162530426402291515
EIG 14 0.7009716743391361217408587741928066767448839484325817950108263709486144689108880469350751308160363708634082174571443822365080587668724756538633812089588473747988271940978013460757089386765053950469003433318610734962712408
EIG 15 0.7822293935195600679644951638662676314748189965568565666654910337765553585578670428291419012533237739092062028801768527572219370034197653365144597973578720316476808827697947502580388395184328600754559819428064130610141337
EIG 16 0.8255427065953170198750326384784336925138853105861324946824505323923732663361780354061338880481554966580650618581477797515933575432760782075499117654642752576776312260023944415440307933244869592418607148944981405930728882
EIG 17 0.8944298166409108510604178148003219886814202840221568634587862846647704189011202935681427980513409440307874199137537732212633589526723370778417246878440755529530920026412421685987547863077969720690603585534995267964901477
EIG 18 1.186931537034626766068842562079273169355499110071554153353187990636020804813650248161446365675027247011137389068747340227724093200442494341197956885761265733108980892971340563483065964977695701552854673575579747415238136
EIG 19 1.323918671785935934454460627986044094763724927201490602571189643371982900253153368155571486025348125799294139304454875217740745258007450467439870060557932957081532109940536531917895023984564996812850379156202206411141717
EIG 20 5.040289902768113884939796973609456228114448101202161384045837087407824148875993468571314997395609101009864170754862624288580025098879368767708122652061254431534687093066198749938341426225858870295307680070332501212111335
EIG 21 1.541726459704934932693764461383571359527516614281930969766129965656584757415711526327717095034726983919132874860831816483699383103775590661244736457275847444028876561506623791285223721299766094380199337630116719084012781
EIG 22 1.747881188590872849593859484701973046479424694907900552634132887771088777469249107430735739909948425719928884040430559989819457314280348477386157353985332906983038466703455465647875254941921102660595385878884160771645415
EIG 23 1.845403424634467596810990835770564226220903984257200317213116512721842353056011405010133756442272328518986260668427137056001047952712165630745822727130494119424665251179825979057558621947322197576195502204065219779612338
EIG 24 1.968343466689381345770744126570061777049357059991282086033097605197557063157271435045970641550595409937012161157453642804903465289357343951003133773694319006633807737937065379301676264868564591324309730285771260417197952
EIG 25 1.991551643572016200094401618075771795877098641603343734301155287916023597418463695604260737077526046631782062881711349735972282251750498004667795905906022831345317999318149850864758070659436330321935142146368051249542663
EIG 26 2.083257397695487160534550439247293020021620956698193817682611494053126008484772471197708371501866369982174533987284905217454887253116666034583915755739403045322819580225404344936039046535540056517453239519834101635979669
EIG 27 2.155603977628470330365590394643093994537935107968505014862247437827392525982966488934310135187262283801832291125749342358024222934211101772990769903199369490169524880657966052775103686088886538263621744498305263701615100
EIG 28 2.215520329170891141497669284733633598999582364264617730398098326620686063080714639070344951124296234467439446008018295052449988610912043037839808717444844174828562025232544482475502639641818200235364010276457776643038795
EIG 29 2.391681314876901602184421837440638382013759990243404892375496529988680453457092587767796225374944236618509963109764680024214540531331802027232879078211479140273361524625711079670379259267388314567595616846762159834327363
EIG 30 2.428329952604927244800541803606916961576605548933267569429847674472419644580985898351675557435167426461621500288263409384767773626582670138760949073644779180953672103278359754581364727311194911380201069710626331453361051
EIG 31 2.480736209461978592027362397059500104723745533977774609217242191106963939641964012753137558481062311587596286109174753109859858166713542691179826366586504053710028726813461968515232162847372408593527087777550088178748016
EIG 32 2.491718474236844089774051946290682768428748420316818305159083318951418908560316313091413997798319955496778626048574165378146724608890584059546585762079940024010717798784216714202085236308092618061130963521830912738657613
EIG 33 2.516140726801726089046416386096666727031480216429479149787770361008303435216980088706523586816771223039771303173531388258054098992945429224600791327661789691040199169031722846121845069983071649661575404192998462755690847
EIG 34 2.537415454392355803598241646427223521675172016935421942558606115094573294904692409366707209559459494275267463076085365072729942052271840377217914885699909016136001594679293946895707385173269010822012822840933728472946147
EIG 35 2.570454566501985443413476187228339320621765617145442514780028643067774591688156603495437207270439635768548646000060412048139843582138005848599434378732335044451462144009778176145729726245843119410548936899704773409865667
EIG 36 2.586410624990667299157209365763037139248178829643567396382052040394809130979828027214502750988601715974432064463642590307157826609012711895828372271098156434314060113454217214326820903164426933982315827683817961344763363
EIG 37 2.699374095343961022264999592287772677461143570397466286857201785716448484509155777778780278059074380982027232479897883736451127129607069453853318849311094040018595973818547653062153742240177177817174562892668065045486527
EIG 38 2.779441067840647054104405635164007377087837925585764964507982665167269546597250908310811052101586692519482960868652992650471653917545800987494343488276197561762551241673659330115617652860067155714462742298547626085716448
EIG 39 2.823346003781337301997587939917133513235101714675371326972536836801713232923864504045490744572257443309633866710681511906081864054888218003885171755353769711190168871814287690957366023906559341162718092184095894233780015
EIG 40 2.904946161046811997383393811925475241281186240453397893916661917624211490619816295417572290980524991817738204206288858807785955964742193807550091302788176723782198866911644251570823130848510214577922406056321088191553559
EIG 41 2.992524577569763494872626582917186394786089295768583500069617431190642234537285580998175943994690984002867647868942862722067378325599971214351288941391524356620104930333351124020426580610261583118029263437402692607426965
EIG 42 3.080093892719323085279754445725538519917331261467802398287698801386677749337407749559721759860410847950617912619437343750383072310794260346864338531137549838070912222147601232438950822299764720429263836558982482836755536
EIG 43 3.142445004190724727264372482897045508350432587689477196391000216566247254789906877082796700838865280862984314239435949325072209555157038399921098284543345093192624431449057419048877835009766506820576237915578734898932027
EIG 44 3.246587345648070028496436569186221197652243638340436350552884740471937341804417193301801357838384267169091048935665131322332621543404184335194617871327822826720898826983103304582450165581864052333416885886200734055585176
EIG 45 3.315039942705431615316103742287983365940086067906614623178423743758856737080604078879231342587381904689061904012989223397894716126601638234437331220731168219455161411083234277004083330807981733073104413230949565862243245
EIG 46 3.452348044505729755359140845021814342327144801497511071879620121248883659966822692847890871452596688352541823391168679828295441346380297812595832847804710557951535949875032895908130805475568472461921175571437033528027670
EIG 47 3.487036782439105733769211178620967534217440392373041470424284611156619802859389780029786345100205974382755270497924680615486979822771203215774918663295607996090936257387922554070213555295281190998874151267617221721575222
EIG 48 3.520194971665979536667774887190684688574583382573230851212798919664527297074771868841223179495721631325353923617595774478387005090410079517376144488422242800679944353607705561779247913050444066836981818163119725767777875
EIG 49 3.606173894349048952872470917187358515448652127909061992423006346733032447607968086137187204105700288841057581234720875056541654500177373273364450694359790362900108216240963869744561214962663719059942399697473804242956989
EIG 50 3.668056601923283604019707106710930890872817403010781958066850690651819715061714590992361414418329403765085332363674803564833131417893935788033942446873129753071378623257255366271095323011939256999210579336458922165756965
EIG 51 3.676430754704351870041227331306375400251331219548063429283274231056934998761089899832264717647700593972985596737422854532091855703957368624259460046990448084188285554446760221997845696349539458468715289305018722825305667
EIG 52 4.628215435241515124141360278682194717694591518976533843316177066968398160563111274491663249928273308125393566063193349207130819690277326866002379599881050181771462435202865780129594394204821006827519766325224858967463727
EIG 53 4.633355928784856699255746401678518813021384353346456958760504191731044015407126388728839473285407995556401820584804723321744946734695874989776252507557463678498578928061184266438817027130690282716123710364986669867020296
EIG 54 4.015420548422716448036545462242903412289557988472233162371604615199979703737409851245108458055877274105770811050340872228324833262277273550320748809408034593380167243307001301688060965508677487795731233310243415394254792
EIG 55 4.098436802120967315901476998624673252548488183660428450661381932200011178016825408273724963483299924748888360708221905559659879634796383119157585743590413586418128764396584025009494064489539693696397386406431926498255472
EIG 56 4.118255772173854984558935023485443842953916829159884902637738082673109658863791342463086760327861654587542934026530613597987946971888350143027100921619983253358490772402207993578028013364711175812947724248728051633045361
EIG 57 4.426928645662281338561352705074498106317302182006877940456372347400187811142043236045494619835644176343719212160336702618794430925166805890121971548909678418515467449393144061441247076726189362647250356075854727956875524
EIG 58 4.177619956129863963624068852344702117886910698546657465645148652283413603227778812988287747687120962379646058597460091913553172621356066373045760925925247546734812003442300776671559221053716865209145854291162237022768131
EIG 59 4.337533634819532695145597288045488835570768459862830642197036932858918155872723952833606820382052737053396148482084826591285392503262804688843552727759619266114681488900164503001894842633338622974937784308171252971470675
EIG 60 4.297064049031428456480265883583697714408558005697072185795128800060444155590909188560205345157991249370107707353005068619950907792340701222215703485567408345961009163686613146623958206429691431166909511071498896914423171
PD 1 1
PIV 1 0 -7.141523441774729507105734429762542915707949499857661701086856038177436316563732470126658371874220850310719369832032269568484752109476312305408809213554927667026600625208690227871647666237481630040219419143753806917297031
PIV 1 1 -12.35214966432455781862206651388684991379612913760039012005035322723535542324016651914200446197828378724690984566957224074306263489907384810546723300358018789559611026132798189928285151934643662452919724719661990121963159
PIV 1 2 -15.91946338082825279002878110799779570121813360220238703172570078739483419876277253063429694534199467714892314944425645639288417264724870284210343704949458783749996357112539213236168148040257022949949559890708289377277327
PIV 1 3 -18.57918358284071928730990874266266562414199212316327993129204691588613588361402386681897755124398978919512469019183141635073071448566218043447230006749273613694165907380399312033274393217464276822519769294151647357008940
PIV 1 4 -19.19185222766327574610730140584674780965954744939948837065820312958255799596244600416024331676048641817045304115001872471926602897461709273559748912443605361538150026345041426098589209579961946119691530629234298572682815
PIV 1 5 -17.79476096691973768628579068264287333128449716072720396220886548456296729591302602645470526739891205508890289937373475718466278936485640643294071260006368601883669360548571070663196621461901413184949994194508896240849347
PIV 1 6 -21.67533196782522494458949807626423084992727690754289287386112032440335476159833328583220013687517441683276714103757612881308977223555677428591382667344492566313211711563139483760362040150717272200080217269816977052753494
PIV 1 7 -21.00620060073105917256855850333257199816913544753767192336967581289633919462839830724870290546051668096216317300967990702104028514025901974555042499421634145349651454451419134614475176192374749237086369898006667360436323
PIV 1 8 -20.07492156110268372868534771556355087329184855062772370892059640369581759171301235684515557421969096670292779535281823311527291428159311806110867177645680604291887045283914847935128341160687574086629082650684569378161201
PIV 1 9 -19.29756433910233557696219149351931499682586352162672830404441830067533773549595754658347058521075299616577385727119590397396740173301490802817159662085855008126041961824916104293523484383994951036367260868825718957085919
PIV 1 10 -21.94481645694781525653750119036549883816314700643277324842426739799307729013935667252267644772613356175317144841579371616242826463635748953588505561721447729633970572536818742854696560831600158864631804838170106443244242
PIV 1 11 -20.74062313728065925088633420143504722841257291609648707804855380268462585926146980539477998696728164663002768724321320768362351300499254259434235084476980695632553557724449956617405178508873770153411088296425863817368747
PIV 1 12 -19.16775913131129657935996950459633567829450655978741009533348511011369316532060993459546537153911009394970259545052155302826835173127249336376819875100559724721824825154070686117348953831179134440381130865871554884176831
PIV 1 13 -20.52449330159195403511476442144880482118412926429745476615808217426646319347877807056928275345226693287650542168431675098974755481632294963421048453867376211493846576531824718521666557773243486732420025203612722617659500
PIV 1 14 -19.98332927188281029515130026299334272980854415605827888686390536965974156370327950091506460901425766058895615930624959383478130865864768447315290344945115039273043086872599644593986579932475766402864936210492943433010285
PIV 1 15 -19.38625529702912095170764961828738820195657474801981565744583118034655068156164580360647827278896712184794594573016107052527496930088158905764712428617722934454674634259044995571218366351893560951223325537248525922260040
PIV 1 16 -17.49537830457843776664726678165829651491727202542122087334132750205831076114959932911444113750029034912407523995287863625055732275389417244708758207963849776528709204575268626678340489729959566718243885753360122087135469
PIV 1 17 -19.10608827422272829636813220424117328403998423904701967808066627793278557691143996965206864314757592693146377929166475438495371331769157961223167982156216800349481788635554303272466626100030750897484961757817110865927116
PIV 1 18 -19.85603518988962434832487836648141556545261906449430239922508287171462225657399493170767965011222457905961681267010833454123315277202295462720006919932183849452665708708677743287042410232340736030380747955739762365076084
PIV 1 19 -16.01060353908486804009653975092607711114783319997325102527479937622372607211263928124263107811923890563343160416479304042513574182056649430031079949359615839721413285183708811175822486573577627771456899655575407159456028
PIV 1 20 -17.25167006272328781659679217110967045061112757183514325147339197198812773809507758725550651776371193817348758003513680255123205173499357086979141571594477708133641671210551807878700370843672709726221708047810234367399215
PIV 1 21 -16.11793033167070238749967298086150359100032453511065859901044871089425879349309820166052969566703032600380780478695193216808985390717751868945932470784938457457152965691400835972656461415980468089525379447291762172396576
PIV 1 22 -11.30897024387473598917033583407661314531318600097235582914962468492535463338403334359752851003891598651310123865424578563790556037297658771267425796540553886507353357085080603384827507692496915824039338900756477464992506
PIV 1 23 -13.13775671676216132381516726081451306379228684946859165668118152105194417475780424925214259947243956793555310984087216329552400626556460949146291772561103141576682448334553005592876903635008398137831101305265020038912862
PIV 1 24 -12.25371233515075925694277079051728246720834572379236918525613406490364694428381933528900786508869933570841912398684351297202520693031459732154820463449693974447345624085528069169375612331131936780922944501904114340000069
PIV 1 25 -14.72952548358925316860111237988435787006426410202690786287039330550607320554508196888783316150729648095173642872943608800531040365659700411251015473026597956117943963671969807301851398667270298319273840651051683186717016
PIV 1 26 -12.34241858033918843472210969513525370339643685007606139262116101092495347521558207807344760718505684664979020386038942973200796186170266649758161591787367105850465221977054967160367012788487757429190320240889664722648460
PIV 1 27 -12.75128038605271755866281100544974603252015766756767846519305022303963160932019731478891960218654818861619498081234269999764878152160441814365342066866715020778690680769017372181798976264741934403314369654227411943964214
PIV 1 28 -12.01932589610342363484134627409040364024403423502388858321511785834507575529629228244158088597631132839879659790894692595799418694684344780092623431194424648389920684079397258720629550827498095296016863150746768459693807
PIV 1 29 -12.33577969027405082459580028043312801193975011792998582101150966442649047836363422563607786798284422364741582303590754711091699450045169066699631365579915708170190341605306999450178255601574868062358026774791673493186462
PIV 1 30 -7.513195426472481407794481172388627790905499581352271697069183289620814238003915530700345832449295255616367070861013460523557907357257748068557758586806714672341608135777171587151190677271935167190553756191495094683724918
PIV 1 31 -9.222968660251493472703751512450949492072619676265939181017381050121443985176245483415841656048050440030712010048129502052219635908973736079990713096525029670272841776181995832139281727923939635449156608314186251531945813
PIV 1 32 -11.15957237876592062741107045371862761031792760078825894285887397848587814584715049337076438319303421729438312460131805496149632953551127443682571754979656487881819149251425726567701056281173270943869731647990021630855247
PIV 1 33 -7.163462441354515720202429432013703424800260549334913125660163830319149550728315534249791864544236968736899586337416369112331581054530141227249523445910141028383004283655791367312165919419026125454153389457529915138355996
PIV 1 34 -8.093595769693265910440712232684631894934193494612538932290417301400489333724667932241996064892934560296274374282176774799845496556393025830729607916075135948445257998320100529132517433215537696143325722328994037470560870
PIV 1 35 -5.974584343364087844507467806368651440414141674906720920836484393137551667718789543925088865741430260965452123542183594097061273938144650452116064360009750579528220623166891304635255819369125525355567921459001390291448963
PIV 1 36 -9.717300255043076303330886410115699814892824932660540269509622906444010763541558137240866454439172195601101034443033254392066713689523813322047672851340365770020418492266104238637165296783059245283389239181411612645712803
PIV 1 37 -6.078402123600749733605223007851296185223675776060078282689361313260943743740854592021237156570324197444169057407122078250117016953432953534942584514658441022539252564736603958366312540570130593728868259621123039335694263
PIV 1 38 -2.840824490142400070483877281287438329294050367981499262122920615564193941692561369842008462539288488805236005450211744021371799274082111756974980883246104660826476664821920739249059708134576940164724791755786896798704063
PIV 1 39 -6.148872481647903547153231571038358032911945092511708232479549418984462899293167890974902902155456162950953746128095497760625657401816347152968465354812494264760313543941451143333752411179611518616954879160890242083132612
PIV 1 40 -6.250882516718880783626673413826818126743936772603068935341302398712233319486548408318398823365422176144981955555584082983614423390695969883776888804818674124385297989079615587642120278159859773972136601873978400106302873
PIV 1 41 -6.618189196436089085365767573794534577348347976750295243967976712763595168864034459444125039300221722798846775879084808961289909019563310607392037308620520416942085699901146424230675344185610369522838104781730319524104223
PIV 1 42 -0.06863663585767240082512745947309559879032343081506291697788787635759627223893889572973611981204012785756798657487515799535907286806290140346600603283976656062769954828163568616163092170050597432476842457710065521293155263
PIV 1 43 -4.884047326954258258025298780430906185005773179105027971503391554644864276623584882823617189088577529766272708377981420379997912318780960749431997258836530640846360598723909641131223695985064535792003603751539411105902265
PIV 1 44 -4.075035907687930594369362962686092180527356994094197119567847424479779831798794685236410436961731821200131076018101275461186237720169128168433569548465702270549177317163031568363390263747392596228448495024618570585518737
PIV 1 45 -2.099009091397722463699775116307670120598132381240512827447377396848758347115706258317145351754786331302413338295611497185287348033211370572361744288080676724736515196550455844197929057689698349501659251963432756530630712
PIV 1 46 -1.570757382866375907138047122627906820843105183308196247325569336780101544811602848719153554626500251509725162679013779322895458056642044760470936866365689176244962383084621415103787833263105742322109069712995925570114309
PIV 1 47 -3.208581568058277935132879968774868544703923511786514254482869011311471626715828249785606622930227166376730347661046863555443696310918913860339891801068574852206668241435442437692908719672626409509620151078905180454088585
PIV 1 48 -3.614010282890371193477485450647111091380168454465090608062151469354587032353277030444414857274620657154942800814501682064204920187107215949074244559337633057020355511769595138279958927918545523357643199880290206146938359
PIV 1 49 -0.3200166344496221059352761749987420531479015392776087095804593572724480995718703076415536451699757125597734487067451624671478601711973720294224659029480709815265961171038322912995589342577380501734777865970846663251071446
PIV 1 50 -2.881539569166722332401422685231699241685383836302562064481389896486641691165513381601891153723178147763861282489815078655202623386949990025255405706355379166251306486402610385090954063055146361032642689035189413868838091
PIV 1 51 -0.1010548356784465788561837097481948863865500399899009017189652888041387423991271932714137158749148759064707109723379486142479379478658197936280468773712898549729120028142552238640025810501325855128812024913945017599136285
PIV 1 52 0.9533964428035963480833712727581012921204296865894460673991214743512981105789885889475378749634499162209989296552713605606798652924626692640160303256740639304553454824232872863797307398141003805482820317866738662614834761
PIV 1 53 -1.031007887942755361626126777924926397546920167635826229190700931502227582619861187609903209174259178572065678589218946777002308257131900908275413617860707880973281586056116870297326826750239090706862009172858176793448937
PIV 1 54 0.9519422388387409380401678333919186378475707781711052622792825710362845041934176435626517183122265031252738718835299015012952056778768569618352781994269184154639180021016335110812507405109107943432730405510564212082065784
PIV 1 55 -1.573749213024770175125886639202585804268916213461885585926292936369437717138810800920027586976266851158106507117487678330520868492021617907892876810206509313496496888944857408253297961485213292993084153480232974932595364
PIV 1 56 0.8465982504681577497513661792492613346846678384856328814217609897265084064172170775386892144656923983756040192622703145448270312611227334419345791331064580545991011036957744888950316211449780977120668392648203499194304368
PIV 1 57 0.8154624113984548248107213064153044613513728063014602199771973689665846503076400494540131348470323853236331627432135425906526716817474060104390898526681399404807893878134821543062504208732709905894678442605122697583874076
PIV 1 58 -0.4107589798740487560488629347439708343869189863100130779007833821357689951400098672119929292345410638286032399585374159361909009612523753464105951486288016154597832249629605150655320574594018863195371135846606108726096664
PIV 1 59 1.029240641628025299791264085494572250434987187593933949345142308253248637760687824660642410372248697762834013502235816796277291598658273642454495336819224279370459102322987668817293076541776691653130720802308904069252934
QR 1 1
EIG 61 8.546876830109044486055855892989569114251609512334002171233694888856076375420052080579823338146873704265727417990799854216880158362229812818994275700594464922884240914331938425068599992014424372713754862332328711312536040e-55
EIG 62 1.075514049903148577173994718976591149751778255057911222207905097982986077777324822025210675932159212216655651993852728319050510955913491605778182689330687503063400614558600970946738588612905233256342332853226078302149176e-47
EIG 63 4.596820682321715982376174050510645433011614291775164397761341716796928666731490389550016781772982145675881837994559231990876570521983949490969740276963324856050538052011293205183083085742320302090107647852981809428411283e-41
EIG 64 3.395680827520752677736326245946132435391438118455826588614450338023895459772872991987682121347158104071099252476438381888401637246434857817940551127814158767781575723354148447490728963104698648456892551055908407968685161e-35
EIG 65 1.778794240224697340044495712723912987882511926961319437499446244315005208764987979840257790878738657864232560831712586464999043524262520634723490238860413356761442929011208427167125060941768093112203228008196256320301436e-29
EIG 66 1.677879733668506671555125338875443594372902060179531746247730764890672802207422449682222131721461354744005359598022613369960233668187203572790360558930519911015883672442874794147964451639302415489794639314920184951732903e-24
EIG 67 1.287200845735277768362641410065143829789462443963809046074042762096651608734058532247197453601857209948860460066666883646722284492856166125405339322526295784955111909977918167041382618134429739457467431720516385473269965e-19
EIG 68 3.242288680154921609000443678546444838656621357967390426177437113402887709458445406686151927392777791262080973962834022693218571060649087973387031289761147229363966887405651091374606456530955044628593391833770358411422218e-15
EIG 69 3.605633471880162233246403271713843701406193015270832804586000880003656486339807130960516464320716511177817322033965635490439678110186878520100291270682389465939371004489156003158128066219816138766773893043998780737410599e-11
EIG 70 1.500845023585709473716306022485926597695211240995988699256600964954277581858358942831665871012985513726181420368118255419763185670560058598654818333670817135984791209352984062412112019209338456977086713375752412009980643e-7
EIG 71 0.0003424105416017256980126467331135909935635754590971316557424578846763635491565076354850623542950059310430438368698015157311048287024393132580401482435617308570069953570232601812467083396347698979997559966737718249186735821
EIG 72 0.1362218016740720984810588807815149877407692029335596593592103333955555043806003565182100888961920694194756621849466021205780887302792388248008057204526315432549435074489496010817074936580077670748239978643909531127825139
EIG 73 0.4999462813021587715107305831063029206204918908777301310552698115633127605477051833208148877517828385225804157310906447777060557758987367557494769222324048923005138023322398736178219525779109137382160576638559347561854301
EIG 74 0.6986589902088390115116944059845283393003768198716918767328980703464073975668171855744575366908958480788813198223081183792677535333572339604453383052943754589728604965362446244253567939819866861156547926742648324423122238
EIG 75 0.7731132828176439813108044019784744247496688667261626238132686455016136233448169686513178525565732502955043513717019236713792028953045288325814052660026380420897213152904924340382057276114725539576332084349511351320355641
EIG 76 0.7837379155715513299817337362943814214658392631373750696180023278513459770596048262814546421738200032533146164437735690665271605659097219106892081001536747942004163102912302656246728994353900113612721773651436087083152449
EIG 77 0.8955899745776820028115882573991217070651782777080805092552613756644384004460373807405783755936461444307769835299078123719076727448545006602008255742812668990973998290623539103379099327245824314941548893931884437954848725
EIG 78 1.037961088786180461098910176016086897493452485741086993391715969262542115776698264680950614159060820958707972764087054364313214715456183628244113990007681704374503530543736749757681376353483202224884563209349353976058505
EIG 79 1.213229387008681612370429622009604408493416653129557838659704883073724155407718395317971408968894452429144626000478952877687113060340159666830135266092838778650866914694275469976509338876359561167149674209915050667067886
EIG 80 4.998983457501049357768776833986994053835509487716412697023171858114409122031619218817428913565891336817715790285328643886220489331503957081451348686633681577200063932512137872654635730528525128170397817341468318607805381
EIG 81 1.453840254256564446666765633073423643770408866202857431324334000284261558244295079325005818167525816138039538135276881537412407443469443409521485990420538429357111876125328465174201951542233275008910446161621261234797771
EIG 82 1.562859369768019370311058742959034057417176658111271481430147187548370967694370637648512973562588244942347939567125292976908803130051588616631687528390768189338802760525753799460091021533055802104574565826640513883976809
EIG 83 1.745385328599570037223055323011091919155960454578382634247322133136689747897987425444644192834164067361505153466273941428898435518901400533073097855951873592884140208838078514318440289268780697244110969979275729760039200
EIG 84 1.882670236351414370076273809439718969256685736136564742912514061300885627628467426121987444773454745998305685663829883283151758141103056409487665137289315284768069998509009912837781237887464420514798814433531647628796296
EIG 85 1.966902562467625443460829934948779150305117354079977550854274750719330740995137048833342687903744243482469586054128217367382985401263715491513679783681496186394975130000922672006945558485767999918954255933011539014562247
EIG 86 2.043635273001146025520289828812065736213623927443809763088756315280848175522534018499929169122927277340318653077813299304518344793418231203544360040064650558819786137539742479135202857577982419875231929679617601142559324
EIG 87 2.110791233115112161402095180746798498221985897292570086513381650617716579871323007211763268353741608225536729897225436852877351495165764791415854620893426721733143875785089218136085781736072584835454794217876236186349459
EIG 88 2.185444823618834536031508669573178870727949475426005879498538311488879784081029020859623609743846502076460568219158119374572866435042407857044363381905935713562511505013978225687040397734095333660701474420546540745904715
EIG 89 2.367689412183682303865417841662672810519734108681237430263437963450772782739491842406611924039270263650171987689449303505257735787612097329616710771968345235544899314094276639353031852897233968399480667360606324957575336
EIG 90 2.432558090217291511078769403311504867179029778205198684835782300393215034807838607522557591057805130876038819213710914502992014088385922093955403000803174903594735780112187468119046430161212247799929236532548782400494002
EIG 91 2.487406633831623181016131988599088970786067367539774751631865753208403762275841640299217879991682196983582591671920557138749244793885515310937786237215266113086613174068658836535181735034428557853287356982311537396697010
EIG 92 2.480329030845577746245767226975282197670971971535786401965324269393143467758161063580160657222011435410498102389141216989013767957899942320151212509120319375639163286965894853131996992312212963798525129746661887468368408
EIG 93 2.516245000345191237276224327370335104326810313760047086886044550631473944918871487362336365566419684124902912231181095891898729565353052949637939842429539650981236801992287264369903353656290931785630217182614012699458702
EIG 94 2.535199756286245595957618572920394128053953541701988670095594899212254780300735011367432747233673280084182444954768666321550388578067940612260355631580123960977667796904262049639614188183918780063920350898776310213920084
EIG 95 2.570857712331524113926743342577464368947019577537589869538132001630521306014226073024854769824372818705085143707827991635438856441269461858924253565683617677709595635664971655895593555938790090062622445457763140897286758
EIG 96 2.586027598794360536560842052508818810892734963821594573454324652656067622806552929887321226865385677940028064123223656638836766663508285831579336944116354546242687964146547046206371038694994847870542905202204948987849299
EIG 97 2.672386434867141050304620116356005459865963917181440366778971810221115531511455143143751925366763102245357087442311978267375866189634527058155521494399600735873304908261079910166730136125432278320195524579347470036071965
EIG 98 2.734906686820271560089767565336184539175030064689374983915399511399769002392701365993750241227602267025950576855940080241649937675150563945685046973882268801788766358269238750401863307301984366559914111569220802498305676
EIG 99 2.829122216814589257113798946102714500214070056122233131509925194993373463670169088062077929531826548735054508741826556122732822311009329689889960368588489373598471845696400705987566943521218783652439258914220906877943953
EIG 100 2.894506979780878840444242905461051134832878754710617785818683426870375591866607527679658577756494707696059432452743693319604606043636129832755300191174075972494506641024962062246218991730880468431140778102397757830570734
EIG 101 2.985459128676406383548202943871343527706640785565713964540211413855143912182726782759336077604705366982590564242736328625750749913528656292346423236014056124805982260941769875956154388696450808523594963945963713514660777
EIG 102 3.067954227034754252541561302116160524571359204347683948913944424926163459906832533916408684805977394277763211405267717538347242084175998859751929863730393506220099187159282651768221899624513408219541428980354144083353167
EIG 103 3.125863376563572998608296107788989311969284175369150724818568608133610581472821102821313891179249087688423698891177090749647666298565634490336983889973085947674789279767556032232034902770081640341250447559769377746491819
EIG 104 3.192501364589172332361194326613969954200189277188495414266824019756044718283395035015607044140519622635113946231008185863312750757172066432051886823144100380302908815112804767777157581616818614524644827790922596846865532
EIG 105 3.246328050393389925913794324550972710138809197025370558815295713977563409778700005534430316697518000825045772229714093353041165926439443942384724961713646460941546073199512133258416078403042064939717955346940299354997611
EIG 106 3.339811999918303091390743559999948935206208235704558422198733560367615363063949923953806514766458821990486137765500806815284744862225537902653434750422163380645618013767778433313594964803305937907339646673514463788856620
EIG 107 3.486771844640566812842696721371141364852965161330094355762178750235859662103403123545217207283863584392849325674703261343622461261621445667480756003182123470352648066659835702106385593484515366110788602530579385656178438
EIG 108 3.505227070533057479223191425858626127599361165964043195732586141123501928503947727694961218249562544405643606569034368210457833948598652973704651983802468550593805049384225489960406287728559523209096324506870803059198410
EIG 109 3.609396315157411566822596249691135403931285133544539931808238613813103181400008696241771819167311203423877007549198126777397836694877681509725542235586147005250738333996286292661225232410642896038901948916245209868520945
EIG 110 3.669618271555432614277516556731986453861815526503405621284577126038599242938267267430641903252811902024114046804953131477488065842506273326411518102419751594231160716006824594490357052068485629326128596747957486698448003
EIG 111 3.676006410049990213778303146627349406517129182453931709974985771807264230734787784158137617403242287259919833963475858196517659106104965232521297064014910283921079729039897970577438666260181464292015429351364759402402275
EIG 112 4.630222714189685329742602475953325770344011025011477596508876422815523777765701729432914504757690302149640128745864199682509678107422619250315298199696606042306141338841289650790570780712554774171334866632755298260620375
EIG 113 4.636534441998271610757645302658326126877918853906701937519803488215174207911447480184863180834050635464272612699243555135084678418153514624049678150391128410466512971253519616463045488918776376537347996238868714577758307
EIG 114 4.009963271771649195249787770441575716602203417248220024025788288279720580458194460325826748685814727094381806927013580886834875724941177163440007809542048828676469947497699461887495483050073263146538401337105271993381024
EIG 115 4.061096913697893313357999960935023425318998333959965624167060170389384788628950996868605803620959176471171751936753193416097846830232572569672466290889274594549488118366398231654503730610361609823513864207581887602670745
EIG 116 4.118064159643191306083367024278254019487743947500596315344248748938962810119930211926341469109753819540971488788070962117698784569129977029850058600809732713351125045294786562836785925925418526914982357599997917458805758
EIG 117 4.134914396625583606020180517460751787030449214995639367249749981807099735686190975239757373886430906408328102114472622442392270127619414600753527839742567927649340826506244179936402856892700776878526733635316337048468274
EIG 118 4.425956088507555091426499651663709018864298411092824059699786664991751686527173092102351027500542831329998151437314998237113672452484257475986511799533255156474618928077601287798862720100978505533252254074747450085204989
EIG 119 4.329073956041864458420990285630409914811137749004126669743122436136968299901726302830457457660527261092328191881899127506726364749260120160709372177159043328123302405641983297043762478611869097391619506947227558841903965
EIG 120 4.300360800512944047880464543503821898010902286808044454794302684287541724846193820755419763184236044118628624127086665736631786552839290972073179419485420117041353688220168058968881862904366623688464303723813462391978516
G 0 -0.1241241924486812809081212388405669864812575230990927269309231555595665351362023216743591857488692153422889253574653864632414356576155704023208237504272364207433759395644050817037517211849824965039756681086008048136878811 -0.0008823178366796687835001047222617002813337397261948413393613598239320129802151471660286151036949115761623445222795808613623905095556863382089225022206068871067405191846539855089246004024965971624210359083205668554714387185 -2.454277139920962923721663360866657108114175852571222117023066701810401999055523148154093476231831474620668321643716588049123108842827413198536838402828964612650336551289226721651438075559720134795491874970169856810393645e-6 -3.373220299922530530665882692266654234597030274557090503006815107398271609590563047728710645842239214859033597887640272233609279299364957093406554034666652337593054009570166989034437880865345334069797036189557614307301208e-9 -2.382282998679783914278548431816409730915297428589136935193614462244692653191799162635126531447858057610885985331259163502414174634846634480244689735713876028442953428373620740382165327791831067700436648170201581098788053e-12 -8.238295711697505798305364394273775320351944084529518543917454830715419467319049615434362376687609667238789538745570648385918043024384870949993512459739089041384357491583607220880467518189460657030104647859067179786256135e-16 -1.236235235657472149774946278865084302752015931666634831708479625964070758732339817044337492830188086086902420166138664205230515062002361023809397847344258677885506382717685454443495913430235511061155369750071379746834956e-19 -6.480540873311688865541364022153592514225177027271707698530305763446497994950518520324071386087454747667293950898215960464053848333912976016543103320976116286378596738914349969645358943331719047720999392280780038046929191e-24 -8.053885719063861847881782610547509988974592889572273384571962825829548080482356916013709605285135010737970342686342768246988720141656376348652959362714536675414399337594851442696557312106804308319597345856748688691167949e-29 -1.091938325261806303304576160079031756370526685381536555669572355080005575403144017758615078107746701843506259185140523600026945304084827803205130424435634908762378452181462553478367470632883583843344061461126275555782528e-34 -2.113794801857669374120925320218596763939321754475934594660494997064134648397500046181724326241610666454258228101540217790947006967814583943210013678118314261785851685464696541000656640789445819889128576146754649168951195e-42
G 1 -0.6265011168463187712090796893864484538428669162130335813143141806299832914133009388193560630383581697935272393403503473315829636524433604234347517056148810020478783255662252235203880039183937061768472024895128829120746978 -0.1710964140741157999011032629755274925552633421323975517785009762440976266256593673208536808768556295850537473971960269972486672399872344424569827294387639085175869466503703657087918214043245413399488992573048772693211874 -0.003061156484751797252354836680907594596678537265805160100619691811258056817564666781452135423053011865328650326821322963581172211993757604259910402014600974689403817317336254429218271950691813934008706170019466442987985413 -1.647391138707120152530648514414663233318163618312428665769413110213735842538525937631225140313175364246669704743205266437925688376201358393811543000418353525997550581628608072786924049339455174568617448719294580747583580e-5 -3.565353122069262194049137800582106257833503076606495217118617325697190287373332295931091321536161390939208732670266967138786413754200595957138272155722479128764245808847784863876683096461424642061662253941646040047657908e-8 -3.284800969963413836063546163546691346511845478249239834363995264877935432598931483695555936684987502150747702922509532243220786816504066968886676348558970505039190571303838604164528819599285243620010363240263784464400542e-11 -1.210366172411354243872323978533578990141120742289231118590432268159652031293466605566340237719394333223695629676761590506021892244976846258065744880680500884032088382119359326160629819296093293859142175005853211859527953e-14 -1.495839013329888612382534763101851583909191008350724675230948023642069375052033523692230456507086120880297722655766397007886288012449069704229356346454539821075016034916492541343538681553989675214682456157883677816447963e-18 -4.368180151362479636998193015021629997311102008233810902255198235122256650511515274384830879695753159922451297710501227581846087016518732033248295911349604363113115442655626543672918131505212406409016464965830505806126178e-23 -1.457049283091220210728119889607574390495798093185976642390939452723248136988652715468358102408422642620177210697523968617810605131516472815516621396915527479222908682368471468378666610175246438723907301383477232537535994e-28 -8.076716522449640583558194418418338237051981687641308985300121465829349905287485603997455789629248786550944295029586620525559910412116305565706846402968332021575153356233348764362031645628727085909877250657508571894732056e-36
G 2 -0.2671822800491776481336550416732005989435844145549010210765351237738897287610407149339401869828618706771672040348784924769527421619922289960921359734982427637429507969400769611789605529807444502921751398471725736456949470 -0.5584277801555783693412376325510057973540872017060555188299931414623089805381829943923966209782809912931415636784697266356716930173718412215701792601544958146063119205343360103455362190504782866412697621508157981950246119 -0.2650002430719220818645537337364588548361680558671865186321831932406385015718252022905967814533138677055613216434181314336102224982167389606714650831462469520228097145956399693361696563040313131937828399088336322259764439 -0.008207242155360205508821845329226867341132040024207707916349076869290677103725179059616918255647063772958778242613996758224207311235384524258385630763751672916807821026977017416897617385379690934789918769084190990854409129 -6.621477544493699937068595376181308148271241567788918544113618841710865991150528756602041168411381325961193439331436011068192326361421486269648738791196850636081532869305763808372352394551700311056012982862564673379456600e-5 -1.837921986086949491444753879236999749322813801071646322429607992919607632984512801488344525095557227170052310939664052992165427159853796332073419018912367216272804859458089554341448236175827597442057847033837557612753603e-7 -1.814853492435882684578902309138093630712174931596301652404229676991489545722560715733498321869482730431681573364579852821112511977482932887839706780825334395451270248963221865315821192628831404590063736577040832965315008e-10 -5.661130057599956804677020251591528477087252616132743593980477531357395166885592942675579434375499049941888793684056991578353673049516135297930805222412351250137990688317471239667267244218966089256159988539433431033829066e-14 -4.115692296234620506250140672049065338739974178736237208438009711037382184706114089153204289192348231053346797400550440731884580574133906481593549879684114856726227041120296178906072120018671961942678954572464740432247396e-18 -3.560810250341075801438089154621702116767381883270959974624855819631184468400238106042022597819212398127887831293570850489282033047362894335431661782870927336854859007650946738297789239278992001075537757668478734926050029e-23 -5.950898822065602257234270356992378294254921731918586134701320368004217009587905132880354496517353297394539292888678460565265914294730697801557098511223684427475951630386975311539918626608881665700283504201162870028390341e-30
G 3 -0.5536376765288879486255163943737338758071962822204572982097652386245925449105788624130809991872430874051575413968484190838888696490022626154640203997707239104978616387269823290131026163866786966612438560720078186527088563 -0.4681274850007042034276272587147619741295867802903112846078603289632270225467572985190554377372436113018320796942809492566533472201138226692915720880473233962419724000035724022015276901099114405271204699721509448440516872 -0.1586267880511872582771932375971232959740422472191869009755311522847268998901676717771294655113622208760989788143916256140040487959193367077861788093644593502107838416428161761987730835786910398991578087398507060204437958 -0.3200927418979901398151146470174309024165731236139171902188524519615831972709057099288955603794686606124694561628173376665591141731826416073680281092302785922760819232481492201192742984304054742938608923835009409934513911 -0.01524005802907300437852429335147070415773059171664921625758356527699015016109504805152984083258864237089684208116593135109211321996002784441510429088850062125673010700804568095215512608286982621666155892973804814561541811 -0.0001588528120415597769920501891220432454499584453523560730221678544086792566237202730793027470681683246272855941226726110567504821050206898846375014924510755908344118168832518436529142437313412207104457059277308962963780926 -4.807256440839553898062143232436675710627293942000636469711596539062397921689178644206003034848298955988957035016351061417288867133354086669754542333462616437374729251028375626911323680293942011389355816150520322300924570e-7 -4.158250624094473653286190654345645509649344682661076605870560327150589952499618293331810764521091475850888288217269234446478805108904299829695813607644025243985920798089610667998962446856193342332466801716287115021988088e-10 -8.103455486911780394131318793910459560956851843223904129239372613269650435830800744993384574297833956329730101817843516768348582926956950879895905313442531978666909100972233418539589447803726112767235758323616047253256110e-14 -1.942249415639856057154858437804334628224740787525873772785395127739711629594527764846319806730893115431402227326752117439128601061589869240790894988149929445522299534951177050635370564344508471321856992581826003425959176e-18 -1.051402906810066171678150059629478058623248357844303274168309465165506693213424580076451208206974419471932040786475802916163843898124362672691794981746316664153105949803777027401687408298564222712500375019209501022696040e-24
G 4 -0.5830981783648743666388804052436461848629795833109199406971495999334734527029017612821489843909753309960749073997856596633061907335970940198383223473751469569999880209515275812288247806538548138084390096821380945734052321 -0.4653738022877863122617981327142118968272539070230157698776569135563238679086947763257704581147881009194199608715458373941830806066284071150783118584308238877427097113125067094861357053091707111119194534526270385843180338 -0.1015148327086331368258379078333712833064954520573502413722962369593912173643113152730404971505623095081033169915958313920900549518972870753039703918273880126115250122294840986675267707949328678094518702293563400393322050 -0.3440704119090229198950631994122229783423687884004595789616581824850199315492818579298756812866829243639832233104491116861366376889309218444710118630336780178995411433864559097664305718234019955712239131102619910664507561 -0.3334408969080286847064164142622313386406213285358603782709597663905480756103903210308506553630158458301140712362845187932880375772624047412117497661153107762526190899968123566811916871273684659178123766897100521905175992 -0.01841140138895638057760099168023947682280629697511104934091855840029136895918406992417754746224413103036772956966640152139150830837460260969117107800920127679635806611582737488960319712715228388914771120860487309710828160 -0.0002037772409553457882871166542135355612294823462923820895570504879004383727568067510072517753816945460588422364323061347118817729949337607101182569513129301864074754887834558820866774067080941119036734572054822489591154585 -5.468177608747696054998339984784705195067964172495386218546584783806567644807549457526300025988037797592210596603443799158375453199665054601807586601601026431650958841211281046207088849765623152589284253365571200398858185e-7 -3.095306835290051800305660601168897706093795631014004340493373222712115519029835480056851920043239062731406589942694021670615786190003938039526144126734329395100935160687375059079365472759542990847841411898056550071851760e-10 -2.188099671731366734541639987388473651127117785484888293529001257365385356901094459478453546352706944059703091087008725272131652914592724133228943477603996485283204419084631800700485543796518746530860075362068185728130467e-14 -4.042244103717135896107524688923291819366368953159401570932072498877266617818363122253330244686935990371405482073912418329623369244102440563297630248567982561958347206982522464401091021178147645521470246184075686174655288e-20
G 5 -0.3379886346653653699110995339563956130143685658585534889505180438299374838717414639745146849294353402192032464919428898917359809497908070261663578393563366186226418396347425038486128082270834340956081228981121498217127105 -0.3749778621360219523716072157312625484957293124348672414314262444706648975692007296430967195573034606113534222912151073485678286007891116740353882581173427331500687402495957744228510365036400568282833057333705274392439932 -0.3526884287722956796895476774046166833482757967211346003404745628497700146502801905466589235537629270402796268386106149086522775629657642299095479022544797513156581613768660425648889675875422658022642184637089300569631354 -0.5343500130698080228582918279772085066910821417088618986954605332159651612800891352515525452441185089524396290976437762141797118994408767081665195938155813156061560916382942684839894602287295066481409570539773665559180679 0.1673906947204148196120920135759079499291355178133308777269619709790638429238177465592660100088609347462286550276596212335576555328225446652382460265061823907475081127201260506514017312176758504460637155444761722617050177 -0.3793949870914444441586783819055119773436336209710650211014850425601695300757264416900489636211414570140826675355085264097496089874652635813877898861465356953644782518950939356704605745146126589166020521925257162534993218 -0.02705253713386804491605022284546878593952467653298854570761000217286290015107341703636104536172966117988635150161881738407415727132204581461405167911354458108094419528283491376836159101782414563184084841962685459566016103 -0.0002904587123101992050715891186692316789926637019978539067326304267049599589120833979633397273508854196048392270090529370714953711470331353535970111480833552301755617944989708619671740422127356830503370216252405459159517419 -5.557541413646670132881135823490737095134962443529381394520092830908989664140508801360173418036958133113759039186687891735826695837830576834260180174979219997625175602945879241894967063948388357705358992180655713983047905e-7 -1.289067549124679010502374217249403962230119193481868723891051806098390381467641673449651708045828644590869243532924195391293424596010680725107449584670672586082664354256528737183942433555457193000173933207472633774502557e-10 -8.880384802043111822527448256296341600935827803357908276808213912530683727583560200735058695051673612036996782907616502275514707833579784565599793137907408730897165355919800533352132139701096222043073304178126235523020619e-16
G 6 -0.7213353336648769892339495346018545349659773067557722373128858275416450605081502159614820953047868151055205893386039590366263508998471963198812787806304798037356186694702682537482429100999900974623653084379399275090380868 -0.3072081833264251927778251083501535400107080945360275986225038215071022406233377599412082661347829793594623929168959444810730322181006862123150792275881689695393983227689022349964327161733175746626409012136050612927124720 -0.3055042770622666951012738712820185355184119959384607693255278405110845857230159595097313935893165513588643012890475727526515589038006892405219567677124089175359440604226664183247583597341779723403877349288170364721791358 -0.3226563591668685849081785149744386891289882459876942790355353009878757992115972987405289560415793136315612300299661730479766005494902402629456221460393551652269761074737376796275769612716317591691514006700111653265020301 -0.006863552759364789630490378173476734721211693476154818714904082703332272104530366213325716341584608762124748052065159014492897954592884231800997736544935832873423344354613754083466546393407251685810747901325326907984119653 -0.2487539710002386926924417039292204189679244522232254765823611859707916880950385678018953692449110440426163240259826763415387748833593669164687950146907476272389759230362092893010501148368056932529206784485534609336275827 -0.3721886863417505484285102632993892232936138559792026015168319152516031975447121568251565065026095139826500675372417863305553653889804499198855739945376118390731632115265402158969266987466202246671052002341432303219107654 -0.02164720264363241581350700476948168433493358917166937376354339173777983397562416415081278582960968183290623509328957546993873562818398282137801910287316407808413414141461568442913575896565002299879879886903026519810739343 -0.0001648561270582978863013506425624377486039023014564325345954732189998640137012219223618358841032626880251487357214680567067135649599595911647409453190183121149345230578115915968144992686877573415517333476158764920300966803 -1.406512244267664076214705058725832975160810648224072157445011152866197881949302715851558714461469619064196031821188515170469451171863382792688037000373669051045125648110526582539238468201462108267071222711598423527707052e-7 -3.972894262252938547753124986666393372846703651516557982827972526525814816371197378193855097271947005952957286408712604544781565396587995982152823009300359673525046771432250042191327716907596530082298763809330280506446350e-12
G 7 -0.2786631980330118801584989179457827157480908131294853140871546158999361763005722339798935841363471251970969371506740595950999268092867029352828305435772275437769994903723920116043571904917562524236634147068193683019401052 -0.6627361065586544188026189636638017815957929606798624129240603629640556848502982088365766939067618225828340559409193510113118324105865796217447046927736149688829486136005361166381678944972726061210615815983127625752570590 -0.1492200472237346111484941623595416199228530854625463242872427288031733110720031531603299071156976546620565536943333089339670938906581243352243754840725325772173574510563630626377904676879489287209898775114066481476711373 -0.4823980145385225444722439019933653346253302854927759420409850445212060646756856972777615007196524486517154221717936591657011662958909262613927325060329829514876759131449468329422801308377984273544123850347875781646747646 -0.07585018376058782097122019355547467475632924370525377102594066664830857865355768802829187366034079954825259972397992916870120394611231899881732668556471360672868554885364874933628758084772473795785219420409456950003697560 -0.4217913427197396177893896084879908791276352197295208785946593037605745901361101790511062355169973990386646481630043909131498067551543990802932863462910163563494031375404140709035762625967883946611505441126128332900259504 0.04686132811354227833202147208582407678280673515001318383511185530953008117772755300737602860733304783754357146053267434251486799686496612313126431036442709504194929364988216223532823130255089642826753773566331939737878063 -0.3368931039150629100873078746902087082485936487352269430720673909264145729818666422212324136094202229143225941297208624190104772396669277877247619449501758082919614077303370331396634747575229230458874525681430545519674379 -0.01766001218979551644925665337176806250553317108100813990602153228028177457854728737266884106998372148342124808324868867381277343094379890565405503771696171132005024412418232422436609485479931930440037504410781387078099761 -7.224257676600974837977863877888999623668221686792001535330603387417155707337813758858019146225801450353865063950100534624530823024882491722166822517215887738455536442475721715300678620291956898373003582521402198896254041e-5 -1.009627106454475580710077677319227832862021802066807524514798720091178117282490841627050935546852099980040407212221712902995917054515084587759143457109112324171050345785894624345894818406738331020150085853830474699607284e-8
G 8 -0.7442255557998296516720265663922555748707686228281527846931105430051548578731651703025055255283325583629206845493360654913753278743979084217530001855667499211030241243166689769552919936331557088524925421638673597884850081 -0.4737988193444260023262706581996325572328920943351558983898181205108517728192574783256191847997718636237280621697867176289927949015789580991469103920593068650965064624171455134307293731406221421202304015063237677090952693 -0.2025013804009986392149555302840375730081016427800403402410914532341892234940485477275843772539196956501063582445626917170151667249806416576464018768560434664854373655805466443308913917191289898678158532884291936109590271 -0.4977585971947044188501890740409556709605727713771928137361475021105731403022009313728806165678830149194887546209360580432927761807837913268614993249174837339632997847899747958174883078818874522750932255829625579682044252 -0.08833176272651653642474231351910647031976297049734513640094418113115992882019508474868652366650953787590042876624837993464182559342441058125839242692808758650904349445935469749354195762822086038961416454028170466193765505 -0.4013516749564986788910073775813239604657611758615051654236321000264960463408040395191039866994532364359711432298713420782343098690466358464471291649976389111489074188097195457223342902186170736720155307194968850026802930 -0.1408253776889364340609693796443177547030285499851363606641032298880545599996401684111589338418441256139683663604983044025139026037980759911816937194344111093902338410488616799784489859805444743976542438476537140678636013 -0.08615070715049973548776782831557331937081399123374382821732300648105641248559949853295192883567524846178591641005279777165423420201812812293000197628615850365742892394503647121426776192276115883113873655622716093157093786 -0.2542612724930801748847968559963978770962984297434682688230272378400190063986667182647659506705446360325146551975832255971470930153258791710677400166276175707075621403322867055402004718626902933811884419715654221606068949 -0.007312198666152779515103775626868144535478929052002306712885447338508866123123069880340735585684451954595570468594476410668308016699004553708122335318864548802384121104418089890326596522616701356335057295810312710947490976 -6.005942643490606869294450812993162197351795422893763647550541713210412917449497080529605406853520335081101202402887249525448981829562499812187999617976706061539236927683914600888755393627500309949193438908651016513923413e-6
G 9 -0.8664830854867417840558838083347315041387938172453912755971929573400267749434076816027570438315207846831617730155509048279926478899918696516312650591345269656686784994133566032371980806646106779584920707212043959081784915 -0.7415367802379399877687246528214713923455561377169788130738398413469049110321434079661943060304389378855203387946996912279703892090103131612469523114563019189198999141320998013785249464060403759291448326687008868378125601 -0.4035074310789991470984840869235135672235354980848783169102898451786550237642120967076705665891246385587323293160846106282663192928544820072875793669708913346340924686484407922427983992134716476491833175632638014438855131 -0.1229030597519284924370421648761601074082557027849924695991707805234394480619788736942788379549461378721320909172014475677927888573427487033797259054970218250966920075173411312421928571450313631796577837819904043354406020 -0.2298658907892297666239987758475256449302259813115111510709872603131275088988700400319178022167274853966612734816659147320629629030166773139277528498424987387116737131339368424650004743103800098628922975733173398021614385 -0.3812755246537812035415191759577677941346735505186184608422908131039655494730169513686350691621189407504754300407940924354863862178294528038589421508635070991538643452426308274261603474507650049254359351255823539091943388 -0.2163462647045604613795846110452661686008996425682554188904086449803770312806945739544156612998593500304496646363758951381174107859444765647450262590117621358280381195828259568452697710825645001845515966709161566357820577 -0.2615807068275241838307786017066475548798277367117884895364107351494166459748999806582341319680230712465323679303081497795140916123510114151238579627175559533785295528801318700158801178188257549554412739113869158159600161 -0.02374423181016194437156252190123080472995472511386277145477596380763911449760529825463720777245528029940206525274846877131778171611745319155762068868460768360744059609597615771399675371253778444527310311646058232795047311 -0.1952959636298941900609031697236853099076052614794354806457342116061405054429313745145954777717286338135423645409466784492981983582521636349731158220843173843696619443726232089421098810369854175718362790225135622362137218 -0.001632839941516557523306435211846949135278315290499498470619057451702412937369838732520200121935593866017124561111615436991555352241028123816757264092725261310380529132751465057035228875535158729927359674471260434196895681
G 10 -0.3445372861566065368531640974473568374316788340016254107660913013848434911127927809170242135211314099087737315017584108899029657593616561851406450221306048273847909407733191076837066784507742871983061990308688339243005821 -0.4966955064560299903742141153548939973843864878388200103521747899600912863535429076325861996835523690179523603902107779901608689938355460039482846937133054400469638609349865377124283773920522601126057707295040810250173821 -0.3546100389939340179196444172356734998443754971905845473734660824049325823584918394197182415553599007503012714433194984197898223469384588639184905444845183005976299020248664842808219644238248447597340549740483771204276478 -0.4568921195858019927944606593326197772091532681589765050576733917292657389630480986467951842991045304645474212456714232969162089196482774653780810311793314610409573019278479552717991184576680563469732018682020614716442532 0.1427658717313587382670419652427137261418018527582845669059214365894861631724809545555571190019676389709344732475067319428067987203604655852852442838307277303193924535002892054406141463467752489526397554836181378336649541 -0.3701401782948413849649331570630171655712043632455498837095377777923083872892461717374940122815873640690744245127799583868166439964554288927829074962851593010748797202853159874000622064472849519975995808617596354558529612 -0.1648477398823858628178249558371867129271057694392236238321405072817624726387456975758768080617785321143919331178934138125709477920045172820217133518943973710320761145039202826567237351112592424987171841953507772991844675 -0.2262125564700378646174741998532411358203478477055155528779962873598175207886811800113763989306749413231708927216680194942682595435417815797823255339493735740986186130090358267010400415341277664549153641110879841444559757 -0.1273397772083016576306311693500298826162927125148892646649012575754201674258059539309291282762567512158164503142083913394612948663103610666079366123283107130674683795408795666327857809310190611821820109932213900525833520 -0.3898607574675249029428594573746690641447984901682248342142266847734923780448891458560186219857078119504936850524172760170167091038765678325087949203818758690822382019518085073097353685737509535710328480356189016883118691 -0.09614487071717873183642883989719122920940517427935070057882394795319013215161152508504286277570673994738895367913231108297996760306703815067499239430824535150337011082328964426102226542223634680659016774588991397407513530
G 11 -0.8777447660601402442537484007444989591073124010169500817600709563910486210240062857096186897562221131750300533915035165843042645251238497966877750441858078638190627672070369954486610660750924695334536170118833667181317703 -0.6734572680203203003806322499513369979973977911572603631797247823048156874030997643119179304156557261938696955231982213104391870497884660488433852397346111102205037638695964015325903989498958970210715497398027665755669921 -0.6272621270105375823645745253088260692356333326981711482742971396754669280176703982436020956694985781168655598987692113886967003849116649104385235176076321239430406055954691008284893198562802586715513090644384519863328349 -0.4765282578167423197917955736812928730500465776183555133587175566223212660262647031056605517719006763601672580838956899737173747749305984372481469785239265234866002226073915867441494414093028999886187427897872409681687695 -0.1946793947965276929864792716289698297267835331715776354471337254582603094781608110007428128940823670634466220091474588068106950162177612533121228436206037605744211056878166015157071986462459853278807974476614216539680347 -0.1671991760282811057731430470970672899549587508517296233408968272608211390571292917773405557062907862342303319504546184212761614539904546340663076744361009362937716443846356906335832278605696717778583345031389733156007626 -0.2460957061332364924089268406047198730622720594481176933828005149035136299676151650965500672142069110619233243999961973347963205076868526391261932600775614301213421752246662846492786090912553726325199326194844280722959252 -0.3028646911866877019614800593320159948528977053152522621622405692187597457100263039894898096244610796932388269322021710783451821661292027889425336582342828095853177106038295637320982245533036424667744723587081505051705019 -0.2369672747605638606074468549077435254980223483810924985212314128666266780239081600569380260800258686809924971264744232662941133342047017798313601706811020991773960241327787079123384683260555531586880586144463628159171283 -0.3685436898412933462925651906045729575587467489560240638484539746948169612143722169385602170969412223795975953132193490737849946187820709687552906838049729417792490940937161348280632343032127857412140293419189502366629135 -0.2708109834145314425173406408831398144593428463446878979633695154444128562098752236257711597250796004834267983301835089664826040514393122323495262210058208847506798686179228748773258575361030967378540862326385598239773569
G 12 -1.137491421684401034726395950789094062974848529303892635462268897105511334798350510509342934012036644170100339711050716905105291306047771826965991885366625860779098891205868925932849329358103650966433744208974166688626925 -0.8610776978044607515720871005625035423322643177021657135225468727711475366893582189679950383387174269021736074819544302674014896929567334352916035848319017763249173017561918045003702751256947404543797329868454100888863863 -0.6359397578021083506913923948922048741277065942160184549547142779026760037733865363377740092314383022717559637383681071404490911811519710869312424315771989282964715187246393897905841776450236894480813026132051418809468199 -0.7235543047348298262115122237353849277859542829921908839145824701459331634121029045175386746162288721768763681125034509692045396733172474715826573575633523968920588671613869804068584949162922985901642061033988610890932851 -0.3461812848831958797268401919050923986276995508996353743944164257141044292565247362668511135038222964270002878957537478992225679739958821190504292574817751451743579136844183223133771182672593825176486519136396111794523009 -0.3224370032606102701683936371714277843122989592481393267978836573238548695739970115756790895646419225849932696731754109092600382740104076755056480990999558504466773157104905815168659516179493733356396524698066293221842268 -0.2287532989270631873509368363535975840077163439994994581954780697880943616680054843975710737932759802023132356528769135346548077126972649581926252713502835291534567908778630364791430278097231363629136396410929968225947817 -0.1515144282837137449839878820210847728259248531769355405514515218367721294876950734039601685169651234581098492991314941494147402523836224324466636989909644242880111560810888340268571165107555671039099540092383206173206829 -0.1837954778371080293839773275954783720419654729705242621578175325462902171855787912129692911876495599362579522148747553285783067024741271924078036977037586447968489602624220869612751119888900536247209043513766345943260009 -0.08183109128606371672062134499876735498190476991780101038410326928167382345156516945326190300973491469039896409873057060514028684231821196672719668289048114289688590567104137965262436751437526963619910151932078472791317431 -0.02513827482663647607497617944408824096588974748867770372085755019357305317913407859981067798555300933951292602737133352542925012045545087579232463817855304940199409639971593338265419085051949639825548612925864343358460219
G 13 -0.8505149698467445512981910872258770700077314026741844164102972399210646954801941698747624598112512045969273945592346883960838805317478122288670716044363847492114462076582635004531217962015218983068414557006633963016802804 -0.6882716177930065469069283389340230842107611454583725012908677640651636123234469567860258103078358404262065512606456034650688809659285951297819271013314878276095836312462761514241019014252909206621381772021802702444280286 -0.3353998239387202034901103196978495363674341400955758795238150298702881619458377981038333289709961741880300367652414519428427626620751900658593888585572974084001053891467878269214765377793645538467359861006911581158253937 -0.7014262388106667950353006418263115724003993810446460468846113201489976932490796706353812777669321749385846055805952039996562233935299980299997656015956482641548892601091730168539992367161966545559714296317190611432682648 -0.1311723817199151960667067294296541533837445567321922064316894753142727843996212159057376058628057474287493891905497224863188338673211091758654523805047409392002451807221086817221249485808198037654896016980096108426071803 -0.3479619622504455947222090768599234237057273640903880679662411717255462700856738973482140935123197841229963501735318658689662282304861737835056612182830340996463938640254364267575166304536532432439173599708354742871900266 -0.05532551103369643872615074345869648136420342689854573387695521403052231045615615248965761303647919097356362900814166518313788611355109819002971996092966933083987435596007516643832996068460899946144996966882835279812894078 -0.1825671465731937252182676826707292709426330678890617505001749755443076263887319279356438951581258557973786208569337352089462012263917762116324660354474820425370324747742898988295442337908712467477689101536499556158908316 -0.1492177944959387949728960599476042660194162356377015853671349629230444515427518347591529024330501360313403244071779770429410538126680424470645677151761141564810729742426407950530776970632250279775085274037076841264610377 -0.1109086189197431840248436464203061926665333362686855413785398790082362896948380485684905248926110222222022759654103648255003106615019160628289905243344823483743465766881014419360139472827507397970366064542438090954225508 0.03494616092862016065579184936161040227450613824992897672737715894666252959578538306129514979376087760947082314907142602478531360142500077740950824262018497133241502875447888576322039016127895528873611160222040070898391724
G 14 -1.151862314214061560248960862341614130882159683462116610480329550840989259229744901679190298988297952397534868077202956689052936374631788400119111514284138431110415862945389718160765951220401373502643701787495622640895588 -0.6815732172323542973233463413527491061153798714630067511555724572081869227377629073806105642353060121046827028767391270218387700009654160980658486433910926625442061038745736419512631099806854192786839840626054087929453800 -0.6625271781680402364918360074716143509665013749266215679444956277218394560935224931959712120281512037335080536588014323550300363880994357387985649005847978767753236130281670399840900039089047173387148279078281573082949094 -0.3313033883095689328038840528195179407047392450105321301988456849163708948355183626216674680803309369157436182951172170317609416069455163486696570866595870323614692249674662984197408393150684960605289302940266874401264020 -0.2585167181866793408242169266514336622322445136750671022612093737020366418971033371924462810611756741951862402538176057879260288170022068032712083591389669558363816553470899849706185779403681196011627724276919396690142464 -0.5601994275582873950481391471659815559439926836092766385233533556319526771539218258084957147919234914226635175965231475086985513829206347342339134894544794283496168454928693696990454390658534695050188379256451410426027964 -0.4231926255662847628510083664912354001857367381664235978352313803064618595810917821827829835313130149070236100088935828068516284262201883732855433421948491604700966321764636544011406154359891893262275235395121643985668609 -0.04814388536798745723951614079418917992182364653189755172709040141427504902588791819089903082280188768664272005773518446495179195680589107856579468309501549522021550972013507925345397843131166027310967000747712064204381860 0.05475555301339586040101385724406083828478794761910161062946708389906879949276136591297091368668403772770828722641052310075097825800420377955245915724622041682040410994752383790632505484035721070782463510050282605035382976 0.02581297407893146279568785043833387576472052953655039051916581014370426784549170986151349106892579539847001974822886555515257002268222445124035004156604706818029209838906174293611847826441156159696415368643944051501420262 -0.02006517252842962196626046227332936561730235816995372528083173157740523331444979138516928359668686751724032998756443868311961070179857087007659107514508515720526789156634557594754418205473112845096837337250298393270513448
G 15 -0.7907763081917169675597444985757132101587387053589744006242848499559766172186621987680072552183395619359280138846086869166016000044863087016044745913798826697615883737251932627213247910471508394075647336224922280295611205 -0.8667784224626616024255308597552542426062761725278987923957819332567755939898871616818076583372738476951768580192504641905092170122176818246323928169008792793050363217040429218974463741565834860650579557565618200989028056 0.03579232480164491404501055406850873035163148970633883948348412292851480018584300718094064488472192918166585837398119965025723217354725533322156504607766039916596630157977886069265047180087128398999134068488943140989625141 -0.5800673822395401410914091312732177715698312009155547049794957782842720947777669838545010983154400651793739823049620509052586281393523329041111210954726501755447833326636673985581492817706865944356018304059082140793169988 -0.3926378941142324625386858554095629743760882814698734216392516084939313444490257014198642803920828581422350124513188806373061522698270730333432193676850720124791971083400644998663851030614715309993404376047729563024376936 -0.4762602765186616012900878792540889341711725878259407006344990429107395219970031211828601992858789070836632133515569348553288419279665432625379013085706507509062680316266361236442429779137010177401351648388941204167040954 0.2422018899553015915969918994600245677840163360927134346887533511363304540620680921132953653323023816520296508989183321879374497499132715196793433940320826788521672950746425029209058901072113246530391699045796950964207126 -0.1255172000881018631615253270206267579323434709293272183685809984087788684181608940817742149601689532683866109559738711392792687823678452403534536650678207845566034279579624615391418947536742761950706390939759405130862596 0.03178719766888706630721430550302397327780585628406557621098973339949581486796911759364655919028454951239048600559238397840467753957770514987229623030833543606521243204349664833970380115236237932106936910226097763424453326 0.02334490818277590644467283396503243950098397049271362327290961677458187198554805519060542768046312295693534769267698592878328607889291178987969674887065765955772568863938279430786678563846932555746316522997359396214511348 0.006533209440540262232838904964647457381424369006708016718403968223850571248378482331764224868007901555081075605161689898119278439199992519839553060488745218688884632479578424664967821232246887509412565744973473002586648863
G 16 -1.090847909532909176382503926767999801494090704815944897997893408642194073289657849365301866479652994417017780950100829766692702927754391127913232254631421964672529194247950275978484680764938958295083410323851985882099670 -0.5027675974799591364211562227054364302876527067337827032665678555245018212161431989644916439750149970861759377520141289209589352116261452702970397509693370260152458411935190702286221400968817531208950968647526739199828779 -0.6197860344078636359244985959191572627365928830585191980419782340406833891797073495157203353280227149814094825332260821047779793801527635865700168992268504780871238424938146213628970244176470247268953254046475066426835711 -0.4391825402959799544488625900915656568388002995747780469150839229878256418382552185722568118858663542659226859267785469994023808998462782554460932811683026464850160223757653921379938505003858676281120504041185512834257247 -0.2346434645210856753232297013611946248508437488990203229712113587177123528967663541359778677758353397702644766606803495184594236495337318555828910871728408329127090453158448736906296215373255183929402590494031612397805109 -0.3398756464127262711862283700633690672791269172728939086650966575811530503099119942981035753415863310253080542684347677974408725325789679747908392315351941902640109171708931880571612759817909595475890481861294854294497588 -0.1233674638619978110365636515553425542322266014215163115180238829920074826840297512566453211343278460293185111626810522350895846628245070692869974858488911627771862810058977025633648175295733733084256046904686649751603977 0.1872957854439121100117779448731539254281612740144192499965994056781765264277474281731573674359753265510821187842963098265804258014138334174210304651961110997356287660267177525098455104615504912833249165985325711253385552 -0.06685825723715028500445812528449433715645774275912245211536903735859745752929489660950416010127757726465986655421556444628273437163531983029083922257635247367194667887841451632384819528200300488057517356195586491086473043 -0.2053827678356292005089364579110158983436543982974771028117231716953148176424013464781127640563472050822695556690793437963889648426432057013268360858151960307696330651973800178983488676382842743694148037391985612243313591 -0.06499089763596729466273986459215336582898393086896476511007800564224829633508254428183325106405922247442497441270257145084681325297138454596956848657242123426694860621001884080686468714068435497515387472688507222402287905
G 17 -0.9940283870400662448988949802989153018885619344708599466839214087709996280199993880418056384377995726299011277319728249481110731630507635307797107779726528631026967634253857369402248309143148736176140232271196658026628315 -0.7752068169526542089218990893572557123888866256483099657279518810017317980771033601424474886986436689542931463526968343349579249264122799074411625806743042958805383899264801228636377129325501782857550117983922403008310300 -0.3001720857764801722368842449098559016710451012877335085831771151725733784135470457165366197347524414685200289979729687835013982575168402703316839955686903818798788463963362412867043280822845780856798788062873005367355475 -0.4917222977312230495462269566679300543799941792243238622445970421482512026869496004385813133014821461426884042278308500964201594609630231273311208884088174922532337951615489392428567028043228220020155718686176511336229476 -0.2907192615561487517382685665347202164099335124014435038532938167754606329542301243595887519739243249230251891485152524568319470444881734931028528594582594382772275334995285694553357647973962347464534755993806543934575211 -0.3301716739944842650742810319184745055696819663954390987318966548405032853859854902498705027809534239143790426598524369355279206909105165798191075531804336618705102355948186555968487654642288353421160711518437353996658517 -0.1964485518134894157464920031878836187400958402860258698942329603367495992189366444885435396238276714999951088531741827520749410936430687589730965612830261510732734670168021847529908075254942521830415113400709135339805487 -0.2443422012595566148182786996556947022951667453209101887623870058256408409553195689395271359930748473895734204343790538061038271588632916157549142916842922072250015477124504641391105984042234771043805949307148440851686081 -0.1989979054078580976086583443296868207618745148103383319893193581464208708748285466218076546262062452784429170372809651050606548266785799180897788379459402361242468002863271265669767634585862897997266436995292775503802106 -0.2735102477670772957749850553286312561953797966391607042936039303558317875864507708270577230580171815624435652252409412835447392955380006424690940468765735905632596929859620559962569630859797286536954194864129154081577337 0.05531593129171083789366719616812490177111867033362232704742226878330319719935483452309650404130455216215579427880617794378021919520360329058946214457261000722984613668648989326881174433678192221173670949518831757734723202
G 18 -0.9674331183195671416780588022301676755074911741988628833735434128517242535243218339862348319095083654502533734331599643587690943562760442521431867844133232599219765153304111173250706790308386778139199060943470885877814637 -0.7890458394860209276304528981863315330963311077107489552126157915195751260502016184342541131821871281056434781308529146126266690635667163274918118210058325510442766883381954063580838516996213496221600842962505637853817586 -0.4819518990955342364237990171866241290539690929594892668291603386465675246104023864794630125101891885485178067467065077453631453063031362728944681482367218251879013066983231251705321790731329480121251380892966278063936320 -0.3929376620616977894443098884480064143463213906526025829597659605841230858840833544877216249302456920842648096252400833179298537833992169785881272660904532558062404731957027939596218272440711017186181004229001337304965677 -0.3558352146892389916392120941587205231508590566079344470124008854472165783250180416114535497738507976613335653878563799697349460632390158490332911098263141906315178856712242138177581512573049434867748737261999181144190390 -0.4612059465532457468283432795673618608206948081508142477429205660091938225939907172524120019666287798185257833147659981287899435891338118121086717409262568251988054601832615666519767307456820349575044416513658455433775799 -0.1491236750788026237242152900369742328448511730679288199118915890940585078476764220140409517336709958530968022529216063909042815056341756152129302069146510009794107032759877063967311658407519468782900626976430819739923101 -0.05112370940798289718304938880277427168335636434556574033538356358685800593036389193688509695361235232391640440890931456481777727429239092963759579210579764788753249965733388247823031555952194375305293402719721049807494720 -0.02829337748410733424991901715880790749399054616630379425198087863357092984918657724766142803289652568531574904458954480315628655750344901202621953229669726103953186230166353318820731660004898248565041364955914819383185453 -0.03214225777664717701223480464025724960479389429077345857912410389080532028929164843152456181123632319971244878868073292079106020810677832618860993055480139948641146962341255561570223244613409845742005075238762018000683959 0.006801257002840168074596225565007875764650842124689389386112170446555691273952913277177264312146540770545047080573446083124958366060258015044948720622961052136081173032697220928636311698121305973634868692339307663230890207
G 19 0.4173294357984189522326807253550089242759516255316931996114187856466212738606832729980492695011132198878341639479731240332211269794218356381216261017038082765108386866457679682379214287224315562798398198721438055581820330 -0.6545528375899420571625493098279898761614146615258939606637823561320250593590379209952293100360458631247540688178066145854290599914753711072817420644255910830212143169177475146809907581624515451844869762534004439088850115 0.2689721663901979978705985967285947267040009908753406736004653635706177039961154666951206543219018062401456744807527846514413012262825838703873656992808177129580219168274088404213532311174042476232599979953557592982283743 -0.6983789017943542298711864334414150443976230878800851252945791853999923443646592692194571529901814530486704119430460286600059819770050932866089441046441208316543686180686879581707624068719753320310732547393671893371983519 0.3190071574346444494080144288290057135447176017843678862656168132004113289215752186145263312040258315677210738240192622171753338652393229353833632599980194624260107868577125077923654784822517087120225357706773298886749901 0.06686824518593101865135622559122895957390063994796365531218050070034736896699701441036478264242560550711872949085025120887094196281766614578396501904707755976821277307324323713424705625189658638136450854827318274723428069 -0.07916881682674353811300100643158418122274598495434543953339801364021968863043503692460623357267665051900195534999562284881412480856154423218799252579006478719165466209615382595383824495066413790567268164435860286452484687 0.01185218028947828272873447607987516434156047511743670724306947906293391343080046268602896584836452785834155992856715801582612977083218065694741222458056297459552895295908067502237437240363753040600847778990277571201200298 0.2085127033115825138382103665919870669461229053062663184808519008727891936904764324773453801703773542428925265551076992488221597650849428896179143036610092883485409436666484505747555967900046720933303250231879710170659803 -0.09972424768786319582764927209176481546689846513935537831963412349163952978408497229445188516771866588560209752976498646981464270270094003236222607381566045676142295059913415117878592877319547309090583759773274538879093280 -0.004509811372743817830090225354044520816865913241651382260377126099710672685848636972935806162810106705786111764030753650859587971715281465062817082315376983776434172134988494179965163642158113873889362476557942510877950181
G 20 0.4911860722297452221444064201501932927067344239293430233352672393813558116736148759388254721844637750386624249361571491956144535803485004427386361383020363914102193123094595175720109085812719910915178079076538600593351861 0.8817650937983571273328262859977099749931493393679230424217637806701933198897703928243254084411200390580144216363224761441942880855016593820235291808487130763346639622658303801736499629680104218147749587278807770192546403 0.4851726241376666965926012446082193355122419475998331826798330317706858697843442173911301297203323921133470652265732865199786245336101051551387448470275796567330909260078775560828359241389982542361703762901454257553221160 0.8008527258493724942564958018008159566839662051318142565990821414193805994929958775177296279428486586756529720473467687217692345590388082202294440085899540071178460056948927968908974376089630993351447227514011813365721048 -0.08470824586918706112413350252685592970838737305569155274879234690848719397975752783101298567989983713419687187075287924038564439423873828498856160495338260821650926360701859749414588185683212864918964664360696451198946488 0.6464827780333551647526001695519758758446060238204444466266949221038318065956061807063821719447933868041621792484460267481478117048495816526248331093441057983546164699160794635748475598378296879082982714195391981674996059 -0.1074958712668412230424383920180301407980275981469258652198216337893395194967526402724946970058158234081007300882048691580331891239591177307786056706963506007343447929878963262083510485173274367887288541067993188940442614 -0.1563801136371571926631462577335333825766290381219494856277838992007795213729643897997191260458690089169664612344513742635624128097185954408399118187616140726660065623656511785473303429265195074449047564016526211999812895 -0.2309425049372443268097105221268973272246628936133943216406226282831552680509615690828635089365403153700002996391611247106090996080230090774507231207288046981034336796495978818304288717107361358293440524519577095489242208 0.3659549885339194407585716629001411572335975394114587823813248381463771108920252942740036306917463293728584485044039882719033550238337814189408031139102648232883388065495823818566247125051016940411436785790642455565643033 -0.1713184258464201494533564830187571262854922932171684119950345743044753275631692554612445865110645070139133436003036408715217250982132792634049906282766008066289203437367671236266043931627610435267608241326793449468427138
G 21 0.02468638345452293443381984134044699944137768761782611774087955269960756085598194136618274336277273230065634874700426146788655645839785647470231430375830031789632988775900609464473697705905088268482441603945068110152099308 -0.6260800736053811853140130324793625740015682527285880012923289614270152989632549004433579570765255653925831119859475510981400569117368233848653442141678232912314895501378934074038897467418503382287185640029866184748466934 -0.1206833737665344925927152247179476565399743673591188810452984981341846204733470187185051613378521798029000882925269840736762277776486801381989245547828653182926015249492416933382731813325620689386530506904111397441104247 -0.6385635285395999820088677897601418715507001123937825079633222201378427597392008424629011059311550399032905821735174988338445538496420661578290553476981802245580804695761491640509515949871268498917402482983639573739701698 0.3411585969087165638765391327724319226018275454413880206741671043128583362341924711514990960085839784222346242119430222579011818437463452637459091871618912705854470816840859751095054337502560307135240280772151763990067098 -0.1877886688877944036192698317721646035373603439175465787884765172389311647046893708609054987471506534016730749093562211748147878285875082294483489837234577414361717211861990364980449127791757590801648405426898665773800722 0.005192062619371921226021780405160687192846777470353017285677323376204531602035518971924115325900230554953509573429705382770319501440262650406157659989576279171757138719693376727672656458456756599019709135462894817168626118 -0.1459257171699731466319053994232702427550736178132919416621254700831582948311134174640364181976992312109689982948171753815185389195111308405753346827847614956431454604895667323162446170059335622511833672242159231840905998 0.1361592565152939345420278589288223721744265124995167155636692212081923085915848269762635006111446310267957916430367936424929060443642910243969546489330053775467272486418858207522544975044120597886418484929915550368798319 -0.05098069492544575556315858226923049448214792860144231068173910024797515076321784064711908815948335840462298302599934133771152162610478346464899063734700704820111137521428602823720896795103142969931872848853148197947316880 0.04311487475459342264093967805431817842665150238516492016460852067565569435897745101627502146319956985230302406008470045312599258038695146373487577387841328330288555631633327733975393603463793383494182236292213340400405976
G 22 0.2424877362808945802002439293426943802656904891403508563592194467552502021686416040760455064292990996150940333233222939347752145276178416545128053478731503242246338147609084569375895821470921410761618065919300150479617063 -0.4495601935783074519939493557291924589091019692942323830163316320330652733560831497903876778505522415821167044867996777316883070038063884080457525709543938290535447385148874400649950101738815931241594923035909977880308456 0.08074350353180298904030080489857087446040693852077886410386888020296515886650894978177500061090205793170951057625112650511371676638673827429122694124110172379392880787733082479316412432412903557406217673991915966844844673 -0.2822162002479350549791679660164676341647708324971157324051439832295819143741595381033873716875412988408291404307036104476511503324542131911969061483919664867197527859473804930083018105970828042678462321015940593517764046 0.2284691412517831649428023545557820580301108430941248281067075576864413545421999709038906385907251394643532289636682728790289434244734820075394704197471443927963634771596186566123440465391198187725313884265149142647637744 -0.1161947726293699355593896276735840900215022867880132116640637737099267195321275106344704911448969853471269309382424040979587446600622845213987936931991330167393889535157520947105976587474282843362151126294294427065952316 -0.04691861362705710524714587682150282061627171023173367581712917227997857828094391693369068952245982452542112177125303981512546747344491863829258042292455223310054201604866619137731383267209350643104102323746350758144171401 0.09403988812881868621424559348420730186145031564785533747145846636567116159792013271647854634802206746071033698710604137521186598368836536665490240845764922533763435265077704444078554194344854384318995289382036076184346530 0.05425583125696802031205746720765759663338268185829815595546202810103386513011266373097022264801866423786568419435658419607721005065011747389055684720180891307735320772336322371534176251462391809527105357566593760593424349 0.03659614725468053905679588217297910110995088684504652352130682036703756441331572907363566575209531751277292131873607432931188678697541417905174110339091209370381948758793223233813442694691649278646741607278116007263111133 -0.004510144996784679514403732369312583556573421641980894655849727552025834905995694549848747304744390629043923133474506543180973929451480292126572324000675918869956792679428181565424897893470534749016648733069025515490066734
G 23 -1.037507479077329682956103271735355851663392904219599147256872959861573120098941838121387595898468984689932033981548260307789108128852834620398561404293959096802010509561804497487152142893987925122237353619573078001790109 0.02329199314377422221200235699086819415903455668517827650580254442368318287599445040763120658855815426994765114838398803835497760793462759143070698148620705516610890502151814798484311738574259671962402934532864913827539148 -0.5525747203456559314884146392675450215830939224495177210771342398270323570445211345691031700531169965188816949934109307530773386132720672342159089964351264628586689527696333818834530437509806379506714548197628623660357725 -0.6271514066512992585601613512692732362052221643873282578107583198292988122563933935373178783713989966779850623763141906409401104597945248730332282824059976534945650934758635669170458788908617029500335785341359971777679597 -0.02730443389119283021569532631604855267300900802191338091177971232965228658673336873055401667861025806976372304906820096592475410388097703331557630923140763503443870003522112320033515014747987688462719810663072838402000827 -0.04744832398378024012660508318807484757257933818531842448414984113793521525027191303388029589191957017636527642916944152906350881687887274937867071758060730345011330189722083693962497740560004250962125926244974229137405714 -0.09968666781987675491126948837176209389232013880447946527352273787887089895260840160775602092768385584850746608696972506387700363228165719420008451584178288880292069825840973805974935275331604882044822856094177647897323832 0.1606291766257678951276430496930622211556013501621839478498120229806060736125804838716502679361803639787808948462121946760324640656267224921637415956529585667588834461266677222341958712467133719614197497980445362047108102 -0.1306418211055953474226974290311312205357948290736949676045570448302075350752661278403095814969329214941022290809190930896130449001503323934924760843272144920094029651407238583372029333129791799171373208726504382229093045 -0.007646882464420879073764774587434916000645497313180363587335233997637474273901773497214767856549548450653077676226788525144304369596202940547063435388693926138438442142020413499599314743351139461719039884953355154837967483 0.0009224962856248173580904729774608134151674751903232829147221066788441895945043417361116430470042093300752848402118842205706971206952081517078027110701851352205869571663598791553763913551318420583824814771393627741014343797
G 24 0.1139936058142105455032562305466325992059805873583881013590416349327599570860173286217084721704823637469503132564281669643702050283049731602842347252991880265635097663259551054883517766625485126661054410264371444816636197 -0.3700116299335176054246320041454114710943167157328484483820137943328797414207555110463594500050317307537741846335651126949318541908727300525369260958808813999708775837158129879190235786493709240290648637913639783701100688 0.1287903204808729222710092734359102033813829135831755361054361976258315972830265839562819312647766054665076986092253280512647758303935418276434095360172727048203995087725289121740970289686535334105986173948685137126229640 0.05680447767429771434474686091976637022862230519363650711622069331952778944119519537901904268396660466681264936944460921022041300503794772508172820596825798228460389627548856922040599744878364034979371798777392194534272550 0.1361570067570593112446486162289401716767378685263598896945084321402940149115254004434681464856206468053109018554329126387168268270851035853384150343804599240258503144054154703747144451963546755865874032451569927811972364 -0.1111388155448455304667623669883247112302885038678226910453475671454851591100562622869178827154731378577727361454750841734753772152703658590311435261408414751056976681643519274283492781717000631229827751789964678963442341 -0.004622252626094213556572682050199197921078823030665422122712717355189075991978102808289148082618385039511462921829893608791067943531712255301742558577242119383818292212349538434397157214408549587507043008588044140399197626 0.04722093587110588243100332614311089128310430294388291686066415938069290068917125869874721809631129466413417037254463232394891737457118461702188328361864328799665207402993605059343454213063009010532541421718099217148716900 0.03836210116953258091727732517660211892848627284471500467336279833902122891345601302529125471331581289722427589284000002375232216892087032973788972178477584413363019348843389042903249939867823313408459912995613567397427114 0.002578421069729751422443450481804407700337787701587742378387501581564127724723974793696284654204855517558255911530621354582471099878496008576381393074342793099310052963733260510634569444149254401354373860404243680961949350 -0.01373111756063128725129122846758477985020795496546725587075222956755902284660368671363945508194137013083903662858699983521740524225941162114004750649179391317145510070183343408759925255602551932538058849333076684287118845
G 25 0.4419267205684638413066420271687797284321339836724731278887629040124522789528373848278396136335022320039646617440401158167057401455498924348822924225775591391727478212762538281140775824063726089488858629082936162811715537 0.4989050379972566507487173449575470915035913811040990516761821565233332443172621269430938876851178515938599423345210513809864392014457155435145530536185523889709724456372313272571189195730683123613862402915054147550336525 0.1714349226783668820875205592507772129056884787136681437527347934779184452979561528913173068828893858299652380650538110372805064341205308101128681423072737283299741974543255837382237133594317323996679250664461489343746895 0.2969588847500801719727287361164091304954218442868407492576749208641027557153436821853172132673244038450469589441013217739570231012802605332825317390808368581120554329983960968845284981789097208710282561834677313050237590 -0.08580165117881055354270580813014915570535969443409660971133718025195882748754744054002525747488111300264738133189529647726412832883079007241113727468897742367948114659584234480109803561537706768394069422807661681537114691 -0.1274476215109825365370259759006213099151806257624078638814325363986166895406764388195296273062979013586417373235505622694678107581230176219375167509637223441227869693199514883934865469187765907672527757265616635280526549 0.1655066156695913605211583905803112340049346890689915656229426655836932225179638449104734379235801319590840741209564081633818859080179749493181736224666548664289334168211665262220134131272438417676172149728416402985186250 -0.01071678859281473481521594007487213412312003188256123191342253827061633202057474152705051473428040584890195051804334262544568042144546261639182334697105798537275138727892269857966710721927506292847917685981484877428476504 0.03866191747290913203390294211033355266612913716532192416659326599919554225652580638116399724643974035010463593688817170564789059213282766822531850112790787858440305159500669105688292478837999979305068513988520208047260991 -0.08553679778895170490382889810477468854869918870402361368127731723053552900098852173114836102433101243909521561728520102234321450997477869195731313233742521695262730495071718108031961899715210369649940499160211288587865652 -0.06309620002042281318197322627233600491788703521790626766192324845916637035095416924004760457797970922718384115855607275842540271466798183075555925173271682572210670097499846726981177235972780981559174874838018930937042577
G 26 0.5343568572071603355548132556594587034173004238486614316620964540748871321004619796196914448717495768596086885988693184146272944200233076143518798108014416454416687753786625417845653143286216811754236334585589047333202511 -0.3479454989664250024788950721234672011459284097474795976354707015913209026149161495663270619231856775549847871810653778730435367460176877787761133347718675482685511005860713918250005804292289139442856162629619904572281764 -0.5215492355923158065816902990131495570223572824195255014668034871247711222739219230155585374619886553786824533671924286026410868230830882787304837392294565905760542793220325815008649018092642411698043443244970618966010179 -0.6705217289808914819533028760690063904669873135094351910766968325379486185346215695959604270784997751473862531036780970627253701390100723646804687975162391155871394680151889124305353483855312864873968769004640663260164520 0.4892510814613285457018401157077645626215777868833805645445131792125382129283170905639892029600679255611726211184648053507278923477196622319981338804896096620467054761404658625425887167179056057339664219371332137904128762 -0.1139092634515502980699494820617222509753160035790266139506593542078186273230353809994883726161737288356755590094549970818759977675472310656210950293908120825910063299697834333413775206827644892117120392059939311535933216 0.3576820082281965454788223857856618116263431534000132581306211987096929772617329619873989623899623634877137235827759193247076594230597297984067011374094226114518317433808369207377873089188116815890907964325907965852978214 -0.1814214348563611425370756938016293008502813648105692885757132887120254435587479171896491782096435547988237304473079265267012367635072482002353034398021326696318922561606504234026407073943575271562494316649508786265660075 0.08388182431043810934664177204420652376343677261984940819515394363220364339414561514238201779679424635530731262918938127040811894655407758615051922955214433554984705060273133845038567649008970445859829031014582362844822910 0.08629209219596311370577748936022600189764417682432510300923931199582925779810064860315085397143451956709813933811660044162036078085819219734529480471465094895317918866098096188934193820647507625861571396153116535975171380 -0.08911900770434010095545759322498228123017714523537944594986234186878636864409166662695515250875482709027036524628461986234242639489423578411119373774600578718263615546983316052246200703619715112085935093481743724974344349
G 27 0.2433101859544698605677833962805788252005665064558684032133642802811013917868718210572057434114233367680202017752653036442690213558748283144377611376682336434697166592820253501782257231327045161187785064427676662345083483 0.03262831867604633862074629650627468562499066676408816865432274841634229767776654592894297708564522379121438956039412603522189328956621307329935600563729795195293350389598225776004155738689310739074739110676403206593155474 -0.01901663001387623446648076927932107303704166472439688980064385789919229943762136541410192072832011764278317420139630372896924015520305946986336106399265824895609292679564309629606842845680487867867240618196302780365611300 0.2795536896124800847922733737601531385284107381674342293519720960531859616709380308881370374112027570918409561193246322418758915355402281898054435765759712272566505170366565931265252534311626635094856898466058532847967892 0.3145851730954618843337368576999544672886042446120903739093101667237966307646516134656278656284220046410925347347805463813392320130315184646906688020454892051733429329776169136805171115934251512657859143909123290075764877 -0.2679816180317013635746387108618534508675665876084778737195458763186744596747914724895588205916113194248834434489063186158731288857395562402972578499353950944414857464174303525594150889446941629595277376299174370730225407 0.2839233451634076019436818393672985870250421452628334574844508271931259362366570779374376636963326180575026423328781931393564774374168836685397944297535356862285428559182638788279868725527188269621004597257929902606029104 0.1093881623038090462615648311374668846306643189946027828338482435096240109911209075458656059548129281025196967873070537105732867788345592463624139301929821315471916529912675788803383208958190721864369672560674037287170940 0.04623776434871969490958457312227583277850570707069234814069608266255957263653324456044147184635935986722578374275508377499602060704120693999384154987463251337615002436060336242683719854791514704469453761215217009043048066 -0.02055480441498732750224073804587598997566652300078015514052991739518554180773500645143450219414683848549498197748501576093262453535007611405722537461356610895935439146005073081752451517468348052140088260721271137550611837 0.02309086006058036047053171793350282809728153645866551799661612248743686248154130422551074978614784119348662735721203390863434652449448084935912940644782013566938815596538153003701217931687373829028270572996093926979552700
G 28 0.04525951221859149138835602999439931576255202871458854502317322524757439785429939535896360140594250287287429854439345746907428907519412541228348686998488575789892741349160329509925621861355756447996919810412019676768573452 -0.2726839922482445557592273726676649482943866814637757562063378604504054228525132371598321521258020305986160306155780935766805612193615089275454508870514385875100169939092134322215800797683682358174946505415727060941769713 -0.07890169123824626227231771268392217392824385773438868143823677661829094274256793278372390636088297842141036319021503610512278278155461172653053200779880736245385927289721565928221389665717120913274475506976396838499749406 -0.3109758679549953673492105526200738239488617904576678245311780199721060080723118194657217255524437211381251563790635921358782674925913280697693790654004431782172594749266749748620280486927945219610373110876057814224274658 0.2646463661058873878902118364371039768180805905139122760472953492332671800806520350934769318569670548127008292151674932064994518448702698006939633377133177124316806625166288789307771574414774716231578908969631481637143433 0.1255424489154047363423919052880523562334216595229067665563605626751179221440846398851807097006014735191876161335249687216210721449794998641467255104140227368290379033197456074474728161922970535641392103492422884409775647 0.1073615847699453222511675788128613416048382265642193854859680567617967022965267314594228716611213732125344806237862873513548471550997869481390819027206143568924995287520006086763105690934761203890558442368186736003399125 -0.08294009849707656633768404854227263775109934986929158497881002256491949569906975445916480210239398925945016213600818615709770309062196040226265454692451326504801500472111456571998075735351389735069296421495398635542131995 0.004678727868769831408372302808590381383637032781885896262051367979976316172212210826404598644112837286524585467792150721310927728507898759026047174673415156586732986321321517891950123437075122844698130389777780889588565036 -0.02201641635024818684906787205638054087752482430553344589166127865865608798615396670136447614113607753794016382639353790565484033358042071927070613949846086887280321410583399231570144489218812872760018199581312672198059173 0.004851974112196668188616211974049234773524394094973093236967011669023199343948500803580477196385741990032520007920985540894888752513265900932561804747802220295800492389382133016372619505404500750946774127923880383246727924
G 29 -0.08702295620089191086916599572188726754473912628403884936335514469661633597199616977772912083301414856339284951846883461772846684711332825034388745019161017400334033452082705587377459713340162525493954234332734284128825023 -0.02664775305423926048380355290509705047458777142728490128883218290857711284500926328097223284588146182501119894592006051567887143942397927579304267665464896661697536768436249285903431054667814551753827385779270355547976928 -0.1017149452595509256592881713045595453747687797706248298970616831381413170347566035847187285526873446486437732475166487754681540854884985707602318480453899043508725929479878304200435875155940853787621155013845741516154900 0.2845154558509466822437162716956361570145794529015351650185658258461630391940395796893230993086613668294723846265280335991775559273677041397404890005938805782310876288010629026247471866927146025921670743908628217789306439 0.3043412123040668195588787797791078856004021633385563374181633596552883550188049037651121069634213569196194989713330487187285213814445483488978313089592124011709245552120409187210113436246142639286046676830684889681275902 -0.1661529489338533166684929851381489476351389136214804026030226827267822397833695387359729021946860469187163307991941152222909217397387080222051582606804213987317119502613633354107991327989083181048249024376042879210601402 0.1343047376603838144646698399522220737085313889597796626417244539268596064325373122761994030214668672824708694504150958671375968411205127535663743582616812343908066461619088821498785140086557076973533716160904654613253033 -0.02946753229656253102749215350499672921710388378127596550149635545606966824214386447605774442661113077876468603678881343668167790674024967018467462713379943105595443152709535491015595205865905192379944877605983107519995550 -0.03343465811809509880385411385559664784513090121968777833266866875598936050761097750390938073145952112295697957811321747371860294992270884864068395052052072895916773085825426268555132550723486489651256568454929495748309877 -0.08732490568487980624897337039463539344526478782533891302931928858410315087342535168789651257952270590774830975860043193579476446653471320511421942150223814771098123553190889502523205225883652206875267774259844887880001385 0.02745302759018711916389885499822306968635302178696211389581953752918449040666403110855599500825351927423414075554138002358883688997035341645396449614244424063210907934198088566729783197539615959636912759392602964040858357
G 30 -0.3187653097411676743503166602465310426936825577739133866204433372416484831128762097346266112174822489695031010844180237953424481859289577616511170622533440835635130929381894358720415963595088604781107091433922987148217085 -0.3132611244692214046946833910465771516970931473242815377284345817719140498748314404790049158944385368812429678868230610280850096900534572849879634710363324510339398535761602377501697486469880594757668701549685854720470145 0.1440056620830799897259864073292649977062119747845295156535425548469843318895292123239249618806528377804594598361446733853781295749659963973775298257112697819501111097495644275816010396684592567888470044134387673447386660 0.1508755628089404238699240635295593272787626955731299779419986163081876412895826105804436629340286602146117558786460494109091855424175625372092342226951055888598432685545812280168778923648344196112607695179645937299521896 0.09912854406172462661245962184055314806361281420282987239052620555694313472966409110797313549960972315799624257896096422846661444395656154841037888983320042406895821852480335844065192242230170539995181938037912960814653803 -0.07259084073780428826288198108752896523909867407535626994276122397473127817651944006186169970313083650854279667262471619362196163405356115676512196301905412196470785107295877251937910983388432576918181600503931520451489639 0.07035751150774722792733798443035587116973966649789949334250968470179269167075813657179364648796368334258110552408319681346189694955843505668591481924921220757587809509262455504564045105112937516513746071145345431996269261 -0.04124001874159972179059086436419824483118953861723594910903087065222681526621009390276891832549093335780583247323924090196374201701344633839486497937979857951489033006908764045433702343576916400379435682152396810687206614 -0.02875413075678268112441944712745982638164042484430680543096763298471113507967589911204095167456465041465488969718015085925202971375078315553084197277454142893283599122167261521647720790875507875643940593987454001034483900 -0.02545983119512555359195503893168986318796463602984952395839808279301273011071023940017532470836973766521746465813310983099111430522651785679012315462712840680415080618371214679967677468058326928482889377794700773005967340 0.006799070277747245848748495863487958384383700517354455301725732100260090776569066512254814649116213606014541966520539423011861619820299488173460264001786384779943697498976415220258228696275420989237983871851956983186193543
G 31 -1.065009488862507517836528278728556236522701685913083090402197216695003744861687956804807809853735134020153736653921122818384442402991954149857429873709131601178258106209041510511692023647518868837811975946707736207177807 0.5196365590050708482383523015763856393277269650964518190120087350135655834147027995390092896019798394152196805371483606262241473851755794899136355738556266776314357056306209073595784361144379964736686688914607964992939750 -0.5685576598674112597021266651134713838445288251173434802608555307943560414542218192807427145897248676157656458187169496424615018255474953011627901436202998232898428034342845297264553359978451917206501466677035748709022264 0.3372347125021024296569409477718816548449146672612812174986165807272894115138631263782606525145837535243031137175512768699535816217743239944660520852947694401579459829723323441166824099801623201943218085223873296682507443 0.2463524298728601344943954285857123512084696531653334459435607065318541024354594273620289907778553261942521981977500048992343939142126999885977246503182160938338694370820080171425818135392452444991438866679314575212028502 -0.05658264267222214978964213813696370287801073635909241210847777036845226283096984170191491089499523809723862017754003934811878527443059533771767062708739693720246719501260843445329116047114212773178631018195576905685632367 -0.1416495100595643253732747581919011773301616729206675313826121829967222565174065034830417952119766623944825255523977144211831610078539113195418865930546081172319224881720183182707946343834258929138599216284534221509631014 -0.05905537323040389798730071116760524694031007830384733355409459295183970895737955505217815398857353717251951610974056275941225330985747651189057810049239409648194271226363766111843207489311111516885050021654711413549481320 0.09589653848455914313194214132802540222345772489716502234044568009642632999651368757347087965682809319830375756434131580137233004454616076752591460018140203914733768392857958326504567684676297250747631664149283118875854485 -0.04516230216226839722836933676359111089367361832734554715311886914200649438361485801101231313599441131158425367016829635103963396845262152246132451681384656996368967156861299586137198354597074259937229037964334512353223199 0.03609349272588877279154905289505201485533900984031313782793249731638431769213656879869083610611143899054132470261112898656392181320068787777584983848183046603409278604615505974052125218773602276755372819834632869831145399
G 32 0.8585177780531755680895196946434411896933255148775645657119439673340543021544309777319039505510647505449923215284767490016515003958758602887782027723026991663377960673756225154611907943814068803968336379586464510160628187 0.8797515233554211589124580699012339028173876141068253543024580709671128600359085849964487210511964755927734857914612924411590707304988825782520919165447340542878246590886749937077845790751897409745261214256208428693567509 -0.3058114834954261649554177488799715118650430235968432876997573951260396899937608381563646393808678299488415051467964455462707328874671314138529280876764963702625075512444392807966255940814774588915786718829380025215474143 -0.2755931285796149950586809477116719608045500268029764758015414311105878417828043888335832335377786905399573872170775829364923145191271162600332000083034923989565507615739010498959785792821169926698540767956193628225620502 -0.1557556640435197161423591676515842946548825148756470645847872491877661623065945193408992506781316119314102268351145239063305402288273874654384323057382468328652596068653640347221933170495976063871642129538828617504045745 -0.005434112501388848205611708511169466987816305113292511498806980748590828216729244380379661564456555964358198284790158350956013250277347563011558971990346846032504163573136431562150840448734451368095006515382423994932484842 0.06707296093169126403463137101451401356187536425734508131637041921942364320129510378797950537448998164032322216164594826309013824627423461382075546233684667345897294244018964086709462085111580790468804199402823765935320863 -0.05109658148344609965145514169513526314706100411536952102248154137785567880658994502760785319533200146888024696651133277788206260588104668465977454886997373750061078051791047323599497470721555679616561953917378556906104302 0.02588523123801534753507255899232579589827137961265381383310965618096953634738764265182476985467147664102292258294509243818658568827108671117956689368426645004960227575547117693932378893746627739891285873477234061541828213 -0.01874744990092917552792996803043881868339953442553037680270602252862397316938604751315050007432731540771191185248907342706148881050000565597558901368930703798152716650278916082567700787555591042509381112547342796023688224 0.009803240955909575068696120354004478446087732498112865940706690097135811955752956680443354014966700337753879174444394637779798367347221022116074330504348734876277651389882507780323319452105416966027146208550766331528930555
G 33 0.8868317857141298364912149677065352388085225673434089129408710104962660591472914861014334434930176313155543658872885325956529839211818983628854665588184150317338348383199769584670810967528640305923278055235986358731773116 -0.3575526192875239000297283234906161851619336306250892450544920783210622589618634815269015888909374878550491853975285432800036866877713176111131961383159163236552185592419484006397071368403209902848282404210402271755139296 -0.1177162092989262888727719793988230883856142594300853860447247166198138160160955962331941673858133391607741979175393525397916829545757141776772252841440845859457942143622077467627007483639714043951688427669837757928389997 0.08290516512789389773417060983609029335962292545895079088496406680834770875512154311515044637700198187149614324871273145414930140095514117112130397242822261023056708095095318669133012784764396022278762984522953658103522788 0.06895572324683888844164652751483861382701789365083226240314708213503009848383031405123531902108717478660099591097607474944197524490231445956517221374639932387416417237313833898737053762943173988422882606122855775632692323 0.007050222999468772469137391157838021224587384063091241770227555193015974199192655361140919426756560942365059626724154201510623844723314047122205289977630068859915178183190840374208626952208360175382159665223609127635465819 0.01376785247279486025968933443179215228699228525554484933969868728260801439000828663656096772080821428368871908394818733799161274462400778202733400064957268154449716249759543943214588580123912723163454218771824719223442852 -0.02138636690052282424042295396365878829732340556143486818159982930521819492226062749298558603788654374090248280381554968016100692930946023543693911277107957109363103618735548068349648681539250605683302458359803471622002284 -0.003065458024543728520180105851264163101709171603197844949962572065307790559836707133554894195101333160909503229124965919880275809403131241405810912164048964735312994946498911706036440780785753652020582506570895527466887001 -0.001542405804757290912390439368610874364922241193463105832656111702114556620349488329991455821587264410383131208045509360770430770696429966015045819081573428407790857139785384107945296567729424875156906174728036635127302105 -0.0005657346420568850573871804300961163316609848596218731373331622159850770516730089366029649018112403627509254284045446883801197888365629521523658420646712480191058313359005206209682068581377018004406115839391635910902687133
G 34 0.1320932471679438621644289229495432788370842377183702469754245621421577081736282697297848066519417418454366101968819160151799901460047444405171655942165837462853959084151187819184256697899504924870762168146527551473741018 -0.2608744573906762928124278951258246106719740596714303568721811083395303008666057756315737838425530584931027577656468084909519592671844988505529013824561244650541720315465658820655345080978523744170888606877508733007069711 -0.2263885467858303532476177782639278628847322330555210943449694811512695867521376402373766035374032005413540949720771139376788783019976888723466000343075830183073241702275335235331573584147319926500582623822732384560337328 -0.2775682833920133141145362866265842506088577299295691285455651253789848941159431080729933552406740068878719800190771363505812887145748401126647389743474322912206291108491655679016188744754587485550622281517578050289365975 0.2315494583611459933811251018420683359701624540881872976773695481447841457838096837069275737210867977864367819072059487097255680816926593991619727287605242582622094801659657860933009116074208547317599490220377827086566551 -0.1288001738896895520133854771641515199288947996910557267896235069349218051757868031818838200884699700933790274832904464021315775803652700095277220443824260381094119133257463390949733930258311251331561301411101413084017240 0.1604114483763791735098288768915952107381808254938994137237646931781915189364538855452730681832111039458557694041722719510440612047066983947913908544172697638642975860229447080418879860550110587505091442270807052949568385 -0.1259063821788321033097278539208322491345483052173216276773456014369749766801280525631711424177530828777961619679284066893870974809870072868267068857466417847996591839183643671135352347449097764572060908862699200350600333 0.1179601196914143599089719761810909934688770701571068992534907367342148093956553475743146981703163072446303366283094493596806914858163859831911782702114595097720464115565648846219079942347442732345287082747748811364671487 0.07702321545271172260759384587190379505567887440850003258474572916929569246776937426878762308106859499894196893199334358526674566509842173617308894986466361021539427112595105865589024666113161889537422186093129574176092597 0.0005997976010874522145556675158816675413351910328219679438440971909538278915498690867667339126478542254421184302603182092187046552069813177197256759634662798825482589485238753520474332838517756574708300735854364278169080955
G 35 -0.05437925146785499094672811419629801066018539354114428227534777703029488747685912174350317887479283617619017467744395547252583776192142036366546789277488849470195911961047736629126001560371851213237002338204490192485472436 -0.3556690077324549878652052661753311925162018397254080483589885248761012048656325943566485965463664720581939288530056306295460017161265417040020072285414656231462211771206132448004135135759252310596746354595436250728278679 0.4753299602655623284821953117900392862888147636347894172281201624323966419577501305206155720277344504241911377804202682569077893172023917634274678671205999592798759087945595462783200051832065660490712609822634039542543853 -0.3641746499658969170225264300272811399691132037544700239138386794801853445659948129518149702853583877227275464531583922274156748172457973613704749537479382751869536077365324748130411527223508600391468715691723959475563321 -0.1784873084036760621237827079486578515472304169559790763438701863906476127971476967984397544385226118076905604887378427675958872881942598727959816496018004490253701127157016280776525767560030223638020130582661512466790115 0.1195532604884634521570058652079777453255982807783430379746999500759647171994778970736897672031783765288513426204884333476734715875450996039102357653724416666394417625331273698344549695363400652881169439957622156053911475 0.03022300175332569110003600015103238946329802477816480303389883065736516010079086969583646231282933830375819660742669452430094652422187507661190210429005453214878283789946276846661461421499095178928268050733043390083023575 0.007940549920818147047973794950405562520285842998450264159040088089362490923986878554023277221613474258411597898252727623163404635070063456676095332183215729349730844089840698680118742580215971267996858435170186470629955014 0.07188417797886919491471924701123347386025169468205217776964294165723454189987992102229827025603427037388986504386925489032971867909301753791900287930232428839211422301704462101011483667678090065536766108901880358827854423 -0.0001800605298196033955543277899755457218758874487017825973515298619853820212103543308541877702313769838388714699527948503091228483108215158659588824411656064165182823427051756702800425126445905942137787809533133336393233899 0.03618153804300343529084386593230559550381046662857762533197514617602590892153369538841280203439984615997194348050163675619787988582234246838791631206821124490940433308504034101932243806144534387975469043423914322974973340
G 36 0.6893000827659500749481175481736478582812584897564605496238059218026685684426936019958866089801938445323731512338292820950354693778778895392141142878189313382822103178298612460948750559160851228498604800652748278689015358 0.4908721507341015015560548337420686682771474066050128482167638563483033994713087048504707039943303394178788436455485478838586923931986998283170834030156819110440189106396697321145258295199929972337627287298850324197136585 0.2320320066032926943475054187936518806497915284548737676688934281083338305685066884471702856000377877322075321042564021965621769867822374891683012008408375099528846026205767889489458186921439157092356858441423735397390025 0.09159658869218584457662214580517095612252499338365573243158526241790950980662704067324112921013867981348618801577517423644146041085009320881109821684375473429909638598505288154684883610380309711089964770572381660263173737 -0.03516918477704541152387939877970368814802150616489601442266610209936766851449431743875139115267782726108571777992388052846550279023993666129718446998874110724933171145301086654783039142259731695260617705619252580908621618 -0.06426212088622420963549454674385570934035617134000196822059449346699669074410878718666507057669895410765058338224054580306598158407467170707860351983953621784462015251448735019386316034520053141264818723536709713170746095 -0.1769745659471761145915841882325354516126197029491936283895591427295957804166230250758824199505580512844411736086466198724968264299367097496346655195248382543301094781090614197648234651313759441435053367931122297890973828 -0.009148536977400258882750754902207375240336358385262705694262429133125746400998737363315882156630653278315162802518604610421987546803624826214753996138551206479417265656463258143970887395474344483897731162840773362548339310 0.06881094223481955629602760498800082739241149557983434838344690900763622862791609025204622935623666635929587266123720672407083568734146420273432603418570997174732711230560591939842640012749153453522658495855439980344867646 -0.03166025417437283314888343796990321932771073511083629610439564944480406634215970428923809100962136910280378249211036605390872348687927296025769904970765572154609365977436488818009923742817172884410990306567387605241553501 0.02016353984425084782980749605365477575240895614843482962042034978366189109853369336308489884875418341216380574986753195953303807930658535075068018054995561171303166657970369531549289758036059718666037972874601960364274355
G 37 -0.2918478644224495709399761640419157315512875608066192784746121619848237025925276343787765197366122150074273200982595936704723929766893668370397105579072514370226796800667737573021368867226840870294076865007708147146157437 0.3500411835853330070611813152424663688407317909143994104590748477535302819156831787016155371742263384819367095229644326895175588342121126344978286933159549858270702790405789143594536645200653952184940968241207186895727357 0.5525449442136191347201073372521803108236467138707198401172978360334061867650186086134690105237961142058791870804404504350359684762247034013643014313174678408874040703324541492613458803568939523082017081466683519991988483 0.1095655569661067773897692763047195339181823648728471031832995179415996221877929031332754969602534331664198533433207242832938098380697638892994230594316693555368055991899045964028759367325118988862374925999625947483151485 0.6305080292277629850121888859154559722617056148757445474499598270124815188489972579444628958387701325405876796945913515172273778785979520047247822348167267239260259529493056409352351116633871829423691379623186990449782966 0.4421459029324340799889272920351215414355793944987784426660166414941709455227240189604981705196641459754534220560018467171799280373078685839906833693331544630484656929294832855745676563230728488614878833445103054480318902 0.1100633227777100212446343982227111119601308080164122869450157297542536678094111058787774104639100188609743678029395147443798937279994036826621366950218815500839892242903313962863132142119053007155332640922531198581482585 0.1641120311828818424740342408883735507933986242682704770245465171490331819036333799747330657123955135802663796404061277183672627499642992883062490887337667094505662123024344228032721984658805742321970326291984726241555082 0.02798305117390246197381096024943849144514220443722085120526882043959055819104344789100068009900686057097593219649452371111338950418415755279365592729468876168445990429483655359684181430590489731148354272762756005234662910 -0.08174110017536467955544133926140784003226593307411739155401692905236753818691197470935676525264315211730425793127002382025495394755536170193616350516204545337972504488388026459832251627811515483500662874853312895370033363 0.08102828323291853080308397138251229598008654623481208196669496482024413619950974842708161641230107655962050103204462176515255094500579266500508636632395196305791342041132898221109444723858270770612487795135913344342794624
G 38 0.7312198204858985200665988798008947663887310774587524481917626645511910864653440084730567221934572947218470680373337916017739475857541029482646595370957090654268112246276809301722440096493390694854419843511273393035941899 0.7429948216385260301613496382985374660560746926832048383565289757188007791589622849868758178422607361842740777722204735405585063646116377232640068985183404416709034863746401733570814922132313678443549966874940305079031159 0.1060537192439311976395266834675112260494770521489898095881460925762899332796667719446097591132794665357468551928705447995391627239306845259086723159787791810433336719363772488485521707313995305337583060048140719448858127 0.3994810202840305854752526072236849021245769798989687178661923753932630541640193518869951597961313490369170121798824536065559291947444730504092382394133133137220375982620754442617484786960389353161713862259133446888637101 -0.3821721310121410680975422200115753479035126511474209250136326131908050198521554198362293648801570883697407341789149313661851672219287039022565941415636602540604770730459214160041607132493238288392542264809490349516558418 0.4974604002809757376966132663148609052659768945883244005473173632656388910345835718369427290245238042482282017678665579066615675289214588636510186556503377124224641350488935867656497532428395953088754766631109023371736980 -0.1759688557430706468514682397273550184005653845527506213943603847725995995165974214435570454796185590580997395482227311186321801110818184224089663904000735242905600588443077980156893071158148709289327179422879117708314488 -0.1470403770218347371223159630573851096184743629222114424570218443051657716463681321380672377909108276460963141128453644969101380470752123456714878243300791761249889793346618266287027553848278022378400561403984836645852682 0.1680025090179542555409307546843890541379042583425871573747395389758838655324703397361346889355252160906602479136239704327130778546788149168321234055962673070406262723605288788035709864284184094230378035939669938451420299 0.06237000443453181749174639656963829647098669878724240823711005378538358895069211209482834608345458728316564565207260979255744311356274424287675242309648588958127497461092854471878170737666127908947163194614220285261670245 -0.05455698624947794384623025717998418807086096082168442826861603864039046949563018969446439765706629685950065447498604165503556919235488806567787813878054329205793907556448369410996660014389563356188669497049297823915324404
G 39 0.4709855306619595111393504628831931141318411155758597452082892277732461107058199759489818395112056053177118027180201812752339968028026621333930884289607372525271585354207040137280984781896130409341867471349898835203077126 -0.1701371058617050330255412600421348169274766280813536175533156731693752585144509681959970780928336833339863769095159942066280546955611475131749134043135933576297442247040474138713605672307278195412581494577276555179875198 -0.03889576153635399111263026264064158199265759608523341296183278041026410784546880032840527352031883048732480593105055094638567119321121773813502687014973202640960198148911294087421159785222654081488054620681395160541496159 0.04846419296097605269149367055612228667395531977817073583717211708677130036346666456935739062246550667574662682387077985725419987392096281622961577207518744393170052850444544971669045450941042327563331107292299696436716441 0.3405480223830641583799546123636734706696984517441126688412960849896106828244714081670354348047725545769308501575204642532591395771910452656110523897271036472327585241507624468451310984568821756458347253495795774387936799 -0.01255612862010583460135629452301634873616893998897754967918263343236785899209814863628860311988640117010297217630775455940089850822307009182304685080436096955435759356643944144823342614483868472076768830840860270128459762 -0.02680183885206631169328001776488535117273492526332003402722632904491811566609373214416393854471616100364255396132986033704877321575199722810408712759132142173301427639632575191354081394355672964298208520841610404249600749 0.1248335180222852206935266727829121477667877851314033578301937155642870639604556722645835705436865825998592399372708472227139835941988890287379671118993653363695461888464413157605299150256263544226982432173233426582379164 0.07826564186417515532932650731910951256189089467611141578264522670252764847562605589084455223919968888866622048872612935360976046003518316699032574920984433193835672457799567550439501947744003684696461208054221414831011039 -0.01347093310127956262304512556891838852668439750075786111112573465028195672752257726892646899450094791119556501387710843937668124653590021141951699854997486490940185459779807868770960444598425186794148841499950481705648961 0.003175312286962507657653334498327353300501759838717745300137893565843405338012908967799563627429087249645369630546813610995742984802758432576408211050420986053513974605779645166873762054470875591928358135828711453003432247
G 40 0.5765262418632786345862692041173623446216190111891243386418652927969185493590435537337427785596707804915862491650580064345545472119050975066590301892461229991793848321904455410697929385417803554116606007472389299226912938 -0.004746217302442870709582865564842857283131845765807874973963573919550300012394662324313208421178747069935039874424985728931403863287801569716782390508745115157277609128737837254575015680895018340944340771795842892337326383 0.3668824768857523840728482836152010238104726970299636105901844433512255585241182410496950932564255591900847256286646551312651975339814280034757136622269105253365810873045257555914608226777545690819951019358402175818051848 -0.2155730891722780678794546881610656546543871916757533360919154038062120799268024817166538576093729491591597346025588685527836046401536009037564974252901146913088798521902667511859005423846076884143068759918347156977617685 0.4059426297769448627533749230543737561906243169403468552484642325342416239820813843676506836185996347720262624492081173170623449179704894366655732851847963011296365949748314064859392676088984158970277950409211537578088411 0.1891323230769148566863599440297451549858801852255786994793773280897018829532269969650328350930965124423174866174288975167555826464285556941465618866037432046008713239729699727049715970879174121532270018104401920629931068 -0.2245618796565775627202541318319539161605445026723613335398912183466735234238742860072124093587530371782069088849390816444112956289156280046115822279992080383605187717703943806117908394330361858214467449278099091526624989 0.2075189436016463022361728496799868770567838178025970896175779674638044140992506590333848050781823723733764952811516324219470161768534759181584699534288286012460330234283863720061685970300931233124574527607987635916620659 -0.02880511129201517372106821630991172504375967877558209278031414800736649949266245388443752372793812516676605423021159717968308015050537661040222291444562867597979229779292471404155440472076049174107950968803536994290875989 -0.05533786429228486214100373616823485109219770719463639155020446652995000411587739592053564472088696112051155395633395962927617341652094462283490885360182180461616512337520289633394584048693444827482263281134634643694783498 -0.01155907625760404734057335504438886730787716228289926772232972035182667377170021535035924229463064648378055940375561872606314582157566156414875885864263955746522806758562205401704913500969779679028532382833813822749551609
G 41 -0.02779017952733228667340683879945357028788410209739054536526718643636492430408183432005908673758471156542251028411588762653552713016984350641055546777703935588240006968221148071553725918217487411299692131243317606200472047 0.4345172983697315983285304088742603263799049716000432951097358508116521633037785977041523559944160160561422243674306557707191146670621727533898518242129944305760895880094287067802279661921712707695619446303520361665023560 0.1286710259154700269859844231924978776271448204130816462978320875758067385500679178284459189921359006623383063711945072540049477729973047298633735148775050614565384005593355509050045173501872941578715595816117748820626999 0.6872931376472333173166525857880982210847381379424712667541807601084310569161324461448461019576774324228199264886602093799598156714189168904514420143304858582107029646202553017412000770751769655045705374048136257472543704 0.3111942340155732227417336066813247705168119104385110419935527758677877699108710962697106049562106743493324843307464611956545387326887455186835766576288497425685828781937281949719231541829560847590498075280238939071737942 0.4979470972302235189442817653759989181066459193930901206556019215878180355807602196038091385112632407070914361963046787306182354268473461338676136529857115342277818922905300170202156256832380183807169187313589490919806446 0.2045628364531367071881489562566329700969912304447304323199678703551915713439867995254342876956524217910505714766004834514872634606397056125128641700144110004091788828473923528223133644819539294261715652030590677442239178 0.02980644086272747028823840723110293125068633634459945139141852335132319740319176028298662386640861752766588814824219135101658124319788351825355415681985081857737084287254421362828072398017676203472892124862628394028657157 -0.005292539908872518029172559615874041379908387731435326074813944004655871115088960599204218962268227949658734426679023412316720431335678415505390427784070844576640585244962760107177155496635343471374324715965166558487162492 -0.001908608978000774190245639662297421749211567323655613728125220011428894016336492983186988495646053079623844538281838971026225253417894378641805952867286690575289359384096853556967007858035620244977261316888954457817130330 -0.001259177469205486724748436666906655595927876485381964932957454649035068103684182222320012722749495587754864600360154721484784285869741099206079115160085000588562994268528396269906064952079631577928594193208778664595143863
G 42 0.1021465850115686682761561736263242151835426678920885553392335550526421689441486251556961180971556815999980042786352896040316304248524627273398760244726251443207578855454302513615166915024077478230916592006784238687579250 0.2443095299124633290932808103578561475050634917810252082313041556558631188676961182962599484835278940661246732246867338781119205210357471880298728685380119144413796959719064567146543428883521718843182992464218423986169053 0.6720698115726639426041990224100961617534910225247866212763415242031691125317987501754199152168393503192380797417858106999893039008433379503896146019785587541668615180289632086993362525596469562640094139405379056977924823 -0.1014707890677102313191697305350852998934340442156759953919151345126710247140945952894880250846197084711150743146594967789033756415847762227869141509761641266022230234343156973037409920764699260852800024601976979676297317 0.4058902350204451629431248277549693158869121329805113372201125757002918251043066234585559984758066716447479215615323311446806887723993900226353350072236447452795727158926116945901199828007307228814945405151033837152951645 -0.1216375749366576273538023715648588943170255201228261189444242505095087892121366497138100188142063762321844069007213559141360918656343774058392570407029586302170445913657648442998935034034737604945123809016499379390247016 0.07556354437601113957790621644883539224110958768630491531553125113253843993785824611442805228503841755409062463404771336926851393708483480153197946531813009584771082205396759905688979332202144518430670683846603390896104746 0.1786337760683894454969580149162054794305954303550288050170982194322519407763219303611852126285341743155996105959945140106573870327398444790289467812731716825462148629455411089156693935745293341333230783008770302670583883 -0.1323976309854175247216328542552753087315545859039691263144371620995101427574720903632815529866979693260285178505601765396068238831534494581797118614434559886634486695819048652383370151389677383283109413070786829102022632 0.1284804527831887458476132997899692824876858320389319229655057935944587652697640153788041312192328929774249849794175417779095956305135644183530941809502651211296736243550245975199693022462089161737209796512531264099446359 0.01730357804111855245891536717682116236694371345942462127381086441988872220917683269827037368889877909994548047579901748601153800505046132711157288339176954896225553820460736546235314835762251618217266991969807049771073363
G 43 -0.04492612912105406239143015828558037880796840470369142029120688372230350883720687180578071346498492227836759680727191333220618655682611181414816680543688276585911712329468707429929054400776774036759547450089482897625995673 0.7206953571611968808344682895043361958960209932969268766415212386902940529615671478335045697272430242442625806817237509530086101792374298516711767795158262275820167012803973430751911826804414518539555500780886126142759517 0.7349044096694555185937368072011086186878269159127320912813674912998079531445859527325066628454121922971888560972248420382878084270428466841595166622004352075420648350229569533716077806654815037756223514801671068580452332 0.01109143557397463031460316797500476678667800534246420672409131725708321117383458262711131184338857090033842876429792143795735562414693182851352978253744530095304873194400657768141857097576646518442161570004797202002213906 0.2286910753047761683368975976691615860772816980340468929283455873816781041051237616919417881007783274552262659965006095057897357766458725009125962552558112781963996091567513098242406775636976708442379223515925875558557383 -0.04603492984597585992274124605789069620251784097827174665254584141427757120267936034244401937524420577769855013725915223218586124927084135453095412684230764948486923612156350599484953059850238755036522748825352586869778652 0.1174536979146473084517943756497687397308610980897323546199130077384691291027706130127076453881563542414584921907261442651917026882761118992474083098006056642210506489966424684904470602974899791961784687695707245753551536 0.06400541570943627679320503866920478344212438297768360558879997679827461973439080436088890334008738921147664673241686563776811943452557356057111527611155764911442424675605378389057214390703937876844496795521138805552937685 -0.02608542606810759509909931855766109219201174498864057553841140065202934078766225975392083402883924095640067603261541187060387627318307259035190591736542068422153916756644416887703860826347618389071194571838020566012184693 0.05429771417012365913587827003609845049162722766474529291971365015946329372519323339377473305856653513021181124539726348155664342970883109452068281151751883326100923760699060427632301196172706536144952815951437847700134633 -0.001245877959897381752050265548968954175221823280205059792369950566980640540888265947572461568903199355539959233929423728538445744695531679491448953816013346202423813222655216061819887735609960505007705651606514028652471248
G 44 0.2970200523163637238900175233607966155385255798798810403824511973401955839013500629276962959384436362138874407992001450803732091972008358498749479999374651503559150424483061514939171617170261401518869008140778673223073732 -0.2438520503168843129011364077651175948523877075053890576375117409969074699766677676082054722915708792339528900614923847775579855853065690579840997599895888639681495243946693578946194273837358880998559971787884615125744332 0.6392902552484471306202756358700301031261679689900180952957426136644131824728360047563242741961583287655100141775815097894637793421537141632957888238543398964708580350546434193769228741552010998340429554512645410045455141 0.3410283145419302321146157652196632364919801042429522166046073543905953392978445862267348585991581381149462524680860562897097313987253425288854629342665577766395296330001422540427416524408453436679816725278188442984172895 0.5048601412608500092925346881860997395843342600778650322029667699064647282524820807260376572338312940586659299848859757419718848270017096470645414712110657303451271959841986538228860351714246498956142749571658019185528646 -0.3190210140361758101826175163949972266227576294254490090530878001077348378300217651652465655617047579100822786432660684354700820809564179435748076085497898885237262128054569442395256191978325112002197335227631734667027170 -0.1956048303458828774742624138913531075663381411507144433473611729662601275846965491984345237235383977573663568186572506534336746897105351939866713207172266367121081875460772184964820194834573069819917618058731333317860585 0.1368236585429522779155044419574931235731805069168690674029801089490227723536988206187485976421957051650128420871152681458899062263444866390632772906392571432460460534318147247212447553005588217400345087881638347882497678 -0.1358312204942381665950599652280623016263939030045404108772774352643350403256517807880492182406445178772022353704950313317300354784272151591316340315774094448685435482294809773850791772604493668694809378694457790132983058 -0.06327793827599605085499003585825789064588341826652246441731633507729934325288588930693666946124900101947040012423697149264004354286198589409832058904883514921740553989180105344418026368439454783373358956943461031662154896 -0.01221203122428800144220814283407133183253044127770431264514251520601724613900761752725679870707150949270313341175427503436952054224125976167419350619186047089289519282264633081299820744421078811547790957859178494338004640
G 45 0.1095025137932735377532831257474365074293625000841902458035252180405243497834723837331729941049783672449890772923122953273817921898944076037859172746786432307447717763277546535575464003121752164371797597072982902498547740 -0.01048913683922676736192717054542008712948984947225505287191958545774643953058280139541964903141492944049778129936624301007002785163431493294020556903535584333165703314354449300054648737913048020263499323027852683578133212 0.4673032532035540057270088211085669631871592987378546134718641129106765791661628328012096642135689249374612322363011180541139070073663569426140759779974962493388767980068000698689897164556501348115090333640056431492606018 0.2245565177626850547041349700951536053402259972963159830301569016344728283788716372447560994646708932173537016105197670763105162024931521033067265134834506375026324465474219798166066480204831267215715237342245095993813054 0.3780311013688687667339074903252790459397889089503784294157529798385303411989047910060480211754636856179350249342923343761208420431551551667972574656333936477563713410000125621451854459723663311094268889878957739545940379 -0.1291941142664890116371941588594842347917869467932105054163058990565685631039628689874934396889084334649382075531899103935509833722810277552920072296912769301851996706297279039675849901638443685002552942661972888062637610 -0.03497089304067425287367184001344080134624914611669685320841051893530192005136856652393560690936900376090714044326931300378621977451395303167179551122856329991353936747488754548363443330826780554952854565724587717857514421 0.06942480117540723524336437833038463993767375147881764152014042673321062391619603525415615799013291282691379626527359190626604141912745409461301124569094185778103911090783714051765408544164088917014491001668528967645701699 -0.09184664253688121043244137217468386009506687201753833132561153694687968253527657954403210019658673453181074269547584032830550524598854519203235553997225177349541610348976708112160239351568348253698866541228993808182062964 0.02927418563428666607368301877746680050944271385015916014145719832791293493570339321318262510315368854995058896741449829003971032148103780060715985822602677409901973398328391612623288881711900607215695900440367621151527364 0.06861714599010601677554537837616008661069017328161640928912901277271627025966996828163093289016117376643212865598094309663738664076721337661220786228062547197459342250221912986540874174750070349875695480018060212533343337
G 46 0.3345230664236961024635922348905851801455603846930274417502515411420714035520226202056080173467534630291848894731987294852607844312557123175119310160982817095763855064909621992802755374411049690995005992378288834237596357 0.3325547079275177869059426151890040657746715739135901647035058218618949131956773235637546952582809345485485923915401605366682444480295817484122046056726684794703041776384467941658267877222148643599679230731710033421806694 0.4904635058669383421076920384911501546758115816687058470143480649884730940963314607784143457961876492240729824689677410227969354678027379168632669394371061472190559060147674597843870698285018329123514114259503182331938761 0.6129018355335812098536136697144964593274058574446394079311839347811081002220656334909976240527958129877552266595551634808227786182023951276972594320926551733514286649423369805837134224092419877668824642422395990356099543 -0.1276764235215882247838074834108695945833514843617864116205652343225205915725420291701570014178107833792355380298732973633650537539810700926656228287813338324745545333269114869236044719881204323763648898562779808301892989 0.3404963589448727474475503483832117574779660631183400652192014621251186251669853598218023884653729950922696914692767855946528888951092983354810652260445969135911090576968692979778271937502334088081380148829131258065397349 -0.1076532955807251569323268808524181656801783689855246976357389579800450605944137506860770805590142331759865927222786268030202297396431811033822167360373432064438065655489234021986821298907311616613140472856988991729758998 0.3181976545028227550547114494712655444399276723661801930232251457612163509200030457582949633720324752747296089671511281826667979820668131041521002394248098281103216428072678477041616299370684706707113323437170897030461929 -0.3274385645953738483926682212401586660103325878460486896643453736668176186752734023964944260845050206062312305410104099949569205346308148776880624194439190800319450659421559009266694820545097798672532755356486605289668186 0.3252841673318577511611995468758667274905319015897589920180588504294332226636768692569962041059926869208656397981027286596069665080300326670225629442486441163694548005821959479171245071599924800780274046765908480302672367 -0.02979112593368692456390133501346248865708456033175291012600544515876392943782126336378483316260696589635639400646736060067757966074203077447609783420240310244888889207660700992160196945286561843205438021765282377042277891
G 47 -0.3070435265348853844380752860427527900098343502997540484575216252269573682509111872918571591956741186873698186672530783396400906125459436149539916249454317467974182269178422286107662733183452435270665732891486185561151242 0.6557835852190417312454372645699297365935697877492349896787328775118607325749951381062348808501826428529453017825133922393495877540329100157840222750643319719760943487885546612532006211251919066505334886736139837637075455 0.7786748781182404496358739854032153198925979333482197849385900873794699416162705206024834154365936964028163216936159614393888891524371069821135330566393718166815132185687352774199698462959033057309933546067759132308327964 0.5902609028450364358882143064073833456416212348716525324331471184518874525003954901579001949652336264451453581399341119480881513101363335024070262943578966690348655879606352165878188240311857217626861855058028522977160419 -0.09968406324950540460816858024570614088307672095293954487347967206925014762979315487714615495028658904290215122556269697944983427560919550475905888339134496342140736949148787667164782433905297714077935418688251631772189487 -0.1203781297388226645031028374735644819267387251463475438020124848227024166201576429484087806757163161492466194216867573760983336475653198297806183066308999922659231701876117926989035472971961062763184956996244598371181351 0.2154931152852269002918570924053361796761350981498463933863308326293616973596566015322647485237450871873903606049863680314213311282188312244357216070357432480027012345805130289975058468401093378642881304763033532070603107 -0.03095947454329535873547846670885092210986861080122511583679340909497097669294218197588219737548941883313970286717192452312609083760561485638675519041934416332432323337783546906980535417336409414936286968254293411111392691 0.1385840334629744506296329144396076430754390998143094701520835949883410823761332361072923290667797847212308984322808206771487114880583757803678809998207329541712267504563600471479807675012334807901209651885107571585578118 -0.003465508724844475582876112608832840861557662832323833748856144653645153066165320433452407822004896230167493641414865188501033588080858502268304378910109249211255300818320756314878916435901844151155977636364705804892397059 -0.02871275244646034293605797237953959646755818129514722050624759059285229322194980013897754894456626732731752712821364996652446499704188646930552488587705837419287003443585893843948093876047354448974764795792761735864733349
G 48 -0.01516399924434221762907509417299230533980602371415626713605737334647518753838016736000839755001032586222571880562030679442496621980546567920378678104535526341372818703651667478788764158722757432572611291969548906478304327 0.08160261373860678683292730389931683145004028101569521692402300360163464521935261733147694635255318866879470253949726408780595784978338783180327498352596047102416066564217635422671208624241549367188312402859304530978546132 0.6558272246489453054546868711325115611279726779281811001314580641099535975992159024954950730575538313903148485097828220247996994556911088109825752731347385799335285314368843712597296068747716701596440959587193416033912959 0.5530490378296039733425459497459395533329172862448699300074974181768470715221181175500329212646097837819673910030681221936882939444747026486626014569077373069213927294705902380024848943321524388460834269362862444168431999 -0.06703881333011643818812763172877177953415171840211666244567723134365881757025542750238128448465979844499487859212751080793281348147936130020052707978570837242844555306140713017220194478141180762374176651558815052457228603 0.09318654411149089587828423754916866294692166951028675781908171928203820546446609105925299303325513510582769649829090963529046957806247054846861265991594584361459303850822156643076119804460712591194950186859287673276194594 0.03147935419110131144707400756530566817563569703900724665753630241825193329127261453922122309369220088708102425014235982081045061819249085874140542523907878468465862110873552360429305153351476705459617227103770185759364974 0.2778145100477004603822292823578539907474819093938232110089096515386261708769975995495078869699542414985999163316830642427309502430249120493365882000117494665029048091623025607276551618621836543556282796499740334681054815 0.1219917733837142693238985788934837547232204452990716641747247714103658289776308891125799073548567939514410097199005234926963704919767003107244264054069561707649034259126737001229036940100674687286047155819845966174785123 0.01605666700660669148411362218074913921005230918029045852123241996474737040034210953888390049420000384982940373474960961994144942143832895057322930739871379663952834178874361875159454699532754547330075090641497878717609083 -0.008011035816516927642305044380302153886985882748765043227404147281358084790806757655702671054527602429811748871602294136832088304733318252628597049029143632931370196934914354965938298735230040056517262960030802129864023854
G 49 0.09935830048202462919730297831913426828316589360808692602854784280790784107095109729971897425663640321816169706131930829072838757511845564129419952405467182264152482800584792574485977125424032847653137532349659755052165444 0.3313738984492972977381593569909567496371221388304912150862576856851909139564055559635913754183163310680481274012193579039404601087635416768339176148843028860849293791923386397821972078471084189475075158643831480171963412 0.4997526560567802640447817028754527184722531138924667457476447684024920741139396719410847035726179946014458251932514658515342491439816316704760295113037603306601090976386891666805212621672709263778814135533908656328784979 0.2938242870850503104375027132067267424188365961206176610252114339132759303048824146166086288752305910013996665613301343251938115509125785295524885949776419775671253805849638919161418885301415793696707672232911898341738858 -0.2127257046558524861419872384151331535280529850133314216821669864540052707211954355518389242277234974609341544256054062688165828273739463685409697406822942932478469787899233174304423684038278996405244221054145268154278606 0.4575076590979275281635697828016764259372161667640521555939513812031033330107469555501023184840365852320221845718410340355218371896286928166223015214801437119446381636585833112588767250119882634596403521600112199643939343 -0.1488887771364152146381699406738194048336254901811779421860810618446230287188031194905075236006299442107950081265348328216023291360606403144613813504897765772568178861092848672068479204307454138910854896157362356935316006 0.2719055459008353422680376188123535766611661852999086400101241176692129756283613825522933537415118843150033177910486206521507316970164977046100539990808296261324808454273485067748698063053545266738615225190005029376131613 0.3763038462837677071480509173403127820206256137721064130908445464086287654172989779589652881898830743792364697271946016480413481282021657223682977025625536038961762855137654645270442460722285142479784713431590650634493911 0.2803266805971319063691752977404850949004005848303000842666658421128506609991498490476857664729665033531006831852488177593581582743522623592451727637790207684239840075437305003739663369002439594739471350654797979172842301 -0.06985630271117269165242298715334133857975814292378432166980329428631770508366821766532148703314703852426399455671034227366531002933458119497852514265777307189270443187223800237366494342421510482656618789260623481815839861
G 50 1.049692348827410071610932262012343294639507611284520659307283885957498083454996506516296013945166265989676686459791086960138559457831729044969585893815972472465074474382512591487572511608561033308552182234277210682310042 0.8583438961955833264189840823768477350805975729535610066118004330782483877988497270277169885262944613680197969691747358046399364809473316052100599574080681882456295884382102983152372728749131876081959783942603988236127316 -0.3281338043862993311573725125671244993327342853588343583662904809784965809814369432455319768053397696400597041773274829408451203134507105429817725583143284042789367400216397500498278606351199968286635311135693639307348821 0.6831713323638213240969696515961785019829854920195675585474891720149472164247459144544460076998142495041016320615244920898023869276581960681329615112512288950408809385239656206737019954416977076153545008850460693393390591 -0.5217559333924782493189865323515596101600279754867013467168995387917464529528073629151438481795006036789024290792927903408667852289583041069349491648152494903610801657510165648800968213304303316599040899852876491121408967 0.1072642636887831528077483766081476572265619775491780977471704760366488209473175521081369853304323045054671285338463177623742412302749894548971142276246833883738652208400590984483443794671787853267500612593078439367815652 0.2090466555404909849602019534568999928857227245093582237287858445587454027652696225342553800846915593676177268529621415122758878686242965778102230741797502187225339823303349568252165529913109864368245528126189290869050913 0.01848797165318209250767827475904056163805063294045763889897451356633171834904386122830038650382362633556453679675125924943990782703156151908647076247768393236473843673279719932493870482288861284021879574522103044483940751 -0.2085666068448252799393582655513353941424716956646741176762673434817610329195143647062518032490039143137498598527464192243109625011255328605543253973200625134167938521427056127963456634939416426292082477496262055802748213 0.02725548177113091032860240642395127373755232727848798546028358204900921496879843548640347336188995357494902579695624766195210389602474694414375937953360751308728336979798474684023930270626584685326500791713051229596827273 0.03635872666154446737185893902236981528785241055962976048870889878724234090394239371128493776155538678824226977872174949366099576184242297089903223824625058966199930761661934420690971510361851416824485294823296891167857153
G 51 1.045542768805317434265717239341316501539436163863938143138086888754005118299182164020008199611650177097776999261589229356967854562835889523039777923580406227110609555094510755066139776165046326457748393658944301604956283 0.8032837274545141796675530360897373587281222349873921429970404647833570176460628812353311923990054217643258300214796122303557971167891100074207371149891770227785778276721656195278845265861993997282873223969670473173781883 -0.03354777615545017740847254551457318539039418214309680722559217931986878821074129202945202829668622488843676318200917733445730992036137927252321775874344194739892278382389620208261079528833725494404155633435639090179445199 -0.3975899136511914007442892808777948058131336061963989219734000022538265728831071463960080072310673901847981646210993934562526303545489935212632963126999612832756392229775055974282053555403202298874759944728995640048400741 -0.3860592903025382619835463753676884690379650384120011268677189666013099092381971232470555087973507282447918902473445372064339090713350216671404613303233919979427331182150478530063413797344354898070460124322062981859083402 0.2151888470851295101064714374374442796404505478421994649612527325089654672943188768540791001518099527754766139969219489774383612028091362948334239880988324052402916930847199598616680831920607749962196415931430295808011061 -0.05659669415244727136422197352838588694077841657495282239303590542569685741607537998905625221501013224835399115691532991408656792166453390771770559303230569033083262611068163268071412970433268886852018253162762026039388927 0.04606754830107794172504551937150368711952528365908268871278708888251136592571367239756611770494312915161544156708386393430149059102146049442366612745162532388608802086619619644579527235060941585697548247568594511189404004 0.09926423352183812454852464147857535693389340707899126304044802265374041580002522110153990242926126933607303669753209486016385975189630187202339993111321576879771556417282168946404044591587938552996732942615084306843564615 -0.03976131178695659912406306434258343755707204461148130923276736511506545493945140240959167659863831873072660895227592267524973243913806816493120647899583826209361029186566401132253898323872157329180591198609328895084274975 0.01654415837969017966465908760797968510213415444261407201944326579866827396456572704214401262155871269860592180497489917840455425398614802795897413786256228346476489407652924494068711060506517497168567106425528075708080120
G 52 0.7748886231449312302970946262276664182891569171705015610690100487771036834984244328809855492142418341165309054647907866984986218265159360529669054124448405740698722089591993885385664976852727471339881322258451756103118557 0.5337961547229475118801805464962131650662621044754692763733256802317598361212762688518195291576840638931803772594853036727725811751465611711149201231008491815867664259681702315521041163783558698004686349888989059208690145 -0.2061755163906190332908295964497890445342408576629334649489213739449523590542789036964493027211524688561765444343461314654679047884330516262141844137118114907169915657488170379426874019846917247340294198021768419999358839 0.7263401927475789121566341044173323765068329590969054145026606258610166219624992777697463513572046080918687749630451238927682941081719080826979133537314361777707510889920833823404123737843106073873064189956506621758848057 -0.2415907447402513672846423747681201270944136286398507036275828166051154895807062112598054774294258091514818701787097465794162334284871562836492472601056731582991335743468611263172259812262813996557389858019704383188516562 0.5905202893425700728306309181060711226960669155688754185200495200208177442166286175764782937086300745481911420432141783791547009069941516436771068716024583989678193144180840066330126832514078239723110672188849459079630417 0.2617900560285551595762199177114657933757904018216581038644473133088707196051486660356758311305178024452085535309059676479609435555327408565587833226559836304052167825677373160602013475088670638309814343806885030368564104 0.2006763911735079967617367088763879590418415853848713719738867355506625568793134823758359306132453730185989867314419201318649601924986672745525267510383042440599244706110451696489219253456364096315916486881043332551476376 -0.2996330658666780650703240422058253155039359904406756642915097008426279906638492253665489996143591962698709732098987184904097160789761900442798700160975007900782188256721983241159216609913363225006510064342021278298677190 0.06564878684676904314120974727989197554923151129612205788999241375574280500273718931091676232859786129175180663305618548858773606415709042823239575689716158874227742955333247597371442072178889638291893227651139748833519272 0.04489262610613134742561415394877385755862285397500286495623549971386062627052195100691542822101009695251569757474827914192795689363774388767330790320501861984551345583876873730107781330212224765230705778635212042855187996
G 53 0.1437524528125246422359137699410885365391963864138658141471874388697574165493192458229710429509023451137555410500678356475820331181447464821569628179006062674620291246815492556099723985295980260231337499493836246655619100 0.9116995567380821523107101319588093267323681930590005174671910774949416836232028552521717790170430046241262801471312693095703773996085782386558752069416448569083334967686733789518221624768098102128334567250657509455873738 0.1351130625078737434073587102859026499268747441915560600499790364370626574612527559382217506337831583367266861548159750836986626484215005020667791365639006382570116174848776583483905197290027836300290838078260054594827815 0.4836776799582718219599222589565337327267795997151503457568000235527511446489314823168145549007823950114000740836316207336413263289222131035093198745978776578331086059170791144523271572705591192949248581180419192694713905 -0.09074769732483207191317074720131585325277835105838849035759059286264125805025639652752945556398824804518653394711649910040225069321595597950946451555980175092612965946936741648443260410295488689947461232745036279514903117 0.6477918247789192996261231908636452447935629314510184230768115793176133102619780819131572897847421928178471800180599187503041042924309758167711521609547413950172313093516669806128745787785349363130252452412194257626924349 0.4935192888357680144722527486632388544919028359579763589567341002259640613931495354857816090891665267701091250414166434140568435781028700955911136724401791896681905706627713594807672083167760317195109698571599331967643921 -0.3113079846060159604440895357061118532083972094897312723945998533835199858054817297296894384652712746085794148131970542756211335511015354473096482579818511038961438403551714987092219505905555728927881086257410262104603005 -0.04274964705025057475829371207922715471305326566917027869835473338311741614607045768448719413058113602873219391561644579576682283523960615796703484772157243375094235001416502519393140938200739604707492000369106171715008227 0.1180360066255829528907701313248355001997377961010485552219769046859611260277073857264917648548438012156417830790556160199271626915257068848745574007056194044073923747577870111337140215041839062108821214583983135807817100 0.02733380469650482434048686213959929632333362865128966220728534443564471033153822626776969932101996306355240336514190938842234476336011419661104785778892741061479325641704424588485799670936173175928294744894616957806357891
G 54 0.5208607031407390140339532133906028143231412475506889756949956422896035795569426142418715981054893127545712281996834604790005891784540089280273781672993241559384927876911071068050553674866893637105732459091212869631484607 0.2826024129394792643951375218595970239295880679889352796211988740680194605150545486968953830108971766922683756499660907133362552472270479891410990157693885066658957503371622608340726418360235133114587419387623070949900507 0.1920002405507142590496797752433824645805600174102914373189985216163819920290723576309764670801608912394530647663425977353634820828800185307242711952754120735102812167443193148915023243811728820398204729111215999387018658 0.5469240007929554137722389368169446787820810760542545136244028921405508896307090347563320509219581301135563593381146318571146490138216493704092307789596000562401574589930342876620921926715475129522690184383406167702400686 0.2478859402674875168049354138768937780882963848480035191836480570324412878353468652797253415212890626918942906487570389911172335223248367072112812757625079633043195161750264356628124261727033938776392393576912369484339955 -0.1208206274977075484115808862778521878914107143244201222347805357441920674934358187812645458092732400466015666910301280827316030449141551698953717452919400734979062079561055836848257557867599034184851262286347851656289453 -0.08564843784980056817168767756305742097830857433705223437246650671162422604863213444771601873848049883241772717399970453880857411087655041403224094360431587225183656349799642193203461423866453470076711393289759317787244366 0.2590986264538013988179449190907680866583967385499501452398162170388321183355858961433108166065101550949390115688128688638789817041817097733286699556733594106490183010002637745009176909429636791318510834628752211577884201 0.1339460922806836653602862386918495444749255147848996098138802103291180104602515996124277139693870471901341545174625150306220378490209593826498139157021922610793839070727558354287483435178775741480809731363805968189158801 0.09879758999037465921277971504310631748668188113160356731798634274227335872636804641335109473906054310110325105994505373136241445355330596572238157320898137485303262628474609252133297303150852248102600695468436258374080033 0.05046198301682828357284379963683627746009021729335536711084617913934496835150727150164433145197691552511571825052023460355667261750443391829316357087903184139666717927013394255068002761063399477401010473444885829640946947
G 55 0.7150285789722433554193658189788160897646206831168955381535741086553880486245000200119998622314185742641066406343246708007790862046349590585345298458848182555359971003803454311137386234991000621847803378531197725330390577 0.6751546243827444618644156440594194909446470198246551813075292158019313926027798475151887238686566128869339101041652510712383394644411930050408559064412468086331865438851432985263387034980081333892100152925518305799966882 -0.006163781047316148043200618839519333407778575656763604235092960756736167133843913725227873473702787585278865885834104863795962962861305599607238081399498528640442549426935560386356465248899217718463614267548597777638857429 0.5818023973029140075333814027222094501725068725575010786247889122131912031290013611101193647591701812677142842403839081474446072774392869074523735111918520117423170438893709563692668464817629363844190321957490214411100423 -0.3661621692469618875562671280525795538200059484595777098428568376006199820287186306601480486721027032968643696494200363536808046589310648309845819647827656935395266075307851207841429364248267530416050082787606892808483225 0.4904381403122352224148505631833531288919688166452731357731795881618675401126813349493730615240168206075954357988163423777371038912875969200073742302167068781247963622066369201756479990636644608399303313998816826231094796 0.1364143978645780018244749193924250299066764880329633904485775460105501477500192858689699604589723010572057347769435663102195157168154888932718768438287639911898495179004695612265579564771968333837191954588796755749411691 0.02142299498015265088732999116398751241999592178365249279993318064053032423712470472251185118161233627447742389492241758496629261043235581274600870415377876809692542078409442955779806411978707462731686468113549362068047681 -0.003185130458906036300249130252585359113301239277945682168389310951872092497036758058736009340819760990112612653795937203557362281152793608444484052913684950228317337263309693773624464260488555159728510638716835078779217105 0.06624612593450791680650108804803170785247821886261129086998020956119568015848056933004601857769620939639167248738525751978441892011353575382161288380547312099469937327058489484249837372388546633818491466345522410373998485 -0.0009818861450215456903495363625046385790697527928329081521356100787388067527329126863800603045628779240832237875401173057500804467126496259332378126219892331168197429698642786987629433848960570904978624347958455037897387887
G 56 0.9144219306569638194704253443783427243947498217586928053399199289054933315443974656159553384998910517127157154003618749407405849092133461636376921694723383381877293624233606175871989895054145638075279463536102701820159773 0.7318346333674496590078247433030050601687890154461598970553478133315719310584703734983841230042293468471259527009080709369456434131025946324455513987969314728906307092737831155973997429572415108154362620185254731330686229 -0.07878753372587281396640353165681489851965876123421624886914367012096228916072445678720740202556442059636857537432440119842974257068129622842393042216968766644514280937932592083012302487652516150927697794172357370878489158 0.7100719670473552904962742580558914197508659284073665423503577874783151230520622365176426907995860129958879794148595022298697494669145198595058179691240527770108797133914420160974696689069272893779451129028961386601193742 -0.2113497942992211368106653143815711091893671547406497927480213733034031343961409170491063116836428862273964881127166355107394936748327928902305686509488425324504812759578328366216294343867922659871948672028333901949117520 0.5448462421774185577177399162612145706732634349745930262643330615932979549598852250887017580557091418609118681404099981911861856668366193807971176960429587531907448220722420873515267620475562538742665099884018821640381169 -0.1252387202628438807694473365810784884415688057519991607238552302069820691047830596728844881592891141810374174153979800412495412583449528907508993579293453931123181973186346210772071002731764247188368727544315912947016180 0.01343054238709997221888592238401016841858915914975040331240803498667034041798180424560437198852417312959893559822057885648598770244014220589316691262571805278428787991222803336199031551616499702894285442695603797091242674 -0.1204572588630579563662222152161545022289511943549535337520120709455019756888650092757347626961751786216200370979710420936998911173013177642561621980009746816507151619154819619675500904891320313174154399017753436845350576 -0.07406758473129020888166834448263355029579315995453446850733646062487038879686544368571603927224280899944098469180123723118898795688810003484311715925659651505938781521933662674409287969021854143798265247836672106343966413 -0.01634174512006129181712291450752586015758938480154211720627149654932866292893713379852046146987533827752907265718432827326419806610960462251985061807080544055519926073703216607481734374819543269835621286686538482738182566
G 57 0.9261061862165493054973071014047574655645516927333436645749840721702277693868125495036003626448044802780799802492890150233965736361386911465591777285276346647838177711583449078785786492746911547477504019881249682994512717 0.7863934991384089980406805252168114011981757006142247078739920843598520305916765860400698012566303585490746375704418791605693375058206290360490545142537286197637737586401648584957797455611792099951130846776902933948999631 -0.06321250344256604173041976940376796946712472190966235391497118822199620376533438072697933522808955810886873273585077543169450573651764646857627215955198646541126295650272148039484033090289479350463023917665029023677004761 0.4125451628318503974994844054866714508522077800702849039704028012512399748078358367031676392031705560522754149968018453342606173676737075925688093516486458660492548615568413228807599668307786098411795275598501976370494811 -0.1318422059597081969678350665495812665357220875603672237651820787333668355596740155260002264909820571240187132083304618557828222648175852450225797332931171612966367133713821876060792324790094234922158742621242870976539206 0.2276315656962056206111439830879913948640746009341371838354158458555880573143505423944653772112149457001877136288258287530895502264709796914053270402019754645149627394823423866535613331001609256951811381594201033310379081 -0.2910314158720311534664313015827154076399765281133371986445154546294180820405585281381359984177404519250361319283407286875050695959022514413618530001789561881017710271061542731586135943529430737217556685078375145194568383 0.1117916615570338907374071152304515315118691129823893756250617420848610092948039525864677883277382121130596285057008325767958823681385897601752918320437420376378122459188147276693327393139085692970509057670902870966991140 0.1724879328998560444916377712358495422009086366928308989799867420230960874514700518316721998128482031081377581035446101384909769459704487809918062888333629232572470091639379201221042346694826969052709964484403518192727880 0.08738935716955794431266040312684556596640738210347946405992259786949990518945560667173043004620656263251081749575188381825411741202352499099046348250206139706721590442543179750411003200619459944403294852380687416169022641 0.01228872678910174626380387892629152064586814701866534362404682133728260375333538660920352918976670582452343787696316862872929843907632624530020406015567046595413686831173589519083979227457603167177858303274717189411375365
G 58 0.5844974533487288582891849165994373815501783104404771183164275245371163442992032923935087892965114580874992243021079517296910829862461116120017923576804143447646886661628416794153873929172665447504573547287175029343787626 0.3976949559896164384142308475904418780837117227709420956171167999436439944282891400510367256958906236090641582009363411855119727804767598591197063410254510594042866669700773309885876076874244971161827894910327633537452647 0.06920193728019977447871841153512879032034904432937701635803978825847159802632924399545427063985617046664173054992291828460890134937083587132555393759906972738285362563278974770301340935533460584962080135629958620511171545 0.2838784075592810420321311943082530926783489991908411964736799042969083995417031662063907924888891429980408155329642691116865602868422494500596752024621273846982963293993979874994844696180282828557232943204991505419760944 -0.3998748157842417421837798232070309177709123059667224446131149858699210590813264201853008362017858186833614747415438545576561176347015404754412542853029595562054790817915738581249813364894395733678367585242630054730250377 0.2937201490111966748764016556604370210263247332711581329266571078435692067218055478226637116431318422232308311289859793983725738367452372990667572826813672171610354564656163243502198037942663906385747375332421749962634791 0.06920283668706159934431855721106400771760330388504643935546403085468481469006778155925545774563693501435821330037620786239292218590279604411515772293966144385595466017755876946045158706786471254485680713272927928185105276 0.2560745797987034313236385948011950355520680981289324207254480144380977901849534343932856056406407616796527440003461571071849457036793976284720646878263055167450436813912578174600779383206321047037230251040147879158758191 -0.08294826615826628526105655431183907771281305513177475933665314207393201386404793114537444911589642505481916606307717882684776721666470360410690846710795432735026903758229757410222626693477316543365151963291443252872566998 0.09507715513443777211481898888271400540290986791057283516156788577572701013951445465604235670895480734715679195181581442897794512661278692142815032128463746996263928537330096880074544642978316629330849064411379127995583791 0.07461915552678732010534930867925387877372887613362016424216663999710127682381801429506755302829780464726558090621634234074788357249941000714984127564720600210455399177904133643858630474109421241960817218604725159459954855
G 59 0.4319521794714717606944557717933394037242723204409147465805739318096447848931957357588343524787345132402112412670284084725928591361626276738385971343868258575686819783429739446417653488344136635337045155834496836217989786 0.7945055142142752088872574047465766032587753777736520777873962428275096882439675774120491298923337484450368108196347492967190093770254852355552139404167855131125339664767881249836176618141659712118278009872273697515099143 0.09369563294989475496568129992967916775077881908235361741735743424965769755455538221869471204672869132686943462966742463376871355834886051715685808874049597124997852059051274104199713597824005479589723060497023750692821730 0.3430925507111607922576626905873400546778057968230956608712629144363367595620466143939318702972229005093190066577373274856634881181337508930594818323031287569411038383711893599181958640232525258241310710787896512470571596 -0.5046283099923517046881932462864389990851385700252992199833563671566090706990793595315408380210297016693038697362341227833398940792380176962512565147323142726671294868261876289072414359362298374857605381927375538129700384 0.3726028259781197416815625748578916272030244444639721800238220625034490194299641043120107284311664590145642742432657522565687672439891468128529867533646463129006704051966237487687750188695999708510581162098569016592923621 0.3179345277134683601234244396841219002285015850386306611092331311098313890409080707179134107486619315688595854331509719970691672863175796431191098485824295421744424888138386414680700690785231396275869253711112694478691302 -0.06051528742394790315921669859606349712387472398518988525902121988328036213645277038173863478362275069352409574635241251240558604892214442011512719290539457418466912695229712826939907957615600183673087735288917437434822969 0.06078243759918449045961275929284682117554847653531865320602148160127082891530885928693890847956982176398453663594188855857735686680140948732475398217234998932059554387898320546969709087900165022556619263971742556672082791 -0.02964299745270959473034618891466974907904990541768147387881378915347839648938588936535528370225469337486987674662020127635132065591697969928909272699825165703553854993433769127027515377815495545335321581713760300910081464 0.02004132845539331949289157114471647278470249181336877756032899523131703731026106026676419292058522827541470463721831702281071102964376669418229122284408119115529233954353099688699274895666170862415628026591196152481703660
G 60 0.3219854943734708739735422934010026959242643820100575687390325856786474740005960493296295063151131531696785438059255116137717745942717030746624393442675638581332797655803796651883949868881700618765432959540166027825361236 0.8290075084354086406827283909630611529314471207001576782487594350860696451448175378159659464897726750240970366541527515927511419970585806280144535572988323123842669137547298478726072721390977174712454727119787338761656445 0.6627339538716293381650353870245784174929324041387974244441984889994587195016200205541633129537412776571279081930766452582254721445767855479753981264917306770994533599177646071329510901074902037670352850048679037302748739 0.6540490253262523461092496424273588718471021138537971429012942699294794614024915205593806786130013413715514615278013045422058994374452378028943169683403803625944800093748441025374938541467261228116767280530065986061976626 -0.4126760542627264165662462871139886422059487154023018496350037620388594758220599600195866994954305504336669558502695605425039193056318384315142991290953114555154549887533102224561527086024286034315785243644791947813388969 0.2943001652293798302729337562882194741882757091402948215128288488470822668012636371445152879984959691427499288661429047150231416621217287363175896321307079285925916430109364931916101594241479627003782549712993134391462369 -0.05941802966139531740391113647862228506184910766510684532139215606126145606848596846549720514773750248380801342660652854161558832194934017763071710599923905977275002662168000120799448072316613224247790400945816391562112417 -0.09590487355476821314508581540859876014328845501842822486836768488737134677319379844431101760330718179886836491413620629263828326682456090707963721153141287954340375938121900272511590284773562581806217032978196881132104448 -0.03256705866101357587213539577470396394454610149881751235090252419813341536910716231483173722275139744360589961964380363611753235537110457575493434176469642935419012905325961744191185309440613941582520392679371419260110988 0.08111315303206703096779637424703430225967182984237844381083491745721854211068063781857383746078266237266459998710645422101943986346168884070084108066356524138712497281011534488810166439377051275653646036239291612592472755 0.01996482622659037197568959827961875032272245684043885488644906217499889797670826969295490627087681344062454307021368129675632816246085087420973090516860637793642311475523845734726559465752404818057235240683059917945858445
G 61 0.6577038035462983072745365890692600508240537250452452126078903879170717604363653723288550213754365933794277422790438966387148052466051919623199576282125828511685402360351191781414502171039749877219950458339817413436044499 0.01992497254443157539908734829332487004275185902904489207539063001254111673654364128279022249963249156205957296412427908110800876297619593372007136937346342578666271659639215942841309284508801767530065752381712360829593463 0.0001318763499521653022154267315743097558826520680351434761265484635518905967744698454767065425317812777855510691433140207670539502561841313933738303572493952236134606294462001038601277011841296939047696670382286659532566134 3.484636787720207397493658788200580847425226363701516686141641770812751919797100398496225244702058200810440031351220582021840791282266893801757196318966821982883235951460448660952841770766030839539650649498210795679364491e-7 4.236347166373712270676570140403741123637839143220887964561711727863327751190458939995229164755046539791636335337519901397476943946854051160525387342975761841782939098482511713705033696198055666036072900797717755971265099e-10 2.365028054729898311972388064807645964692321861594522593206578053114466929339469259136011821418607238065981970944800267771005840357597737726374035982531630316426773330528923423720304091282209277019764392777948857310998575e-13 5.518904119970577808217857405146785217611088390488768189317923502390501720315115669157819064160902900061727777793907421619977769180153525494899661860608098895125537846980412677072153020123949940584966944329237537503756077e-17 4.418555604953280492002593405096299626284811650763887287801545267168870790165690745576887228078895196900549537833330469483910702927758636724823821894870184811605830952671842834606829266324928264640570411587653489223774874e-21 8.389622796151446100501657457826857713287370939431299709782848351830510905116083733010464477515854382268850248822188943144132169072664089822918997945259003158902802832839943738294816501471215465094477809002973072424783919e-26 1.782524026578593914091514271918515116825479350115171574261569545532534097237309554652439913554510756160270412804415138354026500777056100941702878012692885206316201621820243703531713434150408880754115517632619027777224878e-31 5.862368362098777502931776310890100895316090586411871349428239473434578593461225061133236590636868745978405049128788078241121427699238749161229612881146049260078068436364147354075827436553185141257332810352166603382573529e-39
G 62 -0.6264759756811280128299225265925784928751750388969247837498563866805773419975168900047080326401627746805810867047382867720651206776835145340275191869887710517714929812412392938953803062426148074214140345169378032297663884 0.6256585383759371230309082762661220327491093427914035630421129310788678959152190830064195866186087358685372726362588927637178026811815242791419612125135220860959802558295375273158111815436153533516419878100020409235392838 0.03876466482166615174222890242533987690703380201191013763817586776356180612555616538046872769351948074777252768899714301175017818663989732206917214023840984475935995871678860244045803633677172074938996458145595632921313528 0.0004640557742855894014853393955604281014433763442091253240906049490737694846950817072100819770016291921369971341434301304628895240240557819751186208711347947064901281256118014558662555639565470570035420812764891176290614981 1.874539295795612979705107308100757127798860886408058603406045757545965903582434070248821913816608758434253666844666158327380721220673431581876110768234924064587637017610103460609774403546443703116862517098644320559712339e-6 2.938809317931087795580481552250165408483237532664437307417081365455290637159534279372334761740486214572031319077609991884514678877856998352488726134135975111440802594789669884326834681853773787166087988389635894479844977e-9 1.748834353351500266836473114367949174915951058876925815770676181808218671352334218988193204910444073404972415481352491024798977126408105485211292170527271050845172065253424522751506406424630165277753157062493013615440540e-12 3.398142872116234593383854180133350164815362396491754309719775424651993112745713623419985245959870612009125349959403570119117239688274167911971011094455104136874838771170917182919999423050582543627455489678141825114090428e-16 1.551824954199454392685118069481375805031133008508636938928454997569464487750039165886547076242411813042278434678041947808840301204503775353902323067482811408623715190686704633566455367945042569605175107640281854491629861e-20 8.265429721840117771859075334643445594956018107018034995389381346181679547739446878163244273572285133527540233515420869104025637905776843766410362514823634226959051820571364840140882550232390436462993455872208060064292305e-26 7.885082572529315613403245778744052781372730851147777161302154745226451702832345888637433726515936762192268780572172679483301544504632500546014013666924583536911645489804207669455316668976071021778105481975047634557576038e-33
G 63 -0.1510928028514175151100667950324811330064712087171840889530209335456268110017919237294431122769352165059654353861865111508290944748587418294154563832879441500593146444223324821077186424795213065827765034266127192495956571 -0.6000100488704772051176340188371191522876652736831516943983982922749335441462570930088664504325797808004418158032982794770618108687992167538435749817253670385484000602748030920977590843516193191855505270055265869219770320 0.7249146804573610950866871284419838761148411424936054876993886803086245671749239327442922531270749695208778120557490677116297341463613376240719839915719738516835920854345374901422753543779917810229186153026561023523620245 0.08081793477646698421377738117755861440323839821065573972492320401273185564838942209524020277214078052023971732460175761813898145338844548441289560255993607625689346439781592698373905667535582389032318201713378829102848064 0.001448021816265995943995372261976782811515694831294711010119380673616087950672518835857182526135714388507354409046377174821380087798596517707836947015989912717350391460532772692604847180317415561090894790816439224398704142 7.509795003373940090760027740140425263849145623500794509254555557125163584040865044290305362603423715541169960502598518392632608297525880856564842339939825113543062954805625224332631570854477665619619323869278678238565094e-6 1.272567151126848696757712291295129253488111753073098831948492683480866961643810848354487377098551726339103622632851217080240889546543099866844550098808162897875607096776044730385386094639068498958677757344545263867590298e-8 6.528358201491260853942026104547149018221497423149014704622169818995408888608287812179998197089474875114112268578485480170080339829806205827756129394909639916172037274475288993883300577693672258448424364579587314799263788e-12 7.707083845032104495978442643117111298017507467059205542621471064898384145597798344470485386163774044574355764711508992260331176123856285079286711571287807940500700892921632239994674738688012764427592638061124469649166857e-16 1.104301597458131333929857426582207963683383666814790907013150093956276605669624106633429530787477809319617312782916525199639140562746452846629341498600913767513465415295103906671558102770934134775846501865239061682071726e-20 3.319033315705954252972043664546263827864740251682843448232664096741458741622200442068523920398806100448851980056507130137425719867547794855886862097064762759795470224254077436533026978959715428131714133504164680652306157e-27
G 64 -0.9118255993464218276956603695796473341915678589977350909489146906769376825586528408727676930511035371228097888448997523551096913318637970043218552229847682204257351812261593236787028928718996876182781897043130182524389356 -0.5638971028451890617364200835967121320410747574063092833104085084935095338299128628783573570817311665345426491276295872537595509451948399358220779016799180761098279553954988333400391879825683690285098845692562089997077648 -0.1900965675879931114082564831194687341246359341122667470884173354690826389131672265238946065059494542398413164263206316989616647888666544144863393238899817031983276288246471481354084834318503168877973865857935539135083744 0.4769633609539517924739570076097914278426185417092426605777838122603009643918111051538483574408570783328556533927504000345655081118456733847262107277744793726751623778233507220869388185351994172254867123286715320616305318 0.07948263301629461746294688396061904470536674800570675225579400088247624084688177393575595519399163683434873564303568419565827755995185494440328971420245593872649062798843017596296159305045135232041673043554447175124154528 0.001814080987731450079417503320630365942526375722956931839401533157027030168193743924917526784829152473989250511498415560063211574999385600975992662533197632311865005140755931962536961589889053141056256094476081183184693954 1.025067308076961716304348365555951946546439336740356434893650019707159384621686827735470337322970048238867569140537219826556439178048808449248186356206074459897611438225628369601687535918943232797825845938784837583885894e-5 1.538691068380707006233656631775979038469052590715258667056368073157229018392228307266249729199898911071417564695880789176247859952019067185800648426768098269792262611256943840166719016897502830344350446144588888215084926e-8 5.057052904894209177760850036368641279572267155669161419564003844411717673739015490710280242649839141995106795934349585561743008627734642216966773022420374167408577576733554087565501764095511470296564236016744982363808321e-12 2.065122725308826092859488511278488623295927593582735247598478927341312025837630354929932385953315205832484889353671552190385347673438332410017036017830357053428350321510184106942270082637411957275871638813586593071787799e-16 2.054526798201388662494603941184125561040896646079489123466491049743696523038122846774770288249620483029291301694236298767730239049011894373015195410929288134080788062552166526765803502686540409716960563915713550243028854e-22
G 65 -0.1428018423511288891389415322547104189554429956779344487759981657031327769311147330658560047065836395697100884249228654945129776065337166591241604564286344458490802542423679057486994941578592650950495340545263434014103738 -0.1893531690247069825722755900504176759811792154370986430473089057590937238854579906799424691971163527554492395236138345995506312974223515976090352172107456844157987647004138071575041181442667372707302455433752879403716004 -0.2854097878704902897636711961313401848073203811130034996392372256834756273689228870026846807866180221859067755196309114762163717823975297060288059574987757894219920586538508961978645618482364433343917218365700344013022743 -0.4114064681304040032593479597934059098445510853619245735140363427753681643640241250087912028043161576277349693730701203746539738396183304032900770153053532456266696668653857101306716923390877536068963717922619189007473950 0.7335178929842705366866148078449999197431521781804433020961696883599108923691014305037853171495682111020357124351798358988416461936197667285845011243965289136912753621962902809940106325169775901166600803297256524222216160 0.1481726799210580763085844880810534220208939207421472062380953461085244679593515764575165001020577803682707067255944609445257083186166720245842200452754977086687464857433507829525046116555736117951598566242903176489303155 0.003648394863186627023586252371204022696925767152777877881079632052206747342816666271240083468976320645098198618113511877097155527188748351672663127930252046961784931528000577705550553398753553690011730309783221794159413217 1.865427775275883534802857321990607281316152751368102740934259303035920635285322808437707890352079210121270702610665719946706185187248594818322240222708733132043224219390561506803839324124862061463109642548181795879100705e-5 1.893416700856532904172434742405154649450104922947744277901364344377407102277036496584525209821459842490326336429331804673088281352772307936765587166589432761144677179056823168014387732368339093261297755310720520210719287e-8 2.389891374750298953032276356049266858877218439030031520372073561450140394889757884952567862980722015265748183576852194090252824033571185771330006000292442594189707963800080883811284772889045447564837865918346635743174285e-12 8.472334919173250230591428365466836173734752140351318895546526115640540024532065655110002720750985063694433695454168399368253352189803251693718415882275090114929304212328681353235631756982380659260968265173403132104642677e-18
G 66 -0.7153554745376028398608769810230791061508279626702032155405093531177730488134347069030503830125670655605369767268634816441831670424327299164442080681375057646194587282156511506700539458889908601553328693639431615047768753 -0.5704181422734485933844143372480759501839822805376530773137050781839179052673582113778994834603730244559819288443295127959214378244593677264704769753508138932739144320702837565753140269751911199336270386669873916609323383 -0.4291707060077123571984992738878117008021618944900130197670585416027869794916360218627801466192234406109855890617334014574137925078480269321353783387035619153151777758227620918933381801618468834091304614791539419069743407 -0.4831781503121166080670197389475413397245139657989289518312254996982284179143215200225210146810019271932974127278868734846002646172537550937262840498525576394911626686781597886968563801124713418215608408723462018020770259 0.03141098116652986385266198194783425149347301851579759377743798956019462520963033639494514939243131850284374461258815131038198500452080816465533421182163693763259546367105576184581256201309776451481569082212776110789752559 0.3697487340993386499732599405851366519240268702628922585630637922461974138479001880306842626834386872167348037490173861350642125921003847465851307014097103585094508666648686920169311953702973310720891055387813540834599192 0.09916582702523093055959824035102108255362735675396193543602085886540526688202030734764862910475962174352532597788968472882576440571165822446608181392079037891515326047792494054239174345519679673916800005973310317713964487 0.002405553668420009953079257311934431818523281110080443838133051769959367075495860526319147886593156796085034401481347956772388996474140037363900716880651347062694848023671335252640854511009201109202929150869994715252238451 9.033064242239177358127104927133328720730652289655099511461113052964535105438279907247092745801106651637720567249155957022213736672414873091797408865316621201519313224193742161485887991318858640380643419950856063938938001e-6 3.969136600938076446181022663079583417082482526686603515137181190954958849413262787615396608277359271416822186420561036381223615049646896224039202712900726073039403250150200553605186667942152668426127328381243332161097796e-9 5.483944053198045994185670701849847233844490964251246124327786215022050222631078485169126320759455487900870260395269832208109155433324624067336515507049266365993147833747787820136700577995991950915804860173872466737667268e-14
G 67 -0.4410963950090289395752303222645368562623189058071263663941623757012842306788518443803626811389973176662760376560923558135468258017839098421982383029131540698181397434367968340592506176881636437016603115324831466771078453 -0.4578753665176958899158325398747834441700261757658941822462789248314942856703402097000985518208665311644974435842708687287870176511047534990762840139341759135172985454247599397743770124800647126289340903325624359154673456 0.02832438566875354282341571805078163703357304916165563078453684826937886873050526377548449855824806247227560381979123920058322316788316009189993699062244597364575823902599276837164158450820906953598110454046617649285003063 -0.5207455121851171500147275219834593965944600606657704347011739337697884834294225351543801125922501589168523617685369596097091574624661201424231796607231954912079937600867166911242977427962601641383371439170450099528525240 0.03391103779161705365436948205725505845316260276566022271355424644882136213706778293011230735855045023669831828245858277984045865641629098808428952727394584341083644467756131882119326959891406135210835305037793407028749000 -0.3393988973467256905843732197512026658689534328181856772336632365326545181865619494972443906629975914757306358598921465166088898713243038429739699811244691559762665926845442077693632011773479714673103838734673325823786004 0.5278873339498307791163825998516656144174919530580959911207256750858542479834315448532651735185020963987711228805318421227261257990654720421292551272610553470499958930446876336424402487875540183889686831667618229819025695 0.1258791273270768814624945951546403977215944500874735475549649411183400249939899197696371902992960426236007217613052369586441396982217321607294376381896641966341249766170102736615802671848709437801942438492814972324422170 0.002272568045802065535098142701046294397827681772094221370818429595091869079020924578079952093677237551697439742164721810274802949654604103719384753352472835464184551033169240652243398091976308137879815026014825270708498735 4.088931435196529477894437758481556021620398131219430863866841926215230791212960806472255859989777748344973811147252826216294698228112388032615080597697405467311850464174476099049447930421288594342375615332318333676479307e-6 2.528313182282597896040243590835201862945141701505378900325967676082758777989040198103328056623156868857616733287723652014438592345326489913854513113021799005732560060078020742263890215717413863464330378333798574873056127e-10
G 68 -0.7561797085803384372530546812385333393438172483316721845670799983944162854060416050215652515349831838723647869719830481635627623262667373201432053425625950380916815641361533468840780677449044476673839513303209445127212162 -0.3246064588160801439683907925678986438471145324715685557873684613070189490022023754821007733457475918818269784291296549746589442351805146526640811886219508461350232993191321792487374127733549653900993407543397105298299805 -0.2529048512691140845894741443665917158122789399059503236651319097767692537682180199053968313063209728601167694164249382528816865018957529154555289588701014135307647585076370771212574713365034844059228762864373403021825695 -0.5563275524817883588741111704219961016069481141767157793503732992575644996665138657744978352209286761441682770589034966442874961515861470210221278500512175870729612182170353392798284766952962015184735123962309201879067384 -0.2301875319826870182209688755590979032608471486965188834569648109694817966442784572363414386915749164709953278518627958323722375762086619062525633368630840279841956152668580360317629243016547427222160444569550568734954782 -0.3909035444277057224278527855082749154655561786398055617442311594944900279994420884968334595627091333778359591628310238100962187034905925385046737609151462829576249639579180204021768371179588798015329853086054522944830179 -0.03020149879222564403369264999909842963038191701259959864002977249305565559104743227580264823111408492097849741292021072171746310694543947196680110819259908109107378093158012175463269013395858201542182783392033828828096182 0.4117825477775165286208406178192620814517180120928214392375889807482540994292428061657782561447393750616379893248891640475549732215123904488131957207179217990068337956138293596028292613193758890954714424934789019928811040 0.08491600289671695072523412903702320810082172555483459203475390406741611536271243073593492266456067516651542606583089208369070408639064798003761680343700634752746501204845853421487773031197551861896987141839332381136578452 0.0008596386052520980445692702757607394521016055370971042768239883005612837630571700651816872481461114089553777815229470556668637267679467270650215542345248314303173806640037583392368613361171791145387623221366491641761421333 2.840823311700159418718567906134943132288308122601463760987099616639379240876852429966097197568784139003913874578608320699352984987993763142313193643285174099550382750154854197299758806094475918033927462020328042121519837e-7
G 69 -0.2864011007870044980936510936303795006949270643074233324007783778755337368043096567168122936865095443210208507819048628337949269935335729672065015773219057148458400503945867829426994676857854869824257624893223297588188264 -0.8214093618448214650443598986054471370622330286251748825131403314170877220278419604570046699342765312722230440398935107650939309828493494572555151955256376310393370759724342648067255830013992261795924716570503857097650522 -0.4594316290585033039813458449952476612963452442342213998429060762697357493967194510871167829385381525008589153443112534341437107246990706007438819299999805141741719421297454794246169144553427327491310873874897629500470792 -0.01909451250440429127074477739403240090531970499756119942827054220261511550470256823255927504336274697961542496882183645884864584190224883063822477475611940673640905261506810156727806597419241051260936124172962341049950761 -0.1452427859729699686365152803563989893830483971917472310337039484650842714011926180243163550070995071340474717437592723591611502476105874562071927401105405998994237525117483884209323115136911029131290249519773101195473805 -0.4279480599385286932261433558760848160375872807959283436405813794117621403104485412987262658172632144443945976199250229925427704011505044413617101773957332398312439540467489333619336311207538920944118716121690098874063978 -0.1359232602381429959313842331928982626174534548355751497880516957311727494020835844904926720637862795676468352109848683512621581099263614412945332410355572275930386651027394873719666106384138711161132829139472349544382982 -0.09904936896543305840916893513589056403616777975886898742283144490579690482721725530467597791708556230643874219489065599677178649727766586259796758795739922143924779761515494884748106333237787980893078864296377403534820164 0.5157979291795714393678980709138011755451979943512383365074009766423441141703379711523280285603448809813530674095623884646398183968129025163691297537951035024700291172322188470621693740315189127100113420563875271975835879 0.05689934609020307591042944202403107995769801185790013937942769047247476597294275653375323866275457076061208753039705645751037915506543121989905228901608626064410789980428406038328069445112651189336606235657960995873060922 0.0001334113685531330537740947146392716696275454748143970741169951978154308622431228357238602275443671844648683793102742043152835534542740178418159676549152927965024484670277887604490020170337079308103555713556747634133477308
G 70 -0.8980229027647931690766257330212475869119785478192033442001486049422797638136227124486791820713945998505906362419956511691507428648281476915134413780266588809242414084879504354325996289856801811668353788341253112117496874 -0.7406478683650365767329920082324437669419692906453389434360752333157928794572718578203985652029737026941149098295179062148554638132320622994159081419509829661254002952464634731202413979979836325349442580954639927664331342 -0.4871116066557308855149522590735301590370487502173205219100313087547005024194610284307103330987749994842513515371810628252522954579333729527581447547419422165611597735393803968569322917004456939352552866747099476971830741 -0.2671451360657367814970574529291390384471359964109877814455183254938895496587936919780410458462912174035676173675369209043020525414299484500304024123661537329631760666193318892804860550997393543606617347626346974810284475 -0.1858536670746129245950329168105790621515415007077978773448978306916021634832425328713757664739070402838765529881988849176246122478683387277568265386154773607023037384623910601141099135287383443667604688289507245334571189 -0.3957809900075043874932996732155355807373015709224553552502611966961010089112912586773608587003849410579881355485392860360304393458024822705079023162757356636713789268256912106114643171132393396710350407531681602078458692 -0.1728072544544898800066359410627261876570556298025048514941889463780901438316508189187623227420900940974324209833104078851710772360970215730576258111841974283689508260423622646997649776634591952967185309407874505848246377 -0.1981110361822417231675995373205350381252717055272151262075577273771128989892734783236513623393627027989501544971930415440726325106344115309960549530642155526934319631732015578034062253480382026365042692391100878449963579 0.006045209492882749297131725786280106386463246921121182319450002097227980107788592976754464282084666788128796925761301458579950036465306693540550122588815927337307912277029189941289026685629879838354535545296117601737717650 0.3340998973544229522214939058450855781282033254121244515003525089870155186128363716117182217802055743388707598682127509054128828759685425972302111829968462150872692813099139442192696149134613578823660233171504560806905343 0.01229153743883022248422906936402513015526110408487416644147964863777412795263783486245176282370417710886726696807933124715692114418471989880190260243358191108158942500998552447569856005758378488463530202097346905637106652
G 71 -0.6022844193370419443189148357393916755811666930515136396841806938292822138749380651572831392724205220329635346891952049312629589858395098862372662476614869312336947846046221043497266774999509101436791542833970263606732282 -0.2628534892186430041201963904825160074190063620885511837684424605548470297836289393952182547837095836350823838472120118623957770897383915309203676276208331374515465128304011803389014096034850760578872319735182792365939822 -0.2440161777629130238971730605265820204635636042534803094617209257603905253579779936989293875551270054130865267415483349763152808912509279392230171322073161800101733344557554854499080378602042018697698453904782263607744134 -0.6261240865838326079787126784373062132927309545662842565862121919706531233839833599079755143262973457905740892653190279403086247651467383039732283396145635847623288569632657510745921182960564448692548020563971903169449346 0.2169243726952007165953753170263490477994276766472571787150662823444983203345138415254860065488031207241594505177880055957350276063811069255198761477296903521015228138031127683928024564712243919521036271631856564125276533 -0.3725157823975485954945081853805278733918092694222302521048741594216710656581043496947759668602594911263411733970445679325531109503602485397767603966692752636809578284523675183376557798134207557225584974916316770154951245 -0.3333516126919932381902290430039682781167853916934330962996344536439342497786559731840450721720871861341615707465744709415433227352434821480828781806434849155916100187000213199093878215739239487508272866838587215898024077 -0.3076554875929330730912393293814306747702206704093443273936584245311974514007078048738964707926085330700983456900948307371233080926905094030052475573359285322098755950781106176379054600499059782066846382210541178993306840 -0.1505281817307106616275350519935865628269725704958653087702878721439371928453724926819858888425216701742107646466818302119739284243258911717317122620279135440933136531741116376048402181033673388157987492832954188357961318 -0.2895700170638177432345458570644712936575982116623698010547415990131217642227708466986149499283219323569752215078667536372560414825401776003955218808388648396965844245216228145791259894737324579598740338157358892650068205 0.3475733876117437715991120472304937002019027090119547514582271992012538377194927392635056855415149281622843103094102688107085585290277297870458634140545716192776724295764006774688002400952622898545895828096847073040370152
G 72 -0.8452162886263451065701748977786809475220065443806708167861407755513760408156367298705001259579422500153462425567004672730516453310765636510127646347696827567451324491570888267479178117417566455317408952069432420142371162 -0.8062465091167163188795102187303156907646077246015602119260268289665409597731403582306876711219709693302155688250015758685695413486467975356903163603617511359932020635760691284375020777757519968806845048258532487666668635 -0.3191110597984823017853965488106693653058476664252426066195277334957597632658098845681053233612268401966627873088709806209793192147969648838770343823686628398392003117643849732190730235084738349161678409739132296239553733 -0.4712975840254060467539526155935423422732719119102924997388242801995429884294546308962336810955724201944799041820588187202930826177674691667454982192358171287693718846643494736382809892758665590898446793273787585131399696 -0.2855369307889651199632554861103486197573895049066565612887140311974593101747112285903324852589096766730130860264817619873876044990423945731692224172714846536323010658492145537527984241767209473892187458643618830199540498 -0.1520418656204612711393581224528628119586698628184688957664693378146033327149822191565891216177423921273997875862556577896134710087757479651888087549681216263507778201958450501271616486320590291537043442990052552108536718 -0.06597002264153423610348034017722869446391973754799064087050938963396686190273904648922664972493080307473022153762756049453357067264834559316539787595001477658922850968528267647729740368055395009888153679357641622533767059 -0.2132840079793740060543768786356011959216431556551421919773791557512078847118973455771281887301754807056644766224017214865292018742504990664395854863470511669193110030600303199439777300822304220197266666513136457706835888 -0.1205271731271711218386786914695634433480278286692527811222756770057962182773312824852023249647790643593573057773261300431477018122479270458776338562509466695144133423864140149043840757750673513632566366362922509011761734 -0.2567159536507303218380471463411482046973701120960273729296854052403224438346496757033172121192004028277359746167115987737216264741422197163172548562258255800797947937419773735569313230858066151719726465962763438702568689 -0.001923252809888485763683519939502532166870079518508090538742542186901139470994748059166550037891796259456884476907874475803453107263078662487656604280141691514829670935155077001054803048839414039164491023312244258254584837
G 73 -1.262381955670697235457692689073376715789487582854690322229850531275848062712456285128807456047525365101238714400276199489913161400382939648996547469440775165849716255656012393797241602458907509143994594408430954150923279 -0.9267941986173563529832928322774860692471957511967258848509031362737196029080017283110359258081824065554478718167548539122019224747917747610917944543877161729375615067598978388899326167867165850520799827552584291681356169 -0.7389796466685639158234276556957203440827566951731685703517024102430364683587434150054434352248334956441990743560254066740212300826693022344507910097527925256587585430106205388346867288680137389665628243378971863976299526 -0.7485702061022336414237272299354600981765466972342695503497264968777495892437925479072547561075416732761776068699408296347733086714014815213644144051071997482501069698329600261699410944820741794534051080904586100676590131 -0.3722042243787956140125614748405630380290906414049566336164171417003262619174603424883781541155006493604112562187645759940149198945130587228905049599273255126165230567067254730806564610104177495093689328652456848074362952 -0.3041177054866334805588732421583845596934983381665771506614276237266023343444196482156278083718418716299716633496891889065434688234087741678908804948806941333508368111303888134439530700790565647339977145060529167715097068 -0.1926994406753824917319743678427984357570551797938079487203059680872578438164937245258992194466171799747740905085405217420568641461197461863278694967396500381247948444011157432924647136553454344733745585561286453042760625 -0.1037854317909247426936248675238368233855987065555071234513596476825560872438250508868809080558003710617634169326186527857635884827060455844181050930134165507476788638771975734833046420235556288487382178061328467324828024 -0.2354535581533480447186338464574674976302260182498441246669441293253471683108063099165359744910638923194130190607918327018506287336150025333916721532091262632433252261365632785939144839981072299498353284024686146025174008 -0.05854222247322537933920488335094857725653063102496550894359441314836101338323448909154539426643660076418563253303685641662852186471674239638093670490426619362544591810652240154569028247979105185442273973435508924178713418 0.04624648700020349779800908522068220294305002070119934214810231781748497211048564967882189876167785280528989015885467958279477880557776171401755367978820251413320096791752377672820509778302708966461248000966531748537326449
G 74 -1.131487404369790311495219145387352238054964353574013291901618501893192171411852525136371090787381388054437650690645678438880290757124744149926123979380759097122931031707444380086298806568626815117404387377139126629458235 -0.6563222430757316320739508328382385803130140443046717550713102392307015805118401082954205707502478924197431715547736648930287387869958648555061037584217631011423122106132651816674001408647487429418505955878489062177992210 -0.6328073068126173095524544445860650354312218637443701099064992421743969142179250117115003775173302740316034366298945596974627220848119789072845631876125490743051708712641300791964185884194982056821490259301367910780881168 -0.3820297869930105867854807847007217132843027495552159519527426084697259719319186669343555962768061892439355731720159231459818367233202367174592737800779450167019025501275625330677408607177567988847305459591526212039351495 -0.2286871978823596377901383869458593955079329293243069935316809723469420119289854204460733928625472373928533323767815065169053460411266197675266461451167409709148559807814897282012136137142116754273272246802733295794098636 -0.5591395593170252477042874447219732591352530074510730255085112735914316373165157734187485430571324301896032306396341131173766551085419155226343165022295816524849639933007495254816556116895436725252253898451617299216744367 -0.3570710210604230751738785492742343672255364439485905238258455895913184597442810061230604641126055305610946533436063880084972320570238148327877574013159728310992050977404218935617248320854699980068134385014322235105815313 -0.02415115705217113619837509709027943148567913957285977838580336611327166189682765689787128416918987892357497101635377093872476154590221127567822319665233086077625815737159116106022685733573294780322787673814269365242403106 0.02260241975975989447100962241002501358743683080550561019882493166995750867164838679345926924649279906244122946472623459326541896090272342871831640304450428855914639796820666144082210187487893700399632922503429956894035952 0.05743344578708337953942396536826197707202803752609925267751023484424398802273335544944724202206753776289749625801564283423016569305446277022428942631414257984585518407859776232518375739809699007280062578384251449167149823 -0.007945570648346452281198334865395314592810959476945172078190470565046357494413911743113398281505852187852586984701959457441041467356204213006696298106618231201645505461025319382412576913397909650281155503996087882246789305
G 75 -0.7528375111355677407301138418336812739633344146005223719125911995720613565438023658745700910655808235578110190830453553770939696535487688411078580460300660591050282282524987544617343703069837189389420307719445151408040695 -0.4554179010937295099574794902065844373968372728319257018928815791670615424123820610911914287736279842001174487331167727114407731193985776720949652431297424783740830971804512671041834674985032792607525613607594892000118345 -0.4618924047831583040685790891070238413021482345104730931461517724257751472298124571371944638391020827593500638465433052152361028597822221106287989094926120925433162669881145263769262606384457524314926284512744498949579418 -0.6274792755093513615863871244464636264667129734511132839952975148721731372730487326146543326266043951676571071057273454871684949571269446165802997495809559605110817497613849996739602661939799921413161041572278703867403888 0.1210767250831144324786467474230149088759225618260817232746973605936616428778015764635171710347206985793109704704101639024826624727671939405009243316688311139050792914699350364010419654241009853743117611460225037464914560 -0.2948510305661057605444649368735249554153177647924541195723369584322925047926085265263310159140429158457081374856855138034327436540388228214345039117983330930955525227088133252861929622789628905367534577423884085839046841 0.002878115294375403943789915097971321673773984423825778337560320695751037575459601104836459047829982037047322403927575931266432904218072758997545213169699418087153413884769579179259131106749970254787893414921685968352443126 0.07956030721467468312114891860804859268146145522447139850387856343399674042211881638624029471339865497541887685936653771173757198717480906362578140872079006438140003864169098596327158749090207064551733503572165039678065508 -0.006208507122581745116495534352802592546074367025258408788847954457781864772403112108834094986348261905006425310006195234360000471424976041113406718489589542018738684652312313322917682330461772547466727800000990682545130638 -0.04677759282278594251641143593964828640054584100225347203796372605950431067946449847467833422741023855700697382228447064926354452400806517093342543278663429258258174791610084399014528728015630568540636857060674600070414264 -0.006305707222280450496883701020102798555731217749172164933899427475781737769974432192866477052560681892738842943432388708997840931486900451295482956282909279107491780250673369334599270449639721684188864093523704802572889384
G 76 -0.8615703068002148727414628474499897193096623955170682745725180260522213410027790435714557667419270811426416231237432022142003308408976441101271522551749518866849579176619454840520486879755476859784196833245149991575544596 -0.8225203627093433484811836775244585630507333604097024836017948157905702290025516121693892531631138527548757226326865983642902406625466773793102207980396613225587302222122972051857330528231247167824990981335960261829688884 -0.05056247566289713979443256243435762866317073334091048092025405743840997248222655186284498622760198330527370815705750098445526428059559765383933508921405973811902591213602365494328466464703503264641612097913747433928774950 -0.4931372663206466954546905864275758564478759739973069253891819825110622025080092732511127722835372287978042713115389872984525281476168285479047979773164031982401543832700443437897430563831124754798817647667403022104648832 -0.4548731378192541349799984802538234121577785523425144637923175251288474873169686649846095529768764542391151235557710672621803181503355447968739459644171043923276117021166628349698836786185001943528347947272091910223177811 -0.5623285614721781445983046797907023560689584755843871606230960536818781692629334859871182787395126871440612383019200949811791032264756058217405105476764782485538450393301068277588296024122764879852383289576213947150853541 0.1544461925142267467521349985448305466664694016071959723829656477149365939445372778466171501199505901240792459236927065018539866589177007008555563765894317238075041931526234355403937503350196306097471753434689815492672108 -0.1214476665047353034764345675839844495525915885252620634572614481446502643782375084416201801799540488434538090740741178994608572090277673039367344392555116411859705561604886056694671098894725948554946643281366345507499392 0.07694758767446027422588450443469301728009633369016757485123987714684283056056777885167472061947268505241963463464803641727467265969513321780645929639635775304479242114487977059130176206565145176172429515823143753660611200 0.01104634128086437003711094031814226057141932413330599694356387308155415173358882194400446252779047396082306681162797417513701826631717340823238484436326336139918030800180793338206022562926965796186739625016198244772471929 0.002803412292282009512430426226445488061274701217289636525852627169826799352433723760948673445894007945423778858868581037617814707209260033262216552039053338316495105013906197786117812740551948676015744809601137145356696221
G 77 -0.9226362534168662680612063984857092151279540087921074003128121484617217388543445287032001663569169599393019495326170549920413590477724009475244385888464520888620248138098292141088100998037999976817956589754095293496305068 -0.7414824932037442018059085959827121959054446491291348101209783084364521658348535161221431243461432368774296036479438118454942943223492361241625457588795493353649913630347130398394149906438745805023904342873805797050735978 -0.2604864280329459269494215433976829061834538063788719766682927160594710985812248371658337812403833578683709970315649376786401856077023423738448933652958273547558049740033640745082266144968207109198817754461531052431276126 -0.4692448690545915474311417679566244231385196890647395078960311684455546016503576809431459882002065803509866808724622540117728791001587115343103277224680215282611104780931280068340692548250113089335630163021520856400703209 -0.2368622927105073229829996583992042524503387119364132669742645697404512899030752071683812272771867061233367136473117069299183640255179372603148626004846071996034005373438836692115489047102818785683888835896457362564245240 -0.3463504245112483033757058192736817954495048044131756343992783873415329461440511649389199221729397632750342257828467445108104015849340261601509878496138052623122866714275841511812994606445384057501183008388121217516992623 -0.2154310764003457362355544022303556770909091732747030954953939279147311834549807190321476853580831604902718843045299809583399809455857574845486267130016596642001158857102874186361165085061876292561387272202954479869532649 -0.2403143930867135624385903652162952350487724916754192375147650633628500488302362352134801282177237816804198855147570738089535870222865118391118697499504921979971311846930930471412981938065566500177048388108649036024930423 -0.1390323010290790823278591460985629574325507330014242712286837047112005963490840984914677000398273044081475087662510733534736772543765523771474530345461184305504700464112239744409986300239309349108591985161820101727259387 -0.2760412715052290093214304317999370104004585031420424481060214323840829966903866587627432497793571214129494534344493930942064090076871310008499352771220121169633615038649392673129584005513027751378302461955082987864023774 0.08485183570403647558029088950457990547369155113694312579958860515463040994176863625943053594375238631949129114447663563522731834425025896439245962227783593779708203459460616638733159440544265404071782068561234780573674215
G 78 -0.9176359639725243812835533885986193504686506223723315465459201850286238960636171768635078666480487430978284993637388068631940078483805138196227267473549057769392899838923971981906050974443358446505868513764462133491480671 -0.4985180498363797185643823828854810456091787396567917038134203935283191132931298057810257166790029976143547964331093939382810555728238035185698637698648327054405685675230201129160770740411590837306152000736638180761989841 -0.4441312519996923771329567059301005566741066016158812433764825170813276231641080516330089140077557870032889771146987013993144175459847361160946160506896124267203565434905160290186133701172514075372587733690489738951346570 -0.6442933315839480595278769714937219435910189324189701401293298099114104396667296921427903056637553142127028809005383577073353246219583684841113416854332170743573474484034881075079248622838575610360764457482609583151340901 -0.1376140779369699308751951602126978485641776354619017997907166512012886302348892798593573641497777792694706643120550824020244787918303022270922753676021237264245000175577861140188131252158712653796756745956985616499596393 -0.1881531382571929734356129981157880597288096946158477180520884721717306638684824432827179110294163529214965506644219660972951756842835764002686819836175360810881255046761210445865180212718194222311998305071830979317825179 -0.2477124294095095821563348876977253109785855369975910637703703856466293542479187782262321270627494177942106636465764992348008357454694507466592615541066287081633766196541161240998427033685580913327157035502056847668409191 0.07711221037124745464690093500741765529119380153677318430033058046238263093078340855861820985490162049080878237822225189704356384042691670560367404511329721702767523469530662440291580825734090115680288847541334431505324017 -0.1283593758976391409732316228147165045029038665963437349690131067911907209560224393932559470397912290992465955065231115273679359922354793459561225389400148767728961734407869481122810769871936828681878979495691094700631252 -0.1010158472783064482352977388849374612956182273431783981279476211554975220061616905976244991831568100223358333062004232277759245354420531201571645723510304794996163743853360186607410808450055933963727423296374818143850010 0.01682251942244900611122264694108602901953851410429192581714594241152440232545547461310160519690117693553034222048969094810740331234570070120027291332328959002285132401900221665570497169131165971407482803120510900596375153
G 79 -0.7225407221555436538140928590320445378175644028141381910039809534608540892203025374645581896282534927557618361849723261241874571257048368440914871233425616534061912600377892971077726105675661276334501019059919214117962593 -0.7935041348110218901475915437754525385339850529958444420411798161139013625346340832103042457693206904144222477404714213893943566338744975846855765359275610418953072963826798854189223039941758195384277336083914305663115139 -0.3195646740868974881075744529625107670956952648926771056295133896790338225232103365102478721286426716631116032491980940161300292076248677310742079225561713641175779401890672919005689898430454838213878899853213753311208654 -0.3659297842361167282307038437047718225558877289754443269193528690365236172404616275354941485709824683912577016996556173670732567656622304239681264479612161818532661312531320081837422708106187656080163453496380120080017356 -0.2200059441136357282796090100177490529155318724051250358178256357235192917075000453776802584659068140942318688268366144382699979446967841830575622081408448423319318159358885510890937224399579702960824018375342885903659064 -0.3996464589557348243989855458681407179810533977603613258333517431716655557432342334796942678853600345607874620943147037763804151431432685414530047219927287020259961337197427374256435720762633032026677079665627246417411592 -0.06644777989121442672581248956703235304589976690603366014021483133781126268032261461142131987886080245100234941740453845467226187834629775307397289415382525985298468357908166221493451192157900059774536059931771707161050798 -0.05959750303861061149338533954294935446840683847224662233226051325358485919218811485551255560594961210081529612414390958420477412517391807319122459875041555888976310716490685739185922722537013134158901207321606091664209939 0.03252355290754208178971227619103590736156276782606863913602278147725757692552632740230670245379380472041626742341627904207301576315776277813839827606847721451167070748906276812226817813067197767056754180630592021921785732 -0.03054272307875734078583811397314667464513859969463381827300257009081882552859129916664590448175867489333736640100877812097099902923573848718567976117843815459396931976923819637699974898516496198651167586800416991417822989 -0.002799095748671317190369200473561367066797749597832546010691489702587800142811465510011026036407508832575248382730041597950169640543298945846566201229694663122970728014688586295135974951859197906069467989250286846984557444
G 80 0.4885873932174102158501090557392920657640408478529073170689110073024051941859818914260717989163454049138232607154548913171913089721826856320746326004553506179274324456784566055928106165225609063473156176386328306348708102 0.8914323334878516696157477999867653440975279127211270810546300822328733333756975530551164493687373227005756483959519507016911273209785085164578070464873806401737801357386160126139093219790773749151307958707988922805776922 0.4966550684233906349057089865571268687743920116389280918975363604186700802562140180645916201768576961769178896503990561938063385545358798184673463797051118140781958353771962972142514135058344745797704320157661792221161750 0.7851580803216714987977185262318430848904536874152573364091473945292461805640281849106863318129602937937741681198210777191840814843613975841542974918515994016876880139862442642241502837020667793748675369390604178719809800 -0.1064230841721845660592840876539745962077857637295953840033976806019696206213036668316646798909284552623801579365491134583049320392815151848667820399945665854600870470638933725481753778803201145819456550226971421559459032 0.6314633235331152479799341138686873028647323315951429990547954639125273008414977358810521293292708814401601239378035304151520302705092169964718973465004680096788063828100474405874136432310955539295694893952400689622902370 -0.1316791610631207978981398317761312348858067474140906812805556767547150991136000207127287645172013525846919259106420764257597817189676410630956793026595969659395760810918175347574829467818386527865201664840878693893624527 -0.1858465152653230633658846595072779952383659811466108023184895313367146516146481473077226570688905212884981195742948135912379500857600763308398316803593155397396073390262963470295180232619633766199764738581089875962020787 -0.2024847201690193325863214395220602344890208150219925953983361521679297753234888628265618179206793299447479613515541805842214103201332471374462645461961132242305353928327463261711245483318695210377914460755423408796492281 0.3419598044497866317549171480851640728612943078026249316920006227191420489125955646382520041299459545359845336593316028521151570350422884251634957823121638996737079018701939980097074312849626679699300171970136330313463866 -0.1026898520018906805475126963120523489893026162640549978187662936080461377917989154810882466137703672504253191231723573670192238937603720855233051599576749459083941105372332359294836190732054274520376821284374699983946546
G 81 0.1136408307159219533847493839296866277551386783524638048928956844068932795674585704216006256689984106112394558478091317385877425557587622057895711813128566228224516854701544823480294791860729298451816820612114087872039973 -0.6185803825500330733309155571784698762336290396778120039003889151621095523482341790113082196461291108320433237497448162151650148515556884478459477427625836452204161003719082324700630581147092194822420630578539571287903726 0.1017513580823176553603529666033587264869375240733002307878625586007651651097966529773640837492127048146286117422980127340316460466583063927354802977635195742425674567673001188077848434546983274592263302044096542400414474 -0.5609708984590411008856853924123408108412885495765407351924774535897489872989095597040478106698907455531896376235720130958981493124236994899055902832675567607533291288657906809001831781347512547557584415740585995415470535 0.2318602325428404253873929444621804309442546271464065002012757772730953519926740100426787896219033031143883008128546057053364953747648054215809879367138508848274314575667337350015298061041044044432773094644091511535586013 -0.2933341998999414170491821082791431979720817659137638734395695615853254060729023181031764724526765043096453732067649163813596459713172847737973320273556219094035830719333425210907663381205219230748733697011691196607808060 -0.1161816547350255712492516760364588588965752162441903567899213740417436822717272616285307685972070724201588995188056333978581436075566949680883698970002865410112206401534571578614764087186576770942611206125158140653615754 -0.07225255865220074781340912640426940825269077778472174662802947035545846450054305634461131477698092038355506091660892455141618415676719411616954357952635225541488356990308919694451049303182983726752872357345816236972124622 0.1396455068388632611308443491142242910667936506566150972881780084914447963251848927607105040034084135385565704309814903813861022844745078378358534336163016722894872596715770832636360253080297613068284365616486816942622511 -0.02904816686950386831624517651128616301190900627091193949172351172406922604890822631562541992427417368464647633552517042918147467109920555484508293298303416236942535640378582416612569490387311146995402057993074794453899675 0.04480034283951359681295280731713317532779773317076934677177915085731564012721711004282162704894171794022535703149001407805538247550793259206677445982900887715817642923099711538364126467658401625471888806183202386735806146
G 82 0.2407803397185320103473524836777498522566718274558103997476153467019628945873712931948925998919070170332873254389630462570582507168752582924331017644004518876727275745997997039808575332353200852021505603751712630180967832 -0.5428744844763982032019934732386579649531079359027066909427029173294373410262937785793796827759320125576686497087892097541053379389768852454000491566344386128560974842926343707760406594017240205006181829526163698594506696 -0.05713860293515449925196369343690645409062812557111015669258014924551823033430819790107936577256102240998097306167204824247470146718744714424502706372848445921305546109354983452879382059543659461317069651739518048594769549 -0.5510410149630712974386941505257976432943143285445429397302358466919463913133367149761807800431381510224175551779455043752746488998778411459411892096975959219637334264629647711963591580069227202137657580680213068131581285 0.3511277779820255198627551494606514464957081605315007344078309949907553664463221601862630062391564012226661358646273425236405057352773521183734529445316016252457705429909686705385350182077429503852091857094019312119264537 -0.06555031494903347276914369045392446064755837365480055005438618137454097304450726204633686341128479482035438984777959584419369506024065618601996962715964054785159069121108003313409537409710427386805993887781153442701393651 0.01278991909540121546922396713391409696581375689652462640884960731133423559178794552183838778978281085640505370581390506897718138133113213387162796223732667801461224067946133433816889785004298328987509515289314798647761886 -0.04819417522732319874725902060684265675812666857982280021969846521147444113741812213930811265672970136074863397375206676581339082786546029485249726247592513891029777216191801085406479554806120892570435020984341723279471375 0.1427450957084963492954837398533977836369655879074704855538195524351364992296717111887759277740226302894245207368506622207119346481099069255626566618743197679285190567284527639817317907497663354477493585478212766680025277 -0.01099843746498386769782610110422285345128845104297841151441412395595495715022017664885498018596491574007144561794720944457143531441205456977513700023952328942000095578725866894365488174784384476796830574138478172095008902 -0.001691664006504554466903308872440904258545267271305536234809780992490400102194221698640820555589807222618037080982430694855468895115818705681011070102531970722830212778877749244337211150489419167149507982509982369045691101
G 83 0.3888183049730323665768383393201477912025803747109943802328466380752315570428250414472654420539538833229317325373875924346355318587823500985481930299249427463013583803399280359665342233055338135281856588462136301401833523 -0.4096952967752192772658803483485011204738664077914464763188260908289984819013522221083046330852090850107558683537422302054534302494023199780107246931694757839308805340020814983822518252793659787694843270447636083822338187 0.2104233938320271815100423911245120625634553949893263227038166438949219844619849227618435603636028630621778948020971695256702956172591210695865243231179157680426397689186380068763991938283124848956969567189233600827111515 -0.2105758467060132489329617793936386805228316540888905837504872940925302663947831671518007937435624079814757044427746241499266054786562226968802284691250266552113253407537726381841919529797163560547127327122318579010242173 0.1961758420688070337850848180329308940705031468019324255599496950043708323084334808023295133777275144469413668647404630252391307513466167741471965901697764368655759538272989639594952341095030545071456493218256910753968039 -0.06106114806231511598488946203904473463362792636441006457023910579060913059324379588527264015147917860807424774489744125663941852681518557359306602376133883371424731348689776653129717075397155129864156296600269246013688541 -0.03219263563968995109001757210153685044544748524113124879321374568209112421410117697867967000608841837846560131045638046233104181610456357689054334010674283760846148601829649045980627633766201177488887827084943652964953277 0.06828973119753318623267277851806071578509452449988022261596782516551013289245583883766212050581827511149391147223234338793904129894287785494271483702817735783965568733528343524664063737190006175413542104284697146204200745 0.04205773036328973487091540309145870486689941898392083460622145107641061261004906304355554665123921358513352421182431036856703534810040687328930811429230955642340210164143588001388370666542672214990902465196887717800925851 0.02267295045995694232871136352033854797125042454167457908292379926812780997063602138039643967806043383196418705045868916152645286735422311042775711635854603510217833994389111357546911309134732719317703002793564669812407047 -0.01582510058850862485950575687486967437411699791028606112889225235801799571310644359737574430467359124548889885306583627780788542769130075984734351634213179673737249459418705469580710416939795541302736617051343039207867085
G 84 -1.017098782548093020596612609572503947180660061537902667093596601466514922082310136265222918945040848458149915799968011299140610454950810305856064112508610461969654333202086189217890181211045155294898169538247028277982088 -0.03535692451164904881864339306424546336497918851160835498431902986577811574656448329010650128236720572476299125405685723851062168926956150217280796239097780119669870956213168173858380271191893713727773736892803305188072660 -0.4841437408755936500030122373934544248861370712444718317867290089549355939879145338163930731298055039395001029949388927849348843899205255918273297158081363784446593105466338361031864047346612795759205115305000684645748648 -0.6206064611333802139980379921120243680709102299956281581733968578132025546985945444002283851878927234908356629015785929656003332225560974873103967481530664950655173293437870873320983209707950879269367051137027565217605217 -0.07225284635765459003526428585257181739473786122135604477534394794725842298056430704977694848125702693429868583207039309814343223082221140299955783520029811774319559477103687609690117218927083548009920510889623450377551220 -0.03941994174436583352078663563065665138084782283387429164317537827475665489014471957442200855178819381165794705681768680344987063140364384825357446780312414885647107824133982860138850719567428517256857419736204857946374865 0.007378660687336812611138242499868404940208087005967917890020969933418368152338373784203455864407921038883022839317144737859531066011157458837297229030481067773915509348998813775721522069750877148350924681060711112102263419 0.1379170820625610061046079204204121481703110683554236677646450453833981833123117630873624148122037100598050847053415810859612042402428253796715498845503142434971675284089273876948727597534382195774677366042851744033963594 -0.08894727204182556365492523456284891268329764183714181368539285784948836662439993879371561389884362610474272281054210979341198012033176977246869559229838895754753183254146274449646200093942786242863481838494357283762690008 0.005214293314350963900056301587192365009514696704325581639638735852128983255758095793305220360749012716326620207417799963782402978867260383735940086539348906497428574380420959005981401063787822425600948889483911754775794162 -0.01965635165085249232457238138005372927741077328200375369998012561481466645476762687808061889290713129539509256638375766899795250585907485745560888598441199997998225219366374734020128790555117153728296681888639622083000055
G 85 0.08910510317491443771882110648458480937534359586166400634406325934574106069003079184698308262850414146340540107921327998916909507255583572969950259298991790441409661860322666894098914450361331563545884519433309301597304579 -0.4179487431342605765775340828919458117152244814832212729871437880243898791147343087240913961486818344557884817367895233759015877592421078852825063748716484445091668197495153087058075822369970210641718665482098421242198549 0.1231298549510230836814156525893350546896017467206195439934216503576812857371194180000243843979651645320061939393144856345781805555376167747791517894368838741123809280560870341824113412474883249025278240454660091707063892 0.03861103840952399790513384482144432853246638950570475802271786228837052810891509577646938854568046833471804108852482526941088358467660944481671278949922543961080170523278623814676271511973495831350644353972079893827533689 0.1534005320938813529059824225716444959370964144374399736185475758844297893088181045892178950909803077163226556879344137529776331013022257149148791467904091056082120635379158905495929696212037767482509607639093450334539136 -0.1146787045100348897273596505514047797864631014064925281221531865202885806898055376479669282521285217190822731531159795514665190919811636054537564432982170246130494086790140850946266101332350492708918557527651566047513469 -0.01092891712426847589657605998953612407903175678188730729709880757100565766072804353704253030253688033910238098210443546253239514080026748108983167479046445884565335845856583310130945505160924293010648764692690736146207668 0.04819716632976416261327200598993110956223639217979865835157535513197696128750974262112365278610481801473994932301849553434841442782358429902485041169300516305683969146531755488882118365577417205433345582008516410628093976 0.04182291739097049907717009225205912393694081228151963062801209049893234698494385347328028024551645913557108403970384112525974476649542666276871777535684859639240694221897088703808229522547685115003923086717982204091246412 0.009050946114843570838745899351022056441185548334475632674761436535101620600064690500449046049561219458384540680091192083620668801315653395028017916721680434273710447240630549586447376845981530815034953032997655805165605408 -0.009444815018896176778905408586582590840796929921302527516591336880158762539365701415977521335470728452605692529526996722445745207342431846461293030314814389928074043282210582776625858219914843521880205848854863026940889778
G 86 0.03919859025447270374077624017687767945742598260916785061245036480586848672766341017051837617908678439379634828720049492935038216544212344070994454365419487534986654953245607634978310646091500375059160881499436531789358008 0.3722871721558117628662756750731917951982989751461448947926013742390551116395997266117817421920323017134068998355305198218741076104988628979069024369732684421001319932441821361619835782056785602571164119945017390944410950 0.3541659138130184420510331764859019797378600670950276866131637416802476791242738762392215593349829146845821759591450567892672077273467512166721401713028691065486115592645021278040709660122567994676642933354349004785428336 0.4087238092422438528774043898067806070286995944437858188111720042726813624719710733263730997857886175284683261479027902942245919590138832033611601340234107184579085954471032897127872780643694632115907130709951732951973818 0.1759299272329560519366132461694690516277919076001979336035403784086978326672193532868662479703048224641291390255497002561466718153185177901888614395589959635122818153527155499658606165323289356873475451872426856782125405 -0.2239053571743506702992251032996105298946574200059822630263354195453732655481810456872355443097642407637085585598398433809283848688226790045340027256976501431729954738539036736182920985955640101117753784167227451076911680 0.1971302251222309656254940353499950444257278045302446623023420038556177665525226347352203025444950757766444738196966163164985051815731455451532631958873242806319103283690598492374295920458791178154410110435839952480094076 -0.09541797427310024046061056635394879660403996784402737668418049052991850416110679128441055002722763907834178448360920846412790180238783003950898839843345166593898671157127754734124787759380735357291365521492565914135135437 0.09382870618853729203071714259640000050806828685510883855281405560300136251827314278709881615991946385936427781929752367116732795935144196877327366560994974646906821927535705768953029832153964084617731192991519202011521755 -0.07277810735260724371201324384220303166495597752881151646949927560821600844624012447449415110439232405845497852767388827638548037232566872815232566330334984235325235934848813150158634390133750808851410109027739146570138811 0.02147247536516477385530482903885739811740116560376672346929822164918204156435916530797792087170638113037880226842062709193475651871541867765263163449278232635410344884233869082799503352618446942869094899145831562374134100
G 87 0.4698756774757060819415331149645650488437426199523737467985369132447085843655575522392299379557559825717212791719040309209114271350283610768251555590914705562812019137632528375619702377103735606626052934993849099894755879 -0.3601780420471758110621100220408133141610151141696409929506330497857439656217001266210742030575566174114810558064667368252651559490266958900247946605963154566802830375010360186274284640857015448655183281628456402826946454 -0.4484736910175260561672680151178350536847474584899935038966733172786110772589695293116457701346784964471757262745214323845099888567448035193923375137006068615677508243680202224830233159861121485886306336939596567897226440 -0.4849465466612797620591866415069553497613636439242754260973631830089774013321088756044739942918403533962045190603418186786242802392911093301320069527878871719628152275990767793529906889787728320711229913336940714313795573 0.4580055239415402844354069465168005410097201366698520935958709287404152488029860331541233153373108917792792140367263026633274232021019097196538362886586754727821943846040637649628310072876002053696061517557621514647709338 -0.08707714517874035518446485631936888474340791395434288806748757424392829323784666755646251242018532571784995945086559249015264548297539027649555224901094239653721988263348544744270838908380024348799818618527171125268013272 0.3238672178082307905802176476127656146695050896303204876981970866318402588215548855428561723729985717499065035330362120405738178788076042786150198018119305252568709912080184586345174425985299146793566249592128879267560889 -0.1131386655441914091505023887682727757373918525013609124604285330899834970142994162918306254831905597969806961163395883051508482489228967161874180066894275570709026046162251459388416774843263577936941801796205950769595201 0.09682620186126652917816413137360040314729566625205320372335825195690316437148358329438683755714373801919077396294058141068131826422437497925254062413364580260502993770505278582789936402824793616997949123503113963583654231 0.05935524130010328747860710907277851448727755591143208018206821272407249194615105822257608106094773557615900165973256628029203369087887532019902945818778566437347017722173083527592638715821294170797540848495487506676321574 -0.03895932841053574509207217060837579349302701638027797971380380278074510774864617812097195649086652084459075861915966340928698701571128302231284624117886010169583190717381463484200835386780975110693981143054393228141630395
G 88 0.08734027076131181151800714922384785390616008251893765286350838053207701209870891963716062184963204196964283289918407150837557357330442575786277109831682214227657232129124785237739576399533435050438654834802156701184468655 -0.3528182525536448349298313615926070035224681674419224316496768685505787320148761214480346064351277781199500380427318582600688003530821472081729683295078382895325164715096382783609406665293522088338627869579179033606074851 -0.2666153292368805949301018538108199399293813993636276630023799646338424109699671795023293424059323831838017904137139240314769066761524938147756398947474904233107136560649433223955479635638429942337338224197815887339667504 -0.5684334958952128982313982138163187686142885689120745488227595308649472403291056571891639710915033522216313198497242323075381104256499319231359200225872673924569828145900423978686286144658578644899561967391500285380054247 0.3744423700428064725754014307745246832169522078942246042131532279295598304067543971382849538409490749243624271896251761226719350829254912764821057649696343375666417971593550953691562490549222801645546266859169992097975610 0.09512469186793163014509755750474518598227422958260139783117808439225767048459495044432739533486888034364751058965685894655121872196959763290695714242820963299756081473943380224526092412086107469991457893791026550021346219 0.1558478797727835020365634480535258093352990517561979706523901333131859111945560823021258549588527168674282835825982337376199548438560033542806647942836243401631567636467297689375938747943405581943072830117313860153036392 -0.1262734509372613292689908918787066101079936521962214552224361804414786821257771376272511749107279303208038836255693569035347046922786649912017579901160715143990609458231842001472226696488837877805042490327540273923063873 0.02269701288169521222420146250522571220847491340576669998264276113423934700400958727634371699462682992726608047859806318843441831341253726344646859117230085298554481926160362477770522242837885648431549910918816105700858865 0.02161387755381831469866125938124098962431294171640443576256789405012515159603509268506188711208004457323679336810397495987234071860275594754908514223219550096731380344319758082978399132254648148722138666964766124048214268 0.01012368607761252449597092732827966788241305194050245894352472806679156153505797279440811640548282654996796377676025080888564888293651882494961495435111591256351242042410691052861974760802908892098925551774416540204703997
G 89 -0.2068773122040559799468423606074736521268314735114242567760713455709216056326960828872564994097773686621172165694443494197359249502263064491575894811402305062229177732580984531250426860771109960679721867775306869426388660 -0.1119402941064858625063066227798599822572921434184065788816221851945540242035401992354485648444837141959892027468233514857188624209862976562607941704631432861771720664523043662978700284561857521006188158109815504674424890 -0.2103361742727723667014702444397199296715428693512829230560689942949073630904781362351349911770902249540656594466954923596412410825773985978407749555249830313345588621774486913717821792430725515133398979668954050767877745 0.3002504577935966444318232838977683940007856236829685863322404997682586308443001491033884610639392003271538389776252404923325740452198369086194019561327669224920934033865642980938508410919338208537239484758615085979786785 0.3098119550534167485897013217252082095296078491759107308739191460060139795289479543943798037552915127113748151407404037959894277708893769702688548463104784153327609569797738825989728872260720046617217730913735086038023479 -0.2194258530946377915091727017769502052098224122579294760007288827678952188980353695562373687332716522576777812985419211365944230050014356515999700940599554964979782709418032034563062206842014679993446990532887632528107270 0.1787565181296409292199828311800689306508297680177537243335638609733625192871426780202639154681733421596475101241042939955149666615468179723065501310466757341154448556179130369243123103728887359016644373724125355411604514 -0.008284779853973769625423161959494168545030794201011948471169336536174882856056290741722556723593161611821557125573110738271761212750702037507993243854579376155539260971471704627093497085468892991477056652591019212567694628 -0.001010280659608561725683755583259143420292689495891554116158074176449889458597369220091477144094074372795574482784667836553017152148024036788500243019036287195953776019691727204598945915651681568409736783427036724801410060 -0.1018337694292487096668639907894798762546006516933155698808554181363848061645203287580240706097830357994323814466511637783996109650642970682882851608442461804588093581140898437373957309344929320612734896812173185611109626 0.03719795736182017145142289638019338022427416949083679465539654121363986498028284561161166076104301724675706875095938691005667679794641744393287107711214145294877140673308020163091474881778426547026499408864647496855185662
G 90 -0.5096570580992558641413600953477855605950659731069120075312824421354876103434373724927889630351322466366914636471734307147714144357672381209572357435519409239216172343348933189798003574317703530606898096601232542881011168 -0.4208598028152896128038570808245262457087316700522566806303118056980534608280973463627608986155568133586940831718293162390328795357758995424142283304028400559692023233534458112429674703738067126939499532695307485323146811 0.1756170837064705054831868502538827504132649007715067025391939720433709354894153378236301592470832021725005561330088560243492365561794796961077718570316739284569583462583506135477075503991164479351217255778675302575937769 0.1343862862005550644870429759025852911898233332885879264819088117663509990227735303589043859730223060713287207333320201191668702048733062640749419720351205353978074749769994295520064411783595764682850445483453368796690311 0.04813615441084549082568017456407369883712632090319322847995874529606836322613173914433992534419940842790499781905775105263742755724951804964572871322750529546076440844391716521573392479947242767321832448152919428893609259 -0.07547098959053613953458302009655132630524653612191269971351948743538788602192494653442418360021336334495790757423932138495188277356712068636618613935068007069591928297310815433923059505002943001991206514297548611219293987 0.05952114559642317194138870334074455853046374360387435150698192244590421722196558758170801085617913822097971560327463205482230811647432037665203254989853233779844658798813047489041354172626716476667312865489152667624830534 -0.04180190825580056086161676389840925637357527807962145961474306493474413773853632169435431865314796889018004622930163125375143673171213584618772354486621917662522599895141581571576810090590202059471220943531268127839320374 -0.02043028398855381553754075354026555271802766792781860293663314369915287635667865424628109938256017014544266280685695180552019665240994391765096265058009764230009242938298581830392914367044051712855496381981041867230260855 -0.01061028204496764148754849549153900491768365679613230257325479655663335105837199080639587244257716527603340943924604785457745561167798291279570983741404779202681083019614804516129801968913729270086739198215825446149353939 0.0005772680066144981836472076932746944735505521061433412441091980410644810079784453283597723426660742912352846518419787712209574498737473501524988448311227669247780611628367414425503657884134626303646818547243073910848819633
G 91 0.7276231495241911967084053129382425298366036442289520433232906868836535083579426386815972627409314975046812836197786480177832350052159634853812193282409462310346685328822786624343229605790462233803340996415882982924804160 0.8699464775135302622636053424116246617067150370669587593386427686692095137273618550523292872166702287196626236232268835137486758676604059105263178047798516186199097499165732984260661122585337963550130346086778299788889925 -0.3488642900013604564456811872315261578790047465520656509966366548052220361452970323096004177403413295695027499969548527589407751063029448404978928646074103353500502587492123030821142676635093290668155361029858132194131231 -0.2041243477840266884961962176437154234320952889834489613981125839945661791955778446528043459078405421666705364793661052495879424384284248418266771096082998117533126360467824955956450732276549621665708765590752285959534788 -0.09957055169256337073965200484557018049826683730910451976468662496704971082769767864456252668102251836305874218453063434113302373748210341702523106383133158126660113280146332549601430240657894890752166595806057439141040284 0.02160380665413225863357255944655765329083108624726145811493308545858907072974383153141276534397759420419799267389497705325082467114853276566745150058083826741947228294713064258743422861615573143321752165365205476068508035 0.03247391845100330391039796051115734566919440493894046553427306187485869384420911263286966803200768901732330360594803324506147623269462954285791856677082817097324686881940985605090527915576542791398093943920930438075050339 -0.05802606738347923362330816813637675001456692204785785003593505174496424209628238277678194207131917460737025311127221105898632067471071514348230657830395666735495508452129927632699612966885763063773430611533853865355740602 0.03115734945229369766441222361701941269865352380007594382097700695262335423306561745482203439829912138047039821284995514018905364497570444003866280238613043509560544577143270702000813202948525289325292680609853743541507661 -0.02282024683622285551078195548390320038704636743634522520779931216832187751182143091226288668512659957119846185463419371698095288954714163612337308660566225252512408904208671330302070333992950071666995051621158887094229905 0.01742119378104216645829531519920463000682030905212878904483782451756481134816346674248776257873667983778185675224705553054063654596600212068022962643849194882760087000165738614068013072245236437296189096046714363761089311
G 92 -0.5296459341079803850231018507690233606923304812215196449338868071455194691269096895504315845961243505056650735290030369811000376175389144027984367832332774963462821666157223651331903805244458894674071393831265179207476224 0.6377761586756693116853100462248148764316079033558045948215093338160824981429055636950702578273991998251375384459408111333290259473934045679015800641868506326316388430490674307560084111578961598111914570581927187676892730 -0.4668480749012443367624500676896473956890495515233897934902421624573495206151181716474493431608363545031276023326453512933333918681376575396446122450726407880043939957190775308821561049586996115733163002123928797874553855 0.2008451333905193820774785912039771297527007200313304455019753183211993179499500028994443146479538486310547488466708589448256460496561691967154574703336792927612892376886308894819561802855092461621925732746219656089498992 0.1640875213082219686866612444998582871171656186291275608190959874562640803461207825109951197993243061850239658389889328486579969463191904727244853476017612534121355060016341709461218502433372587963257450552975827892244213 -0.02540834404280587464935652468162954611330139226227949129368577911034134645084968006523691651661191521896922528514673386183547355634878650621389985828993999218013543677664474692419258024737384791780459054786575259257564518 -0.08875264338660209423834005161835116156380199906808099651713048759861250588016879309543133251233988810169013078671375846385712674314740036418730760017490335505473937647308192538307396344814912127313370053392102611822171982 -0.06726877430433868802380335243434300976912855396099238955841889249986139204840181043221495003903010606288417934966947244274606157361759463540506582517768373188498779933051283996851148325893725169086068026336748024186163530 0.06505912712905008201419934212203980009931975830499415876841407713625565523054576410663505036492891384788877498459339340956736040116468927732241634796269476746752273795685609784975884989498701328561230861307399725079069947 -0.03480928406896615203688157293684896483390787704898374540175599922602324507935332711453422390936175422499326273915741121519639331769295625986131026925584160023586167634907281020320597720128192497258892125217238448783781997 0.03445012154456129825590903730041805289282307261636635753799820208888751272164071335594759282939176573422579924300869170919370683807628714442834401463701189433935608801133958145526139938063122120785578627222819325713199841
G 93 0.6565047303761748615243222046403897788308160480347170688711366359405710215463087217236704015378192144916159307164341294122450502390311947819782550126974024742240441120304102398936419692126769111207476973799210617197999015 -0.4542511778712974660231802506903512750165528604650464773364374641540317714246214334422341234530807067026977016884920226957378903276049352064774498669035910707615627580603192478143288264613169910214281521445990432174827154 -0.08075190275156169885952804047456911938142440591445470275970854433794661694951145181018701925492871582000077993715406610777548597031650208802521522460169303158797817987842954456236594253765173619888353996914661829113217837 0.05847864640196519977430710537935340898049085967145235822736218126927289204217891846077981882918966735077556040609645280951510637403811789119304243769640231128878031309515306683324995036651915231678009148264265160744102831 0.1181869321488899728048548947168808978228685873483061239009154410386164180139421877973237944143626462997392937279080219033784018771630711561543581910378324647156722102266740314385851494120199671690531964677923396012514651 0.008923852236850105392970779634598762034680111480360774035648550275369628614278463803326851889012814821821420179639141588379539218971173763899552035771945237327512928729680825664671118301783152499486555303637675381480551492 0.007148110245086116233501787322773003114515821366187379578635090206336421435111649807976147711317261570800704801556607375894460595033787372311162734558673432806627645265905261026495431616926352630653917983396272402047537074 -0.03235846952517234883977766852730079972558453935694225110371436986275884197112781368055688897229731944559845722111066270060235277830607913136108266289599152209708561774504597071961390616198640226795301752348281141676560795 0.01344727949237203878148134738913799876739710951182246549546948845747206142223904294624742822136086791285817275330048645663768447315562218745691515576836896682228921095251257332101045838780123560301066603510886943584807229 0.002157177356825733651049170341198116013203040267214713458970935138487567787385287982041067428413682383430966220930093239037356430515353704873643282738370343426036020302336289114606869662433354175628758973407145011279329412 -0.002651801844883989139583070134893649317480332243210211753454714018115127489107182911181264514208715592459387712169731850040156871039440717923472350151041808062021924242161341395052749986351687426226062123173680747761470406
G 94 0.1850525351218464750913019021837345721731649655760596777188090920672323559949908707492773266146551845588665192186858188709540843987872291806461410388039796577751243442773759915916411036222284712488740497635388474480260227 -0.2997347676340540396592597599358275867107678880229677215641070666145560532087988098751975501760169096855780028508861170604920097431806060961855554523313854446397117047897887972941444950241389909247533832218922701783883756 -0.2516000893088655945239992061470947807892835543487286966761078145079604633230420712174574222411226954704264051947390302502268595789611138008788780114804605103936259792810933457514652642450107790600509966145492249986773893 -0.2427481182610898504174250903510024358323890308713809321001476812116070211319384563513434246342150775699146420468918729146699430917529796733909958404934637859606747576599850743672264356687339528614737476357924911429167783 0.2487249172285422133588508769640659442243758756691870544679332661375912822166528168051535777216384473721125917864609217090684720854061998039191054938779784687640578766678735274689907993514382448342523988331817605770205110 -0.1149540258911289831681225057018407470122967851697458280070440846274577479355522499230482391215612446295260026242548010998091044530846363542970808143144162401178465474329577400233368144341570965697446857149885967584479708 0.1534454319836358103639035565385837058930385483634145826785376194268574230783116253344415170325534947868182511440617656682120478502138154033798594468143989732161559267715566473605516120697542787137210140079514411433720642 -0.1235229711380617219654222408748024176727203497641331679120103105453979476475559646877415334291768489121856791924408125491157186684918222013240955634615778390847935654990917847030787407613734517347662662905111361554562571 0.1093326109473330459139583860334004324582715972197061745809857025485497473502034466616634989064798190624841290194232441318820175302956532772284171812071049942040138394286986306509805959432810409381646441017374998566891542 0.07012782803239510390163435727281519837455002449012076940199810338790357731086872446414233027972385295556819925211649506847983280865706485889315433128499724016809073433102478373900069980573844956645878959923935400271054112 -0.005627613834077458511593713232103219437149856465500255493460561501119814554012322691680056444185464475732871378131816362253169205646663336800236832422269806214062504637130564203074455007790977416448817479385631947561958330
G 95 -0.06385062072983385599711404823896554224586725745198085727640051504064311516408488454766037540324241443099205061173511775040214035798696114591880582339790903066165085804503979432115925038599529901262067044923378074181610147 -0.3283741997589805319180773090181815968482053862322352909467734405910808282113714245143378026666329458977395612931934257606222719346896781135371823265618644846688190792162881616814439148611921729008347132733222924879792481 0.4727713060424743153076525521989246865801196720337987055467930409635383526498039757675453960372048135918416745591967264635066260284779115942461230617511062085825028492156277702717541070642481291325151481734626492230398193 -0.3235465129779627839638688249362246949579188253499317907496961448110049201991446788680585296545001857043387006904502433616684910982068228043766239739663810046942776244563299467208079019151407758082665846836393605311000436 -0.1811726964043271400668521944763790334596611659672508108499642215915005984835728748913086542148949525876679175973563127012310151152625980146392881125646701187604737518632324672479663578520659692334915214949961474102618529 0.1382376776979896202726425739559016312062484941654227772943047836340202620692639690913645481465658072057016829509097091338213520437523363696308815671377577219125980720738045066352163380081682957775475751200692376902729726 0.02651048509037246748483974770997457909136547410196453856712834194730750210414131663450826114540412471349377068718478135177764338430243454698802082435044221427090237360706920576405342765015354388562081688470055449516817943 0.01526242088913850248377927408789156425231146730347241330188919494365037835081138738652668332408378040845831430161602826148248087635437077333652202767177890758131623491049720777499816920935468125348891369678124095623709794 0.05215887510682321109440498792670347238652195356180543298928281381738968481621308978307067472423415077589307261346533023950774424939868736585072157966883755591028147797062949901784191834114703038266555988738594307860015019 -0.006619582392861436232480914367789428012729900230060657996141059754543726395237786781110671997694300122610875127941822938222573414515173554439491760226119644681581766895655212213342784466024985998408291260168023100384355608 0.02880439161855274634603444036852316835324259141947775252566906676415827204857598438594997628389324304056230075323965393063933293620363945559027006186050871176168963578344411769621642637455296905376028004549637920626137429
G 96 0.7430394800540095469140424758547028762067452762289325099329994137439277160506995724551099478764055559136487405158414930423262654198058740693712179025621510891434438293157639598911466912623534501375910766367106781920827174 0.4795550960377526191201400042392420841597642169468827998435165668654065794083978482442995974607844634060293310496726921160435292521407895383796061647744368400477605553548862843122107221830128190965889223663814919310131632 0.1931254226095842243367182994532345351722056869252928567112256014718901336895499589279139785280217875300871877200830977674754539065759938108213767386241655254026398270778081130521253266679474126940892447547439103727781687 0.2194190543840977580958187877713117560665591439297086430991260443182862179510152267011556701636238325920721556986018953557063275163965760509897321140602969004230859487172213211069182577401857228805062968441465185929690614 -0.006256299552772793616361374234679635976523862755069786643215968195679631160071235543627618633624655398934247056665165530496376576436552133667268668079761358973140198427439796066670705248821515783421933906648871366672697686 -0.04633928826206503918055205201039205493056037658464121955434805532046884004750309419998886621852289537941410677923875820522559242834210618776614277618383723964675263687129727172358136533846860034732199229825472538155654597 -0.1899248628705912930970820851692152105785791890784161189982503471951349713833453963790306978502667225698803837900480193749494258943792516745692623492159124375492206054283852027928757691358336738149226265316660635406345023 0.02114119723512359321852729510474792376599704852587301043620532367752818712752753906244049327492485512285003449991994893429940990022392371482336208295927063154042561194386936307455709867769834550520151515152594747493581338 0.03796471726203441235337100857953600864486468051401953952734092520462759955190084700592998152002193126186546592608486814582743567844447233408728568823482141715725047417877024841730612214638489626788820704047851351597999349 -0.03287012894501221359587621880628280773519890619248200445050286409589161174443056899678561309870840644874447310228550136617875462516115123443898305243454588655942048100864636802281429272032041200982949914532824902441618061 0.02435232996125583043283111528390147765763098494419122113157895309060834431148033242472851099148755664797635371150551269712470464934330277518271116546165465921734109884887005547775112959050662867721881053577440276932817977
G 97 0.2099540410566831763100662870556899574071239170346218404932305931352098491182468178572172247425285480699582743115104028523809216338778695658547740700973245257206813559322633827969420846420156885513899315084899476319218785 0.7049851765560429400853026677354023731440898979820122152697565784640598297386879500394983789120696766299438029727525336996351346989143843485196663847980133566284606566899535720042823535943136496621484446660288666992126762 0.2811895674313184811332758015160614584481157855304377301552038015862546866744174268790137034659668446992456027814663694715111160598712404950456394317663317269179202976321943219703745139288761903820131717130999187597710043 0.1434527305762081110915078359218321806224456244289657539463795316982852043851317726719698268033808846846438126100875591701699570419830578265588394894724518497819525687814149329597811541338757381141436933966234177782446654 0.2338041506665417733375042980002590716727920813269331547334807432701500664140661205947850435976057082243511247850306001697090477647144041737544117579696303490698254637567006098134541337467537803040460874870694747765053469 0.3885945020084253506944469824965316220023016348712334699245197770819838511247561476525526600200793019641822597601809566352604693040955022965446985335571786733376237523393640771516620427649739002935973995829660664406591088 0.1510110436048293652377317555560482756071818441919469005209200019407641450827740107227585999317742123343580917478039804093423260444569909921674163347104572993499947609479660102998942224547171434469466880641678444240408894 -0.0008163008295887198893932520172105953374328569771305187841112836218717879089127386775020508738092201877966007889481305041972029024614368010036108385864164114673823306289612544871591494193400976853208381625473600833496238388 -0.07442309773738050436352378405144191326335728228854903277353067600251113713043604326149585075712956279576830131010537409754824423160791226509906872631804701315104117869348520576734551370758836192060792218216430527872915754 0.001707573526144193353098266395468973075245090451287123649917298228575277609999274020915265496049480808474458862109743855013721125551275831470460047919220937317834303442760768536073152819957388289025275622297516714754141945 0.08031527946364135162935834339926196037463531922896886331433905078810474925021726817532300394968132732584571836195916590073440048125841560903355681285127822648050910932594539856095900623544216465135828567071029377257749154
G 98 0.7243829808158401455238081938058516227884513506152308983293617330278019945678966039555622379688049600578496146613133468248822079290156201963802098589874167964307697842404392262188150114174489801194780581176299888091945798 0.8145429008332502990934725022776081678883412632473828927664872592410172127692645574688179559866896761901298387110545279643906684784702442870286803649398640890396400803878529945735620913295257503716315027794907303648906832 0.02124127529310150470416796561890506377613139984668494550399792910642603964154401653811875825071908672444795724960025770500787177383929635024316407740662018005500263621989114729651018398804470734725209855393516223260115635 0.4937667467820669205895076706447059548622391346931664266840165809158860353148389044760844755528673537532830861381627320773924973237758241319656724278779561581986828954833110894206913672408451634659207564563954983345506078 -0.2359360297072756781009134754378229503757127648491967146049831834597478109551823585982003150641058012188363036531610143746650243764874188482687264577223830957003772814816968232303195835345582109440711703908899963685127277 0.5102341884224142815197847060411417774107092220833241645641920460683549545359524130882320789423737041596622585805638998804424480838617348726933736434457048345373057938657982940573361988025187489548341533475518274512475842 -0.09373773008571665624355115146929654805458274741804906077543754529733367609469458341396273061910019354245715953174691652841447732013658895727458059886696395687556635569850387959249501902150875628961339671248830687058602486 -0.1604708558121541892062043495270616597056079944736506904371051596645659269535161218028437948826944477544992243100292918596331867753126907197182912949054730685545273138695893265835816090649250461024460029031198772551968918 0.06222979423249239687735370294389622391582197522634394372900943316128755643913345756473605391852588842717437147461665998096792497640473177245427371210563671848472296213671244224692921235854232062011177113790148285653610604 0.06550384624625671247793450891746592673839827583965753491738631926496587778746400600295232632225093762500366548444934550727579397532539326834121883650676446279729217333245920695221882381399065726153837489890001323130090239 -0.002401473656224510155801440427286650375945864798606487512407903394866114343256782660759106973205481816442954970385710364389713064896886702896999915522636602134112899951366516025475844250072620840349810220768281360599177586
G 99 0.4694581773105755021677026995857029937231494256062288600779448058121972856147493562875037085052989398525689942120951048812027506168907687754105413263010377875138197790023722306803816310405252606559698721146671055856418318 -0.2002641597484866522903239559648558429267428219236541591027374507369644186953525946246265372234872160526119563410364277026635178997972095407310795690432330457100895925472760811869615212712182287158729420144363666332356698 -0.05710070168448067244329844504116518430841671049907444676982775716385499051037314876739331653606992306494883657228414291649699127255884818155079131309043033356040056564539188523385375272161683590082489822445623112069820279 0.03336186871547013091766703747441074291797444071831811994717294516714657057313310273671980373974251551791452401608337658418239501386104690274447762043653152700102993954116468091936816835645912163329431739324831379929488014 0.3791940472174129135378921050445173069991260099979090505581119846066449608800014292224672846028411600721738169460373748884475617227714885206984261388349447750438197150429539879838477993689059388856276641442933973629252244 -0.03315451460174658813817584792440227643802282180779167144613934282047946957448971381173495433707469518286010894545243472141755898987849969380611511764941513219976727436285167741758744882555585167642185962363468737525485032 -0.02665942632143324341896079304077381553400687667117447818440787085427879756893505323066093254722228024644583412532054666211123351999191701559413507574322950112981410706629207458098801052168708096722838474177911083720381986 0.1353507862098518027587907215338737653633331503687927188817925357055105478082036381170969553366587571205524661854599555241175051780790970841613838513693464376637379373366675248840876097496518357272739132789068938630684202 0.07345493982866359746137893270896157534281069904863995484876421990814403388242618089137435619178175309589292004205198984431925900428436573420404761501380477128699907173487779956475465406137038207979170556226398428470940942 -0.01338208356821152525675534200088763482441826067481989880753107715647751391373922850767075702415463478446480929346784289238608253564213442054872386468782637326637568421126679262767332916660913117263633474224448965307828739 0.005566023806795271293643089785821246070585341904372930554799462628031600280037851090336569528037548562947210867268554082325340846440557369554072454835148676690807925003308037778557744249492586788397024027129876932329846905
G 100 0.5802285462635295848226321795251425439956497956242430135650611695643763109573373915190446162731140645625777259433844242670859389012089606926093668590189884393639725621883301905594533933236594781516922483792285858789629099 -0.04489257866314693364917462147928806540413345275338818509476814930618744563989876982255630735883579091937615052396699923482892053644812984566014667197780788792735359753483232225007876216079717568808723874341237123817284408 0.2531194605891175758536608057767830309577117531862099437775821768573494116410534800383521704228573045576721346310659938203180235126337318954257108349572882129167164272407198542256897283903118251680208408285849726778392725 -0.1910469859349958770729972697000032543245760958199998613958032350596101836006828871609014991750176225186788790281809382142050775325649778774187501980965567862072837984273605365434360712410078743131343011911703211987354944 0.4216193788983162223966706386025712767828731222975161521835652564590612014970295802187731200771990245388056611248752110253604833737695998117866415471807822433032056049734200985106519246311388027600843540928163116655074455 0.1486432254955566943792882103073660466789345157333084156160257711023565716613157075882661718401207176154714982042733266165259478372418441731907398931682163080868756957695776557624350369576360499795887995620750146533995140 -0.1961444410736639314609096617949091138930763633400891960584955709839668094688636327896947210055000071908485253451712968438500419419407573060593481237000133420467780881859222232390369205210397224272645547074242462121101864 0.1913686739872249192788613193142296469611303872616636343537962513516696788490661713117327879311568860906166147088978945547989087808400029259493873282123225276525943298637160342835618733710750387893659947140147660588941277 -0.009756894724040849792378857897902272890192625964574589960774737268133426953474880982962622343784558895307365476272953305177712790667871279080783909119109481162084411986284566151261044155935125184169377067608230989500782056 -0.05047274458122434331634616392174174971929462156864744361686005763870253756447535787068907725046150304872122684543906584548977868054041072236340745916821284046931532589477426066918312189238325570831278528142357935345424921 -0.01229780964016652080368560161799262390491592192965065571793201151983154214588022066852471418387388003169996879136980592751593652643965284229410209747020906055402658273697819456976243235389600861213600126184843876412261626
G 101 -0.02196947088783874095004709467238449085677084935174638161650493974450850385384495532221852305481234655254983576235556351118364258209248209363025662290614481924359471664326670777395853381879635330321223689756390207839497228 0.3271430355651942237133120543074431005853178997167394487581059401234264692363486810768740036824066037818932128955436136083308944341442068642171474571799319111205730367283154634684865307841196817121568664489616444866635586 0.1376026454735315695902980727984202563370744865709815539990135802577122307809350773908372055512472025576847799264403036439508921067177227877308225527839930666785072076120722861012718405300851991070692881333219150546903169 0.5662321920308114493253737186199126728267622541781827072812335935992273662175736408941238141382784544846124890572448182967023770442652233737389894459938043188783029513424786547066530492666226657569098585026792579889112638 0.4135690083347113273352751495553660157797803262674469932082841883512534656632601494018573759298688596845965164792965559654170315158643259239574032088805786382547612309749793592179559737602581457854487243824648602688460390 0.3744904333773657188552622988673311351866231832749941043966148682072448295305508058429062825615927150388807047217868287931450403789993394778605722351942525064245656374826785752235586029328798075936328119191483243164608170 0.2818757906864561628163236930075952409534640073966500713536543318825165262605229278221313847376685862094058911808035853448301021567801465774150364141705839515253097416183448920959459781883592689494980953235461815887922032 0.09936443306952803874757174690002263869928362494413534827321678757278704188117666600873945633313464883533060516584771802581070171483616664674780025243879577418826630005045853391544411355860755919156896814312648828965758591 0.004490212292895492622858851323323330215410077221341779198222065248801775745499652158456926219043346990008780035659889783151710193874464957776299485174733355467035709092515370209866843080021576111809321819765684895101639226 -0.003038049486760215975766761118776384396476926590583710018153749719864993052529293395277352755361345366523817666767764438316067299226731722672127194769037123608055341167740755170269296519991862256934339180983471873106732085 -0.0006027136878700344142744910680938495606583386415980768765649344562609814183557019897053941561796613826844907252386129362591211921923785452629496293117417525254823227645888650370491194288542899996479578602752952359977948080
G 102 0.1411998726997879494302256433773127268421456865289227299639117858550523998724025580147869919961295987315302238560573413114873322651803419386624297066887244005928258691195243162647605648597801856541143692183263271659490418 0.2087793511528218779880028226537090151897823114049372693859842502145831243967969571605868481515837667191116973501077989597560718430611835558228807217626186882585258141369610799466528223170217606598752923962109745010649897 0.6607968241002470581746990569952999960517497735980311779250098283503641451726441915217294535482691434709357699564081255331460974961148272548232142960814932262016618422210874168891373742299793315199553258090468925442026658 -0.1072338918186723610065557723847668094904660355032583966275976448714118858727724168643400968183850927615807244577747515931233662745089864416581378690038028871454101726641472135198623684557334206783425059355831019367024730 0.3782314202182703655534541242112272279571050061775745841244391130682354306676629353427619723408176785607263274191114143479233128459728222744813387779347194955947592199868353719650682060346989259254092870798670771388064671 -0.05830788280409172421064799946774344183860393936390149404394536689580617807544014378244232677986185148684634752228491448191417691208440231034519193502700953427718852453999557171308742040022963648224229878282453060441095004 0.04704189184327724312317096226237737370781564864847052564606592098829152293370528724602655519950515772121279814755773286304810213249265965478629897393762135205832017075804114094449194344777379155995271056136046836940211923 0.1768840101395639928608850921422016009109283090845850065450938735444785022308648645928596324956767364870528090845231403138999800562169705567770529918987808478662492891220582940709761431597725294941233758419427425315568729 -0.1607565300643480728410402922673037120164289798424139633037797211603723730287517071328246694365153348912037428213772469696956589061212779581284393708044775723511932116145710354169864291164708755789709284530502838211975517 0.1193881742735924585696272614822395506926888621651529837167228876827768084870005826336583320589399636816153951575652627308869624165899121605152848881429307959115937699688505778699814736731100928358310167739003355283436999 0.02520070985328087679166424989461157670479194425019962944648500038464678840264538507298207635695340132527768627049706360148895623425616754690073242829250618800408451543549530885150122424811250102071776090383440821545849954
G 103 0.1128600261514946410031520939313653151335916976142127513368519086209658292514792661906849244960510974640558621343692921844516463942498717857630481915289678497999042382427447723795410045315131566760578860610109475881565171 0.6180669230239787086017809264672270293904279171576226340748170106532456208977343170300668485213331484059167224563739356471005912218793188519490949915620447927558769505877482199820629408522594963719701989299096500524167073 0.7604991661510192857701140320010921347025485030374495260216262959215358406312442623554993218526698315737972021417041604011985224448871955341936112640424828362914679689873972457993296911224441689715318346449203665618830866 0.4638124890956986299712632731645218436966591440643347384365191151622364236397672161895211432626242315982193337377551371625565383795560448232067059569174834920342437556594936157202064223550988411017382405951476033030017184 -0.1494125646069070929706346875367891295762032815694983236984990096303535773574218678833955504667510762720881178923945206880925593786434069158504023568900946884357495738500821923002767970698843426687193076698376809158613632 0.1897028858543183407813037651734629861426235270522587326938979345498328931886036460714989070223383064789330823442207479055098346652165043337897855529258959648620201966597916487636895378645941654432235478347649051274225244 -0.07670878312033509304069456189627491217826246044480660027999154244020835868705529233583904342882648081605158069328829571725663153431619178529830444160677480461258802147838759368387112323887316330847442957228145453797165794 0.2172517635756597570080644350841913445056606331631598079048809022420409942495050671970113382921231727064469944296169042723061988006827514168320664966310462685078683877716966144633036534155175105448311138109029558394948357 -0.07380829346294193865721045205508338304327444238307430954741579621761145748132222743429789384200456094315801470785920946450190320125852037260272605488235805549743510043151283270999558617235355146672569309505612803591984266 0.05894348564326200646036561313977268409512958967909037495215977142503908221933511869982579126139164209720235635051609708820225894919580734814058103046240463922160694746657887471362876987647077365958472346643491098772148596 0.04597626774796471413185618029461921943897100795190064909017664247665533503221592104161113484639108154127957457871353483445771362722506526206293007401204915127147801974928911349917510222878226350009357153801166599899362748
G 104 0.3712099843789001839347883332339549031553327377202061264632298737255644357881420866138966271604342196538602991207974672763148046555159837134755715949095681512194448549339070415435022565417835690496825000362262311532808064 0.6449657280944603011043433988238626425847453877455006210396502636465465640647943749050904554346189311576211978677144229608430091075361830894642383758108712506157580302655658081649695628383725132536557628618100986792638020 0.6651260954609751251115213189656040055476761906371272417856666703609752872530395004352350401723648781124447783265434459282162956092830918842671678362497313921364396908817972507202633184429813031830940375167542998281145549 0.1429229694390678571297307728672999549512581473209888686973537349308261880293112236581542963632411831924604950869610644545190445761746515201761512711992144963318707411918747901269689968379524514782324172128823787749360956 -0.1815898912553363187400098474774837233590290422027382312566274207681850068967498454748401211356304198052576790064982996203961764178426155132325620673161872462788140000955595724250978851774431774431236062762005223378879821 0.2407143680563432314911371821439965807874247012995696085504316166835367561190210441249665086987192924736563089834668437146231341913887985870814550935637757736988803551830445738962366044319688932132288696467523176377235570 -0.1627034243216543030917553397610967551836931646175029046252624287864466862224524185967451101440606112337289859568996864898736559708256866107317318778091327376240492756467807256606832732532460817645680561857228078988628857 0.1586997768580728346275150807818459489074900673156697083950808279327379175089416179617755006605378055867240725029093455388222869409762273196148862705062126369047702730223452748073450795187097548111732477184631647190814035 -0.1694721608175195011754716754910411684700680529962469533426841442773296596973439627894300569291225881995256032850073382285016246413554519708776365756884147993852949049182463501892420133862834600338354177410829442765388352 0.05889722426715699500241684819826337127160706700178925123335501730496642372528298313733783860892737643646156853561966717343275441305555516604604932615838178651151807849595721112999608478107938021992789743983554935340907544 0.03203193202039871757885777071902282075323333050807297363880108884857304981083699283359614767428523573111866929652618092977124279846580009256670636806791430645034165170667417088200839229024355094258843039585018723164960576
G 105 0.3232537088992718897639736021946149585360306490554546002241802887790238209112675242478577126000878834681704668780003591993597835514280833336643478771351326364862518364262268333519568281785581307745753408274800080384750782 -0.2957194496057791771612125720382287521374530459734213460589100418389314482064892582679909883473313416841679283117175429217437657831416833950982155263848760782894120004842344378045807013148714005019715331021563614094886123 0.6544000904438380743713147677437536999692916309973297692494033661873677010971384866317181061134847087637107528902068571953810534309298606983647823403132085602828794680752331090179614638089288180982063412320489709850727646 0.3745605734162731791353375156703318842305607616913164979396059871403582300004120001843872853998086381012980829593887150072950371389617071075578674255767017607225851128781687725747026659213132907088017046049196182097337561 0.5212758340693901014617936530394514372647391195359236474646621500038873538431053277968874142402568297171939404238272596087727412814129694971620806554628625481980152562263509607157884830000182967540462802576287852671352942 -0.3427265588962563130065243376870399808378361213382994143319724553569342897854626382838850251968656651540239295309207168634637505448750174208139246662320505256912752104104165387656838206099508959250174598221390917354219028 -0.2140887269450328793191770059245593301966179317881748819355740870846568355220552894976705520612815530791806362401134083149526773617028070906390208370828938320618164436533380096797993101799978973432984727867414751841365412 0.1383877131215712185777623033322393503018499751137266306861089557684934384150945301461004035990364870587816546930131045215867313634084620326278512948714428212376423843196122428234595449948067748804688899612223202595333962 -0.1399926117594042933721138928854635125649730790161858363649169496291355738236188126594422986029635930870715745378343706824823397802243331610069494983945068359524754083927387335014796710004618782439201790818285226326872559 -0.06322390264900756199657518659879000423474916466242275205366466881733511421875886494948045054507793630333838440248874907104102136496002685578511690744557572374696541560462780965738023457121425011735866035994697115078258622 -0.01441211454218194120335588033242292061357791965067394495387433580300705595599748637161283880517050898273631247168003011349660649873330620229901523694539045848426127127407088960645252891055317820027794565984035197219616739
G 106 0.1071695212670572329213161855940987504045423825824467937800998137374173005620980194618322032142356102511556312734292818693241523258840016567749423269875209973898349480147556060357258876901037845196093509125418868885222712 0.09513710408797806970307477029001273317582014539138438564356235336242622241200466508879408182657183135846502980455888885696219677891611782136584036141154218364254759925660546260520714951667331105906267325709138304372496006 0.4123479915677301168941531133637730955021057151865488505375707845943865571021601550120795532273755651078401822273590284127122852056995234786192123278663024140904174097601238154493537678949192319691418545133481147557937880 0.1964277913680712203237856328969884890129393472372616212228043484590092654597404893018702096554174776231826333680561500441602101888187559884048478264173308567623146916022796626363741157777359001564522413414367985144175056 0.3767606204759174021505601619564687511435916440619919834118701032938585835298561530068560957513738965552322788763409206638253551758409260465423772663137385842864368007749272625714863355072372525586950411950651106522272193 -0.07646833124399045733207327625496617057432389520741021310623547206294784465917489836323693162108070200229650278070712077355217781910730725938471031470960060460687713697528423040392830758975068894804797920473952747210574212 0.02199459923910838533164451530691890527916946793169862009960122780515051520720698062728485364873762043745770262799641398457372984236576430063081841775555893092180327061461824374612284600488901757845572215279020489535017161 0.1158599235414948957041613311094718219177650114107561242249376205356235471829323699320150652860306550835313038979073972795186492561682624133684645473829579135198205176118825125568353203730498134999868828275763880871870500 -0.09760273454181337286086172867558332035546845938901196041374610668335513669154269964691288840375663511520416982617070986657419872438070321571854145520228885901896163877337501038207882480331318671329378626161802775181027197 0.03038342673470515708299135266756915360835054753122837303884905360450257040382880111344325160440243945986919848154312362689453336100400259761759211371508986490513335426083204753876762174164876947817683425350857124276443623 0.04642757248199292822401341952242661547118603600332970997487739395385503145637989911850503099275335468765757000838832402225822914764533986883274692791718852820275075534087741817667581719535101151303618403301717946802747718
G 107 -0.2868585933095073629797708356379457867682942067424887069928247811851207199225630451386855287000265381295774917198905343023021769696425780744494737699807262309495347575303309221129762515853049076483935896034301376163543329 0.5462451622640125624482861999234806698220398112560674785293073196037978292940865677504514987448673954372494093645763815728846690096726379325369349051589090400947772142228172294402651085351008275284680210305697683119525057 0.7949924911296151072019311176147207925251617776682059211610765857127086142045546056411663219114999026381165748508082332189223039120756772033623138052838505957996578924920865701509021608938267822071330854989230495009169001 0.6147602494756397657508808061474468773289847135975086619090862661277771897548212809816297976599207913832447226722824109238008191214554056404740467770414011134849873624461442694828256455899711497178326052083804255339934554 -0.07316462425127634204536798909710509334383817874124026090483207516757096231517295439308169128364034326763016060469377016819504829037285726858653921999719107925299854717206719271639302048389327840653565295518100190609800794 -0.1619799078797692976682291229263845407738755278523133107747063082567686989506283617779182689111382932224256299155715965619752965473953593856956503278863431777608920332442724382987020826298437675017570225536716540027221508 0.2274897683250804756627955401726819969278677641563597559065642476008655029230016633079406063550059769207682927544857996850657352451514171104925431756204069598734179164602592189381281527403333100445228033287347171656408575 0.02747095536303627234166033457817580037510562588472906268508867799573765851938199788321339793935226530485756973974817699872732298639891242317893389840261595637534508623302672708735070866991518500640176301639950457792037595 0.1301564438417435845722963760696940900932961887618195203217755156588934169073356124952195192792686171197969637512629996014060622443956692658530192073183498232572186460450550015674422640359496460277246661780274974711893625 -0.06357655813743681055107495508332732051439230211468325812444427803417063421772106771126340076321056242355643448461572646009100715080717964825011592179203565074901444027446898335777146391767409310462370776143728583782391010 -0.01890180831242015773096915149262825488538716176974761193137357992355860216795294331729351816972386357317277443538493454723694330817605445545504060606970342277149749071692509932691813497671727666976371597385513284450711465
G 108 -0.1285495420931725146159448455825169608445620411357576876268208751648333673938278196810606127571666481373413825394588951320943524257504520230145623412047949417680601169392969717852440592515413598401372449435461013050211344 0.09521607112218637235975506358778267177093998267498427381842839013678808487875107406108878774758432203943755583319084643055427750188150870704953008204662028158145654162614429857984031398201402999069732685065197218980839676 0.6817411535296379282498782673053574615517283241513350979519830390142661274615218879104576302583711978553451239676089634192922297313440892980730167472350324880845838942048218457961939004188259437784045614018596236785342680 0.5230531505688796594546652610229929412842114798236691718976513428900768607882957620566812074504971178812605438595174725649231302841901589382462685841453281250752839903779327962973963051537845367825475660997024998553485563 -0.004136501766274229399945231817998395163565371950736015473781926713607802307770823354517227298638132303120402965096012002727008910828424704019681466850601604845767344463459468360039953724858585219967631677819970207454327416 0.04399081689013353997434526762611395311167392611588307856579771884233820273239656867978458796136269768464141811995319645864361219768065611545138475892473883320154290565180247956841496893366222433493691798777218570654788600 0.05663351720130173538261709384702698747295066033136160898800401656545348275852825350618254754200971524688254773294906264997708348151704000957712716618166677756647422727639590605104721688895982431855813161781807293956453334 0.2166203908943401610069106978287928550584764925595208456225493582821732474681530264663178622728929839338611952436050696425453238344423790892453496896969128165699991368643913333416578386447726242056947140366755567220328309 0.2052951664281183507862407944157442399626405799943830792256973749369071512002063859345535774601821127986535300562708380025496759170787104936904997589252205588242259110183656667874972458786074757147824321726695553403114163 -0.03523991260002666173589730110181116161850959857567766353937790419780481463473445130404467781463191739031880488385291370252636642713185236183446400510447241628119846288494141038835652497566822356324746198055149666912652971 0.06163960075652437677955132385773368082323269992814750460013022146630984597712130811701277679569264946236290044378098345639606637933023454730615625414693865006286762127467212173869475873590522104194647327060033809993600082
G 109 0.07892906530981970916048038928629798786906594743902824709094382075163103715254974303965878450541765455978069623317298669940813753589661455225146800513748122948217011306972884084817959638075142053913396234356896229588686584 0.3536620325220899113847031166701241244159561555644201475483965424326733372938271423332861650203365484305506005691631728000061210586237366093563959936996068872173730831527548945617691849954631944073862325282750179374971802 0.4743813756025921636892002392421154472031075737384794073557740234072006035574023767424341277347723203490991187446929829650979058844005701048837997531753789408165355004335158167252545653525289692288655339420192701891488006 0.3989172445538665741524362490225837439748686884853927126039965706327835508673246956712701790300556890936928239884222631878490755644445109038636603907756286711195847871180419643355117504981297638070567841219272700799357544 -0.1881070708093739304174127714309188447372960371451884380901812283344770977330529784593704813671069019444489648238427952959362226619695184888894116869622183387563678090244403383816196253779217158175269571043754410250078777 0.5154094224235619578838037427778498375163322696920576201133178502668200643909757539622311883511511885878531940944168746892790454500040386147688391549306963560607130573031727397943678982299091813210946794564456989060857024 0.0009675044199298332727458478811759656627929934583180202470881929113062353601181333640657321601756049111914968693566464073468691835343900852685109055874459488737315373985689716945596047624003091225321639036444169786281234855 0.2826302613860034749429701994301195942323099996981301403315273426746744783286088903535535896635959735513145818553220085965243281411855549897158180140615217158865781350165462096134272214869615149526910212213209299043015748 0.2833202455772768440264258556820133896649554730171518006423548720638954143189780511116010886623808908858085587100442899012886926526883764519376799343058069334001948676010121671399600667449738835476455866214705086343751583 0.3024147052194520907448548318564549574482476321549344376453569862023529414075355293184310954325911187856142180760769046957944792478613377779112236652310273727684712102292712258697922105354407639378138255193555836262891112 -0.1713859599440263273426265721802858494972915081116465076968870761166695172402291034974426811782573498827101030834436910672191379303257769128839323903279314165961843652365089915618570382533906659614350400037578848345451818
G 110 1.042420208097544762209290398259068013655581272726587264812444743865094895167304165585681718518621209457478075728195716216882493502320470833823313251994218481177328603643460160566799487890113534499270261067981303373958860 0.8694724063514192608376341974559809976567382426495760108516717252443109585353369710931324908777755078069023826482777473549865271691694026606324626278388792708841142932268499565286954615801231519684738058465878191118948332 -0.2889150483468509349606560131067387948724902027774174200634140325784497188271238212978445206603660414936874640953676809316561238567811565478413452975466403836592197316328532583557233281351310337278508389578647829133174882 0.6704705782486986122954624536879061063881294304910961337351492136232350813763656183812693497589719801023499440977589864307532447760069736856263883853048434471503829883957381464467915751622208188113507248224360942696113775 -0.4550767785280787321484502884795437961075437387361484705181061930198447756376625235346288059820443434601270490113231937951016126556107652533903147025077242784969577109049416334202638771087263446864362062424887719610383599 0.09575324735582313137663644233921568666376069301959518129691515567536088155557567935326797495095162011763083728896269081975857982505924359899425656968872761547095465942673091616466589869520367061383227110125824093654353780 0.1865554992729141848523015713518464176361949048533749839454902928483423175236852998145607676132359366845538210368937108973941837455723382940787312353536099087532529872408801619083712028789512900195375270041589458963396352 -0.01796032233595720026879062871472810610706238310697020056351361928100279957450783433215740300453252119193018981361839956482991743847023089508741884244065765205994506489332424588628447386804347110184612636506606594354528243 -0.2533959171573678688478608173490195901362391870849757479023667014999612177874572825876272036375060752559635634121512738427627777479998614292872098484840246210188787668321221146871880431332113397774148659936628990363884682 0.08365594650249999967877376430422930230083124149490649341512408151562029819906181641627664604268482274485673412798466159597122866511435607845349318155458439301684445360046038375093484267267131521990257344348659862195462930 0.008278698804248962641359317014146544286993439025981727212493329940176478448619234317934928328613002458867027039524466613826563799566621256584461421416735333332723679016915535637508047267643731749685809138470828877519211944
G 111 1.071506766106354091361958709078630135570937831131847551777286831881932552558746908135173944179074761175607712071320022638268089695247098741824112070104687788465771515714242928483968999084848379295786839322184531856545358 0.8139547409140419248869695646521869600658771867892996706799373963189425047482623580769709666355839904819262004292860255860758723451677231078529803284508693911225821668453028292192821951537281248878676850459311042986071753 -0.06667318190340631735526907500956323888330195486141722140936709002599349028403848442436683166176649226362156479800196628354631323341593936040213336704683580507281581014035004730650772844913111661829768260763467621312978330 -0.3859098300234338102367023433532897987387525267718821560191761926461004460961628691116240325672551748540544023912599874704316898465416087684126154558430618504411426095281390367579233189743821816250270798461045176252573407 -0.3775512488492090413587569117302888229821395365399304449621911316787698082302819873000513146524739690136264165995543230562306924327285241887073432262226807642451619385659282941149552615418161062870469376675212985785609133 0.2262060433192368092814885612507892908746678624906843830494687388785628587133411989411984251448441524341345793680463792854542961487906277268414537096887151601929531327233351156594716046491120587055408082019323711239889093 -0.03927477304832394938040798327012413158115011572572146315213113636382632657065961165959363400382229730594342104752849689450734788291847810344548523153129833290738371439439437835392960087851231317727669030506877714059826329 0.03741994424368484083762738529641459771687823124409680914471721082110474161496632942814158069205161202252011160917137170797304445166832129075327297332184402805904374659213445766379925678708356441270754452570954245668323706 0.07458346473280035930865388493576786183559062779888838516508478059849334445106735731868785674747661213936862435661414369839351931393398107765734259140973935356944050911938220573450068619559468228025455605383407307171674260 -0.02840200866398100817632258204298089822376749358665082464326962783776075873242495895364001144611866773699213266125061370478556050787917509728793452953176563429434335021788295894683460530817759810848227919371886899843724119 0.01276547059948007201446251569618105918651896586263846722701652541450331681550893434730613009175353078162404863304548897226107178626709527870143140162059671413433343949912626229649044550094114698376702588503530217846556530
G 112 0.3666782008681389786419631172571211522460952245527847775826963594178103813887378234363542687384849163004632210360056769054491472791672334716543350567227457992061688208543365773153806510450099749211467815571741933156685506 0.7071608416372011239478533219106331653550684625969490814320805867877117048608202070010836200555909689171134342104976882721159550611507839526956026987773800935326857861725846368237386825403528666429525891740858398801395029 0.1548157322841978447016203170374059608437003147195925031082773485061570151236065659873681085954856653959206229334293094119871418350232409619701090937449968673210454156436940155694076830910802042393732955093561474640275539 0.6723221670602067745653340463648373329922634872984538728277623339236154023336720773948130601810932174909297731840521427559848805896937409555940593683648046046002372218909455731442530884060683720193924209856920008629930297 -0.1501078557718025571690605420028709656042557649709242258550936873756204951624349835503154384075163324506602556378478619550631604822761883406653348972857070390001717011787773872575263281055601686657518739058279248222894898 0.6395467831277502879459764778023365044999889501675058856842548431272229736581045995567540936973460744804095997194289716547356807135802624752304606572392262669763103497379217939509830116329545604779029195859477494534052969 0.2881092500589268832645098607040456524048662779916319982343288026442442759637585274017073125468058254131175532312230995480612572183332025137794439543663943076477389290478904887108930129661250992286027646740673573992117024 -0.05070446507196820908210702429962257485586871524880579140188103684118512145687219708133728366455109957671062679864208539084859023330315569748482683512017009156273364581683169656308769783367168439515286042194697611486575743 -0.2350897785767033992193380805413701810560546884212932395759698691025018679794340604672886516211937976449875215823673886622734183103728348566316747605751815229155227186367893318777023375636299684351055549716748148038158829 -0.01663374725016597282187697835747328769107744555275452147392613183526498291191548238094766640038185073696433145882442532794120063289725770418159530391069543971128344094547927922746365832166827573320495892157167634503504827 0.0009726031578015034644638397874138462563233846832591429921969412193083343185670649853220619559382323149148720803392145757720257323879029340551565869315079358022160663359981446191234731288976660804374132083148507315857117225
G 113 0.6057961333184463183652222831897132214781868093652661693539499666126566690680950491072843944108004792096505142577965472404221595122033942138168767763014017342935659818606415030247069899784574202841445564362715441432514426 0.7154250984248730895241472414690037578251189147902926073994907354319134919104771532039953385843095251810900333815514414965753528406358191892163920186161048204592034931147695324402753403550145624973214178300549391661720010 -0.2691933573617387882191675060728625294834538278408524502119994342340315261916388368356501502282088831072014337074977811066097846461518718201991284259727175896515608431913189719618825547750217667403965919785637433976442051 0.5817107721570192931796570744268155027007992888861242922229044121137629190619925320027488868729741233050242844548601356396687033600888829074248336167732533699472027118505477675404987880530252309735149590828835256862616654 -0.1942743281413653197406503711820203495735372878348034400388549382699654713144933378670396811971723636776897894400534278124259073635189577189500756165929458058049133375749876665424657586427478043182150508323321394253002847 0.6124797393816992035433135200742391176983936902275971605881028816055032794473099897854545461557345785270808816222907167935970258710995314947742996613541481818229348904056504287955854732324193074972931089964986011167011389 0.4741721003210788684409906245026064624160927286190761947698366030509418963428202203981635175856427986258674120684619273633304129551781142073062363605026324413280887033336077782852742337048808877494681837932602527071684268 -0.02606641799294838670407935747871552548223719479388858567383892427643974935497144539618241044425422478663545521156726183090053264661086438561810920878390209504132569141158932313979934999208407613644968591473144050680207229 -0.1636924937961583966076596205505195187121565210164964582519937619223038431500082193559613992703062154764420814809643813955391722595517418131205693075081853468592594316903768278250661040099069611328985044993998378755501650 0.2037933472882567014162782642831635842401797735309761278727502388933516469376763221779432206930698467409310319396062505986728676005594350630955483747456537650043258825636661521847893822468932048012146215593564962156273182 0.07182199260578991053393647275662181813476006041292005406640096190938245875219460143205652113775319810929187339365009030660018199190653863286303990485359715973149232972536877976948810483020473630236781558642847480642333885
G 114 0.5042216009526602324978498943615130215983516690128096373471774314029105107237839549602918082263437614659659711971392816159268109604950620258985413618162626075543771120748543874399484258570121694494622328958107198977452750 0.2542795673872246745160970585902375579190898789702767218234305242483795255858678724165495509537609897342453191855486126537739928902488306904039699236109187090801768990116495617001866603844906396809512684368414739056717612 0.1454842883599067228791936386826197532215165109340147127140481041151061351937376031986444178169496186464393545289756473041728778506746794514208240006266895142968411271695583646046700246883266960579769298590557192274179810 0.5579577725399377636462917208710473689325288685568703880819483537995299304115488421669419990970891787606377585194846994648678331076982150457092623278675455550101009099055236763109666565626906675855845050130854006813965553 0.1744182798023233083369156345584798786522367028951262666018058734823814885157040223396138755813013622913250698745393072774088344496488589812575232160071192580610905253728247973382493529294891781874426229183479530616598411 -0.02596206359220702348869949252626099397665748956003465891849307085392068181880207832515187239173397169099919298657876331093324294029937976485585008321616332247574046216967242008302550190603833133201706772415162038753475289 -0.05909660846340772335843467065986247402525887179278240561081535425255675273074090312050023108126765095299278351783916397968566116234513316801841239468523303628957733301558854375714846593347629371660001790685597633802122865 0.3000227190344308826541650420922765802437565109071725515433881113883547326058500578067580672060512066943210576868516241274042115691410854456937113295562939953060858610066039164085259831417570020984166112026194058140946355 0.1665038111789683513475444891791386281178629046126823927895585869575253264858871436019618168764648142222758464383180504973606402508353544773823697169377667234730228861246305084344186645896190941899072459884712465405565228 0.1480291140813327679093166913112405435182188534607379800828349877294108192039366112060986879229295407696256315584033588704171376945892392236300665475474900908895144800737187674390295392021024088898298841785601180000147404 0.03175913779168988678836342523104399493227022253803664904304307849470965603372942466873718662789025304537172199385766185606393373252032073414819433514594932548601267677606573110392620717271402075011236331629590299119744179
G 115 0.6930544709425825934065501780509761663192363136397310559843006459528260144182002701307649846281416828098109393810088903334570991934560919500411446154192750619352491326413958988716443713496803298440105095121687692672466049 0.6463162164179790122185400360460283049258568223637189134729418758410806612209653970732684912853937375171688315696245328162226290010531177228917450698324399950833768669023235448904658221133532724661662186459770425492461500 0.04601633818383697947546422759952909970122254764313189888965196023471633193416808825472863835317592419933855464117768060997709985054597268451924818707511851506426363036501257909201512658661829717063938503841054149710018080 0.6045020232907161780956668322898368561754855065449570898300299090522037520667643390209645590085347953212088181402412252540797445772117673113832832800597104341436729604022341032531694949316443077292166726847250502693582969 -0.2849189293143968388969665425319933044818643649513069575665188883517835785997910953824235484200659825688366425859469663883550887646867661442116964227661226148373082206477060828585372178548855327365014076792651353286174465 0.4866760436858483808184868208021697548931290582747307925689130271819106642392308694947039524202140510207837181508679428584838906299787741521078444009788745614730752106936146552277718285198213718088620945642875013275788319 0.06246433219129591297806174139005306149690006161210759137955533655739960465635554054535387645119941589304927281135678482022115525483682537872284394480600789422023908759573446660615882252627963942963053232114399908151192519 0.03423522916223687422665566705651000363595934456832437061728619821290536821770497800789919700938510472490978321219890341257986525966940568563359238238017646818590902613707671902206371289461000393059745286156084572475437938 -0.02301407858936468967263720692030469459168166698346137971039090681677184853792779162531561828643008519266233201526209857388935990219695997176042218937923837456826842845679169924636222226885924634194679212608315722943826936 0.09223435606549309882004926837436848466768622795832050031041735958953326631663193341665075920868333079314209470228575225660170663654167217494705345027718238383314754201521503070407370421491758896425440037031314516034369614 -0.04360095841789171632712321857838338334109526738775552770956621209977541333664226368182903623357256518403135028511092059059764254811149603780525987616964356617714059682679420054144905484321989281095827994171232353710931545
G 116 0.8888381603027363652022737696103196759471517356064259024287426431598617673772628777903181394278505185751407772500431331956138940304536468414619415193486759757678509200736148452625095936769312071037030546076563619190808703 0.6746768058921741590847607207496736046421355044631954465910563480031724460905269925861408397453800050874852784161889405096649509366765975119843810201399326422552055788522187470393827121296709346147554029272639112541403190 -0.1057507073848910765425811752448667918162092206324025578303785688628134915951084631191073582624937649872853761770958794170992987119017649027856178651917208381362667758916977756596623210911018167755579378687037234536960191 0.6736460011408882804223835568758813385518689269844379531221715545766455114705949060850165221857448984200203448138059244669894098410743143329178216585766299654312779624258472749082422029730912679775088794557608073089582610 -0.1371181977342455557983240008193885771709091750274101540436597687119911641991461477715424911337146911694226497826407117595188414693116571485153910002007767023774762434206274466129898435563622159416387645089949025311605729 0.4772599329967866419822407552916222958627840664244847862881771307743710258946131321838187757075859108974098918587549705536901342227102203447500589788166961669798454181217935500541370656023392584765202773070770523670529711 -0.08612233861981372073576588299696602113011150980613391017603475524851911112580761519425808671231261036278616266136180155819893712902811105411777619188676888717745898936221678177561181819367507730340432375014520297462384098 0.08297271816350747298961011417710393269953472410620130567801222284311371757294182815046001828721017491503977951553098040267749483783133026177704222625607407652495493743628035256447561769793038093127571978050702160549048007 -0.09637937941124115878895390122337073397345408089201644709514056020076987014775181505935695660627857012072626020663375286425499979471184286279350268685364248618204464597530089683945650292054227355867114162134048783229796429 -0.08024125993261607792627644758423351671476571619134960027044690205382987294194271141045836865287628910726016865118684712949483870003657608478559194671676212168720115219633796033049101720191461132656996362261927031636658815 -0.03662876618826406257301364195606453022927789844932114520306723344789287849869273983664271451895451621403953460080752061633816674867773696773920041293512138258413790462601033033554292010152713041715079770352653937532227907
G 117 0.7190788855660893479631596195219934501154890345412146694123402049647471539390658838878032093771709658642191988634544977433217109231964260962405799322806645232846694761826888295255434498274607766615368300546768471831279870 0.5719696613877266002013809600741094044448649027423687958432320901090706511195540942119053223779918237244849051979091967795904780445678288493144976766987737624414218187679841475014195854720278969993646755258139712421661585 -0.02629022051496556349066452455350154120938545296892009434186755820483124872802428703132926753509282783232794802565460515781807654626358810109286496527360633667521937574993613213249708236005316626847338645212140248580838706 0.2847940968529735147164303490233374118662909319143684039123999478595875613803860020455733209790303295201629911409199405602968679910280536144572760777663589402627758933155442906752886484888584877563656822446858985275624218 -0.3585488419722377810039227892038296793824541304368385093044067510797432722082509579465637423244151024694039490883283447573720021152949885623576422000836099594824308387974534798361248605127421238290972701077419807156052824 0.2511537677436740439472445941707919860406031470813632730055260423439810513439278828812851448636461808025404363158859401603720541135377819127164014192222882383782533323586084117165686522340147598997893216666756575368940355 0.05199634141114416647921410309205484878257926060377808263797599118390832629748052923208718052551187963469489433155338470812791857322723983335058634322353253346503579188535404200803408384089092876677502861587058032566645237 0.2021064708067906595582043996642944529553632244886497001206330851575366533309837702511198686014420954025926526669538468899677414311518691505943375791485015406978682923152213974518650211507976675184469551806788180341044178 -0.0004438358812493406041460957056997376154702359578075835597494587662807737266739049728179971280750230396335883183656407407940737249991743668318972759225996689713025424679264679615125929057186013362565410157788045045187753000 0.07059347959529019972925765189649768790030256220591519623566424202277847097964129482975177662881013537832625832602795828884384555259989719635418449394020937595394146663706654358570712430238562990844983526339771073289198419 0.02546035909544620722794879383241975520448006160786291101653300466088503718301942869204225898215079792845468189922124305542783403137149680696976631327740622192581263068607112342394953899957922693204430684579096498592205294
G 118 0.9570179999195850260050231758688749298986070168219707963588828842293460297618719542766951836755113203768902678559622150578999553098953321273097717528087210702751386601722659309932850044456882518525870452788171619263782249 0.8171064716226052779842081784563056677340691281277233275662901738672068838393384979150367599155522268336898285899020595921254704646314124453806490954972787156242452252094331885087532855152948329234556401883489148898471748 -0.07010000291066207825003213864010361517202162055578303236433401966370288662098937949848913684816376292999557058160878255931394754763722857375401518901832128038967497803626150417940674778069922470008752786967197884205003300 0.4382585581419448772134615282314274810045823004498128419773357147875326290389537376082647403810387530222714309627090687539976986720832009668767845422514817067785378418855394962461265101357864518054875804168092450752857166 -0.1334601204331127641583783012104399235492120590571830731834154311285647831434733159367479615598060298584251235530231121844376983194116531881444927829633419448194347299314718192786505692353339830219721667692504500670421460 0.1905165349091204680314659043391581089589250553976747930907481287042182420847546386128552528882751016290231497774832787016426308235479271206499977625133486119156480780783920314843158856620389657827305493686042560208340550 -0.2915688590087559649015931396486316864345087048322893144292284711472539429614656134881673007568670693717219507181715214163623943333290874394401299189030818658008675719415758325217991543425853439776061484919094130874927157 0.09713890267805078379821681144082646146716949331775608872973444965366996334744359447375814614841346455444982579822523549353114981405186512290449405134492238587630957125929381262104882993630816181183877829411697551701695975 0.1521288418435097630609114795017205734228514547205560182464301422041532226855096879387583847495300387726183810150857216337107450895908685260548190786201656335449976812060458987872053286276683932498639218072703077920435709 0.07162718500358067489566602429548921367581540465825828396233931115121599104585002186752761413087932745009276173215303510755462308026639328904094034351233358728580522363697610694090315504291965853855623759072467155676985823 0.003331594002757125231181236283451789752622347012327804684454751681526956801737354928940217562917752622076979338219099849605842812231299169558220257479571900100003612453202694295842366485345678745408445927901835260656623075
G 119 0.2942338568364884937826746480045949818847484703933845571737802460720152227403280928948178533360173992474343567043598475074565137440681067288384598452194041424401191679702898659651773353813996512984479286051178207447938989 0.7347650453191508233689454352309661554701308336810770552579951708110625413308702166593474390936260101908761462895101514975153765745855870468971952173565816352393717416680823056680790820950910827608774916562590521756832281 0.2633576469665594893328755722296235734214661037626959705992516893683843698816667623988379433910165574119465302121664063295546281248990114014210684430625602684848646820666036901273248612608203812633958954502301524109467584 0.3646926408580782791049390701102487690249472679795048613122004872836074459774473528265872300856141673207278807810778122676323655805964285732329128629601441628520470467508497379912517208608646822656764938432260850777813642 -0.5083102439196681096224752670179603226715405254435404381152600879360919162353697764874332856360799826840813930831126047662349054238930465500149475683236128071722991451406016105137776051656257031684202003930822823626966515 0.3953140464156093573438767049797365460774144457859495503328448494024200660115688473800558783386234952129250243017566780275710371853177446961796429512468418507355058366368591291790256111358442156681471169755919731240160188 0.2822468331260573569288517092387233645660350968899142179271236430197924262585136682448564279584999659826613678450866629184641731108072236446458726220787017754944149453205628821389472491138371701605973889704355109056350688 -0.01712764725568449554885688675881120669828940028551136577117664035056178902217997879322533272349077392446269784826871247068992823700349722306013628676083242462335425150505611890720050975255606512695641681170485731958145777 0.02752629938358487900008401498230119505368263660331068256763739122092435088872851634368365010037854225765403367988563369396127597035937979495762566413789100349660525452438412257237914296175256705058655492739861239998883705 -0.02793079434302608349535981398754368317148699493905207737357028717539577409750807886976128543587251167467806503975671833399251007671978886283097820707336337703073569459862786022158648356143236103614678526722472172264875579 0.008259764587143314384496809371637838595171612024304715732943431000011834560991035580943189699383534836434870478766521473997446215315298502418808041938731295636548114064286591030425002758744188019584972748636627185089536366
G 120 0.2728889623797615011699660287144003169531581151849843017761163925722746439312979132118926022800206224250373862291375445689977898654188734155030255423499350658775513635710180602104451852489712773116501538505779392996561747 0.8214602068144760964466375753636169181389980519970604784643384989293581230877734356820198419055681039596125420315224122300850121831658994467119724800053713605510384822587954541404883684541347178071562109452402943180626668 0.6862627620474156624562304848305029595829414486131543136976986670197158981573369650710759179765709235677886086521423414862045718335279669092522322576082487378728593843988601655972370307486712471575825369620189563716099108 0.6315250366804986303044013003739418285002618371511053062546716426273946775733851464853872296109969908068336006662847896383887067469171809140798342909165387422223742979999220331210347679422398967764743249770609428469629230 -0.4225757292376805983708295247047024118855091657683004685504745216475344047804251259247885451338386507693598127049794128794867548965446039841446273467526455859967379133679090103478726606093924437507811326323251893010461477 0.3085206043135295264394473751054906592102829179305584617488378249032759643473031061514631971317425571022319762269667478791919653657259514679070540214167316592280747004314624902086952946760154600359347742002960302737385201 -0.03843930045108220543417825075006306261113270854988033743668923866483811036851683322226758374881081242613317089323672523936328753307398649133866483674633860600286810547557912770982400255050067992798057897536578776109437674 -0.09342994544047242696658281742358026151090692471457671397658065199688152331904444985948608513842551642975305789251074387475007581742965030005850403423048388964803290847762828637792649518300786802047940779641150581015238450 -0.02199625733745078880319733525459885267230651320598556579033142535554882422664492700745413986969085931129447887655841491480006730867360018679338446499655825450817900360700139853569596500274615724722901559717201404585980514 0.06960790411116962516833431937835345541538770226351949104419026403838126817535082383317847378852080314072915682865057272501106329079740294864404122416910284088489337716554486899326801725145280835328991802797801769946313848 0.01352702148711676812530743553036486275173159933316495845434122947201900142048565456661618150195387563409380182322154119699137009172226579446714417442367879298394210666100970269726023334095541212534224727615363210698176025
