0 0 0 -0.5503261039366334318529439307404327140041446937861150203567437381678041163766502214365977969402225782178707621529336401309576651385733904788634546274873978836421355370479402375183684681645618608805173183807009720434266149
0 1 0 0.6760697789096399138453025692528996270430299822673899772708225304923617320935696118000618157407605745676143986038375401025997901020085607441316832148899617211356316344845610985527900568606721562968248544317417452934277880
0 2 0 -0.4392615506424908609051648948480758923465730767189846337764391320746131169926732504950619193838329188841932360808683545997880234471118260756457357560501631241920284906662050575094076799428478658988116774232119276703046251
0 3 0 0.2068096610699364999334501456634098197056098168430484974503221776199423991955966747681033225923497840225875429512857042137927549497420694050976215006442583267784132726685185202619553071020795353196887101776943773744728952
0 4 0 -0.06511301748576030051581065961419204053503003640718037445368504443888010888246990379519153162070010494330412024309183660108037031540976482181321198324731098424437564871423855963590773121126638415975273723884016162633074331
0 5 0 0.01044016997209801640065491257735625938640467825207608322054423113774064962097477318752593492390053233515494416695281983232724370546432810195868139490154887455271523740209777307244912150882492004148955020554717198925519040
0 6 0 0.0008142813861580553074347183580861324384088210263909033107220900119684211539461660199309463547262738957150451438810659404720326272071946531743019194609998337694868009706686915936180214163274197998088108570042201335675343742
0 7 0 -0.0007171842841697813544550599267211151648739129341044640284658719463757141047784220227606156987451997933812567175597829549977444933297598431378151581329926093453500079090255539500502915090319075489476433867466277493634075366
0 8 0 8.878035844314923792987958065379154078755040412929382215691814194369792082038240624022465551454275734530593986894864650185897668906174732534192920501360468165325960503981497911362473335377743575100497522861291747610520276e-5
0 9 0 1.001153904797453382206394340911326613473428690368150532069876360572121017014438354483825210276853566446467227411863736246292448372442049186658089018964663676532212404242808139710455498485277806241041050674691734675400100e-5
0 10 0 -1.037377880465937528336779916380195448970767280408867455562867160311401179407281359347414565536710988623667035515880221566084720647453083482547608312542488272221353517583059163034180018656979540658410342619072870068390869e-6
0 11 0 -6.370589024415709090780756542520535860472710521283457625933715472674755111804518899253086509464383915337643333437879998958271596188397521774965943842137230512629514984883367576888755420851399884752802707979119233485486411e-7
0 12 0 5.709037992938942967930909107338533531475867706676243927101546699756924109995276951636355444643046911099190403820918800851190808979856249653935031145884722540132610192832208063833397143889967149150353283570608854326087784e-8
0 13 0 5.055359823763935210639623549345954878224872428796971124743768384978399009160644254693606009323200952120284465595759877744231333831049593784100231664755410586210626144992671463611216847873225898182603964194604931115642193e-9
0 14 0 1.606545529041715899449855819123571334251066782323067999683392973415251576320992870703150881983327017258599017412798656829713346725307361590968056914926202549800223478509811442416264498292924557008585814227818423149566478e-9
0 15 0 -1.587630342960285889127813579649071512134062944376018876310050880352920764153964457052170576652930088787625936464789816676686641113886761601864825986241127407153374144261898514070722047369291133169208805815751769606591154e-10
0 16 0 -2.084484643174069649369399474433796473836617169278820907547797372299877175726983444405850346414350537063025339216034507090911403786051577269137102253477993715888720051270742496219961148560409091156468228932385408336457296e-11
0 17 0 -1.079727943579172453928320533934011394649285700354580040153861371778179213193193588758644241551090983870340434593819442160932515627081256471042209854356218768285261249978442357859561784724806933499898777014681703631477103e-12
0 18 0 -1.723554894633057768378893746909564662420001754756721735421875225080241453300891480745376370993299745817356807647869535593655568646574882455550119559751159395189992905465057146431971479234646951299635828039664150158688016e-13
0 19 0 2.098335178689287393347077703275693911678431239187145907864087699700815509524990465973072773223604658968966747307219000703253463471644958481020966899333109898335585543975613050534608899507236350174792344913316141533168293e-14
0 20 0 2.057372882169077011570065532496284832553564728171590386201958716742175548173251406289792121621716460824913821631183260271444259261724357325675669155034405304260881935142237739915778456888727222505851544835533420386229283e-16
0 0 1 -0.4000429741045360351122979379799835263421584072037943440707294739388882015117266239503154256314564860750671470346814954082950988302454945582150789978589002812349169040829172055302430907325081709860673856736525598546337008
0 1 1 0.2006841044259851508355032549962755857172176013630483341398447068204142438899156857875230624839912068029827168327393340826469946189654876185728575595604365239100009655741895492628514207901256084135919340121241905771580419
0 2 1 0.4383750002775187744264171908811442123512147206256904003907933909238308723215488669799443753720675821080831529913017450958491801601063355071742074782184705287219582861557242041598126657432598872024579140572666151827572863
0 3 1 -0.6558844733226048621877891865035350903043964326440322096050842014367091374692074139056776140556018053613459383538968323541314924740910365247197404150524660745893450115394146050114744701890153075310775306085539190824155310
0 4 1 0.4067764827227868058801148550352551972878479169568932617399851266790786878610691748985557872841488889097370092633882448366048680237366488264959956679306040826423353152530720614599082391528933874131387674661976004693741636
0 5 1 -0.1071133523841939749052246127713227024663809029411092461949938735240385493487795852975868718217092500025602792578251303896618051534389150824859462267643187138024576303424074618318131369194744480952092341810325508084768879
0 6 1 -0.01242204959135992436556859009605940175350783983531549139935647453187603799162833040193782546453749832672928919027073001897883595997642631981359531320420254006539689311367708258021153709045450195132878963902137997445717190
0 7 1 0.01527158421161278464364578707520425836602458506807274778904058998331479853176914599538599914489785092449794020752839424741721245415649794671418933099737571420111366976830811268010727529920552848682364602944962543697447664
0 8 1 -0.002525966220808808194660517235562570177216627495855947355042595488251265743328315418387406394806295562077319795110699133650789931021762645292561767390742458884832477076875470672851404431553716197389310716030627933966550649
0 9 1 -0.0003686808089435724004731590477523128700915321327003644952077364237750182831635335954708387433449861549679804260946775018966506812580390344290197659148579916675611755233840167664548654838479818887364108138836629494320539292
0 10 1 4.827526860111591961393954445234514087845698034101369716395002582369219234113450015555265362614240835534466766091903991485441287798864905330997155864850365949582926773785515817855673500678569677118338940978027177053094636e-5
0 11 1 3.678058444825606168841917587723734539798164859148696531057305046660385958135109773454354031549074805904881532359406530593576708085717022818103241115716577119254196492080618590958765482843497265820271433291726351336141415e-5
0 12 1 -4.031519848850216807257975207163303688340892316614932979029179098375990313948517420213669506369785606976885937152907761773504463706055404833969744949167481638194036659331842234527164895925114552788719700658902246699127100e-6
0 13 1 -4.318751357727782642230708778732040038220384138010166188850580968463784944415101031722913937724225487690781985001743866403629345865660457992214636281886877660920393805153979011271262380914406974807249240384327301547630706e-7
0 14 1 -1.646693764358105355122621886556085712443808560935622891615714526680501981124100792473338600197423138011066324096556862149812829229581596344755346414422498583763915213514935732851002968010626567789267363233877189871913911e-7
0 15 1 1.941087225358246280743043140838821644734546094253347909075313990390718712617143604294988663104889553204622815404771417215424925554708168822810151606943628790905174465515535071244873432861218705158217634388331120652566216e-8
0 16 1 3.029309960046318678617664507724828447732475166077279052343572138342868986657997736899623474270864952844331055300332466274844592415687889724501949604087410377158166026224523433268112876375393461237689693308577434331803992e-9
0 17 1 1.863213192021540322598983222089787375233857555976088800938013476320014674415179503762024163714648184319208161584816063505662451800788017630973702193959564573457615366176568361348320655348311665295876398116882230040358827e-10
0 18 1 3.538670530244089085368036468968161309947188370583104367047169516077005641419666915045311388689517896227362861078348949770652663488975891017002932882441458101929443312231373293425059343430213390542856953642882764767945305e-11
0 19 1 -5.157876103857579827774185854215558475456893135688596322255082084791412191823414955708906915710157616704319353564221104127546936974867701214651375972140023602301444307239292978184402533886427701177437366644861667692106096e-12
0 20 1 -6.137058084004995890417463338963246397105358939046319262947261621842111024293983750266907131893937606190033202607574398086146314446111063992619552186385699005266624991313656086859827164967722070102664487176093920581426972e-14
0 0 2 0.3561898906620038030008007624937048594737552607742454543727056835100279014412444769862178933157156322881830340464741126613790323528284368145494672477083645886306220367305836286513445957907146547908561669692515605064718110
0 1 2 0.04456394250473196732284784684042527079457506138795836929466748685613911540550181176591144081790219207283689932053537395234817232329444887794159198394275395553186772854850584620232219230072877046964912272341930033465368060
0 2 2 -0.5219887247067666274810972016772075679730114304119247789431147539603261388581599243788088042718950790557745991302943286848429647587687616566862533470276553772882518207716115698004996666790704683415115218538273405281431295
0 3 2 -0.08073550871782941882773363283499860882812920865541575340287066906868857452758149182894269663106932879428915175182695464171488686125865882449441082618638419216286123051790849198411141914828807312923230850685650142013363920
0 4 2 0.6548878041948930444576749678486457663030040292950160503517079925072300954139137356753154496220281912212019172777076890529134220444117049283111850149809408702481434897901347576029404097070409695300013344586675587285415925
0 5 2 -0.3738071344246184031569819126529535045510463543617009572149386861990841878586959880142020416281551557155758419621634694491815020837321528143873414175106809270711483978882895561381441091180199050954531474267653633020877391
0 6 2 -0.07225062431435988650263728978976305907762793038003987020206540197380074843770264050437029908545646052526275876712007924275712140960690073649961300028370221723841683067719571125941049642823361912229997523464944129932011140
0 7 2 0.1317983345091249248555681678459053137259901586955916876540463711282958631008673271153580555380471133377969229468790116694848699301509269442419657958149473684142668278672052010399989721666132362859470177964893167580752630
0 8 2 -0.03025370082023961137132236004310719167927576658426814041665208687133039532304010239636427153080613704392088224843226817776526111312085692907705306567378522335524057573466044066299192402438727224705945616531341244176246839
0 9 2 -0.005866458385424795277687816000339594067763105105098264937161076065663415414244672686919159814740837841896204572923170003700841688526614192670695934019808267272741375336818325986076559923491419721000138551662999665608465207
0 10 2 0.0009898725841162019508129196452509288940964315312416645117113604472744269640355266876137479670882776740608990729866455349873797299944522440402587809520403666772114958027906586216031714587099507184089374488815781517418061614
0 11 2 0.0009505633152703625602695289309766834716452015202752109837941995360398679489164828104477105445650686564791831896492490258183625487261836458475384820994227727619064359771741403681544170450391209850181813514294770496877214469
0 12 2 -0.0001291914767174064151818538471198787887637114337222462484511562149050552589880980772222277194859934750553390523699007526004802181212952659658885586840226528713206104058412117880446567440545552321204363862281425880961232712
0 13 2 -1.695541799534668750162254076801752700839706588963372858115782921677041689364041184967807109066609069298377486106074165084333418217595593201536030109256568539345524784991151417224966755002983932594780121727664614268747760e-5
0 14 2 -7.853468971134905330857477152177936939034493078961145788519250590783438615376542370136487220473323062271322249415787693697708915191104025761031111172387731266006071947353627869412485473987355481976930272568079139804880242e-6
0 15 2 1.118555801010782364888957339825707412971612383445771778355928103245357578551925004679487549269929918513991650361062007246633412944586954942026880145911624833785144364012088150155489600367475972510225517837908480082299074e-6
0 16 2 2.104294924472985691488539832685893855945168317464300127292058423296102217823249929948275001767790157558920101962154963562547748030341064543351653022443581126965327711261507001941205915321922920353100231276916487998333297e-7
0 17 2 1.561747250647142309366901087179488736063271993986767932065528122916354516722691618179813732130001455198582786050817581140381504653271182214911360708698562207810058011873521177872403962214058169070098578988948409231207412e-8
0 18 2 3.597627516332879120973002859864533356764128155829305904816217072528068964880959059878667589709468987736659480652257909490492314192663229005974124071190921140538247043220808044689081611729025790752978137531277190106532946e-9
0 19 2 -6.431466723844862727675853797934373903824942940465070380453944547712994436543944842786913628297528962149138362404548408114204269800617367038114724749261096578162902296510334661963615247606899157865481650317424039927483692e-10
0 20 2 -9.585975879728438295033738796722460852951334395955437187569651289436218225115527445865176694105977411532768570020108982235053792325120754924732636663838769589954285187011584293054277816182556139110194749540543133494294241e-12
0 0 3 0.2910101711907477469774875495949150335243853517496716851188789652704488289252189932401887247909076084049362066345032059230797211040453127213242998308495119541950029363541062956402439858510932255529178082211054482388471128
0 1 3 0.1759451651718990821612771387817633627092279206550247386638394320667601230988166076576015399461591500535025215229823945890424514383182745872958263571433572534139906414071732933775768076058542962494939303970277664962008060
0 2 3 -0.2731569877435150389481211110564397352148338473399258861032661117389078977961720078462451081139681519625432806108722328146887327831430913989026081306206308112491702265496289642619912105851458858749692891753666650493010453
0 3 3 -0.4136887144838683615728555107568651182386025095153346554763471066982210581055024526265114664042962692081602265238329489676244295009081955745308379287237001920785191645515692954370085535834404162864820193201645039544322928
0 4 3 -0.01759129463386624569444545992365617337460050947682850343414699119697869980358454464739028800806407255894237265400264161498624688534386213134092983343003715116685658992527367107993289030842298226719406771303618560463977519
0 5 3 0.4822000804996989695061411455854611000207994489855618602507638156505981331550206659583121502123093214606903882712019329147115601542117836457094258803067461176481080078119052978497438494015637855880261987275065195988750282
0 6 3 0.1945945234653200510557931985583868834885781141759596497818065694280346881302831487120306627090182761045653722284210537064581448758959564925185217803551987952979459220940104107276009224900827549483371423078813414894835802
0 7 3 -0.5732955359344763327162566767595034599310161071293150499584109994051850398439461975654397903630645659838184506254242623933839238099023300622151552641034796500613761636864307950316160672813366348568757590662951898968151330
0 8 3 0.1907400795461866338274761245935688024522606077714153168507321906018341364688410948541096613422544933384608083337649957025446062041838939690458633704681664737367615844106645744012487497038094423546908017573684619895624859
0 9 3 0.05043335130979031405185010401188580081832935395905068214014041871369661641264206960769985169627020028498353988084638926916953538437324346088712872515699509248949657968755638086436112725252789823469169918185053722841857471
0 10 3 -0.01115588330530054598064793247222606699046388270321274798585625355231873966538932347711505257105351257637545941641735876244095696565490554120202290253508603795597241630429262783118248696608688321765773090402035749514121847
0 11 3 -0.01366650371090161877400531623234908186842892309976309585293794786569608819581707462405740389186927134745372170448619238085227050346801892938867868361801977008674237366126479232322899778906219473853672783302579875619520698
0 12 3 0.002323629318007477897926157572442855377322984141770133332401573663246002926047805995712829465460116278134408120390735683731640071871196612152260743772902479188894221978651558946264744729720294925704299388736156305638349973
0 13 3 0.0003761216612486540338763119858541209440088981856354979796827729538835633091885472140583600456082771340011796993099413379190058401254580097886548463770215688707849496780093624200170644154690696732901729580422271976835642871
0 14 3 0.0002126964056995588278007275533041744633637274129238924267393685909395242523771931189622727368334649212285694319413287903585657106692970130104596953877929994886962303875371291814492439956986059430095320974664076988252750741
0 15 3 -3.673471941226244782640278196277841459033026074130379111080303551035634641566073987231888878779218866914860047816942540175414218496619729701202472832780691708933801923421547788481923017207651470715194756047625330551346036e-5
0 16 3 -8.348203110343573834058986615225834488733692004353486310395783380289652089269033571074289579071139825707925068251138353628168866067936528787962394605072857212693101323600014443030414000738417672553021583753770730167136265e-6
0 17 3 -7.478442511955610442997252410248862428753632810823207873263485619911538726443138487837303272581664795364484178651926581998123893982399572753415178868049375039798559703050679787348866872016606045179701930970249170362567505e-7
0 18 3 -2.084614147835270828976571496683949945337037178187861504064435607684463444207758373859199036517613839545318116247920484593567909310686954774493903240094069624944155061215626244398785222307941057575689354786272040277572187e-7
0 19 3 4.539912785019670837626443316285660018317650971745708139733578123868158916785256298816944549707931167705846028268737839198060298795022748585612663192134395505871445067860844734867353227784368834492546735683017518532352153e-8
0 20 3 8.349261526523407866508964297918979485833481910642425786774596210216540404121551045716421008052898066278848799496390524133005065090246614927675128195356686176177678267859701928511958004969755903982371100849077802043988683e-10
0 0 4 0.2748097952803192578132414142775411321480790509641156068966042461609033225462345303205572292932677694906079161209392888898667160033151299677725210096512495555323347944998108082421571597705877212669528549277123394075421766
0 1 4 0.2348088104443424686524011064866371146481711329085212882690742316525402998272532467691964427059785061984429505348100303991653154454721486958136495903926014423264202796617199364019296948324369587759178706887382555595422894
0 2 4 -0.1154135525086657547877879726314391850911883025533761006157244054513923913362354560798630299616409860616974831235093725420566874348095528123411061942034475923300924855632865169996572513545616183205646356625298563613860853
0 3 4 -0.3890207791162170255107511359559460178342165808809831882298852723102176645834577649453277601436644289732940691757907928817178186917250473222100545101080897552328134249592612831820990941678668198429903553366111617770781020
0 4 4 -0.3092226244760228708134983365916647125227448840662393046797199452342097189182306449056450304032376495980794175485795955306575070227757300639071638166259475299119456726376029843343053372351142117953773649707908577868192423
0 5 4 0.2513990340991905736448542088475002022826912098781732715255196447564956785528299455821386662824379867005539357995484513685736087630946926542496530359273291551227176179293394879985868470553846495682480203357276199487446268
0 6 4 -0.05212268879032850541432908923724185473387376077019609048185895155629941292081958600912779150083668306781188742543771478385270694032765564545569236362527472202402667341154260731644177201159023938253056269016760771063765674
0 7 4 0.6098722898639528021513546014355104644375003049940748041002595711651111779734466340241186062867429348638556470219769333563621768556511652553328613004106779815631368601813802097420990040172153937290530543547824801147705555
0 8 4 -0.3744144887544138049586090363885651284382555564596591202984736715502861258519025482812515628237494877839571407744842018837554720610972698761378967633774341148242411718994796182655845378466724401106915019401666402235073722
0 9 4 -0.1510616254354565739275917592775502533792292744359998056087551131577749805837008527789941973461877065967360546601973010375085916314057418110966301649995941817097097233102134842879579991223071397229942834530638686565021271
0 10 4 0.04664595989060804829627382023994916441080613581315708541382659780362690616203058729447186715166191645885027882405125809490193806305698640710483809374318215095288067614190222269327206213343817132352924753425911579382462668
0 11 4 0.07573148246548363826121003248952622465561804400260902515554213133977254110834648725587242057975056659552623553426035973814145643375437456321360761539533893558275796437262971656186989891334347423590304758047739207362140136
0 12 4 -0.01649556468460223501748806405655538163380161958245983895459395061955327390438814138121250943900167094149759510839029507724262358462119515058996073538520618047233108545166244036927985256830204705399512205661763790004555638
0 13 4 -0.003341074794308418816657708291084609576096579367701786746730044065904124409027685111783169207015118405065519778541232617416242478538226109731769871831754196903015913447533888727349719850772972081363764827227046781531191604
0 14 4 -0.002324650804828981884993467240327521904940216668110162632148494086023378172986418067026505121764270076448386639997360178485096689199223111398363618888864704964618238004200687035211244646279686826965358404671314993215080090
0 15 4 0.0004880422088282596010431617312743165875196450719798236236860969059817937606774758083651487710242130532209941581714096542425206621058924837718106684254711707936454277027008307695913563934999959406228029577980896268789415677
0 16 4 0.0001336902493627397742939480657963783711562251832751380543172086095187532552116634438316601174900254938631237979049930622788982274440057306600924463269640108595867156290519816931560667375886587244375455044945021533962621260
0 17 4 1.436004721003962800819320371151417255849762738965988967835819512184993417462505260801347156913946253912072306198950049616628171344828453845780316762781727458828833915166940342350655782800696186235151612172875561597590703e-5
0 18 4 4.788893924904220034858536369553300566834095015138405406280074490886236828364966060205588371907915441620995188874937620875742895784037127494295621423182002001405336052486279954167138096391093131654968496972369305352882330e-6
0 19 4 -1.249116236263112958757787496964111118856903776136065224188242456522003729140364716739677967902377633631137060437551723349368605128870957564892962680320898382562683422530322041260796819046834134328441295473414748369092104e-6
0 20 4 -2.766619323492640399853137110025146523190665561506022556164048053831864534541553280258649311942438870292047325249709592528123264319607410213442037672551546543705605872369581812794066285668063039742711393573667750213272163e-8
0 0 5 0.2428804271297883688486668261592057843328184036281139998656092900277658472760770271675694224833411289636172903911491788015862481960524686937709081506251599309415143334510815351134834049935512307839108534974136003193671094
0 1 5 0.2719899955056635530597662081860625409503145346208158544150363617303511424580112532343760698468406629099686166497859471770662700303381272536517567711939123423312831562635984543423643349655892095137882265690776177103480690
0 2 5 0.08398489334631591189174205761467316609013971046532572584680001011712810500535779646827724571105635714240690012894785223803190397105433381101846503640851096053074236909095451170176755225899439255371253285016502848903573759
0 3 5 -0.1481212208570440300284753558793520257321314998519926660698851610790690666601635586012584243867974508375503847961356369816444970340223234109453382993918936924385330027388568302105291658653938059727988254159507223538527899
0 4 5 -0.3265035963263789563528038338656654372910461389495179216942316710144257281494161733857804456235841855080121345667309960604665194540303008522881671802289191457043543868592422351083917179276831126415756847706006146238239478
0 5 5 -0.3598806020473822031528003224691087441619188596183200022875917812507439153137651674065123949815775592218442736701748280151035810606905817498076116577942149060426994336168224813229973979886804767808429066837242878981633709
0 6 5 -0.2037476409428185899296761658765829034365724930464755530045860032898566420510561421222145015664808143956532043905836503263734513331249249788716984881980608525132930034850889045429599768256012226561619582328070651092451159
0 7 5 0.1075050614107363146714587313625151908677004523326612817204826107505709945901914943824246193384460111536744403596003531619222452703899570519244471098468862102091717091588432438449215300106537132258926391884895589468756245
0 8 5 0.4491357402780922152825990618658758838663380092423609492437718223693397422990442479576399216619274905382480572814745761667593653792798967602146082068764482112942346703722944565739574874175417216115961598204173410455876455
0 9 5 0.3719647964175137832841866573662889873781619402406355328238235545006596444443797925961223382808087390743359476319432224331079064370487143830864007560689899446321963591951038107585578381174782808393507372618167155342368804
0 10 5 -0.1778246237691276626730402232843845022471676974756591489356513334877425379010258207794264190243135956522455216177582711576909811871453000238661632653727632799446189494140909598998795331965190079208597169624175706580713563
0 11 5 -0.4026392354445526681667211670410830030828942809888631372188788779977993033897117510295746817865721414422683288920629430107942718305016554567320994265475372510678817191730778967565611410750772991575933516907150956434447349
0 12 5 0.1157802370165077780171578691322918177952284638135073730676124875398854688571138496454136879272459251961953828839694646737502897468401210561248832532484448611412411298294692206356779862938703830399227964579865968723099249
0 13 5 0.02993449948814744653503991882353845829019416003181211377202789071262349678223703576906246764229649710320345788218268216955684843126835895628324829897110582584517163737686952157695048502115210657539499581999216666129940488
0 14 5 0.02600204224909626601133936805979933581458237382486572712678146505105978962846510010406071611928389303795345752695482385153946441010542853920276687309248429275279923825016306761936679544646286622528712959386922241727990800
0 15 5 -0.006713117161989310589286096909929852064391712457005566936087569004180159578198776344255637432606043984916203222835749867921653114546713644082888485306394072453765407660959660477723986801179794074257550588925032310191697073
0 16 5 -0.002239023949844682895059117439830937005575297419548821167680018491254586442163737600877569710058684159048719060422893765260883046078544759230363255215128874009611872932577487374777145528170541522831768459513724823461844514
0 17 5 -0.0002911355799570094553308425689332782299090092858117109694294592024703365177122780113921143352298385667353222879884769468515749871539524442767743319706382123616566380696535558946902049516117262059703339437655565868890978543
0 18 5 -0.0001173180142473831812958542465613167082007067427911780496942140531832501982151397655949395363022243896142924976723068569177253298954271816085337401242351035846259073374324238217299545981303087066066659973692310191504351458
0 19 5 3.707608743702807750307454688195436326042941126900145381847388623071821989380010729993390106639235205944229750834027083626323948066475951407376670579905600064725347244605128320389159000739403164153686035724224060710809506e-5
0 20 5 1.004228713384185569622106395333401221008308316100840857324071185453315865762735131566817991282290152566478987174150136517711066992593695038009990598425577311124840044236725166105460226167769260944211810684551041635802997e-6
0 0 6 0.2253397116443892578760607624148374498936551166708006541706053938879403564952664251433761889383190052024277987441093196469677860502313436302559641292451747435809840777491983627707451373814974969940430302708623777856222080
0 1 6 0.2760294443109147770692796173899309185239276613778297576709638487183169356648117291507830630446329460802537507086713333134973695591028901245523923605062234056642162321835801779825225409136799963919985728703652566923672762
0 2 6 0.1563563678796444260343819629261981273670090326706578579043734282492462159284651672638612454883516641661499108392913552729033976360959365031761029892508364219851705807115631864293226913393035544445747889483139926087235526
0 3 6 -0.01662292045396010272874171166853229701543676285654294480548100205352067944645456454022183823280641871594815349931843428649707780020693843158328808198139097641878483304385587344021025468997383316017025875850600967486675577
0 4 6 -0.2082528764986568089467023056171558859397497578840130417734523059354582806244270941001435487723997080690116080942731112092747078739632521643982384561781169283769428992329860042025036219011429160911713942378675103793872109
0 5 6 -0.3964457248089805962471720193233009715961590411400534264957938560133915281528551746113171241827299292472640268128364433429527001472263137190239109871349496961659117773688075589485946422227419204068632791509367796754174229
0 6 6 -0.09124807774966995426125543537152894397084324567383189654127704395006272858121130431535647277824188376543388889705233502956372950867504988069652482369525419606523430730371419850121797877813347758990401543831910919391577079
0 7 6 -0.2255729119041808441042969738593308709675215065422987818013219879846787076770790843341872899640987459825574039412903805120612772468039022225826502801786630889813833467629364555331109679760480306210642030703032784833835850
0 8 6 0.08983023993096220292231207882832744602770751695772761339730117852368754237239365978065940757982837950206294329432530324441450757243606194531239258216689690333609489978093121318315755769203357342028805802550742701417410545
0 9 6 -0.1562693001906373913442098846135779573528301160403856367432252871478257872075790100739127401262288966372515145791483194122961527235150102031420412562799824533398724646165629127591867420718058455336483943614500123412102375
0 10 6 0.1772684943804648229214008316090880182800595629686776921557693415535503330920378696651383879307266550126390199143870745163074130373773520634016864598989828031252240813643175611688262003413761282570924853238342326509975479
0 11 6 0.6553228642631428691482187721703478282437292845488946416455858471733216267112563827052812369040330413869426855407264722626231585152128220593937289285851115416695791023676997080190113966182156926776995491594587747000083318
0 12 6 -0.2710259403919218581473964938596000894852854854710242398893759154462743940781699987959347378044443183828330591773393759154002847869459864929893357103101897700660526792563051674106283750075921028363953081562212903431154185
0 13 6 -0.09452580052915440465208836593086269856753155289059406529273742386187623783952275517450002550606988941796359600261395491471048682900716670054733646719755528587786533682176553906477583393053408334643361934099906604827895699
0 14 6 -0.1066314096320657241006889857015557499467884401411388662486171714456542942511695411813092456331033723686278848011541384839317351026504940495914703651029048583777849984633813739371431190183371281642819692050786830975316824
0 15 6 0.03489938776812421674285227407700685347682238385597279154587450608613220044850379865865624351205262794620270353443099364687153826899229286890921677994040347729339828692558331768694306240732050915240786777424731812255548359
0 16 6 0.01453028867995090688162253860523709220019955514787333653398642168323980474335476268874108624749324502246274970695826456422188475241643951033487247464532889805161804481731257264441045105026599891612413324243059947371197325
0 17 6 0.002337365618033513098084454250640466402276199667371481727889895547942591680395318548834342278138454659214891595522245842966143188312691061123489492977107937112088130232675765622998977696822887960214797060242545196070804685
0 18 6 0.001161346389246125794604571235844390134162320762591129579521814785455641294504605427425616686974091179303282036356437348411722001742042113524180326625796876808432351029038190642364149732785168488028746600642350617571216855
0 19 6 -0.0004539152639950104043370068210288385461018234638285144982908451086456270063459032227441071337908976009136711099556651291194907234092726943856794167030061873715300881067451706938929600507378873854513860337472169442146324874
0 20 6 -1.542107010219458487458144064740427715341006406882390328023086930419574331347413144873272584958306808812402458428561196495100060395913258766266504410486448218009529296884580756667514498186971118419178344791132860957097384e-5
0 0 7 0.2097419831214008684027926464913382676286318894786456079103578585960253307010585099566791544258685076805180428546662478836052731050156696006884415541750615504293914617363597994775666451768985530007375666465218954337960622
0 1 7 0.2755110997261054346911748437468613511832537569083111882920231448039596404632238425482425262479344352235813466895342006967145269939593186730236928422876000049242231339987226726880470351736866067150424049262655974446630043
0 2 7 0.2133945970411457069243313056866568416934743101510390262423131008918461363670309290681960628355704569164180063612302617674442195060198618325814313003778412455048334780163088139001510599169876297060905086591561114852694610
0 3 7 0.1135283492634015071847996535033371588247295183407123723298926637252117101105040051209247535671516485509383040397131096747829429570295719068143816557308925115738535877870698806640892712601486158854436684057164340357986957
0 4 7 -0.02125884408908662030818013324548578499381104397990566366069546038131232404984074019555774657363955465418964151878738014887937031000786412569007989500782828445339518642506734301471575952088629213981516293125124788335175011
0 5 7 -0.2119803839233254295648421127007077694944891941915193957844930246374292376614143382183717497476533002085774100816914907685705754961839793502278191474171903048958696399160034365801457580805392701836772895299706656814446279
0 6 7 0.09142911995833826950491338891102176479344535446922582028558689441867970250469854118860654495489664788061127260713797510552223004537761982134257801312312485609580765655579303406469086415528793415524445037161843840144294085
0 7 7 -0.2953891596931982253345979733672460288062955893468759285759099243480661908413099696060019199511585319279905249089205107620654348039513069472505681047814622218994555112998388865563232305467570252983128594773337769224451024
0 8 7 -0.3917984844660031870474435872903607066138181376860656528485645896048244018340711097583690983311807329211439845938039670129405443197987689578191017441270211320105471033317068393942376689712037128859734736570530890000738292
0 9 7 -0.3687868977897811058266919794601533469302233446835691909805473468724516355249859566857271880859468250921944684904358849605003328162215570569559724560468495419976389757683675284794232593013267912370046234216524163558223471
0 10 7 0.09311163151522959421714633696302239116908045770148393808168103766708263079532758575059862062738421043601528916790350092904291854499807795996843284366037948832596373566996038430140283180355942796980214392391836670701089918
0 11 7 -0.2822990759138888253066054869539174733922837248186227450627344522991358402056783517736482978737697138834717216849366454957212714154168077199552977134324061709717394790573160733104315150968104458916396183035055989456933152
0 12 7 0.3474136440288101850400088718548671080069577319797406658559429736235540897022533649464477989728896538403645140995079882510813500184099079352210905992958659077309135685002064079865453718534872042166147351651028452923888242
0 13 7 0.2045088601428677783228753094655078421397269791191735433644453859479290714520881462030705369625274143852288993907021212628213597318936940424066373632644018198580632995592056460135498425796209245447171423797347602744500255
0 14 7 0.3341046283027306916676722256045328152558995024223594891234919908726058017336031682701833316471842326919906539657247733671769393566916781159333909588932360747154250476949480746007723722941354419040432258743838278477899683
0 15 7 -0.1477663403875844263504264100641678160277029185150706319665594546492558457613257410462680239705574501057713543275572299718338064968958612260405018748736797055159710327912542362344166638968401266143674769717497154850540757
0 16 7 -0.08010649220900970567616906992734248431909689969479250051577708310125333766067966232389975112390377209256477137327553499486494664033714867661567589010765085972846241379688950267763131672037761649849805172691581647209212979
0 17 7 -0.01644420347123544741453367425353215788427286002565636196714832296505987364244783738946708658389391980943189011148993918101123573970706838451614579327580421218165663918682877020581999203919232741755154435075632877939812657
0 18 7 -0.01034482168792955022297285930831090702163828695789897156575513508259524765760425188114685151947273828690515601067550328544088477236779985061517017949293565669515848807469425643352833688457586368554913962201489302404033666
0 19 7 0.005149916420288171982056987691767842880814194149874108792127702310050126993691070819862521694008650487287956355100268716594411163866900964122318505649768133502003485238619053499478707852102873111956864528340846781416975454
0 20 7 0.0002315553477065493293362720064393267078166956822415279262170319501974773701240554500474323536083721117030461019590327509830873427432154899605106693966240281113463450706822095381263206221318113220655635341422177465410332541
0 0 8 0.1610540310053105024928006174214494397338433796022865118078418671026121387988601685516619933582792938111979032220780089215902287370647817332730740034259762655306985120347873502127123154947057571317376372991557999629787956
0 1 8 0.2201004680226247925648318220813411267240416582774079469604944430817690324080576905970999057638903281405020690334292617136168249562915319251148999915457183347781938328341561691951038450451262447723063697889618443188583921
0 2 8 0.1970157082588189448952123491913390749944014036618621248956021899037412413307945596117090926678725073196629319127448184050953546228165756050523925434951850028210327819084536819658261270585015659463702935754961009258117486
0 3 8 0.1580341667048887253065570534487013402085222819176934917537220639284298660002164772664067806869198906863426567435977249393908804988129169767306896605373434623047908852599799581846848026990944066014215026243078830733905946
0 4 8 0.1010287923408596957681317081396487661187872784264222675858674815099195188956973398822927479746210558141094060831500016399281133499382129042845091049415758781897528773986589160414929280712308012397771037912469591855505902
0 5 8 0.01084164493826149866999313136835854595401631338730933556328384902595438504711281473221039389438487874325547115614230080075859509726968988155824299418663186954894372180615861518055565082526021660665719692097446056565811926
0 6 8 0.1417649672294254642992067879348675872125225208145959374732487433459514021605205652135327386903436783830557616697663325763029407584316050587792270068218944185958142976026912507595221016293953630096133844909094387961488384
0 7 8 -0.08396142185028243854185746418225694021323933108984039112931904049508593105717911594590833584505551171557863509212683883850012451443284416309376684909073339721441031308981266801959943665039118730653260280879818074505240884
0 8 8 -0.2640311910997548696537788267296729790900334552294535537357822730622932781126112349115040178126342815553187766160469618062590274843038435995326823398539681262305000415240876342813364491917980488594398226160394456852987800
0 9 8 -0.001610437059222919431874742322126531906223883720314737813389461730940770708504840404429861093458179490517152455961968265890846783009487349029027066894908563572999349223399411042178521062909161371489911847396382642634169451
0 10 8 -0.1152932965495008684830507582039826364303141283887576314438822326193259499597345871059724238247024898047095328326087868435038968564740974199703084573718173405341708793690158552746927580678950928619050171070493480052940324
0 11 8 -0.2990492535323165807475540177284452541930905645257400233532804763546490754867092065474350331743056440046683358537323711394819104085519761463829854065579430861823279133306977979104351575582072927699138798637115276735691341
0 12 8 -0.1202003449013895934802347896386950211156739733920315023546270791106406177660715644773268011848833971813365185774550630224123120662291133370565318717813898143153255148972495541712892274780849686992381913507639883741127884
0 13 8 -0.2172501517003713184751227211267230524805995061444846701055505956029568265129068517413082591908993102226802142082465490367308224786876167971806397126235679078526409558769473658773911345520389239014898280571343681771386921
0 14 8 -0.5921276670114216556062534539626740171556971083179106481211544331185901618859347855600110010968180666790715475822191975620704126511426157245007691398095284377362125511381444082111412522081894328347766410042063772694643428
0 15 8 0.3813482508073632011858585482630994016148878672300464972424746095805132264371612028454346868958290429334516010758268488778435411099938272707523142053438783056375458207523574130559132864485951033381744921248257496469956574
0 16 8 0.2851301634906665473200545278004061022574174898073768820237549346522694724289736310762813750031287185841878681898206123326973352186727051681651473670400745253691656493467498726766141346708826413584588333913389204153537065
0 17 8 0.07901269025041673389712401303524517538661694237056582814775700848639611605947329291293685024737367951455836275880089320606464076230120749836909883416549752783266073735927565428324182474089452682528632636132280187284233048
0 18 8 0.06717191170010827297517905295963271281868108916237286307741452496910959478331051208902164507772723378851587014794571699792705626052076703004257808605700170610193829405526884077869960446721177601224512345469461686184888707
0 19 8 -0.04654075901378325890020409425002747004229419669116484800640883054971829744199175004422724881313453124079213605606968170066217173418170180193525671334616431894321565793524192015493671244150070076259248169947209398767103760
0 20 8 -0.003226569686790272417874688210187953736959301512439705899652479395657978049403488270616566269345882584677273502901724108971518154088585495593051211604857535168705174110218904181763347012508749786259065850624816105962073896
0 0 9 0.1771970438209333083001244863259799879665888672844402528678525515407665411478011227925089046510301395112369046133403419492893193918755304792477145276443879119348118919614394398996773112389937976263447917763721311843023264
0 1 9 0.2480437087607432781378842629325744441137187363483213931041033267716666336203678975239195302378653590903473826382834879479809678478278718874897041392657463805029285165961128813198374496149363773299705199950402206984086303
0 2 9 0.2402426746782972737622302927031904045560581905315645093974730658429367989331099428247676991301126436694528321921318736525624630540866285047009226878640268794046131232287748868947423708029115622350697660006077048385005444
0 3 9 0.2266759548659334967756686363976529627622489328221437221195257885371392802014467192881431104897979793844449188260556044113761473072600936206671924410134824522946943555823853151087768245687213354383028831815289229960962988
0 4 9 0.2061139350859210866658284401785338710675667174642031411013456123824368501250466345273231698501403045894463218417027670259510705206097485032507689849776363962892702963170323964570134369316011777775619207651450052484927567
0 5 9 0.1743089312508769526223080105458699268223254000974205535009952914758415479346494149353613005950373145373962976187723950479769206772688878912318605827131621680007138917056324726865057435567491585551799124225134068511780872
0 6 9 0.1714340057428227579145839230789932643250450145949344562094361693505844780877657549507663521427531667732792296183069678929082384270993560339523693690236876222358442515850377519574253556701220511037775203605269685512208973
0 7 9 0.08820549552121168346271423353288919795647486678792919647654290697214919659174942362762407056269577110839814236854571005470673343370927236502774270441288255690808887246996558290331724420932227510268963300761022024166127894
0 8 9 -0.07270386741459028542253952282342096292146842811598099200749437106775224465668972404619209139902046950737074004673869370103279503291831450016138849813121885844882897066825852851723042579746331064203224801871876179104452326
0 9 9 0.2739969166364411710168919687908198319545949733374409931149612353394759013930538725419550070547055303657557249124728836766193397746718669350886911220366853366891739224176773644761061590837294998961483260418238867351011157
0 10 9 -0.1790133010876474659955241592449251221864968581999451283029586214302113068643238438311793462730489025072955654740247082850560993665771497533479794261852562865377248992500678330601820534627074767012975867225868418506736791
0 11 9 0.01665671177630523519641951542735206412001975277961513330795234458085462964447679335767306680059607278264935417707662549406324775250172325456857504475072689063277910315393734316283073184498298203310596960473913913597095791
0 12 9 -0.3088657988271372917712862790929981270381007718348893353717190686490626982181666535771767087118525745161095578411337728834879951849845551716765162452065966990177959775384770197317049729073450387250620485864799807522805047
0 13 9 -0.1485939512926689608668118439580698838473873687055054384494913671552175991066925681190791818330245509766799806112534013586636128620224820486117425226822815720828035302856609819381052615952923007755106637369956546814641955
0 14 9 0.04268384085869034339346299350127443704269566435668120737353382996654227113718107833568722764609849462979825981684221214114046118006589406783126686738794253922795632679819301725563547133632851635445884904869310323592260531
0 15 9 -0.2956467332278888130754544794603065387468002577286863983919012784344892787696657607195359326278107812741163018510592710102535717341890179952710783990646768346076478273649433216738650325866818053120974666432522670513545673
0 16 9 -0.4453685146669038528487590642581633726261063305437230148943166881005306496119019487461324663719904986800817942857229654130514534116547336841273180092941708405769930719618579676478812205723740658765624584310684012025021298
0 17 9 -0.1986429193531005691164873056422758691358254441489227502988694770443640254493271843400011072729401154679671213038804806671795082912210022405903641081422117290965420935644488227344763749683260749874704149709081850588718869
0 18 9 -0.2520635578400085230294848546408176142624278059210772303006343001427000212738873233873548993557308227148874554520866657114150962453204935482786862084306603555948531716039438514971377086009592870416462357212619969362197522
0 19 9 0.2577152574138357397829449341416873476695781457973307512674162742062612817333022406430917768985967922668931851931563139080561040468032338081813100274279956393754699153462432543593286364675964773701238821674308201237395216
0 20 9 0.02801391112871350463834668432530635610311921794072900656438039107554035381517629894801666938137979723583947548650573203907967431210049282720698511084557354554052655937788636293389201174816481476621278084568593002259231868
0 0 10 0.1268392629886051966537637507639494847742752574279528506142942270908885396140278729408465467131390216142482892042949215798900484639103470377153919713705189406546025164007445511497250349906529083479817326244172008567831422
0 1 10 0.1788888742064031166685671142244139036953903047183639672653824038273202159128343099220832329423559530944384731582959654519859874845917565143375074850564975936356942946337030748305053053482110137071241678813801993385346682
0 2 10 0.1774128078348831210906741855876447222960233852258960688154298026868398287044154862200724168948554978096901786462936093184548304504833073740070194853489471905612526124657898895118782551910302672692035116502360626602976269
0 3 10 0.1749638441208145014793404151025183705908870491320076489225086618721488782059612690030245448778517905602569786274457628181643219876655775213779032844752660412948485483096537241796281425369505573261943131861635681006409858
0 4 10 0.1718861114595728938411524035145883002833274283623030590682997666348348033050214757398311632493814617563100388580208216360084086743900112066105072262664720431479056602012385684510984162088305728058160598520880953659353154
0 5 10 0.1720508492055440640057049732628480254395373027607133147123805825705632641883761618169833891790104933688788985682728102255717175583874801794966173939069864129513088898076623684901810689116990009509428974242464016249456791
0 6 10 0.09729061267178043135853881315915031099715287482526107292508830245783857346813550911365796676593326760590188798417858095009410739726206365289909855811973370118561272075461950682110004774203159808045611442490737159924334000
0 7 10 0.1146199722993863093870990236273344687341488872701435889461493945695816364948732483278531750947268240276929243398237919865805122975996005550859728833652822597928147435681049883006025106461102679766561248569270403552924371
0 8 10 0.05341020174554494383443062566611302342703906351115472753823668456302351583190481857248513173368606917952405953264732048161941053556551495662230444068304008272233006098869773642570450204077680445782522177510358694884704463
0 9 10 0.2048500801540911256555232915456989834780977499782919696978963050340588358937472369244082225230596341554999337653019646493727374349058569110704277668508982206471982279367553521818964960694137840672309347102442548669719593
0 10 10 -0.07102006566918043608114035003148911910372010212440291188235220910742136936844287619070049507585784426656860568129202379661494971249865862963995366640705289957684744461777708877993874775808882567449506903916725769118538373
0 11 10 0.1426103597657174157632958582280146261769897550463343251944461170025383971460438105176295136478726438860382411739537256648882290977920104636954535166684880693509664598739806715171895090469265517096280745387200637647770903
0 12 10 -0.06478140680613480963993023073306625717465942469425914244683356319486133659673205297934860587815920331541730748918128272617000286424471612493226384652340880619566707459021323733457665600794148078005123868142237957074110053
0 13 10 0.06604457989171673823369372717066824029933216343272634088377099742351494218830347944616183692024925162007721911566284869162103666855156763839442698090798985142481057856926207625709097690614788795564356470401127989348337691
0 14 10 0.2676915428394615112934476504158987842638728226376010206645695525996969884755390075529294866836808004914669102020844664289289558998146220195300977210978338281729338533044631241240417235061330489969023092572400156195498330
0 15 10 -0.09871123720994745437125667784751206699910424133244534478772522075340438043270577086050934846293877435239345582448919524076296248143316759436259773654962415988695189390638439720037666356507195381348207642255931638227030448
0 16 10 0.1276778191345407868616788260786452684644114330858411292821993833769423754464660952245742914665781293879712776472243566408588990980965458153921969418968852676413590171978510584568837969076319979922363107834772881498087809
0 17 10 0.1577952046394091240297693354275582549050229684468869366811587214370267803599278150847928563282367535119743522694771613147384864341281463391076950350188153846028003647549770899828010907468978435869820887353905570850602013
0 18 10 0.3769500873511184762494944274467682394306446142847053046858919131968134844894246602852170243008682013166999849565821746530092349511566398357834281253522796612856573254459889305169175336962531369917674232288304619623178692
0 19 10 -0.6706637463233092555000387219096491616551787079991237043454273886182432703514020048578237889831161723633552512284997390710630311047098409107315885008081835011579582779763207607403188027108950949555320606362047527914736974
0 20 10 -0.1217877306823526844394038482334707431225859509892366727811816509598216692921103339284179242683343787834010328582863419707752360738615743139325421206297474351840358310984134246976202813095397677052718367161317235710631470
0 0 11 0.08086571263851670165588093801697220824365252930676308330971599260755297755013500799871702531468136573774423058523576330091357217173097565164285628296383564489015287879337261767602767110838267502564858365089499762514194827
0 1 11 0.1146056940836868594056110754790355202042553128349291426720510062512194675988873100157046675543476222236432456746266727632534835329627069674468683277930514845299324299131170099909649787496032883411134583719526159593710172
0 2 11 0.1154343091546622616800204537738147302375993050558786131079905349362451861282480610153531703962253805396208008249569017403369439504776100019196283379448587143497212916834757541541981873960775787849494753027210998887852056
0 3 11 0.1172689248393295606928916653002143762918796545407379376337346691314167373615456777847097635881021037112937934282121261202593676863727076848321630573364047221206196089031183388842591325092099440246007296293171025178040805
0 4 11 0.1217154972625250024264421586599441313326612360261907787476922356202993376971306400773430082673659236765822568909201869586610548063406876830551860005425254565616379732013937869799421366177806947627414664114096205295827472
0 5 11 0.1394944369834533333809589334808715493644278791397757197653787578684671895312194451413369314614336764094059503252083749479093487911346324468940767366467779086102612893458685664920223013771716016870413085670609736328920203
0 6 11 -0.01102793439427208026174812676670384434502838828807222975259029512943692288235270409373127817989642024277736596567258859434988743409881123205511259411616877193894994889120371594485081340472420223157992691290908544501043604
0 7 11 0.07579648373664389202002397122455547030888597367427981563427893512888814328492908544191604156156575475600489010523732149151352937925494370019758996840297255475121967184723795236412646614156559931583491196145113597684038326
0 8 11 0.06484777072479153410854020486070577290646874263566074762801442868332363307254776191906447793325245363011338671831013441264364137999898941857538235979939682192716129599394294747323503321350744948501876445438077256363553489
0 9 11 0.1083640381401250702079181976200268637062641501290355451428518570498235740291268248424997333976616994495994787177321626770602942875760227872137681399585758174036213542132146322401576544955153463368910946961271581779344018
0 10 11 -0.08150417579602950361762216076630813044038356756197036959634070546172437169890946299920439566317139536556305108705663099081471490094234172549662770635619648709195804848070580573867440546526213173594811077690753377828836413
0 11 11 0.1565206986971074856667467376059424004231062331456461767839527888479824749366281193566517603820618585415264584424563231071863779740815411027062435021578795060134925317231901386096424468701928518937979248016721654621255897
0 12 11 0.05090611284935679532906207110629225630342788207369156154573215779181588320976827953887488830715061208139120541571480519469088541485996565803797413830078446494483724224890343545377926754383608445054509836233944513017128566
0 13 11 0.1248938460021821675904059307773910948664639374611318264122663319854472605831775255193543323674584735533890562469499076676606071375645207241187257990054262714399267787066763123092384855335558759673918801668675775530622241
0 14 11 0.2777973019321712689467894934256812528882741219140373351475323471636989512118296903136257946250431952882284810867415378429374658921596894066857039054338419354896449054749273391383491175274176663386494719037569933027312651
0 15 11 -0.04091704286712832658393292127594166729712224574245253890393250884399364340525333161452207265980688435603061025866856947113440872719126374952597733411482732915679478832891401179461579641454797592161707669166450281955831748
0 16 11 0.7342454821478852843111927172427752578482070166023475579834148160776998899764992480868113179184240178080706324308525582039783388418776515799062433204284014544809407338845771254081937978984217511969482794084427516281438047
0 17 11 0.05771689185147967699966379067655975953020794055021677281731617946397430595244389057960356610440365647188025370208228732097780146862262240426008945787794625932263498005139071469260804814075702442550828001659285247211971344
0 18 11 -0.1527820635609445590789512486353028428633888907936938202056548189691996854519729519003447494498312315367770037606318199354041776154184581365929573631820601752871342856141608787033915177161972419598443510765533223004132703
0 19 11 0.4476223381812646468623114815373021561962717549452276198701864170800727603671827245446892382221040775626627245577214894551927853082241710348813170107846925359840525469173487180834702649502160514826336052660561095815441531
0 20 11 0.05318097228703915696514196771436994695540565187999215757411030258620698404401837256743397224742351893802188642850111445244006941817115604855299553590696973939877519040937117273022687472193194212230916159246888364129234243
0 0 12 0.1089172007563975306485681242019193263446312483556744772695666710062415984504560393200286491558021625663390353628201221683432568041836662187255777517292196114874278276650848625691802422174576374688474795587946080853516749
0 1 12 0.1564204469188148334218385270632713774920716667976056458018383491966729140761343553061550534935991260272832800873519560133775721337171635623226172507303548517833979959638834259160986530357574937866072683239444480160055025
0 2 12 0.1643135259641849496668944837637938684931406539217326737062457575291063497243718883569037620012232662111354530979448090327813451933168599944889808357010100999973753345443763820024959481228817113512511106363710116326748277
0 3 12 0.1806763668303412510726436702266874287804085766862899729384186778611405784424572866658477826218856071645105203925942579299828927111743446557492831981009956105676378345299240524959919445974727840977209544412651920721333635
0 4 12 0.2154279534052241239174952179590436757348726770628375916007721595678066467901697357975493237760783612613548750973005994461652031561713708538617028786996766055264958436787841579955922976181988163720774920335528871201246545
0 5 12 0.3264790980686390983676665579693195527558658891635647795386079683022941249363806690249414241701461127210939650207933022218856556559370322939363226884649860921740146700734571268924550095924722988481442368529631074277958083
0 6 12 -0.3912091080706122956534397930770117768711128776193867332779583406196754088769112598397279436230191277292159070633001617598781646030442027354616998650714295841867135618773586336824257427408570300815069064202882704868767318
0 7 12 0.1358225689784124827792906555787151833456717701330961297051251728491472484338349273076803084590986279114304694826219863870594244397957760638888214281988317258238363866418065932304717531800798141897431136960797753484652407
0 8 12 0.4376711834732275841091809651047866561293507927527627956081615338095113787616977578244296607466729439298158977652133969981232169112925189178205268650218946758499955528077636440441696031553371039924054465228338044520848435
0 9 12 -0.4092969907693304262278767547664173462724081296516120169432584474663651443020058084614055525481190171535611743317350538800579878196039862082019125796607134362445894048173227257224080785869504876130462458713345453833632926
0 10 12 0.3780658957514954454200512610844958937131144226092951415130469367372797598831124909666551369874182410028348820407576077678254536263711143123119679269839087381993639579386395884647860655337655808557651515745751776936399610
0 11 12 -0.1630529750271273250283784086450802591876533906776299626418737238002046662883499508489652354151905707125497202820025358043276381718415379070448637517724104486235078010137555520810445594428633033739113495585829551789294551
0 12 12 -0.03113068407882455809358266951672803308272302809490721348343381353570570014211828972263123414469667794501402905549801270268467442368790594833438627115939180283315869280071641086242102789203964173176369042261700443214266372
0 13 12 0.002207676210721804101531615655093207657315895599541083292770414149978069162405556106751560253533482446102560564701897200997360482749381755308765728124651619960306368414389822197263048173761293814654996638984409515136814505
0 14 12 -0.05353128919862814658133608032673713043556857307995787189812524065509628892463953524570844401172258010832092902151497097335320182648300061487941719390315067069374702751184845279595315367207488581643736759347800106343535447
0 15 12 0.09015032668065640735626296715090157102670894529746596920836931553822962783457427602280163424494198106358242167029976730745962013865513751894612864552321621082638348088307583963712013096747392632090396430315901996819672731
0 16 12 -0.1336831395651654677806761928177431653629739033975891024233811136523931970854870722987370449155493143414938805762026523566292607039821964623263113750928838282329682106252536596483964553373996002761746412565591189904967654
0 17 12 0.08918534908176143946826767628409536859832275550988513029229526806870855186544047453926402447780330133390830239527484193130537997797049864251674486558123559019321030319507054518287027287886399877486902477067789587512813133
0 18 12 0.06644332303549714532331352223042586736361970564917703700352507316103334026403542690800162208847048229024317974531664416269177078717420570230002222347092383594170252467296505178606734363056844908612075778855954613073647821
0 19 12 0.09218143466220174656674277778316132172371186599146037529337010779152008908877662822058871540799902547902981695051565309508293370074219109742793774723416746428233065819624718570377297007040637661368547842438098431168729288
0 20 12 0.01524670607366137463254714909865402129737193234312003048711027394778500432135013326851278295904342268655485425219085179849417584829347834130437414500044945035593708507737483896763668288920226204439316453840209867836958262
0 0 13 -0.04865617851593423768137945531845438569480240652439534745714602448932078074161003338709761473607413736586958096970688453866831608429633991542657110836904196542326877342114002772305984497230415307390938479224329013735390715
0 1 13 -0.06918717352159878872992787128207857981238690559886555531106301687093546497590445845715369903584135884022712584290648681179765086983163989675223268140816658084427581518664245008378110461595523447532084823021909898813938988
0 2 13 -0.07046351471187410734900683562668923492057171912645675163747398846984178738674118434429746771329895746518035782927134219195728371518938333857488374070294535268158366010388792688537372854750714125325300306103926515806973835
0 3 13 -0.07327760590865181480152846979869936146084614364933513680451270558051491389979481467784863692557682603797172093242295930794661300876845670097123574442228328759880689703130644979785158530927687603544283458576662413300193524
0 4 13 -0.08005694184886326361641420142185652764258575111575128214399258569399927200503815991184561212298404440672043474114287937578962727487407630313596819740254180799842729235490534359039021653977440524055790131613254950774563021
0 5 13 -0.1071143970872818843632953712761768631556858314030556518599849710516693762038138366385210780640130517694155346765974928882184724897413437132211610976437123049571962722793013303834594012945205316785632894467833952226817665
0 6 13 0.1246060621694543768847187020546375483534083228294619519706187978899046128935030749017709428663756952579200731892224263943414153172281309598157423477272619685690471656060244733782128458932931200644030402123385482130918576
0 7 13 -0.004990631687204406785882426735185969668783762715595376668210187467846942970618508550935444213019137918505705261512546260495486892331218316163863632586950747187696885375046089360680593158386533005599056511016224810651172434
0 8 13 0.03568539291440502441279772499042296637104999175500421209642138226915495188418231834723255124393261674386829415578967337416609700672466980333728579996154116480620914348776137561821256250054124150637393247809744101794986356
0 9 13 -0.1293778517458784755618614680021146247844784411000501446732707535900978092324868627416929214769809743978636892744745749280334789785185615739515299293752976074739433727169556277191943173308867194902552900368214138995449512
0 10 13 0.3599370545581275038945070666793510864574496211539461955326596612906969688954245191169264991645387719413438203982096768044763864486958442335229973420784641157291787408331872066172693432713635743966428927031161986570654693
0 11 13 -0.3539767998666376115177249360720682453309016882880208535610504105786694141761976990261236803264936813548550043218420139571420319466959787808072137403861454612161514271238486513438379134956244022502829075677904315934203913
0 12 13 -0.4920427790718409647421189520956975593530907008559952480748076624832921754833114348784631062434156032851408045447147084853357243992446871285812110209118913365440054439586324021221278506255604532770862243506375814057516682
0 13 13 -0.2472007404558083038657969235941903200335630594421092291319959905126511297345249492053531020142264585915539191603283301307019758303879308625548718175771517550608548988226350790511334135517384176416533731122455632546343399
0 14 13 0.1283016587021164712055172707832021201991449922610301434495773891416374714126066949041468334308774001790836891375331393092228029091752640531117060802833130113718820773538859598956201655263472803368485091042881615311935678
0 15 13 -0.3279813535347533137182983322522282967619324395665230329600882165110045793192248269791707280786890825884887281076809162798604169434726700943408554709929616758329287425536706699047511735598695155854056346511209387915996899
0 16 13 0.3313538776827171090736781279747578362762143275259390202972168108244091839405671664300033020191740922362910674488119172496858676610384193404143986044947357034937678693289572380097307167521000905526363332660941601766689508
0 17 13 -0.2590467568692658712231076570215703423206416483783215053175116401069322704430703827999086940463128659447128169764369110486663554945524935205483122728501754300922899756553711157883155566072821300804799807601267409050435434
0 18 13 -0.1654624717523329812805117760226161918348822421938691019305835818178754377762798457161884216179891963234549526057552923070412071970082787538754436829301616473869828566322624779443133443179975774019738018538301951009349479
0 19 13 -0.2098998615294066765669716686629239264909871719462659466164413921074919410625098325601275289135924278424480448917738691186490189679491726948503609826848082318885152411678345166570503293841761667102987045213245916399256086
0 20 13 -0.02503388756639992824151398938823733017742121075001275079069686749299744397911902148483582970000641012382882713808650998705858635578457437337237680379153799723402224754307522163741781734881752263890462324292823832228674644
0 0 14 0.01417252754879248025508244368195374387061750908094928468187867474397315183486079260372978535797915915565459665801257138578632050917036443862481850699388422141820746186844683729322330357827175220850972809667754017448984744
0 1 14 0.02077194415663336999377785722326780903737754339971878616628445103252748274604818238966162032915611191980897140476112702274064731905272897432343863843003010298081497824584501620494486971653373697655697592942192762804859884
0 2 14 0.02321009841018957978047146353091128340004313129620698050339899648187420558106326341835261425489019030085713000854768433125724110591628860699616984030824778659104706930414421961963738486499473905913267525131015027427958189
0 3 14 0.02840315014398456615311353118552728347790924157109861945414465739553578712634293750693903149721715214852334426707499653113075660860443369160055503284350806348710934068375350482413443161105827792728639553923688600031694381
0 4 14 0.03999456164725786651002886053876192332325738016504954544811846121993104458713142512208691942323899956835188117350659574861968302610897382760817374989421585740107004701154762632367263653617317921637049191368131185075896425
0 5 14 0.08033119392921106260026245588970089318486214873725716697880869678837427859358193000833775812805410206380536947273069265722518822491543454100722081526747836612764069612102005672297153208100458064719010195140608501743688440
0 6 14 -0.2121701521353508540854338627530512258857866681978463207235226941223492960319367922520880314791350213526907474274431115089222267074099137531630291365170363668190205088046462136250149929805998044738931636125310860023797864
0 7 14 -0.01922868821433013423873989123937218304011836330085216344288499193100028530153554665898875471064207386567379748699637335878190215846347621116710566927319679952443405764826559931452340146119554460164845995827453948366587103
0 8 14 0.02912965145231733986032934813850766881975507055531588667075898469158825007754001254108826154873071269190308142817590450583826660993884656726291625044763005805729714701058170132796218259307643927594749892954773336442437110
0 9 14 -0.07089614707824487479879902857674903371816481060321198406248564194316190832106627590965298567353885691640391076188330316229325471746435036695100117407622619102976294757187330202398383990284949129530550554762451780378767312
0 10 14 -0.1401189784098807374063990841311745024874892435539283320677310062539738418615152721791631733825468052419970582276808760440846227906584395569299015001250944282072277410207152376414751591372353411446901447559938048465677404
0 11 14 0.1422192743008151810396953525463992022402659849300094899948418630084613673619047265447260796764780958181075879645731898349282660001252677097262324551449637106205668130831097170235189645091947835174779241141501813659094745
0 12 14 0.5156476691114259318683446552801075475125064327537684669749799160210817644585402094481439257538533060381846924392634197202179414677825186299759261712299656123330370825277425763170650012423924397708605437049788988410858126
0 13 14 -0.6746663731149169791771648925780701575130536118328801219081714786983220670601167851578354994309899415405845491045993393986319249023981492371243990876109359566840039298054415689559750907255778141421556103862999778159860892
0 14 14 -0.04316335390187389530269981356130496762477589114585356918311090836773546990143467147538032531211748916484521434902435435576045659758339312777169320914233192035091475646826291821319355768741248270770176992473574180557400796
0 15 14 -0.2054960207975547791183555892942975557989422943054083467515634535681781120990788847122473490341255788774765912115341110617886844298079490851804781170662471162283997552877621737135753746363590120532255491570238962897148302
0 16 14 0.1108967074564285996643353450382085023824098502778148905465723862510067793994205076740948453618875444496504378375297921050164038397668604666380850254126674893598897080638015499496980098752897996740804116480483767587230492
0 17 14 -0.3019534443070785787391573269902005288861805965425689387190578661222866892996106266357132953640602941783354781083744717026143575328292094584350031201406983652279007926640555974665382693413230284036409494301577363539601640
0 18 14 -0.07611348158665678302921579954499251787572248039681605866061147246740877164084751839237093580332607439020983361818103081613729282425849165489703608109893438132163155689007952047931629706271770032354800841506535935859986858
0 19 14 -0.1551048245478170255000994070451118302157671268287687176881129967914097010465340548126486180213529093114753645351665421000015215477922116350245399940523884499925719095696114853465154883829605611534409409133720205616144454
0 20 14 0.01911889016993319489546811790999658101798037355695787412422237634004035964236274137777349698222095282193048312647939774105810199365123481922751616938383573583548072422904090502227671790582678497170705074253689905652996371
0 0 15 -0.01172189997964990509458997643747816404253949438279225234325505142625846914885212471153697333096580244190305240426033055182327579385493513706338199196075934615269263809111216339802623004985334970285931179897771084293217981
0 1 15 -0.01724743340918166336183434175474260649402652844410038489687315133202038629669862098837878267308123255724861809898731445846166497262806387258349595994893216570936439638377042441379414895372587672207941030961210868740498054
0 2 15 -0.01951464019160674956623232490379004900941630666709594290663799271833171810077211233998186296926904872598723729706716565389219678428609045011128472249256548873776789825172659789999342408959587515375490026433551008759560717
0 3 15 -0.02446381668163948502376055573240616131573369386478286461854905358109524739688027274034613060861500232792628072924573214152061174486415840951046544838709817097518263206309245077344000825283583621434416445432058935798781423
0 4 15 -0.03597286812046385474905260950172136543773879074886321149067943529629841055075058903669406296216914671153952132062828987013819487705418247668782280162150511728308617390677257640456006970346530443289083964903653305301525956
0 5 15 -0.07846785066284656086856547189653914254001021199143494606917853704613469227204425682250222183199516473820376659143994168517824057248385278583281211700030971718207960249654075002936087702889329492595376211680786829248584597
0 6 15 0.2496263957725164017263228938648710671499028266366842796783114629508167524886367284825567733764108481152881728351291883298827970792909109305981904302565074955725354916626235988830738060813307218939647909328444732052629481
0 7 15 0.04410691629551861445617844611970462952236677911838158426399880361286773352962976558284329954908909834390859187828728996809544867287123848432692344484110299828219561441080894967772078568385604629929389341282651897146810542
0 8 15 0.02319657108831996989900998868927325004175297338891008342847174858211789161995841771663084184716447928612950247173386110460769841450052958046450720037281320235095335820347514241712981444744151559679097995402621022396944438
0 9 15 0.02355041558518482189204909955061407051279865288258782966594505536115109320346996479675988841823925241879282449201220259203614191844045969040971752899372110632875716088373564887708326319485937058836286121472678652062272941
0 10 15 0.1187945163534553064950393107734935461177499527413383364853037059714933143867373787564455646694351179701062192920385980102948652991687859402606521671645775110699118660190607867532817152381834909897499329919776080372176447
0 11 15 -0.05831847691222700466307208450773688639824017726889930385934845955616918522666325623819872695073634594713150860271179322453797217804652870800840934666407224341260666075833306912111550942362803217483962475495981111946882126
0 12 15 -0.01850421742999135432181965662992606268420590318221163562545738713042542346238472399935512971792649027889388374628252281441669188534316664205534942990377134311324524896074157578837781404834076103950861942721318443175388625
0 13 15 -0.5599581549134011849347317436546756774536102537000285589963851018572527012354648285510584418599497764702807368466556249643001398374058918656055502839777542764719122127836986957467284536875828591464131611813316653884491909
0 14 15 0.4221532163648909996730361083375019533260847033718725779700131917674966424733609230029122537432444766790597139510734923591540358631078568483472272291936273192497290397593337634660918863235174356369405466111949517693859485
0 15 15 0.3067048317260039421293818921915561534303868072846643431704400981523715333438191920756369866857086652218579714533542936509122825086397364389404972605576136004240067172362892171159944861981126913733866004303191788592575982
0 16 15 -0.1284353534070973501007772830131203085818786774512617786519897555141836278944451755282405348047846881378405155841628887797290369043439722734971310115483468043402520767257204930283265111616147628343675719920226041992244966
0 17 15 0.5306297015716399383850279023400562471959697719739265523918289277042887611115760554840746515956965851648141080234122120106440587507546464315755832576898225184189431840503150644483523451078529913676060327063192019502210999
0 18 15 -0.009365734533627127013032180324405699823030760270773513568037266547184381742691094616996370209621448629154116388175848556159691513521463160925265768322526589260496081606934226688467939576797404535744871837739024333443908217
0 19 15 0.1512019056110632952202615135398150918055512801216994222608542483687606864583387442796270302202532927831167226501490144761153609718997710252781133472349177203073627584705404105007093744055416227428797502022384624265623218
0 20 15 -0.03286249742764140942175331166833794799450439922086794984764751096111067953133328475026493876928619488974762314948834746928180306883069024991546228081458757264540613477011183684256971030718080398490459324232909251365035285
0 0 16 -0.002722498441019976073602990653746349826548185488273417355968363858040049767824791200425264574569748687273778025495979370300566669237047360428061034676928828475801590210118993306664863181752625069724985271085690804191213714
0 1 16 -0.004244211317467182267535244729058739208738686957432412992197188022408293013429979896755784742200223910236514116170070350766629600814093023069426677595610591883666657095638753471779422655736369958557262968165519454141101472
0 2 16 -0.005584062433400309892462661954512967274987625362129031977586381039984422547969846057827009320486464180665428910376730107626006809263723617502714426106818447763850122082719348521134049723185506558513490403071476132721785081
0 3 16 -0.008539159351250680206505958785320922293351754623052019478445879663416919379076943983645989061179737666438676994511703168069230989174099859845604792818560223157287373693176912591546344259815966390271386706943546191616246190
0 4 16 -0.01551679883156896882155058301928148909625053674934770255790078695917026809050621153318609897778820648322967352727042512280905010092450061512751505751148634399885799892529630804364721735567348380196337557638275768643320597
0 5 16 -0.04177369365150757813728195251731942393804021587328235913143506988579055191695633472574965253036527076902380257074631197315202812899104979093461928661818119410037377043876609342104730304629426046000255143512756694857954379
0 6 16 0.1644634106568409285835130387776260672137487532875714016728356663502309354982374645773609507858055899775837019832577683510539258770559561922135730175985939000284805861883312153719184893200432805647027094814889393777338593
0 7 16 0.03704485149219151697104673199598097650562759042082397698111159483414423490099144639793720336154111272798127526239827736602662341922207029631741734668539843537731250917502111690553037129057713660392980242600320089585362103
0 8 16 0.02996255954346586680842662385588309096069195237797888093460014180541932330319982204698967837980869130564424528564710718794404040257553544207525482144326885785786975471591442943082693348905590099569518083711802306230134332
0 9 16 0.004657161826202130966662070690736764976238722927785746500502278780331909729653024930736342355429071613905477211962837164657976845879622823399607654569811525690973966017393438146383142879178219938550912016069033983892904617
0 10 16 0.05215461048945556149586063376500225809714204045728294772373589133150050615799711925555004220044937219850227969222914130240644167801113885642008851205162092986321483519927694715006825372505252502507853596144801387445970038
0 11 16 -0.02369905905414513620179078170906281929502769605017452790577992447214758927600150477849639746204556402985230199128886460074434278735199372910587306742552993420784433442769552268340436095272894566913073472108655454603382357
0 12 16 -0.03927252527751053927255360998824674286820869918990952457659475311628308337445918291115318268625778986957391963918424782365349428551489245118269567909724377802552114910401685080076091467969532994479286154646719458642239078
0 13 16 -0.1027256742521185294830097398622288386815903873579586335780779901527820189501152936139375604352407000563599360241175036049862910048000090940642059716224394324484988962820328028597268410960180028754589231059762729381938047
0 14 16 0.1311979598166467937780514517087952289882919903060034025832382644049372314222229404091383541937139088067544777360933013396029199714822644680676775097888037867136927795750582263913536222485913341176576381413638004372347119
0 15 16 0.1336099857216691692481378402020583473363283817452575932141942488948135737885224666117925895871370210596166543294101279772887840900071208959736632603576736965935975932836461745242943008019859525024345194640566085702310828
0 16 16 -0.01341601178289841845393690266531494826858311865453316171347605892239234703339496352726001669820918559833271959798818287036742742129624757863603363457962614211176711757962524163453446142079205626850520478581049191483864025
0 17 16 -0.4868734485694409120584331623853025249544871645868330178933312950735431568008186611827421255867224911967854019486688785521977803548326343201917111754851912095235864224015265646732252522728543996950356127361249394345020909
0 18 16 0.7483894876414293493761046348456937568924242084039667566452361805351723897746530224704664200833821991725674911308876731882966972299713285002927837091621843961867699756336636416272902265733288516634321799916715307462073914
0 19 16 0.3432247438512272424075063971978110882246083521988887147067074485330346440755907340304675375232714292557987493200791343393846075733519673461002079965566771666617119603069677064694293687630408200539908430532646278898147955
0 20 16 -0.05465997733045577633919251218921100030957263205146943114227847787752975023608128552789086904804908208704825774042515758529077485856496111817246626258084223745172629870707954569021740527737561036566882740741466609668498998
0 0 17 -0.01464112665246580608666393288663657567486865505752342769627396482530406214279660526651913602079529604772886841228645869287046047439141534202886195863771629969342514054036524532353896497327418325592147823613893544914872208
0 1 17 -0.01993278790379776280683156208239777901816708146810677570505145362287016589423075978960030347139290917274536604113882335826608882455040664793237107265554242887948454933500087783891226620348750999482045826240306412507995169
0 2 17 -0.01712924530283430339026570481715428349407027815461912898208483441526898285867041186997896075492353271275972234123946341894577606724663180490582920417667514146465991567032711021664619871853004221640301144966158751969964131
0 3 17 -0.01015987643013569118878138927045285258930190412942939973154551258148656003920341126715303070104981813253398041399356019956553520613690230335824986966676145819972045393092418863948672889082182038927383917285360834510235429
0 4 17 0.009111379394474243675899573296324006949894066825458898102308432593135170621891748905792097978684789824488468728454225547048825914002475975803315644781247127599054680005192400659574161144949945437515869825409275444465746135
0 5 17 0.09521739501775658027690346130305903934152322368379027181739594487182532810812061407924985747415431549340897561813175782889491206968026822318633790236391049640619637264662541228008866812997685331782463766512642823631710799
0 6 17 -0.6815593574644360040129308604690461052040302900637585138176898675728531881471210352355301936504356211527453579412989885714827904901395359308068780146397567082844835913069244789562107266840945474699340197575468232482970013
0 7 17 -0.2533698661811886039610488403229048220345000867656028155744686331091744441569413535581748700763956370931616822703744611898489162105539358491928973515810972118234937581452118421944085141694383276302312431556850000358222165
0 8 17 -0.3988095668530031582761533988618890090565919187943333437422080504328313659867891733344280298285760312695955812698663269614493471300361313500577874112345010209240265076706653866178154561255050140252962078841966052909224635
0 9 17 0.3437175891793081865052137313847875900455793115297374090776962448816130372494064202178312285920653115532223699155499005724985958113976063144115288426901023016868177726978026968850014066793039137374703110585785212797399203
0 10 17 0.1045676096727555321775200198413589255057133346020591154897883225147863334374767750420629933598695636568022467871978213020812022229704378885781770570237348085493289577139671482275132103514034962922485458412278469872613289
0 11 17 -0.06366263495768061368661597754119781857115216996497505199071002429361011248803125849071496633096108134411742195548700915538425449882523728843436116421859796481577122505174491250526360222886997303809061760377544526507467515
0 12 17 -0.2080873824165288352703955590534000776537031263138545436019851829354811182061216424316604894541817035669688617813512076439837962082824302366355118496049490837885504653850164811001977664809778685478601980849572453679910142
0 13 17 -0.06783992314255857047907976007141575782161452036829429101664461311999348010209350232490602855143807029639131675427906574404126893218374138768967098884556507351354063520420198756063930044305837864863323612287479335020934015
0 14 17 0.2449454764268589117509340991432184068573732228619650380393997220593705600902085711496015781609328314063334160214320339702651395884777835982672034393040740364772798106021251934597382952263710833455641276041549710473527577
0 15 17 0.2311819202300365162185563144323828832594770799124347543276846619621462199745046929554495918750126404082563256628689641287551960314759026631270634442212242556457885722470052585295860479221222462280217884925142476318892525
0 16 17 -0.01857223179552101086669490482424047766999352575688914925177623931919708180704735712178526849885893310571475442137801699742399605990725302674988516497600317425439298260358605572567099583959744170502990408799244783509473924
0 17 17 -0.08072548984056751793935202746880227120605208753826282703737913854404743100126890910363606719247853237991160716272967443462610963616799125927651877000346676486460041774346596390091163560004495983430860722346337505667207098
0 18 17 0.02201691706015983451775804194074203510025623697434419430983504609698847743433541512708931180348084600005058979781288297605991033380922541441321494240891971969002853451221565128372165721930428009409666959206506173944207956
0 19 17 -0.01560182744697261496711837278952623378629558388439842100164987727595100660893282206752281777310938854864037102731766724070068133462075133804006286466300987034289149189937192140907594652262026791192747544192429876688713374
0 20 17 0.003004718764576101496151416725675742813358664120451818076556106975305810901300976626208453113468440891563196278975424909470578205456938456169470595630831913551352620372391127526137830334834865915942430648854712202525610294
0 0 18 0.01111976836232729930426319114538355645295056121997245790593338830932575543485355890542249950733823818190548783805632218977572127329670879300867066162928185843056218298426621964997520150263589646126047981228006664796954201
0 1 18 0.01579153132954881197651988754155597726794301474675367284937205802781720760865758417875613696904631474233639467165171527388995319251794409056911030849468188527510370136214618609055581492646886956833607823238778127249952431
0 2 18 0.01596916693996668701268210314048973511712539886626904074590631418539874064341285501441097068772367620042199629816756078631579087292790209126418515034736715937562448805252724980251421147046829258305853210145660042857387312
0 3 18 0.01614903574317048710200244572037504582105167351390025632658588656961756703480376662069937078362671812989763864243725731656044896889632901566805185722532004228197254632693762769389499128142799561611148742997638925371117233
0 4 18 0.01577712498758435505827047346227853851853290024199492140435877927342038622156501503814477541610345249591144467609305489705716397354749269408158031794805412834627877643269802585252415715190689253298545578515259612868023621
0 5 18 0.01019511791151460947218649391838275141825874099061496579000897217052512089913112861232133073820798324036967697424494846370180321700590535339087020337520634955330471421409291756307634432503459605730470430511528882270037708
0 6 18 0.08936425159687064985825321098037107585926161268383129004589800231344302102499740468109448100723149913949281192485052563758298084262777797221447780222936176287807453144861164286607911768806764719106941174234176046700192641
0 7 18 0.06241272197553925952609489254888858942723016693249159571613552243214082648284621827473038933828060551579015286007629908523156134975631101583846615680214568061833372067567684400043420514184287467566041607068769222337141239
0 8 18 0.1495609124279143395796238677656666833953200581564094099763197326152189800104910936482371182403802810170931129194700737262572143666386981972271535192078974735153287802500834333521294952864642051320158946630791889254159021
0 9 18 -0.2556916436663213246969456162000431556357191856782997033262117082625084701822448706167802419648977871230777905988264836171510822853927949325660290910864526358746604613278468409315506671391348772463006075595840888821554254
0 10 18 -0.3265797910032814649503940164160221331529565301041616227875675837256955169105144186455017018076937726479563449483262248368057503812571581646587425425564176367997315102953700618206369318638994577280718990780755019810512140
0 11 18 0.02162274316256904966796913421726188188640742535087424298299341710903889855754537112985050182976394673099178104169775398343700683131045513563748657603069404274250289165768019923043093894852392810343815022504232231924017672
0 12 18 -0.1156491587888872299187082622622782143535214351102707321866146084048833589326895515934443252138504383451188646644336948849988118601970830330560954136436964843408707412975533677991155756332560896734127712352812205844064543
0 13 18 0.06715684302140205650986966784511310085521270806979580865177207126305732341397115150594639260745927839030513198522711836472246439458535864565185553568098334009077284189677607105029389175628258769014143603239058553006319789
0 14 18 0.3076821437356271327983257484452968327429446875672412955138280099333810541171168233024876043827039790921419565790671178958247800832091560469109123984565975111685587234269014457673572930731705805983021454358809216338155570
0 15 18 0.5785575878741741177804497157828202516665083449982750160847733008889266918897649001819161151227366297845626321170147523228892694321746642274346418258541988583886919751711665941984789576074713945257157749069433960644378782
0 16 18 -0.02552067687465180536992446557294738055527449096831458503194219857528867520827582702113915663050704865400299810872007660171399291786822792128120105516397042616156023951756978521557047165382183068512423404819157802591549737
0 17 18 -0.4097319210881341733138159684457373126583937046856652718349773666331701974372134302420798193420308455086274126005667295370386225323122429152217113606002384745644513852483567756883945099414498025355445826182950797556626569
0 18 18 -0.3050201731053867891068092136075386284675578895847436446689850601186354663320670522015811160479051068345568698566065566906339222674802991359807959530237491427356173264667268331221964032336256060889623918471352486910456456
0 19 18 -0.2306554105609685366931326521759346715099015780133240732463289891274040660608801158132823562718266917759156815243839535053498353164345126688079091803542155274562742562630507648856471345671143187177276725264372297126580343
0 20 18 0.1730770956778669818549054451753598440734987333897549987917455580998399511083886849023609691304586707332683999551006185639095782405278125098844124284271201886040370974357471947678718440531852327392390557688725062998714103
0 0 19 -0.03398505658192388087075861637054792203629753241110354088547998551498176194037539020621527270987729326629286802927273488795524084331693169889494583646591947343294069050658714525314517269659388465876364631015290517020989898
0 1 19 -0.04774049356576983918395693175994385158291080340618433928782219268867829461223140801246135463219502454162576229266829064808127615460411279981440324970733381408965846852116243486801043458576738732083807523707502403594421449
0 2 19 -0.04658422985024891252825694265854100467022391419816514851714925159659706763779166491479471773704939357451771298103028242729500902636248704713473913368535841815925830741075661053997861409166457180080440430965127857513555494
0 3 19 -0.04378717802741735653350594673286694153012267497573354254734190431995619879114507582337752241142195419393904731853434193676039443186430183769462472900134526350048405671637566153405989977027092423589222351480211040778883332
0 4 19 -0.03650862409740564727166752905670472887467488593892597389599654367067007703481634228469370459478916351502116649312159267598337050573489812815283909071635334350869946615242149405445574968951403886485866389262027415626127927
0 5 19 -0.007396348411993665009020317172396184222336070728748288525694402015968190629282243718306449457273812177701998168756549083404692904198172965773613595943281782811966004271315512814575750413184912824140560664138150957969141066
0 6 19 -0.2326708225239955371739503253901975872947524934177445959583584992092565504545169188263807767798968656087997694760441229224215715621959705428204690473989627463543839737882295947719526279481541633188337092724950055607589123
0 7 19 -0.08051870717567395543833733570834870617409587205735582403537329157925579834886854081564336385166437717062949465733178163579347142388155319777119301005893204209501706021624272884842055044131421852276800275443936899182475810
0 8 19 0.01168787931439865853941108634965164330128724704849396630637656751509797591372017971170387227221350346136390165554013181383155584121889362283809416469604648648466916720634555951646981212993254853143801408084373144255381956
0 9 19 -0.3976086594976198752303012547917822200290585940042934094307878571073806407135133691294457853566780698024643306691536055619736751588274782183259361713153497276661375131994793345937826648905444253227184564499401341750415410
0 10 19 -0.6257501013256383504775065085563625638162473133482087319023332174097103746781213346052227969828813166111537863817161520060336152474565906616823753355951304558461518519720753902782459041581630995334329727745701581807078620
0 11 19 -0.07474761571180685404406777109106136892631488690461997484622039149551741430054779256954197378915077443198956509646154763516818716894630062724149383255725870015329117173738383856419332342479303360146225212398323991514237426
0 12 19 -0.2926270241925111694339461214859687654382682415415522817166480569661313426803763555040779882927678643716804479490026474044412863240204999959761091031061441089581216862061788980234126218881865448182382593949492668872343185
0 13 19 -0.07444713975872040952575305451466147738933392874520207790112675737662376309421812159020117837754862751558245783801865784569202269929039510912378573484543514450374861546300675040140728293394770329125059901316457683988097328
0 14 19 0.05985697760430779033267461867210518971044926685793080326808295457849990809688911666433299977682969546746918991860669820453095642719111989101411709467569430012603324081463837662445995643481889637038233924113769602699271867
0 15 19 -0.1910816339239583589367917289112972753610942329507257976705989727510115695334433293089166058730646476074685371303056093481343092977727010503606056654136886275028026817311803687410227447328304800987682207112810106592214989
0 16 19 0.02405244555243948228385075458175879292317871693497677410440060043571348450112524614821079050882168275612457831738342308094276882802968493643345557201499425007671601560707314933301120790766974577811710758216089713433085947
0 17 19 0.1824029291802328194297149088851886531059643723926248360202107166324603106577269154982777628827049219618362976359078705607729197563458179431336027337960770032523812304025982947465114977187420939788749772141667233177364819
0 18 19 0.1352383362361741799321656787302240927906748860826443248641868306773036874066856153483533180660287141829062172228081009347393677912584753272659616787478532580705177598843120614733721940088651226959935753566257484649578110
0 19 19 0.1019532934781426049803858508710830356848213761383673188878753908842617407518751193964905419135792614640884648547334536924000982812297413127501098379202825443236754425756761568144943894627213041701570987310424456704655206
0 20 19 -0.4257828266496570007497092300622362365058793816371265185072159714943409544100694028689524497987964853020988034361836948679464579377437323640797023323565451079849137419296023182511059107528332574538243306642871306252713504
0 0 20 -0.01529452802424633730189157399157481003762388180649092649837591002017204043086974552356024486622838877274204193854146096775273174666033235891677219726424926980187783457815586103095975305959068867707313411998708874556581530
0 1 20 -0.02163158712020723276041671980152559894442540522909519232336211766647637788927582959558288449767630414932841531854930917502843415307833662975195482256614430850846629249814542951987437309971876501051078580842434046092708029
0 2 20 -0.02158650193687138259530237882919213512840658208147827261249304035617224589032477037942254326792633553037513959626693227188015294871283369233000376008156392972470081260998078875571158286696950040111079813955115644642488805
0 3 20 -0.02127251388473984611151102827420762214154018825529220094631540941702820313286465519395949360292675787442419337378742541835608707033155787278614033297931827561470531510427627234119115728835563966071598321880307872252758222
0 4 20 -0.01986166818422930628152484951693892043019755928857737781306106737231438667627527917042030569298185801864324151513450177891706577941260141793384933445537643175709648537765362007082397072836649336920573489761294048112657560
0 5 20 -0.01203518874425222462753302056442703913925821811780633970367192664849364875968150292988161048193317956289079045035614245344133183253270723568790204536641382308815815188736404439236077002920987540772218760963467172099108318
0 6 20 -0.08470344560749650785024996438439926282243332046783782029824512318408138605721425066929483677203751273879291636561910724190448405274251126214495924467009764743802861883671379670784834789503414132651670120049413607764113959
0 7 20 -0.04050450960199870115503715957251035472601596812666330046389913651296764691844680321517934932816545101229711432466490192289500024594180420844891655911422256123940415076406662437061748157080680408043711358508719603161808713
0 8 20 -0.02208317806431859664597644188322592948659771110269363993362174852910842334880151706268743051558240575634782747751265067916375349379088728833779229370300051978944478226436328903417873517133579708145843935347641578691170808
0 9 20 -0.1247378580405923258967788733722644828895141575608304043027038033563968920485413244483639611462875777083849717561356812117191473069333164816192823760684440398202804556703146354253484803763401039166702240704957442938978858
0 10 20 -0.2255041739912307028385730772776369857866700090009598027601595165380255407686780798352711026248485961870905764729736782082520865656565860003592419142102855218931832095456381913402718757788822301083427967624205530478727092
0 11 20 -0.04572745327391933264166141863151851548176847246700026765732954941749180568301857820645696104952596973000134776435255093710799289511130709341472500825712847900720042695648604806910134439501069968330078420201716169592943914
0 12 20 -0.1495784585329889360427389023429893656051462697512331517330288283775748586389991740801708258074857265414312616519612479896252758569300093003744186738712298942820012970427042455925913246869502212371220356229906927321305095
0 13 20 -0.06361841397996693040613943156143954553299359638780857111461978491178529520850001937708357011635862237398839523640596835688862908233882264888570417539961344011935292359714670985606661821259233736589417709011611443841987062
0 14 20 0.01376294892992610425530078536188931454892898889660037073553232723301245376459270935087075306218911069448721287777318892495483082151345310332912413020600835750353298203811413394620523362052324990128894594764005416417793083
0 15 20 -0.1952361237651398280122160160001348847308837637931889939747620100932531919879262573389246792767646162288070187312250863383051465570044576144739643779683496990522949810811403011294188436356785229256604568841438471033428326
0 16 20 0.009020857129566586862456272254317000535753331692161332912503446403821437957326139611274143393232049660412868176458060278184317669204357261240637729860193011523670241241534386966200153208252920351759610376143358261228213998
0 17 20 0.1824143970943939655353512995752003486125742298378503868979206570528810075494090442142613447517031650087763830619339042607773718708228011526753922415183549461740885261353092116049702764154707570891667001995825983400678359
0 18 20 0.2384071825779530114746809678547764563475466255122296559066590708513632841789374461380845563304623695094012622291585907583621738036468461125101711663769454316640091805545528146434422279746188718978620546995626790748722262
0 19 20 -0.01079493457481621375593902706493951890668979930342192338781538299332340784671351366785348560247319743499377202399123654216353305367721245207952454322505626716112991222427647189060986967544727073521760173530624880262141092
0 20 20 0.8746406220674329239272722407777248536317296859931544156904701306841822612389013471212678178725408825475612315712843898394115310166945813986316193544252557483380495040854652050072001303388694614791677980471783434993086343
1 0 0 -0.5200605371419596011842103800773279355337208762739343510931567568724731477411962364992582198781610704478784951119812583078309325280424801822315331491551943623690806968789533951591139433656121436591419452028687396619194128
1 1 0 0.6766577737110006345179211267991144908776615640795979184552441599942462545313423520148587623619334978367282000418079083638626440775960613079103292423554110872841051929445138385063616305309629216267226195138822633317638763
1 2 0 -0.4788896931235859742585375919802964715181865647953323348083938975803239571037489434288175801415148525778982090791873266102001417234538390383694211860939225046354574423741657889112749270905352672061408285081759182188132543
1 3 0 0.2016417367326010235495625806652633809116659535605036371883393482830464594917270062364078400694343897646083912625581924165916986786441308832798757972392657501427288117339970121016742598204513346779420871975422944837172547
1 4 0 -0.04057253615245819243746207911037105489702008524806995898885444906507333704383881055624880317914147174461424350955142034466796879972269953354808170642837680486332130991072142568975029159352138968476491841650031235231394689
1 5 0 -0.003815838088090313547520505584419819335872059567234166986394097246068469428374199174482411293342096606245327785261957840382928042812205597893376345483264920910032962001191482828196050323785586175559045023723449794805823054
1 6 0 0.003943931876382428050681481589993785578007037705026752537771644075017269807125053348983620439504099425038247431219835235887130842138299409511721037123833291140161698723920120647631406093131447066879525999873550428749483508
1 7 0 -0.0005618171116066217474766999273102263439697782152228625307672906465959927276460520946459075202450006572202402883080225178085139036555715278617136304149633041309309821623200826335872720113023068460542413888523871907952160515
1 8 0 -7.184561671291122214494009032555866322888719341648702359838693026701585456596097614921231076601999635946830631863297574259504883579742201937032587757231635010689096675239506661131331267645008033945981210566771328116848277e-5
1 9 0 8.347988562345600873631060221349998058547623560853312551281175647478972175519107197866391451778944759532821612457367307411937718367512671639054202471845882817622924350532658880188921120295726299448159482303887787050425945e-6
1 10 0 5.698640832627289500743569979405893942893456250727127647497109223056238603145008456770205535100476371027329270479287663510941224920895838871438826615088998544035073483022835786857352548602483669700275885432837158970306878e-6
1 11 0 -5.637970135303655297483431469546749426270695971998740043479132587121662165761459968210688368240334331826986615296709538150352490295496541723433721656376481183550141545961655850563439168983008067958371859919749067059019561e-7
1 12 0 -5.482193414046307671516655449367560390730978931860947406737666151280982071114098813427590632666502411770274245500442067686689124566263964276992053774082450004976413492750216904115713060245260741860994172809278510270155602e-8
1 13 0 -1.905278825544191743564676517732072339783632328490921716640946356352524410275172175008173677829370152864163501838043806386871980556618691936188319948048018242745395231679539028641965830511176308124883683245767776410291525e-8
1 14 0 2.052975984638592897397748784234103432084808409157899197738954337129085551234880885728941956767039406505865489940145823058611545528049380328933735359799112144188235464202305826449807781745230469485100528881721652927817429e-9
1 15 0 2.933398548210899292051582069759224233705689219768535689329067842286627306397491193681127820227166754314670954979346855391361124089154262240497743114193295368784743794849281033151595336457367698475908524508069316106772490e-10
1 16 0 1.652263451916369601886489094171200565695711742180092665234186446244007761541883291665017065308745656172786824176147994126584622411816428262202380513437938202471250858644506878863549109347675148018674449945745935269732620e-11
1 17 0 2.869532233030336649985061209170873610382740445089492150131960023322874452467147276962554002821352478347677190477052661216691296400835635303453545879903118710650882549813246774861240869198948593147039992341958965566995579e-12
1 18 0 -3.809755015089751471879139927631460826298434077232324352255010318977535948928805802663410899621030742382280527949050057092560840659092350277493003991184509041430483653898450432848165620855620724442340295550827971673611327e-13
1 19 0 -4.095360279749654854258470093852667539055380953860372007204953409966344691341471541196216517264655277231200958667922272477388392006246589767840808180507008567797157192842848817104861226752330462206533466225753392564683908e-15
1 0 1 -0.5324828567781900416079964053020095348919670399574827342351560973737674139734702592096631890906043274214596862896010760940605599452580022947346588626577899325430245974145493251793459766909855797270869390531865446786165785
1 1 1 0.1565529362072718487584786566440778505872839653163527332284784962826232022267955275845431785978222683566356861562574044955977839525409628885785871365135719134292859739864619859872333501754470961504185667760144553341133471
1 2 1 0.5266367666044818892209908464082769862760831507640735046797756271400742215158886707687739738043071742674722734633324038928275625303089232487183849120687166435767913930075129687575569073972212374965419585972465107482677886
1 3 1 -0.6019011777797077859947476517594539357349017042262369138112529753164643938420291635124540985235022016650553477920523942094676439817695849050229678027378139834732982611796627710110225323806671731453685251183015935184847967
1 4 1 0.2210126590161779923621590986125178872084655225851496031676644790346946485397201703653773598371147546805878311280645864951171517293481111997850813973226956366279878145821392532720057689459445315123068998198493560096150772
1 5 1 0.03250174559564607937360683794159676910271810255125121352004155358400232654978926719485658711254770572757009378038142649877597953617400727887223999438210476806838508871237422845819693605249475873060354706614339027743212188
1 6 1 -0.04825780632242416268422867329624867805240085306530381801008253848633666355493257570203996794468296657522679357806712580557027799514801494229139864994437155082471867187107256679751574509116925803636182192877438824026324490
1 7 1 0.009356459893721296088346845582879946653103389578970527531912585413000256483178267516756260622034144271132995015629920023216030448668617208382770848056475665374979198214184134966250416353140247928894019776004585058529251549
1 8 1 0.001568874925267796929440652095893153959083323170355576221238641604299506433117480311015070207867146874438523343523220616833151896901511434806917826302703797108734772612126253597532476727483595056039731435732695794093114311
1 9 1 -0.0002326348509748324552041291444388954765193205120283463632582642704660232763098084205189305779495537413103952291645457745589177777261567465229943737496576535840225977656788766060981375520669809062722889857807147732303060905
1 10 1 -0.0001986006991922587567135768234577502258505013341193139610646880646711083837243757249066739331715317120034368341329787154742193836687290401198202878760277868019391283985680703083086655949575450646097040104500689115622481756
1 11 1 2.419947812191797553978612212125138195003966340370263759515112317978070236853789422464694652997469558125725115462263103471829030283223586401517266681749798615616438048132225069885961533579305380966778304493360221522951564e-5
1 12 1 2.864960064102110708059283241278300627134640141701996524399114189753477221754888406791804041379287020561335804657418892864046103308110251432831061228665667836415893260375362104127900437857095758405669586595069949002461752e-6
1 13 1 1.202179116812556104962960736499443543121272255303219831945204437347036638095079692022665660848913231345035693798031162878970743385272343529875531414592953453964821815033346234188832691339700927180911441491827912847798042e-6
1 14 1 -1.555302607969062143816296416235333917463792826397994485750292056277837455447803586736922742168759212533039298750925790839209498334251565481284105265328156988448339215351860811661525596167296592240244279300948483166159904e-7
1 15 1 -2.660590384096848005510977321445027699036015927069761602168078276143386910401338078612964085281686548155966433381494224112369882903264513123490929608191715568955641687970333845844855433099164367691354574159426977287248312e-8
1 16 1 -1.794369559544782072595819112222352395741732213253308044240149066422863898675152282119994890384777234773383379217499474628048819493422682740440788356704725551360972812527050113655318551126718767389056792747323843659760986e-9
1 17 1 -3.745743744212128673016243864642784857233951293623693307708432207540476362551833568090061276475405919160026046263123777637253527001415654968898304655256109417269688440200791612860882291641900416662146813226182787070311132e-10
1 18 1 6.033112312312489153354174043198746123526118180099388567470757040470618982110707478599908888477761961666733317578744376344931239957427151285337585689954800214555915342535328036205375335981502557334629743586321763830427177e-11
1 19 1 8.015880006468222906512109390746514198236387467576142615872175568053121155724607139722368648401321776152358272380186133552832146721178747851899605515998644173704048043996311301474052306106960732320962909274766058792934075e-13
1 0 2 0.4573405314196554062338359368307321126028925971704140739623948557801312630111791284222310599648735619940304682951851004683672595952205865395433175194889741789045682268448441045404547065073214943706149240773864766288363697
1 1 2 0.2509269503589497840112033947699988367000250851358202247863193942242419054235065768020952612815872447785030540984789692901115150143827798378919436852718656998360816650138436208598275970194870187114352462465969071215244325
1 2 2 -0.3782994440306957039258154244485487975133759046199083487604987376030331889740852034136261399506969112475972329853750985327869268479560522769271063905568638795436934428061958818170190070430868011147806379332829936806174548
1 3 2 -0.4494539155012535103059067586435163868154223549336229630978677958066946578932686030411268425064117125070758728787273131665646474865108212567276214344756995673169448021050840537249890231808965208529830021758789474521039606
1 4 2 0.5098992526542755140292677955643896528147496136485671430616257434272336004059871159188193317812106937719082768449771041804725112500227113844882038901699943777652155662966701087797258002534300303981362259689723276299709935
1 5 2 0.1360120890943469199698581167311015180120946122472344793218843630867489173266976704870996666470949052276559409864930033481123592653064758212631207242518231048447396176917935686777745852960328234234769151829601539503441270
1 6 2 -0.3107745947097752033708754297495256635091180075567296914410591663286326797332456465080449008296739703132121012446798561960419045739800932086634261318483454886981391181321937250900904667878128503158469906782123991047982911
1 7 2 0.08531048607535065575844258807631154725137157063549441037139833799122055855098040205286661561359380817676913256532857762597916693695358161273696974122489623427251656231044552463663995253548510525839592995508203209000052900
1 8 2 0.01924680906141609866691815407199650343768149025983712310595838857243188949539188656529725306592297327308818901811797871450582964636621564601615795123837576112707223091003561248398436590873951095245767860113505647522270373
1 9 2 -0.003710540290233401693414711704796215975633739281995034800691807681279866566232136031532002034190046095082579140845012041764390320241104191043593217707456125599574653121666379631444207519497163637966400356488239251490016812
1 10 2 -0.004019659647795902394301778408114042369939485507322594375116840869113573846152879902878470549343265426091741159479793802742563692332553422253293110815120687698113482989458527382407521831497947102343411538836949114404308053
1 11 2 0.0006106727599679559240263079443916019785429826488777866160669972116819557900682021120840073378427891469974852446373926503885032553533001818783060839668826262017781479469939478022570143469332303537218522959152238420756911562
1 12 2 8.899537144959733037900621406350967033035940847607633396856201033600153259603794377972708541320030418386464069203983536171870375763466298424529329278693592140812726636596975226989128245704614815180081161159455002070311245e-5
1 13 2 4.555942782201768623461736884198454328304249704249366645157859806605194161981155378760288857090992685282075007769589113217074818509769602257582656207245058150595630672718605735691037633829095024455435885072702890170257805e-5
1 14 2 -7.150389725052834342055338004950064158521578791373460318166650882489275028856812868302125154528090421360835087762039424319494816127123302649634972763764251040445436921979013638725024946512910417870906114683857128007074299e-6
1 15 2 -1.480144951273527085365971444564506806427272749044195512397316969133346069763469390859134292185078149706711267299104087149969016041665500031688398260813539772131234772629296930346530746742171989120329974794046955631514546e-6
1 16 2 -1.208922640084952351446855086204239464604345972662329953593247758741492134325446069334871180397111722884479263074360324166206950901581288890519432633715946158289344114684629283760165020051789745278079375823968602451942325e-7
1 17 2 -3.070873424068682506646079714084877695660325251249261450062846515417244617174942928609543915650773161489345336104389300625499432019901366168261215216078518324864566100883485926177078892404328515557156653519329188310927942e-8
1 18 2 6.080379805600360935567454159257055998555659909061834788460941350702770881681486861170008392101993878405938616234957440730711124733663420073572753733571014418478204155041398691037150010192192302568981766909488849466071987e-9
1 19 2 1.011836176531344895694337686565809914669519123796968172037070651421583594074868369442442725514913663997668639143585085864106762512450002101641326409060298137627743483136856534621762956627779483100717514775937050837911562e-10
1 0 3 0.3103234784796669940083830027499183348989500083337772169568829321916854665589107669615581243438731090881860531460672644318679363853622720668428718278452065324699819044617794172230274007585806235015715674441887350315347809
1 1 3 0.3213344978306541771753057753177854746598242943848540134279930708962365740814714895317876869551147942353318321156642527135261858215058371032024255458902235152716890420161786784143898257379335621845147492449929079499449177
1 2 3 0.001825297579468551822012082517257873247621992848445147173468329782758858541322896778176368574802923435127885297057825015988174241669996953796911319749468315955350371760691659105997858335219837703658682925659894147993722528
1 3 3 -0.3284324707869975758570435126589759121930931712266246008091252419913225360145798853321660966520490070160672692116596147427023985516425690793079620786831325454957938380205740459464166081765479885478095611080319421727185198
1 4 3 -0.1811458727552769330078131240536653072707361672420087568447173243701387928324849379687906399131880823010411498203119089374676710404751710044437706076250000942704089476604746399496560627452497229621158330504354430985479696
1 5 3 -0.1743155948097863759591293819848936292211496581624234585141115022870400786157168037039421598941999438216448951323427755764318997565930273449212751623883559641971349817953986858294429494510974200072252388692089541995760900
1 6 3 0.7253445921346152640114079528529841135327080058025380147161758733713622120351916141261030843934274177700138332661318889396460544893794932812680469815766541253896988721731611358487027780404367728658508273750456939461367636
1 7 3 -0.3036636140758287515779800367825104861890558099721848051111779578585731208388961606552666128320986592831880460581105920454508724998453975454777620655376511649658046620175182803460251626822553619920253505525197456587450804
1 8 3 -0.09594668784918582590587284527212029955163930200349061003128665012210956798017890831549025407226803191901399124696654163146807430534185374369190320978936480316277994320859920451410275670907039604210189863820260686259547536
1 9 3 0.02462412423939566415376385126909855164401841103360299590035669072664959003389373690409468526742684711818582066258841919092152767287825936238224838704706511889465506696625795593503043939596190093237765957243073415925893967
1 10 3 0.03433736920886688368612309702790329505411135162328130594452389486452354562915928084639648350728680671604030506519129081693608697167542143068858828746641743063548655718532526766799749031446507630855584446029676056385087983
1 11 3 -0.006558065935448558240931269115215367768950394906197320445196345166574376254861684952129484452577981949493182785472943111716933130664884926568380718807838163057742976029240043706762247366155031632801463794964053353181510960
1 12 3 -0.001181097584654460735442405153392588032402569402798125231550608724116975406429617272959329990001042227149687495481969740833703878339112122972820771865888597889507409124432000893831856710859452028147279262790414828242173238
1 13 3 -0.0007379444213081781385336916298844184987403329976652774677644616037741780060431808732153650314478341465847158712993405313678938172547527413293194601702463789108443490828803348264667888004157183876242759137095964589597552200
1 14 3 0.0001400989210578600076158072480436295593028695913663181734254966877516106353438042414249918344920665933600346284499375049325250053521018727801569385676285436865788412714195679941372998873234340454934141407864816032074147918
1 15 3 3.487463657261760617880977922323294583249871524315671345884792664030585605478457223060943668738996006877685415564861522147601966434300879702520234522948452399842072895041463364099362924761187175029662092955445883468957491e-5
1 16 3 3.414694713556452290218224369609808151776005102922447497447423159416035962057348351292945957355992861225707225700304412178951430429329536013611704958484147912252460731674323231026420032662777633883168011661854278596519873e-6
1 17 3 1.039565326919372292335864261394741740417806951953898581805837926004354049983468749517151288735126053914920448320656321753645199091089047941159371393947448338545899867318773939292346071312311289363650274930078437352483308e-6
1 18 3 -2.474527354289560015301640857160583596042592852507603872433110041395773124179700952510144885456959493078631367624130661899725280805974048754427204172616080083321827540408154835859220913510185977192109876142566639844978839e-7
1 19 3 -4.988070487870943650610276193050269571366660520577512493708551028114690868421238600926378026496202443379425432800331899615585434200142816160890823577606118473023077403424204269259728726367017184063112290976661745246801776e-9
1 0 4 0.2918839995470585142215309117574701844897013879652729933035502294656987699828888468364523829628940063863677646757870467199106429218764053390308973679874539419966822325879336453558997339178396461849868534817741773913424431
1 1 4 0.4205559255447087229648178649612923824291576420935535673669348901075528677977023123792153885205344580243439093733694363054517312472786957591570857828316842356584291505105865504747230979893041274520266082772321695570126015
1 2 4 0.2944513872315734656634226045150018739082784414654516869287190334083205710113711061511631970094136753140562650184797938288351490570305529141745973759157585039352682920282280324816147524040773466142890382549655386031983589
1 3 4 -0.05963373479447608212923386489048014904228960775183026911193072335670248963843147281050237935676122769982377947738443572655621865674265446433155141744814414688454576027863367112716920855506124557797072863477010725759657715
1 4 4 -0.5213103976768043684698934356288150454013904009474203602265812878844571428531097390947495516550303400437832855489691743264411650450576498902526545383157923521513969212384368231797893891918041073154565418774436576224198643
1 5 4 -0.1169641326828765608337869030945126124263779255677020206940408831627152035257019649246412830705194232144732425603131000340664545228609171856542650434117098573169029645555166407944017712331818357483983215506268222499043519
1 6 4 -0.2732778344369811284303246894156382347145934758552151844289781752369873270640168347303567562860533911677152179778819022816133228119867184108523621889408461959895330287542734821700579295079391222308571839749770713340313996
1 7 4 0.4284240300426603692966214267556255029287629027249924213680450553517606277795402364312642900254761541461320411405500922657184198200009703184807583446749970492680645927224288302094136366029190095427709921742620979548776594
1 8 4 0.2445268882810494799031531697358766728874051658289216964139949991790213495325834538011243246551474649252750317129325284459827822558412243917741779152163030279058557652847965497615260980236098133017607507712328883196886207
1 9 4 -0.09438495909716998985890438558708946013514308022688053475026213500902185457254533710145428609091429784156163010215915966870484273067618540854621096393695406591129262491063243738589439494853587206494179944690510315784720896
1 10 4 -0.1817716730748935568421606302330604231005779961106726663633212253175569824280725972574760744948684563633639192356064239974629244149487858848074668371247526007184202495630910764362922432216299697300040102471974847353262983
1 11 4 0.04563816432583082757465553328971422938783652347677179952680073761752291055177970467641700449413536708840237482577649189208887991254564769621564690460797052712757120132288004845916143023392070846134051922359903182169924331
1 12 4 0.01046651645947970641655146864137218889251299419030747379550949143390908549684433033185851737073918363273956089471635023578379662480029249958346530921644174000065873258986787112640760633931072123577481522655845035800600843
1 13 4 0.008148009529950880925650793964631591008399389644780457618807051074450051666539639279521622076569413331168362925947738804473144206963396319501359850984833051981603431472026539455748275801188252462026028159717161130055223049
1 14 4 -0.001898348452544750523205345378580183523969565527451871018684708728521692073997793348768900193751550711213147552660118673158457370148496438905361864130159576667907816944222559693728441820860258327531215313615762839798983199
1 15 4 -0.0005739057271835540231062391470507376318843712034702384122152101439874119706202719935164893673409157645335710616619748785796848864621583766136618439491643554565267176182703254205063240922645757872094278410168267053496174223
1 16 4 -6.780111016543238470786102095063253037511453864596306745810734289643911340911961658522641791054076409819519956462388877267011364862824787242668477204470460866305232754752278914959229217184061590504244437296185381091788747e-5
1 17 4 -2.483258813483304839284156455269854943042943662192458739906208789465852000210566744363999466396496097618199711303813601558928168505475991864348093833991541193988701770267633977919457307428528586634145540035349806666856537e-5
1 18 4 7.118538179681189516000449763067941318684259336375878113997085660673319622941133691854172599303948474683046628499844466776587292036849413333792903464344463783088750569094721906328448065110508329480482634208910137748276494e-6
1 19 4 1.739056802615922766148882617485710424700878716882775609002218212171861648131426994514302961471936565376013216830632111056609321423466792194593640357802131242768398738278605471820769734141470750199025503017837227810590718e-7
1 0 5 0.1634965633414729604467702873460292702998170088230027311360731493223785847730528463509269352800617719826566769513903908290345556007599286746007024066054293625707786969424174965240281695046055253576304110616623072924053844
1 1 5 0.2704764683067917209883773390235487455193612033152833738658796303345331654603977586739848358121095231763044796981064425907977152872686961241940475279839861895959812542815787437300842111604853608222288003931331283118245159
1 2 5 0.2773015029921334086602732754804079982083255896500922421296076999187812977479828935076475267451735630429414088971406640533733312987519065962186535322181528655512632983204657899758514022561516751123151728826383056860828784
1 3 5 0.1629220651891362753022729857619086242028036433558433067578620688051500285922324523220916504525218358370780558372000306198672238533760852134338595677638370648716569937364471594380704536481180618001434208974492321193315095
1 4 5 -0.08446635729403883988749243357462149815598455760232266157754579794411377240664094594336358422213501146211839988170059041840287809204354542768381208724523254693875011356017289039564728127869702828691724725078238146906713698
1 5 5 0.1111795121766773167802304158715929486996585523939125530315664752662375929959026338324220908798889753615869615124908061933059033310603329172299945063238103881884057000436470827007465640267687006393876455784523415932580895
1 6 5 -0.3134355448284704164814739472967705640329216405026656651801340173230494215009698881501391304478490538079312384286904292139604553335684793235691218981694568536714026839521524498811961573826605481248261933425960249213661592
1 7 5 -0.2748030403146815967490094981624814980463072854822283611592358925709094587559638207057227208280517256020468139151359175967772376614876891238673090298632113159357713141781143425060894776323380447839498060896029070561399799
1 8 5 -0.3703107912052768706636094480124939403762030797429091690794798144976964170815467902110356195026115395878273487728667671069960359433814459457164990962425759143854349152974053834919000193919678595902005933346655217746087792
1 9 5 0.2248658979241879888727605086731961558822289191706519383943250177991521782578147622616615108285153340456471829500547997848700129431352975682469565053023083262785445492346972830805841286674796521985916879971285078679015103
1 10 5 0.6066067727945384183215234329317726066110290064518513982623237620428389751306958093238692907612586982107185291578065335728034015761905267892618494189549433759713252703178174692032257277059550909619153418439784966715760911
1 11 5 -0.2015515193493855455044925858453231810720103656943999888418482454435503279877364869158831523520747145631967554610870274512254189192975763098434088509723259061879752419933800851982614085312100280820541057247773436434933114
1 12 5 -0.05913337670876969129621035004078556142044972787995673404105876693089216071006524390112354720524224685387719728140441246189406311326382067192663835873002583311471611399100004075679119146452853553915546014289707092661396298
1 13 5 -0.05761066801020994390594575981006571258141869470609575548476538416669778452397479862697556158723567423013028712537166818245865060171409231285655633467612559480751489287806733547387286221214698041532176995654652102672512559
1 14 5 0.01655336623285637719662902984137568577721379473159724307027647746633634102166200203485909935529607351395958122749155318996642139945125610617273450837742434134984034752728273097263252412866502398082165857706963040343906902
1 15 5 0.006114115425445456165991740043527391332701426380096927603672359856629387934755366381660513724562813397576441956783589033254086596204658175306750566235469685858404783855147205541520169748426268774700642600687242140971108717
1 16 5 0.0008780678339815881729695042669581361003116362671215508528965241284600910903701612268148946806090953017552222425741700815810950208651299593691979182161339311374998655024450578964780547273136833352675606140347268553366716284
1 17 5 0.0003906344996170848967364108296406687698647000230366209230848569786270697436386485772884164944740453233502332662158232992855174196766161859988269121300920086092633422600739896531199520431434632306155433513648516959283672738
1 18 5 -0.0001365997923317570065307741182053156620672210690422237716376475167553548314952199167878189771849690936824360190427569156447022902002837053485974268188459018496378086348771125722876989693816430106163607105237345123106989657
1 19 5 -4.121583168609848911803395843781154689188168090760308977761847441677152494965983952661521835101444321604761112540753193193043138203617298710054380636207518900073479585250346072259772678859114720268326235900322283003537981e-6
1 0 6 0.1306187955167245007544403862699032324441944317052720209633516400864662763536011528419197844883060585171022366531766929568433707828212786629984766909999203855799068206130346010062412216471393966801046529208016682598716442
1 1 6 0.2380898914415730536415700122014956798982072655842022488884424268084138501446464329438388994610653295756539562250824108474512889683132328162598668803636053624464325657316122105620557282266659037687086031449772744563703607
1 2 6 0.3010137480999789689760641175380625000865137561946126248564585040022463877947675529342910716546094591639623375851410831056422276989483963709714198363917745565935629120500694180996079616504493720635997640363520861141790833
1 3 6 0.3010261517065609075594038859027623519532165483105209928645756128261727784433318994718673902464704824226620678585712758025362838553297657553116460160194739087943216795084286332490368022183755535200279167143778457030782622
1 4 6 0.2182345365423293700823575538501135505731305957438872642226454349164466409323857438507483585615360632381292710461445570413038318538742764379287688412422103067566573343494844977107214358219346848751323765372911547480807954
1 5 6 0.2029659790202379283518427335821379469457776697400336781977390075401647799660079021399492796385644749829916632971634999575508923340092042308255193060328654538141096492393450291008519206373502039864001711301151807057942498
1 6 6 -0.08350851056725436155947335851558627614261400133744819708071511972896928017428408354862082966037323747216466296465206261466824430088165103306597371169735025269113800790003201933211349606823943074298536856386442430644788922
1 7 6 -0.4041558227723432056054161435700331219375373722748384352069363667407840002361348311186929364746039268770912570586518297506425931850994558335922977910980599109911286274586421907827377679228804814041877879202337853111756146
1 8 6 -0.1669718748443096187906256164555099166737450862600795565458971087355687817359861540244037968199927827245299122989771604352327000546599281561069792811729580039470889336961507715974552894901169742678843143261366931023019681
1 9 6 -0.04809485406573000106076392368467394868206614437508872167036949300418840582655240445807290991472363394901127025090832380540236020172189254080912110565729351858632514256227348992941414138367615069042280897168473620966516040
1 10 6 -0.5344155576831408067047592557808554950822166820163879100729033763643460936555283968573284248211754124641803127952095587403790506317896745108581441941093587725553295859246464456257112634440223717012257033908765436900490872
1 11 6 0.3243774116834201739651318875819860472210313871347702699428662199595446173813701737652902005835464793135514524215170338064921322067800096501609600128996061062458886906786622222297388973995230412177711447471974942043176168
1 12 6 0.1436116974408431257450815354362979696516613883217659229413557022404716275062955767077651102671500098019762954059156767462140322635529482297483895036990676052443368500715257192224617878351249244907993464652160853010120628
1 13 6 0.1938118636796989450117167343898754555850161509877573130951532946389637897403732006492374856739480091321740285387029111238876693931455065437463258987925662481288724484128338836779563918608478300866882235300303105566473301
1 14 6 -0.07358282471658678646643715559467259875651928675062380189457499855033078698764414831766422806268508364558114810416085651190413426268233206285589396862692446094129247695408353247701867759224397877098277115196551158173137929
1 15 6 -0.03490920963807336168953553798786906530860020494019695848888045629398011442417363668668850978871858648406865420463803330254752885389982865504343538536000253569795773321802508200989429990659645079155151071217936164080192505
1 16 6 -0.006332153856290988597005304733858205009317160013715446316358013895155541950239974830877502207827952608496798483067548269558403511261386694293000617621191321683012958200007961588825319383155561024090997412140419206091506221
1 17 6 -0.003529413904933724385096068002953001924514874280759751839459954019926287971053792717193415720093762083373797418185676228321692895513541716638486828302079756633701555823625178034696762556951700356437614327353811615695260486
1 18 6 0.001547954667836265748904028214620917514724832895004260064036503506896629790564052551034048825448244382173509787608361975304695219455524609212220632950265990981577023590253469915938311203548113904571165964567731937754484271
1 19 6 5.968303728298481277636327644197613120188928275466342383486018422132966470456565153548992696383606387144381085987014953832249157629888080972042376331902962314531784459958980682198690974248644805383070451616120108614324352e-5
1 0 7 0.08482878577597826202541171296739275865460435253300209177261372947353161756706892729817067384043542708456444828774553413578577352635892479763673328521792030145506950980279354149740894387340079931714373006875099065063706141
1 1 7 0.1644516182208324176360251464744958988829333853848977299106848724650084021681184774790826977496876223673700620005508091904409785390506031835440212366570095282974049805731069491816812997595978380613971610681280774170878539
1 2 7 0.2339944642871393178956733070733784128310265589445291741572586802721464002591844881283506005289691686361374142534839421469250533972907940274715476145244092241171124111797507009382633491638924635424451348467963904923157956
1 3 7 0.2902040893353064246012914479832959118511990138445080319254047583981026632714487315324477834397687739346307074108730757921562106237290304121842191092149862999909230225646784570936739408523400069345969152195478484654795611
1 4 7 0.3431898852858361470102739987655097835497446927426130786008535142939528147952811509767150782624396034035137257679508911970633895777518800953280912696524021747803773001797618610649568363130129776395830561513124879061949466
1 5 7 0.1149517739233767673890702436508260486178923928325404480692359394247718951136688089444157371574489804162468191089326759675474100948642084842080130070141795180285385670736107495959620138112046873782100970830626011423378722
1 6 7 0.2011583120206529056416170724684565141730963766758016250677966369010774888110729816457581021021161140386062808078482700061872691480956754533412899026086265808414703060504359916091833892734592227968200244477734539469805018
1 7 7 0.05068247879795892432340486551263406584790520889765686587927708119663645270721812954905259910652839996033096122614893417631550339130854900893073532581584667539162317944356060555722279418991105326891729617736004663329213408
1 8 7 0.3010497768210224342971890286546730923192001785923279587087754048614554625658769265323358625471583861012996710226765610962231567331992057483122265645634712415538700502348541871873851683789837448543561854596852945932880225
1 9 7 -0.1745588053133281443605934820162632687728077812771170076068112350360899546277380622195069446612317204656743844335779135801661001927597363956989575636517002233276184493130267425116163120030503580645517339900204836429137175
1 10 7 -0.06055911329757927764591115827986939486799795369265077156064650025358072568379273725082253020144441950145581757747470076501224524887054935426232871807818102372274097094187273138336798136869003186914544864419285128903826696
1 11 7 -0.2954627194265937489030335678912992567082240228241934807550037135803952124496058142892413633818428306683799026335065683750232520595699514206525041559257319705009565172407090153246714081195106180626566349433920809927139623
1 12 7 -0.2549185774285259928921086338183189983199938530528607903020617569694118631234778682561204291640930013435897834869429645361596141239536491860356276836650098824475685191129119685094744947852315754993553132970196871888208579
1 13 7 -0.5192125830961898424026424482791295249144315931879581738342303575185847185359311107214239537292424921548582206310620770586925171087606947381980138586442844693454888902526741967863956293539667705145084257149022397629734893
1 14 7 0.2721943736145443245825981159141012231810699989785825085070387722690957836735677318203689762951162994074862400749803717081059985737900236929350166763914223060631130428566305743864276663284298706569108280848861729936205345
1 15 7 0.1710888320211194464184668127169451679359737440912458042268570004408761960315798235929232645640517169567008847595550146579211572484664289400565885725727710135012773861889490453953742941187189164242545321725968373861646390
1 16 7 0.04035254671425693042325477132361726455742146019782437005094856491355426891154834416376773395755894570350844340854098570232476380414614124113410808165148646498308306823583923192022532773907837648395975839663755683128397159
1 17 7 0.02918448833795846831197627627209311286330985088261567093136914919647642887278314408906048577404174339116103010645529645862790030465603578528127528797626310386409735316638150385526230015117875372656259315891683487693473075
1 18 7 -0.01693159664447756219000466808695988730834128249656378662834701861090116306532159416378775556637003388414930565968531747759775772406481234886280040053854870980303372624547479054352612803825265795009257554337376620071458646
1 19 7 -0.0009316365704483298967424188721646876496606369681139575956506877968263138580329768204675406348974870462451062398944913552831610586624347418501054525036437199673241599948242665532449767883991423117036548106213637416689445651
1 0 8 0.05681759472178952028472743920494904176159607227934391750198253342943754344193092909241848546873711116669820800867802406808335367796664586858406966639395817331914902708454402336065329452204084470160082362025223200899013722
1 1 8 0.1132147550602354756833443613703411899802746963692749822767754260697877334936571317918754434004495780209751198060301257805616486572042712344173326290337345244910414002354662401465523461982463642538896710003707352597873547
1 2 8 0.1692628803455249472363490633094256126788444430846684873965322692774409616455670125361359649493212531604402469947746940588594796122574571901657227430487948238257160127832092950498475460070093616836693124800845236712255911
1 3 8 0.2274221683349039585035647957924026961118826034631351681476620797398690024445901660861054109271267471456923257948569862342756415680422046915462439501026223450700804381782833284254877445646747608966208519731523216292938618
1 4 8 0.3096418367811263026761816413420092136854819141846084363099856728641421023943702934527977107402928470325889746617825410693011833931405089284540607306254592561583433443318978205781868078781806051223677422842340361351621675
1 5 8 0.02350543510659027693835762252774089621998621665351560219782952746748590372874581257074867150768695396235638031824294626931047052828092984612276625046523332575710218289084039420499530421544114220448981312151067699418222147
1 6 8 0.2423686466035012851184034927777751311963566318773098131090664827959984186848132287432697624390339370202381729378887282269204823987477108879295785475026216310599332957229811262303316439461973681525153056425677640828911774
1 7 8 0.2545617041692649647241324351140533718265125126091697001018244265705775107245146476685189279951430369566411599297213051266853458841594493449458459489420968615316226112691081813443095034717072531537209582098882844789543825
1 8 8 0.2799109110236190548865111628899920611776897791940691118504883847063398851905069702974862712273717407309042165239220680640168612470214696033384641794426180914131871414569366623193194252320239329553241076369751818818670288
1 9 8 -0.04553974203433175467697897997148333065991844173216621545482492556629186731307496426557098495387547899420780804767598432313685482373863714114545111585975369382077804262750597550358291090035967984269581395863331966465043131
1 10 8 0.2814267288823727835930049886543074066472744254114756035875156239173075472707335688078872216174597577559127500467637732274284630130442196102565541288153898267238329330531696227782745289394965939823031455544579598225311151
1 11 8 -0.1256736531799136831812836471255264168663062221143557197793060410223495146259437717506490429773048551541628177531443250090945502073749408736241060987739074138877916805101612003038809805018053925790633052616185908549143780
1 12 8 0.06215858419109407628509330318636906386172963267765763010855385777524643299286346295357206911220441975741269340553291669501487934097877662099320949428743997944369330670692347420291351686388168651669002108024086691024438341
1 13 8 0.4178308417043080075310087591985383446955367050448015942941163787310602496094253266092473475265472146741056806727877596162462019856139226747916736727552535281690432189193553899383907534616961385161036680098531212855101284
1 14 8 -0.3870082208253621828336128603335754600721583277062257587663298761314099307261857872318380248422190180518832445425478383549604973291725554138818468830490981846339228593159134851940995463327698532154709955828315179898357925
1 15 8 -0.3698349665792216231653114359430184784686437780665745171536842415817762202829042132250952238008040835523991641237882869750665352866006030775697608922678629705793895582166103686455947006660308918084870666964066686055357610
1 16 8 -0.1250860402499610228417812805605577513878885744500144811112330304223447152258628190367985389037612393902932978950842972932723796328830069612111983304140267032785577933955536091262718627100465839565218410569260805536155792
1 17 8 -0.1274306247223520629029060705430950516418438902969168875062349017312950091682079951277040129554250040116958756911947291863541953715998963973182724453900386429527684191352060268716896124644692273088641087394606469795506456
1 18 8 0.1059346913425953616450066786484022433285024202665173400566160262267890079343070283667871752396661380908909672196105294933518560122594037912817509977684116626152841747907564114034812201210789440168820404942586511458943244
1 19 8 0.009107984622238084800068649232859151703005491549937012026596050489196277187978030646390938382670015919937353311426488591043720640417417213223687875447915231811768218905466010285750527929445695423643734864973375738047116385
1 0 9 0.02447383005905244631554130679969514869290027777809756948798155722513232491349365033407170145972576401386058679856095963668709715636821830018346619385245623663074727964156862304603885967556459678457737810016601592157070473
1 1 9 0.04975568058988780454468947937181822663734749999660067322810591884886777095889009301079282952215848186240426995691473523155034093698855376039040781776857742939633057014774569020257545428768381622195834409280794161297534911
1 2 9 0.07718580249360185435444112170498092220835695396712218821810119817876206557867922951755247396310460338727768154026026958368626828388210476858462455755954873800520146764171521579944233325104141415572291559683384072283998607
1 3 9 0.1103878456948961927090571990450525500240502708446055147930717196311427887190652217628640337524849708965507331723109443069643627585001407260790510970624469425029087804797388673050996402209316204465136365667126191402135631
1 4 9 0.1698034345306418924845748777182007921827055418841419381606130130958529394070284478459602544798971415286667768871759101814180274236334886668915405937606847775827554366370477922220246927540101359530319757618878539118352786
1 5 9 -0.06619984900494810922921636126586864020301896383481250550850063366748487146268282924395569913183279658444491587843433586738965701682470512686161949233670072671973585814281869662331669423744081711157733163770285120067116170
1 6 9 0.1362471426412259493618620402653675366391295114083064095652377640736238252124735689925127853281115741606993209448510192704901991106985699790099616460166273981840270679852247126367757314445912196138754355193550865274263563
1 7 9 0.2438007325661028594162620840377726098067352764724953208163165254931028313604669393280121184942052880867619436636649661799895890151449353458459445592321761025032326993008721311445167893877748201527837963116629031978260116
1 8 9 0.008144025509916369325213629615261238029604732671141789797192813076940631764555377959531114303222540889845859281291730982236334798504528871985903387700171685110245201822847114992549649888881166937309437061462459837119927387
1 9 9 0.1155871297244433323348515927524985251698595717519982247268916478662438836748454204236924932800756573844678501044432405065814935039699446400194932867491464524082552161917645306521083239984811835937038448130701760830976354
1 10 9 0.1980466680278610666021191602859488598888300799991343390211864742519262951749113051594650409555383602269920340287748953068553071773908382286309546327653912677138720167568289837690944272592268849495419723544713960366241402
1 11 9 0.2276795919369426183322502048987280209880301884450076890585884920509522860958703655636226252074639427515915352676121634365783917971854554761999072665591630152777592927085319839083274348850290108430168659972686371759328496
1 12 9 0.2181898267173616004982338589177244910389118510037347362243779035497119258096011581878939186012753674016120974255382969811628040409058219131115982552263632964099224441035705262678137952292827801204500166850604635974417617
1 13 9 0.2577923135766309802578478278774237828548505700382717061984969920994452010989662752209484807720996538210757537481910238584008004189915295624317301013293759251410859522919760563293929428100319990374861376509965544234351319
1 14 9 0.1267247786842060578276132415669554133611930547475775360563767410100605624802454898520312980193273787354557375741868581744110652732397308124841163912230002282746464775441960258968409687263511373355010777750983181023462581
1 15 9 0.4176143416100209213135386121323619656802426828983163664133319519840019942851878248789802968803984140063808136106715811908374139821626805466277722809404230873493138929598006027130884808108614557961219809132198013322449771
1 16 9 0.2476445267680745443493762168902303505733486691973556310050720622315530761942511521160281405350836315713033732100105754714585353190116626971280631621450985653884452030423197205876055341659532611969971164821199208351199079
1 17 9 0.3893886761321213338181950626297638955341146566524320381739827269767606384351879966617587888770678432447647591076362399831147422810465255353828948856975624282185225990844716870403525471630651383792879939217044617496050917
1 18 9 -0.4909600989427964472895987479508650501105871937947934952426726576878501833735993500081174974600965848330900583798343028549306977315960635689449470710599811346837147242269949061776296510510148604186971592011925483196012694
1 19 9 -0.06752500327382862936273618093689462271708414768847845187258837532347186683911774912067559017441575059699483011756401198477732818043008452992527002198470350101783997872874075308866603157145098008047297476257499066934820886
1 0 10 0.01473774528411701448822356582126358783512976483187381150690741439446275116006544666844797971892856890531305104008614653760052487284439801434426760848581565501271531408195804117232008136012966704984188743547643127373403058
1 1 10 0.03048670867207681556877396791079249571906799991815742855552588934098789942206306814345867199445167189699505261472292818400809858648031507248544814987981831850107236426562433551169762230838024800521524021554170604665109048
1 2 10 0.04884113523514071629617258483519427520995056242126979732246306214752081036117434367270407007891936638033477815672488323724673705942191898489346712228968935829778154797242017723310934802276975248033533413125819083528105642
1 3 10 0.07382316396520437072957152428051758570243829241903208260995618583568609200937405592033169538977298745795074684876674792066384297450829730721072608887912974519359000551436797845208390855370625395557752519010942560415436709
1 4 10 0.1268080294439463976256421249250231436874867031828311226570784279728026854419142126695916616360029802418312770409771948126089469474784192071917872147671817793902441932419449232804751351917744348061159627664593818752531095
1 5 10 -0.1184254243652697581524327960938361927379851760668882859483857903843022776866219572161525662262379587062773914510062645236580043847581492308090554134206599232296779558413507753199762160330021866327012097398447702326684295
1 6 10 0.08843801779605264167810963404013300024993155068244560971996008337816071319226782455688996686735715007228064842432420384200853220875534358492094030923373301018486724902335690867863006746485663253002917091357209405519356172
1 7 10 0.2257243713661072235070627529741839377017320845077777689579798952013797338875068064569014373287347067031949342831205158287640057667207250379595806865911893506841735548256255295558452371994056155899072404926221223651656025
1 8 10 -0.1191828546721736683762176519911170357108745159526857039351172045401312492217351838050156247060857437241849326889065885031637836549918670062544496628896414466379750111652053944190816565807831818872902847327701559047076627
1 9 10 0.1465617598290145692920776620811091790108645352504410002304639304618133004311837438158716034854743192654519129737227799277831894933124105586661679202778821195667943717635175060778242685416254480087687960437432750096583876
1 10 10 0.09903727801514011854077160327062700616960518067706402052013114499206182185259392279089386996606303896980159602302957045012998349673689946878821794371006541473097882012828325225868712555515635735414042088599786694382304955
1 11 10 0.2692495190093937404683753688028966319813151648473322819398251141088045651948916554611442746638337598195630985236693263593928433628773351555107656052659978590849621152560297207405495085013094058570469469625203145797987509
1 12 10 0.1624035182582614365757345874835883392317667166533243501491799848577161369030107726908285963534778766915392232828299584098416615556999876745013268961602218159450683683662341418977561300899547964620618205151768076093791075
1 13 10 0.02458711987267040163943275587079644920940547892563480294635319612362533795883927633303265746722441820976637849072060091899704945035134073043960116520504908271439576558301536223187494192508175849551371794611214170450468687
1 14 10 0.2035880037561441122720804092371561393715410388263216012391505040335008675573187962358862209518647156514292684067137425153939790200733875888337038558346631654569903709830786260555557258523713291433476114873424416716604061
1 15 10 0.3748955950153257696064176862955711435956568837641261960408275939592461130094758297690499627598452506252893342242765417706362221561994665344149958801283044262954610899349407867554891265994975750650563410313623456351873902
1 16 10 0.04364082712840526855768432456012619914659718327659294237901220091635249802305462006972141090331938198830764760988235615782863260730019875554081819721732467072297345070904114778305144906806071597177737696017614614412921676
1 17 10 -0.2126794648832531943750137303735790682172914806949236120479571223465409970561918572466336555384272444704391521005813386836015355634475730307396442342590125147350289002312060026196100672044806940065780980889380033565019162
1 18 10 0.7113420256966914648262730786558050278875911526442762674600237784797563059606339375559250031023209836077030524594528734582787637386915894253967520395343972289238608563812999283168929287654574709465649106579856698344051510
1 19 10 0.1484353636663009524247788747157735984117081620837553509314182844251326175016139790265396993626684139357462539500808186494606257614685908120727139862854077133505291036945215386208604529494974916375788028836507672775495333
1 0 11 -0.01216216814924440768212178683366675623975353090515573595471541328327378931850777172088157109643267114919430847411752208076186577520783808331012063814116397102712242750579826803624425095049156800122815422872153731149560519
1 1 11 -0.02566916633548357350785129011099193682060351467950087063813177245503839882129351619477003364662873491096236570406925857660586174450532293842387559793967306812332564059851559755944557142159810259180005111698177013732285765
1 2 11 -0.04266395316199845725613019827041241607787455087441753255403085706478997656163061460918793911639640903035490018353540451117739616754280748390864467869566648024081348323373850320886291623776801862816265300161171546736983887
1 3 11 -0.06857116917350783431069713119611012992712978949677268802379121767851976347915205865453013700457504160685649818622849195338731353554591895346808984816022234661736048701696372879422743748958598430288632727733718421451771073
1 4 11 -0.1318996614893607041868426181400289216446054956581546057526826340392186491458857058239715735761123646396022427661252285158502800694456459939224186753392001282416924946049824481985910252476533432848018424302341939113748077
1 5 11 0.1965460909852352957811971268160378804011780169770244852406847004253423851321043920507674882045352155844905086417976826343146149980384509307652985128556024937968090200210265100385686680173926042412016954013167587747468613
1 6 11 -0.07573563975957539879571980113769576690051884266179509934636065632190744512941485766299028885416931382154577279380704363015541427767665399511426753415221853431013023433929826777661725020554296615396787697003634959453764321
1 7 11 -0.2844219311243853609805213276456535109435633947176527348976156306079391626332232020493385394126825247225885719826004878301878452641854586086997332507381156323843527908630987195127750226138693949485819301237848719772581699
1 8 11 0.2953639636753413076134806712078346339501283214690802723010853748356561064899804175265611076580185387253278119596173088279627264981568984431281441188997430185577686371763867479179298596194095304731326041296910201227437517
1 9 11 -0.2650031996714332464833658673552575471199617762203899379724305780555651186961979526672950128403169921004229525584815333491030903062042475104213017919522299639158203316740948635672089335615459699581876458600454126156302428
1 10 11 0.06495163920880008569191890249318866800525564831845756132639606202831393243551499471846478101562818441611660129622556386841233833484892008505833725939326209241226365601859850470277263605197030687266929114140549458412948202
1 11 11 -0.1993971096877983015583065772195499284596547010980756029795356370065926880653635007847965021446100584665742605548821093438674797857099939411813438545860597396150086260421835729588552206433165344813287775772571276565187724
1 12 11 -0.04907905761401867582500693676744483021535870177004739296302382934406241769270268663590432966928399834747640889899595325751185218523898973970042791669430243669321140556666708951059879489451255754644710963726393431032087926
1 13 11 0.2721900056351078076936708615619504442017764073653301892197714638496085543041112042113835199718575875229434424048768696206037322279019798672457266096270620169420276856482834010065370022465302027213292687972724464722521187
1 14 11 -0.2831622109525755786014015064125161448610836178290099855498080162144930434054944131600177911906773063170699326982984352074488592687820194785536638342008548638944692479581453828164745661347288009455587824769096868654638856
1 15 11 0.6647066303442553129184881109518113365023623726298615234071970674935050783690087712720590232906319403004263775207892472724955174042316942770908382478784438289146128809636362808299100435369768804419920910947266505749011178
1 16 11 -0.1150113325722038877870384288123288205423317437664063464306290667314882767120093005001348094357872862640562957083633188918233971683961551802821822395227384399652202688729473114224104567084683991551021366941510703351716150
1 17 11 -0.1860708499769845333913257788576733705762117092561434491062533383286336861778485282280852416205142528853984118224659434521609037587078231305356020093390307996795370605952278710972728869342638034480538699362891325327390578
1 18 11 0.02940415872293212108374938677518453040881988522901037455307884794403835999684900122984983161872733759848320748605821733346968848184036849285691496293281162593409192183885423834790291518833007777538781180824149184457247160
1 19 11 -0.03661135841612867335721501821431658629632675132455518614932253537579931921385890380266722367020033282030399659933285680537665132413409010908724849812579661519591266240941442316159273601812218778016516648805990891709711434
1 0 12 -0.006634579682742809275685835271343724974791899310017863745051512997857903342017328048828716279593181168988304878858865073841501994910522813864943747805717913026272077316447313709542619758818212122393841976211457639954585061
1 1 12 -0.01421615066019780635052452322047582679807149790408656496749861299655116615063414509721218718731027610173572427942827609127552435823007847410022281137730257071375077473763899089163488833347354168368591329583907662177631651
1 2 12 -0.02424294119438958210443617874842957014161160086137751586797803298104435093251682027091480517601074044776212588489185501795855562527416172294804890246309213477235606434766101160750973277284975238551371055889033827840221715
1 3 12 -0.04041273256587533722793599774791862268077870951635398835186542344200405323418067133634671643689704487582230158298124535364118390869049179621860228762462381594642444057689132027947314941668285314588207459406742585282435540
1 4 12 -0.08127421392278804958390988114930047820738331949800888923296955227992237304824364949555366574004836655722291260935564599952568091686121691420999656655984465436087041274806676760384324539111777565102709068602321279837035923
1 5 12 0.1207148027834011299398821735441555266548806155811675722293348822512236140026275446346680119263714557976474359585432082299793874414428906327755751465724711585930512594589506476676498217163236345577849553022090892868905028
1 6 12 -0.06341320375228918236809546031177773892090242411405824212094132827555443762784597136279145753088065582465356676432248865230326673646777493447956299746429658411572866426666658919771389894260475757277042575336587508615326373
1 7 12 -0.2630912548974689748629161337832218280672234212061438772937829519859753521843220111005371756410395889810901194173226723865544087657338978420263774185449315999030710014103268790989657366380339940870589129103965615876055414
1 8 12 0.3353216232395067265840811806929284754155669810061528887977876385803329759042479895486468380946506199294551277411303851365250389944902223308364398611717386614928028302697153562181936111008545532441472877304090882164263758
1 9 12 -0.4981119703044408777751809910206455736820695819724642560084957051473308354359582769955675933529889827060333186879726535346568452076802056212439020117093856227066043248933174422433330058070443487498993365579856610525598412
1 10 12 0.3872593975929425176968645634128391483797762213535680802362913319043396855810787317205157891929490177801275012088547513311802071107353271677903793057004789083108483759142480611744155232753044382210474819789675771658976891
1 11 12 0.4401245326803904050297752716609688345352716631091305914194219099206096377980798101304179773986020824210295129736138507253488657109050504326608577814273115560548173662167088310141393615125215963573318933216434138251045299
1 12 12 0.2042322250486669482635702692315615559765117593050087166390552531529335939653327343535689357666863550866052852863418737168708952159734101366608121130975781305321580205153265169659824434530735441186809875920718120810817424
1 13 12 -0.09124978164282398093916468705510991686667709409231746659449058154277851673259232464187182858559154255368529935285585749080892931391321688324654604281097028498076352532616345290936708667716351158258830458903425114457406805
1 14 12 0.2310013754913000950627353362520742895427345864919002705411645278846957171275763609204921124065639073448811536869865053043653357007407415008743489374902280342448603854826127514881925709891878653014254290958316547342325484
1 15 12 -0.2303307106712353378456742591019271015818971257907298463101045321694143163545470758223482230004549469391819522311894763424726092889977903616339544686069646182012249375654863572573177262369943351872732216924105301370582486
1 16 12 0.1488134316371330127172092848165814426417715959448428420324229316426689310520699333092349921128798074413719344480975246758120571357138386819714126721981159555763764890049712056010759671533653148212571496964014835045982506
1 17 12 0.1000524362268522021164184891375084037246939233442034837107742960274551788661946881751121184850241574392827743788747946750457612060354971254702350666003976486343077724293987507788551001696720965320811283649443578342037038
1 18 12 0.1000269488998893950194436430155207374134390541518982484174875939272559778267300719808063350073748126402658675105708347663638887333980522615750132541729205257640164648904464840574037934200956456135823884317531667375892494
1 19 12 0.01640379932534967557872549212695198539808992874766003370799301245753082650738394233203770173133146288211527403424900927804715356320616768443253525919269525910895868817258472591206965014043408797023414777267105790322145877
1 0 13 -0.004405892615564923520789353916119173087897705539808559703006336493096632637448682013049238043943584836854895002883782574019506138948580759208837349076997712695791749591935705296518691080519057721998096854929160299231701516
1 1 13 -0.009433863067819868648610519212099836079833003852174584643203226460487880571941197116814462864760694365545420026394649057746082637875483146271428927103476889979474233117601524706930205785451373368360188533413839758104279041
1 2 13 -0.01613789315455492994278160609263192764678949068858908486896185074330450659853683198743989601960888643947581636457554387363674783131871404291584491602633348989067210023900306469911142704626055061956437571646477270879435462
1 3 13 -0.02742395184965868155721856399204870278184738562648992449141736703136074810519672804321881045504317870673213328880245902479003843302791834510811250202599418440412511707949403420759911680614565577022578356330835360690625829
1 4 13 -0.05987036013340410731885348114213783531655296920015007875016029040795237708073471047728933746353201146759874256066518547714319877573528063818238799321220906130440502830037266889046098232037989897763756275195247390642838920
1 5 13 0.1490252651891322050830769824839501517285895498805226574115157954087383287587711725266428865657566657406476891278061915885680759379687656919117600840812231067225360162956760831887560215927179404877921793676313030729467011
1 6 13 0.002034471080353097564116968486620510490936769905515765815481659157784081553459639694446494996879491302860506008813156630245600349580234524199169703031921206451551350236704272403272653860736241570180631055783596978466262988
1 7 13 -0.05552051077313413888413731380251095560488280643428805051546979250186184852160882381567394994704182424433356244307263916015517486707178803526987547696172310305867110583276427820199997303631629014441297587525270815768773800
1 8 13 0.08713489136947986707137938380076309062942831319013784261441556649924836638718050731917802486108479005203572347672295603489141750695879538630571425478062459917059168427169704747909894381206803209462477745161342508026307485
1 9 13 0.08983010454231172656029340330163200308082460109059918954366071333587884408636580490800106902354419052610694908666796464912106700598820351910206323168208226854147959592129344301765412241336190194634018646265598096785533552
1 10 13 -0.1189535048773447949092635589392024864586755129671458353865278155578369931577766976689434861194370070585642348030393305040530009093200079780336941369524967797425308351056107791343986967262315443171138621129824884419208929
1 11 13 -0.5081702813479968001660182461623642323379094305992589101595632565840361616972563151893331258509904454448216501209975656168108250714691034361704869173351160019601170917854805399866400021059808740988489350593039925208302489
1 12 13 0.7855341663774034670334849052936832676671626800763367418659386085271178553460729592053730194878670888221677901780780709148968991762091945850115880453992767559228977522842938695268419245008429233279825545592528873320191180
1 13 13 -0.04015267464996320946372005213669432747722048573649129443675802646305248155176775606189761537075601420625734110929568935647969710861799901289703384485093155030865556322663130040305401098344663874585750208966565044320691486
1 14 13 0.1296174712058912839034554275941380849601539614196276439402943508259647046917712753132361196131513040906079110865418056592017073225875555058938219366315931598907521410068478561400530799062856983477383970123005039696358087
1 15 13 -0.06487239311691857379961093421749033274028297381688533314260211229708833193744760727322264210440218692797319362961625478257291389803529590049678470152162772035687946921616196932384586186644989817544330765494418088627884235
1 16 13 0.1891165630121844934928472304023465667080677984741445795145463097162732548271999343554613454966318418972467301089329681858617485658458330498456841590749975336399066941742369029742610976555269709937795852907535712730190988
1 17 13 0.01602405612692557599424781398347648196185738458278921340895254624740663075885962779049783956630424645392743240879917063260391568748126212482352368153171240421149886198464122553195184967120910757534733517502208111302644447
1 18 13 0.07766215461222705685633612128406183917882394280178444576732496192120092230016480747630197336272629652786128979676232727810054508040766897586606253366371563597060482075282739362354995291309385738576766387488678529911693514
1 19 13 -0.01455975581828071347117148551890680910362716337486113875973291097007122806714328995227717554484295360297166047541840852737182261657621375474016223803256307248590609340121642308962855509423567666581064073551891930008184409
1 0 14 0.005411115614633167273180634789172464763286503510286216993935308668790992826149692901011902387366980806476668166733663843295989539597983503430818932022480923362461553831661320811000197814161508735113319234582219246721589271
1 1 14 0.01166119218260914299875099783343365983298052490891985844585856219446200109982471236383381337894026477289173176404111173171988382602221073564345901228794371230039994711454282023978724084493354085158014782355691230774805842
1 2 14 0.02022265176189122780179508333910946671103565012129013483693856232612437545790646362851282016021202553102024145897187639695523162120013121191676552299337642050231430708490079145431362956416091943026355176047753079315493678
1 3 14 0.03533764294791094530329467636456879165064027821383652468727302947069398224191626503689155624515216529199978841942866220142097458881232915511504428079044363667443439511923709605385449678781138589759256654105295542691618300
1 4 14 0.08211899933070172170890482916567381922037283084135533574183513936494228067176446676948131949879071895615177314694253157358003763943051546532732548350016709280682729485609030284438412951036194939798294111413814058674939276
1 5 14 -0.2451590579951786844414885681325091246839361574605180925894327414179162791109137123776366183854867790180883433866979872807691282956795701463167729273592337853513618537916940773533985744008494891181917555347080359673441701
1 6 14 -0.02906288070160240905508849497595781318566019615079542187031668172237167496457427528180957975380206012351611799201491480713974787703130005550341685208648329606240401770572803325683948623469283548215917603524255162248849473
1 7 14 0.01969883421827364468891251961361568901804035969012592289561508634213194745768866048954522217874272664535416798833929481044131570321277777843307267607708010309146121762216860825563831341089960141192950433366963382849974448
1 8 14 -0.06799497527872255365018399768064804003776405301146695596790541294697672309429639383467368471100502298165594571420966866096559099373632152768936895113084419062493441451622571848545117239945011980798897788141867470392507876
1 9 14 -0.1054611025896029594790934035542491149715801459139871515922586753776122344066890858100233394518365366365070631211199250897620895973280400831938474603695111492961184940486767625181817115277894520453915648689965309357802448
1 10 14 0.07139988639509480018612988322137649438634112250069895298293301115720901011790547345646732684229170054255169136646156687123587650991702686114030409297994692126919343872486421535313786246381664662676949911356235928518583156
1 11 14 0.1298935210480844766881996225807824156294147108395386493233689225459092684761804104415694566071610706250327002339255369638171584483463616033990722388699282307125249521365694225925800288807609489480085778899648565925238985
1 12 14 0.3729648066127571909398835200075185285690591046282010967030256040514015980526086359431895387215683967867778388391165205215244738120589286269200310446393855198271929283715836809368718139021206927863010888954484167348706200
1 13 14 -0.4086228142122615678357408225942167097830010284609312777078071689283825386338821094075050505435007745544053763022784483595677125036405190899127272439195338537040466799281975043553586600861631334636803122312613751505350286
1 14 14 -0.3178649845768968061628762056214324117510094652975878991617188586124996096769120125506221752255246128934296526106810995711361943007149132738004070490488916397923812454612231599402782770343994807679815571336272763060991205
1 15 14 0.1246050916886504214444346003155355925875420192702767875722115954478556580902004397675835592068823838800740511695401058892730717670002543744892577749229807585506169922779151532356814574254879952156727622783452159355191642
1 16 14 -0.6535141176264474918519829345403176172672855461494091460854451266777108098036769451198740170983928070586336107866534479366912681058177388478813323298930381084155937527102461703059157535392766923450999149461209045195008261
1 17 14 0.1928134852272700358056983420742466076264869258197774529040948429443742010390126893800381790380949782311489009389144753795085679554886760296327643158630007827892869150259107805661955437584153993865601331542283156571054021
1 18 14 -0.06706536976211807604557556155313910346511831027627169877752929376066873325609149273657777455178571365897958823624555105132539978966370078941495188846484955731632529178362745814789044934525683631043534737220090047319903946
1 19 14 0.03141300819224658291780091146422192803615615089818571943803240192328433892754196420072951531006442440153769762231740140196439005991658312942675636030762068029674392791346679599823957605522601724862059444066143102053991634
1 0 15 -0.005978633061462121930562818540597129516674331337175246833624653591779473767114330351507151552915541863152070917994090819810465729655816423902268180445402474888508403165882176251811477739317665013943494731596907899146776237
1 1 15 -0.01302491987996636776023471249034652635510948074789895927691323169752926491527950281074820961534794040919814721720940693449241472460638059156738417582002936617874101802772126533874031028354056142864622303080134823888503525
1 2 15 -0.02305735659859114401441772827835696143036910277610030904501418438903965618029963042631245295846670856950525371681498463628805423000699172684619284127102871476010761624062938777161244366190119889333265110763095113432071195
1 3 15 -0.04174936220017176828364045759218623300431258873490904309882900319953285172190366771894819431066277469068267021986735402314738433736885679687912675299330045403740278219924608041025935295160544917937911612448134251725047102
1 4 15 -0.1033377679591764430071842071370243012524452258497531411318100392804479397362224043825617378733893933265948456718493823494685172260345469705877335537498557326733664276536215058217412094320159788285600851022812647401394530
1 5 15 0.3506388673031246656713775220436376008961185216780905293574359224377265804429256160705915022446620442491876961281246633914810809149687861919014203136250017835418373593648597092521280946642073991484961208698289091455930109
1 6 15 0.06106930772628759826430959598258963139922242586228367026206101931170786335698969167446471042751264015903569053908159683025730271045580436971112569887029209866138014333330556631971615516883615075208820289606692601701113468
1 7 15 0.02204545193907245200627792034384869902904379011119044127021884440075284076863925139760189300195066347291025802178722384224912794503318977830301506586889437900780647151736191105459432072025194967765606315752552113183537314
1 8 15 0.04201145865089246352399700825971053701108351634865366238128710525408894287417529878136455018089418394155061519182757971380082529261879982101485982607342303838390445940791356459064939058864879995697620054868483023874898390
1 9 15 0.08447611396504531597593001681566006836992758519265627947610491801739893436403178349023795887821266429682746548308229041842425807640228688598471269620759277941055295428986442413787180810711546260349594674637129552634185502
1 10 15 -0.04697615459687087101838049606287686767415376437545355806990441196034972959142247439448521983847975010226578405549080529718172588626214017033166061330472745794391898501697511766748177062552190467059523672294028058254520313
1 11 15 -0.1072525007386192948996620608139160401339987329473431324241105334362285334726826647898129386285271798047606479694049437389543281390128934839681044817531841517911121936776265083782590431292842394262802573545241996375994668
1 12 15 -0.1494252006500176799151313122547329299399394740836092235921155091239007970166883242500735025167464998645119400448268288841066198614825259077929452333793326882323422282861336531574374577567432418417849381182724247951714940
1 13 15 0.2351559720006646481550539801870016855264656521526100528186057257718512008208842789182316719888720856884697805036767935789433072300754202835646798989949536915912769183610614876456560401955124537217278276299331930991034521
1 14 15 0.2203274215492239180149788733533730576662916407836986663391959779632008378386085324030627466284791560049762030556698816428596246910954084361947940889050654587535989050916193780337352847691942285802710775289356908651483238
1 15 15 -0.03310871380254587737046769162336405817387281082216211101550909451247799157416273906471877596503403698499297840755955307167118199233657616662711331770025493781210437636984548347505493028022008140816119448245884145946700471
1 16 15 -0.3761308743751439854364938933257116422726336610078712707339292430449092731208676278981023935965994522219509814619971164541648964732605564398777110824817877995462214469298096977429389918009545580039683217057995088668109643
1 17 15 0.6780551133727139139373873862410412864339820104396624640376141468435555065296343931583916125338205865428269945483593720850576887399784076535966532901379437722318327891417082569999096092432810714525455852622249989434233531
1 18 15 0.3241228313840140585093396098686310394160373074302139905620934308362268180527689598015306299233847141662306505513401300426381655823777082927960239611692937647985381148195590722558559538338315203745919004849070221466692029
1 19 15 -0.05926033659267112129037003534019024562612751154393335533253350563776590785147433002713245347995013459203917463217949720094802968078809796359548093194320726021788474470050552136034160011551280202473850951440869610453797488
1 0 16 -0.004646797265126418078199807468363988961249555807254053121690694945588739604229428930850064681970368533181992645648690310386967865363005889667142213207100584949990450260880637328471191594991964722806063618471926640267363056
1 1 16 -0.01091758488506753553468428587338163192433307899915480999995229199786741504889361194550672987773962817938223585512298516959329344666806673448719093464315696617833337229125771153927727639429301278069188704754571417964367741
1 2 16 -0.02197586710450928560766224482419849653366117340651946815204877066496148376963766559394270565323388999622039534332149824711433093202003602484796613422439523282160110422797213219599442728004300363620096033588396371414244915
1 3 16 -0.04798686449709636834079216287464129330503817735926986399231057586770270727210579554191094785473747226402640434172881961576869783244134536964269445531585680545634696215289068165277943262392771834249606795629692452980942097
1 4 16 -0.1540134964344946268744834611578005966729306288878908720050346824919220113368834183780082786732850034594553297323299989824553984963432317214295703032167310022240221414566827080417107579355872079272453887256770949831228409
1 5 16 0.7529829866997941458957325828905300000416363291015921513568363328000580406782678396986633188757717224224609612241897437366976385575243191386704804538320780666639600623101654130961371455148733526601120496679551591252967463
1 6 16 0.2313961698511833807144274755532954846347105382198412164507273003435136784935307329795971731276342825201073780979876765003550747026364410080655401320459847200476643620696729001342978811303167298048162043152125248225706137
1 7 16 0.3256011134700625879204839088704574061754812300022562104121832532133798703600428523594706634533837121661792387477890371922692615549142057984199139635889294228310359646692267847689298548065327139231811472426943254747955275
1 8 16 -0.2506473039976465041831182980693502593541031273226269178338187602883095227371359017100876604855157069990953023555903719154697237847964385608049818051998359374859918117799601478456574347276132469470504886921483628719439483
1 9 16 -0.04034324327833787912310828020811533502431146862584058991889145604000023945536541061414000498971237723183817709228234708016843742160892437819412043517741100853598427767151748089329993059434181354921263482873239088797599295
1 10 16 0.05016901767678350811156843554355654136519614030599911141516530740378320773509840439818112684506339866697149097673781860295218971643732593940899145445119579136999226657214268774045058243719855072343336737535160504191510653
1 11 16 0.1879367134812844140440854356641321812340172160623638377092555253748042755809245658956098547023833783382093848971421154173175659162606298193558035221241391961924986442682278180274669248333330717915182277822400550702607382
1 12 16 0.06064736119026398185785175744267980341053916249736990617031800890585552152807444453150379263189969570456149163511360631312313698225186680271459255335269808547025139831864727492599104521757785258587554030959741012718355225
1 13 16 -0.2357953660401635666790005382713379347921471460682753913580000126907857935902067183930087045279471297133306352072016231597922720850773310333661297564444109687282730652262563210764198980215496569041056872268794106083675218
1 14 16 -0.2135283231897251192488922516673725699721692594413083739007635835970063632182482205030375598079729910405699008613499805342086733371067760219213889501359710240303883192894081091063703680712091782830138940992652874487366690
1 15 16 0.02760405817481022995054570901846047016703313518126628130439449900354719640112993457636958154957461299954965522557161196627723099203442502594377961315829771406101150408035703098246386454955922288890222133035660767869282194
1 16 16 0.02482896603760942002653515034400220454307520851594898122838947418249043586521248050030808424369907358105494148990281372540857183793470695410144535123013647468669108893527113704888504885064432589323909030605072126126326116
1 17 16 -0.1631665368736328687542948964665151671262150978140020927931334099874501892134476328594874804750317178566362682441435839497387848622334995262057145654446064364696747136612576306087666542672999020420644992854595078861523006
1 18 16 -0.1012568328559846868223708624185242655197358461759379489195894484249026935898836381196517707776557316906200477053913918624710006193620390725541592722759640366873113673740256244416690020544476258271431949526592663474251015
1 19 16 0.03734049494426728477325627039599650269476305630577621187006149703555207334169822979940590800456403945709554042866508755363313831279741594243557858230262955577430533134029052098356523994662784172845029912358963740167453096
1 0 17 -0.001575243546674976931112521301907238728765205894272938960337211637348400372380406785894782792547565625106613709505373458434933503320783720393004472629580394646695922621802114604625385749319698351661882355141525484049217415
1 1 17 -0.003227850822877966969725993134175394281262316899586407202571651244778185780000660831123338054720753471682386855491144065944198570697144844198969827828714107971982896115057886703479860225551619891058210840930079903019221883
1 2 17 -0.005043584721897708035640644792565865751418819684567537942457741034407078331862918022352532266912362994671807397329341458954379270102981217940548720359166502406999832499617418543807240877189012078860575402603351660586516219
1 3 17 -0.007087017921847892341029580193183969001907276871453354176854893231186248092880785589684623715697823233716655868035731757361612965496701256169836958435614281640801272447264403145947479769503590117402999386654065062398563335
1 4 17 -0.008759719589074462459617420868141394604770727293610698448646784348094831338404603819705318271494433240379403353941879290222536774866625181033758416317776552737152163613383514481907701904577464126172597127993964994350598613
1 5 17 -0.02974681596819480925619347995297805874910089083181695833287795285974922026278796617420844825256619367435505463140642436686295162843928024604188780559953426054346607955668533053437735616831561345602929641142552985970484159
1 6 17 -0.03402893921546799140926739853294942075130251150595629971006767289965150758688825151055839266361979846342591239461694137440169146121582145071436891971096656347340948527113145492708834560516503498471221777309184960626523488
1 7 17 -0.09878330208612106598630360013955008929200947394664085023537672700765387629114243321931628936629409405687562058870006280093957555890364830559118180980453966418509774842168016694372075312066548904020887506663351669317802790
1 8 17 0.1879291077843644463684718303216202142663265310115408390626036154063929720051917551564184025810368099623403518363006822086395481407544618742000460300519516190529033168937768743602668986840082915273466408877642426594976654
1 9 17 0.2505820598491842893449651116244653339484563126420841264484156340469987431219588255841654787792464228944165792027827527543693362416709218656232124479699324491159405571265609270022969258662480597092651486771694621001679000
1 10 17 -0.01810671425301987665434085313627165355063969211526855804505455647921386890754492040748726685717139588059141786896233295148408097862165531694050079967150062713005382683922544099643235089300337608679647914957493843777867500
1 11 17 0.09153914805597912873086858685585338294218176366734062883937188221788092405212477620037710961464788241026575573103785477348187968308640668733048283723855479483750330130441282014819436397786850358598123333381731793967037116
1 12 17 -0.06209845693173662765283781095696907019936436391855105619505306005950467991740036532866007711659315256087705415222530501086941009946214488388593264227648310062424652567677433580695122585188278688196014605628508845654026813
1 13 17 -0.2823959781013042779202099093236292298761904731555858617275278027261440681858327125859826816482024305279721705696759158060058695712953321480449682881593885901924083836407126529554957210176133305457656286481525311307734993
1 14 17 -0.5732686547112817774134625661816687831219862838784910353862424839773103234153087633990650462226786986426099195653291456960225492355554657039421910242065957477445875879542671002644952398020898178060969447700207227563658534
1 15 17 0.02668720890790604501188527706726856665793823065728292059116583681365448362102111673743469177790942461447461637144045882327528540248828303325027642812322478971025306114414607498209658372804635317194705627062827634681821103
1 16 17 0.4555215039766121834631308746335091834613143716865379259394312607189794810467002825919733927577649159102045367679346022902482837402013192043491448886220712918389609999256405454260920680828838875082160657665169183577391078
1 17 17 0.3597615267156178556705012157856757781032429336208570640874116421105342874182226064737595350399060843798842017352055442656846291471999154417787135803360255906704105753702024101042603185602919587584624598491898321057078057
1 18 17 0.2821815193160800120672989092777970330517835196336908126104466549049185295258729661142816385618058941509009264324290019034859719693071291439175929386436428297159911961801308629359711998832863655958268343577767361164832876
1 19 17 -0.2273989069174628265151362160065812629014473606221228341862890443269901863058031307877710026773696085565807095179066890905611428906840904601741386299454754854215370879787442335570834053898556316927305773144730606329870404
1 0 18 -0.002495156474975551950430940791056926794704129836407932722389217605407117374466356170324553354524298907605305740060871956207729159469464907090688191510580926721504970307004339010071625971556868527968604039314608685451101831
1 1 18 -0.005655233723880012847593396182110017904493969075887335781069507540837879820993130537314167046053030710498154131855056682854522434692750852877219612851451904604078388614510377345656035456985917737852623254455359937661704255
1 2 18 -0.01062439288314532869071527072925211637459868372720418679558654554932273339562990837021773459289004324861826877795172712291071683751890994438725638298227040181630794508856151075463655621103534942745483976762023080001092139
1 3 18 -0.02053980114852857016748455124491753247050296118743372543958735247477797378064307023417745425535489589486661488032776780736600301104174787634878724272502632979796376577821137084079453061306758791314070061542848056468196914
1 4 18 -0.05259899573718357592925114976732014580292250608112885921073955327773259169688879770206686618462124846481448074602524654793901954955453377139958964569987947943604132036226370319580089908838089502815933121344237510090030071
1 5 18 0.1528633063349108118538642444706770990397591909358561092918584155332018640296497578853077938656451908157945118381285770918291974147838541223792648553354913702775706390238464899307196544558762638769051421998904739385881057
1 6 18 -0.008670973570155149018941776329295339347909957845331303521891628207087885007554657004245536329688398189387435957327386177521600596228612269637328463044311624540694807039217409847645502037154825457647110204571140421615540498
1 7 18 -0.1738687999714172373120586353312243399230076267863462272779135606607909243866607345361209664569688520831364853816043065791074841965510716364892614939776945265260087508354994154282397577358976722439045920840366300059932158
1 8 18 0.5156737467191552059786647774296076581624398736649556737990829371819687919841668553363722968630427708652237656781248046428577100720125089262749691749351376446747004470425447738643524739611622865562915502938869517166751565
1 9 18 0.6641465862512410691642321042306382245514514370776132854862418208558770993786461809176572982050270716841273797445888042170157667979699621434089097345385006336268650308881703946469658437248819077212608906932245530723259146
1 10 18 0.02884162170685932778315308135348344376586238514150458008352891473640487240118915349925724811959476487476848946568363300448339533486325544248017277693017110568093106906602865269171916664920614362186472366223504982318306129
1 11 18 0.2196700269226840386506152481630332543335614553627939231798730026007932159964210094558656594568350563571916823836239419180645340318635733264813202790201386566983773055331179003514290561233423565904137712288702193200274544
1 12 18 0.01746501630510900514622264050875615342399954685199430052312541282904178438510352495748168907587763855077527133487126142609776209548004914416764060945816502009594913893714110686097536460133039568201977807015422093209221285
1 13 18 -0.07733993657614787463855221269980470566291592849879986908065077052280001108795366985537195231496241560364907615518605096726858266584668569920144608880541168186011256095522060784718707486566124509425738567104506241263750359
1 14 18 0.09797301620254284371529827237335039859965083281193999794334262200415336491961425750755500375347249602108457553469617151135814508130052001237062269536226959196617445073300770171052373531576496942931608456088773792209543116
1 15 18 -0.02167903054971137736219650055515174823528992804191251655814653859014372227511280257340144250165126010033018453705110595317276682777032597345681843099778338717558334835189879239018411834684349062102500779884712768969409776
1 16 18 -0.1996218286982320327351943101348684325314065994972694409930316770691268405500929759189714624129028033469754924613780669451125550784566578186665379067271826815865063202538942032940883106753959286397199353608583281777510012
1 17 18 -0.1736152498747372555491328528140359129634408073788052513787618140771226375927007111308906634754697016785800981615728427419253660909512397315831390624467353853856841485751642436076172465703656971333734902492617369633578188
1 18 18 -0.1582922998030376638040779010973991510453319759954153431633942267899662584823029302604624150812347682000315282005728143500696085183030976380590403578014791119247127691349863011196072056213222895517060261837033369571568236
1 19 18 0.2747508211819762719082846382992199820156764866070925223778060944363820557175328375552971164564740750519538688069955044031681500442930610038342395191665895152285070539591901044935128249381753058620391615483119020661562750
1 0 19 -0.001534057346215227218111242113743197071451498550846626058333888719684662618894119227345803197582085097901441721585700941164959855779899264584962601321274627260720638995633420745594172916185561831627461817695972241695551617
1 1 19 -0.003070333175658086052789092390442581834477010227255762001785232540459194843597915966994650251351375430473876078543647912782463100623635448809002759071768565958793086408540745558005826487203155257302850116921474215625229240
1 2 19 -0.004572138663841431848636242880477772506644420137337606399214373245872744124190831213624531713640687274754257234029100488915844744063833367142583834189081674700509571196484232140272878693042812836903966930634731045994579398
1 3 19 -0.005820684819870510290909167736898674187215522514826283364440466435785229027643270719498595060362281414981673162218651927259119050365214474123614717367725996595719598266224815293502492233402404507276650715194389272292800200
1 4 19 -0.005166761003635580208875530116777992916384415315969677003256032255911036117438089878712883293764509249437631086049395748398360696885656830995420526199370278625991026825631298732098426009559204971425365089279699552650597426
1 5 19 -0.03060691431998946568186389849087880031068475388864731760786283374027063375838611669459560588839063214731927713701348112021657944228486362640462732710877530144273361262568508963462141713234001543813969682783788747426658198
1 6 19 -0.01868712010368003125588431586779765737815331383657957263092333256310172632215178941001583363040271411834954104911815893890243603299885605524149794293078272823292333325392312416932555287090090882022398111652947748765353655
1 7 19 -0.01349874360632255926677257210518961965022590322170153912722856562992265680619108873806980496578636510437333308216775725028344665371063433411863489800735239265487439249007429310017050057881936575010021824676246372611515535
1 8 19 -0.06814844260243301864658871498435393020178471750204876659069761821327871322335212352246336153696302376994947606231360922919977835525834770685287616829791734008446433602750390180732719235306301335047479831685849829920861254
1 9 19 -0.1415223429475608237891233796754345082463413192404884189949199751025397231165247786456078264409045891724522738940005543594027822632009519283045838146453032493000796967981739301443977271220978653265164137332123472143794653
1 10 19 -0.03119212057069044377050437372695387589619524335355489147691035295556648811827028958774029234676437099443104575385085577392171587350054218145381967686499921603381989609178747926839866710205641408004555035678524237705201860
1 11 19 -0.1121108981955068940448084070588111647797372742184181031420396327149238142306858570971556985127433851993099753427961741995355768210151607255100168230832061499735619020049624737898806144336632666848273166048513993286742938
1 12 19 -0.04985611275488588682055725437536138282865255200296656301982466273431410397103236689484060313344464701091492887055968908618401690638602322360521839725241824298710424551066995606357237762205747103250207600188872385466235077
1 13 19 0.01413542209080602962611939507894280805158979943136750970126247705768845104858459139387947355253780552132845890391207636265497706306867992851327967285184451991238086997969331229518826223161839368241502409628867595986541115
1 14 19 -0.1708217065428936637689239434442215542528074285745342891445757804547328796556326843334634812674102849584546802679194655706941689247509848186878093911518483311644836939708054745126258400922248554069666968283364574999556557
1 15 19 0.009140145178941090897239665407894053662216178106618568679660610233354784416049223393500864747537113385124141384406627465473470293108368168348531941366180346331801613056330216575630640931636301552228681922914351210605986157
1 16 19 0.1783073234739956858399628661801967739736251354616431102249601499007572096969607911946925872755531436192983150447716967104641439754301866190200138994295316150706222530650501621504437352274643731547062878014299619413603820
1 17 19 0.2408768718213444186932860221683413365111996478456027745452856541950143432914830090148700660305905512778942718557276229576371732635407529163685970495522686522231289707372136633059248600669932284630833536505185357272098062
1 18 19 -0.006990269915007477205730653654680273871414195705176161021439694590173435238703840069051326559472371119074912677728494108297229953696021361956966184656900292356133653723957308581339803386880239244088821047142129674339398698
1 19 19 0.9156477889465577688938571561576894153768615538252725221882254673961294515857568535826119887123347214995211391541888178204841136272879944817246726786678878510867526614009631081947431872669263876100370355638822872392322784
