AB 0 0.04490986936869558601103663234997156042359169607481105080969840763895132861569165913570415236443519845122596443807797632086883020669556042342202166416101011623737636390203221381342122788812491104158165621971078911081252511 0 3.657578069448774483890742459928968238165615176209736208418920223677282278922393037588509778553026062004247693678620684958314078611863575198920748209435499830127125605586641368980071708724720643938119212010050085089626131 0
AB 1 0.04621498220774072741428090446894571795593433083378689537102559767153441277493656837783527351218320866557573096709864743871056997658493218577780083753338924523856420229301601577628328276081097167633432930547815733799274704 0.04533908481403762339025236718745195924072671103649758824929237580573871133451836040162445827164298539935379970263780176401970775752451043954571422641178175623793266402997329535025305700106085066742102320443710285105435467 -1.358921459577327871230481417485129624797801236293614345696377473714836520024758556586238493948469257989093051150722518922514297207349055642854212435754420675623635352342951549284820805100193131405507355854048826144905073 0.5782760909223289191864697135570350089993413395577332150372217867317238715373359507112723568745096701944137714113071641159968629519024480229074006590544245822575742951463785942859875490691271459455238210834345455011854134
AB 2 0.05072206129684038833492120767704383885179870987632433725652867433569298956388697900923710773325117559334218261460608411379540707436631174149066465244043787203487588222298045962071032732427181497528758687771152094341155012 0.09347891624802654748552731944686471400243961250140802105740499874796706196109007053119281432340999954665659397357557651533155441360367711924851362575195258723265866582287626545733431253140275154736921173535782762605473125 -0.4330943876903189182489566944128280948638975900001092354681528332433054563316509428254240911466529326754811169129823662163431067199018916422607847811999417885015008321582838416212017232850335981792373612115340256422990248 0.4185967094048923580133065177459697474334526000366435017880977510744792821532122983977904126364464065273867543911286364797256620173424885094607527764627641347006901341818041936886364078503751613073308813396355703082032429
AB 3 0.06097760120894912180533717835481039132524346438913665356436910563675281831802592412595369939220352858433794406143996074289159303185194767785910741345375714770513090824642467509271101451458375940961648657199398797085413258 0.1486435855701284704306051120709827667603886211694604601242661457911796961886964473738108616727955077777017673042251124681010292184891878625280474831596294941314776000602431509593099519187764377457417958654890903228570957 0.01891537833295998244812909835348902826852063095852140894298622280726010667477702243521059320551948505244219105566799592309847754331150239210867090876691202127126498035395623238600885044210742691609675598788540838669080870 0.3630029203352350267491641703225191364143324634298652645778216333693770029584317169716143419171309586138320557546003633065997575003928940854075270012490350721708219579647384206738035661738662604011002327617792113387855264
AB 4 0.08621567589242203224876658171342877218564737833673874125654345220585514781638048399265260941605887103521327568963754771395781266576835063929309920548794292535227480570654844934592715275811797763174939428366451914213452379 0.2201558817314423630276860053885976506057728504366663989987112110423319544679464025141019758528089691848058427911380525844193968412479654207499157497672008308705110295060650023203735563897984015870739580460997841293147255 0.3232281275406900297070228211031395213445785273632911447614010390132289384001597345460141938123594726070310244989677961604407749074460491590341853080792902854214148026458672040718243985128771446843385805032986633114660795 0.3349140274880971119689521747375940799610730969442077596146636085006071111430351292776410115050914053380205659990384366361098498077279417417647041506271341552874786885836313248023536876387406228141097685994197523877013244
AB 5 0.1785459708004292932404927350441772985814431235157991850505935997667471763457226694586519349334919289379294862521500590446035355045678174394677022700426006712107107411974850259127648196687289192191605592555834250667672070 0.3407310864074177472817335173869195968356684508168055624426394331791359179241538599858603695177367713111029889367357978549360535129426830389634735191419681236955658205139390841347126203742534118407715756079737246486187912 0.5541316779112775653197810117222145190062070685603003383795402609409748037114453001662416789784525299225730197639046185043994069719304258692753748487026288807294917791365614313449583030500374869087136172556436662556603767 0.3179915207923208988921267707550100967230242293795634642228162112755106449229259103968809946431093737868036183682990585758102392343795305127315694487378232410490911752408650441870679991241293858141440375278525193385704655
AB 6 1.810242089841593132607507930655618246715766852267533903354522431812536071394767542348795777885466597587836102203678437156867935208271593065516618865307503675392852414105435228931667134648114091599810808223991381957102423 0.8709593119891798755645403952794814533544843398704620071211202243431899302049154427350077473408476031985406835906896169991905515624861635666906916601217860186240244859369307110063007127565129933207102342824709354758145451 0.7406853069186050201750446550350918648003189049682314302946790789117251941926065637927488771675905738436550307915928564757410509906285433698584446743621037042289027137034052536741284038295124257764417286248945766351587124 0.3066869754760761142061090433218789105651426741863499970879167168585551230096187826566182258992666633941139892505190551963879472158906814242353842585414804988047117618918267518532489491311717730090677297448219060516868300
AB 7 0.7114048005015928153412635455123235530629055966986782290328043057933143193324994148170512280454394583733046338231653417926402115770521964390858581242245061534343703137738554662134588745155312088460656890747023068932966481 -0.09920170778034132028653306363666401698341240754342420229279134298942234163033397139580605533974727963467059950073872872971220617211974987259553816179786440071568236122344023419743204775973360282374237136685186532371515656 0.8973935318114308488129223228022765565988694616157735608506848857221561670721963847768963839790325884282623614403277603648211673198093702400817636010702599754897753866476191755002920319748743993343188729047302222544158945 0.2986030068457286973623569842342332215397864931342732453684123901776321015869408660207305037879495571768619456961334957049388109817407798346999719440062396823936816396793661522265766153368707092865893952845166845144469475
AB 8 0.2748036749055923701056672528695438058923722987965400996230191566625018370698104630342549291813352581100156090370380949550251832234711628896420104793326502470146041258806445247068478481746929537094340236319005503272551184 0.2651129560406145928023055499496160866792439490289193137453493923940268849472872508069917916247616019800637204005293925125242620138091206932360380488262699981371229480060955412148703620770415854339309466277620743821699012 1.032587188076779499320955441600481159185131468977404358035555854731434070837887139480566524525518091647205566512260004872235416934847664483466302933981539637157388549064325327725964738441064976719298239251169460464055895 0.2925356865329827792750044746329081700410723540978390778639289114226290960029931899613111276085173402029059469997187566678982174758147141014502389893621501607131499725093943968206998272749269637965278561464179731998295066
AB 9 1.353014486919234848022720596097054479130285260624886670306131480313600732910234479203341898247650241833631001372205420862957118262246171202791917715050648121287365365544310195364213030393453532718784392510132714120826756 0.7862696290097743551306339656879204705877753631994604525267587299383185650502342574944217213069687742666758649901653708218271808795680400421923682054749885068806880535733041595638488373900312382837813749491519513224724708 1.151510923047258460612376903512719680939901543350066646150407115857981432050080150197670465709533165632245798447938953052504755664529185491904708228615716141996489147302480487732473241255326449887548617696158359447678840 0.2878144115005620421500348690488879000763526753422189547214797068593431747665907846407401673249476123479468414826311934910045281063996855249442525655780513201959783075589179336107965367812921981937635255781402494927727218
AB 10 1.224148471455484110991188142787113014506669799116026884381439120891232919682033389298220287248108023767920874980517436810095817543969057140853070079269718695786356107340385571222693832587262344003130298654963614685955465 -0.2314858761762846730163799207550909973638743478797650065214334541757910959614581752263866039847982014675508615462617375165582744904793550434235190064034548648628057262892194420491186285812999282088665103562579419104595611 1.257687902374987914947679860206837689495480794919851222600297403897684346577858389470087375049840024195764202862523585474728769183243170059127778291829143237202309301051603490558214292159242212571547237700858315851067873 0.2840361341652628746540929172528426179577934489798729170050077201470471765352996289374641409656036152606829289822957460312615554616673921998889040550602349598057864481153381092211043749667544894274447305955484463102108904
AB 11 2.381251345694799716763061214901402955607829657692881917541999154647726953688349271614938382662482199523194611400123752563381250746881732526356353174845863889624072148221266268189636481018664611621330611825248923258985290 0.6735649860983210361134570709337303011010285095059069290915257783918184069717331511284395317890116988950897737598616498067899627185091590771943370391922375086873580286799024403697247989670078837789822633670362381082513167 1.353602456772614026811809416201348536818701990490912986773858613023184043807458460318323414202878055715094669564430896994763743851864344078359888118866480514478065040933814831419358081045989618145058203329359940173225851 0.2809440688954060614667299042503618479238825596240188578420757251357515622284476520911983905210429291899828788601902027590788750631897812556228436165721152153335846523097106333778920700180754005459301531281013414933057258
AB 12 0.4818794755530563874139592413810408507624602885404128008271603841658805173026020332636599624650227103107410756679048636040072911907984462720237413668637474376035851360855860702686196726962599152394781617838053262535022561 -0.002041196470004550308717562697221013117552890537531464420622294481007724939251525928921879923087687992178932009151528768933831269940867371409601343564668368764036062105793777552789301656614552743620819962881599300613836123 1.441073671937884875423221687094149841894597482554126952564048537093914150338183352128657134108989140114990692192548260337731216606790964726542286258496829837952136469201166776147814296674048859207470307664655677278732494 0.2783668810060802360263856924817705231128979178925354467680771808942162215413955176843569462969233080151095958659937113750526281817470990522514928562513598465428494002823349968402246237071386766162849797982357030508850931
AB 13 0.4807754729931777808103889013472813875742264658068886239470007710622276449978651754894648564944118604515827589351790538071030884973263563766263894132698303870585882767653852573639317826117770089803343700053124851618545479 0.3656232570525972620698887577323667606113238294487688094068440953460445613522137573562634085551860484645130937546572056886384742797894721131109575382226621245495716849375989852725616994978113348029033063248111668475926664 1.521474338583924117770449449127902606361395360934639243811121440321769858953252926870856780878200971637044083791563999364046176275697437535449496670456903242418608223383460777760748812805645497917291275412683753096671299 0.2761858798680472294701911815332389213536851882686467624497758291098567038386338780614639682424169024835942779878647468195665858396147732693251256008307295559049050464633650797818268329599322744454472960766089615082666359
AB 14 2.349741737354427145590298089921979057407626622516930246208392057114175423030265148504285362093185879664616227271384570485730555577618501599750272258666030009020321724439102127520248720778582520994470629124330771994411246 -0.3338631317436326421498384789887416615784401658226517314285556761827824257625280400734148879186493110729196505208571834218154304901381416596053475260281792980707268798116488945027137856196556125154252994995872682450757010 1.595866400501840236336580258990158862848986420852061215053482460651547835163142676867242783503643079129190332332270261005467118838997527365774151808025123618182923247608462068300465232754913592656871567829929912251699418 0.2743162458777870933829673253163191056887743565503802225231867241706566933634314581190287650445462948617853773530726867796382718358216403118974624785639740910551697225339265606669752771906599961693428881251858762352969872
AB 15 2.838306313806988696585627601209263199247003631108399630810726879434351451295706704545108082836967977322171420948856819997201294968062169921625089160660342010902551931996347837163781912296856686631558389878968803765000246 -0.2206084437806128978385136995358272821390206645008830652898514673699426691413294316503265246021066455986002801511862291832865056672015595875151628992491940448371170215832693003304507461543039335403793534417307347527161250 1.665088499997899291219439868741775188527513204822350261639090513746545199657826336514242422998752236029681688789841057633454333816930577911703547050196611900088004050570421582863631607770371056360858515507765765433163708 0.2726957547188192848512808918092914403726199949131004000212612729452657537998278269682977238852916357338414188882685660950099487909300143721300732644820468346164379839374337279574245474483580942015688101398429860923357163
AB 16 0.2147301693385977455472687365063863538721834563386009342584549139854642598755649095059151860201460835683192390323384490178349311531993493959830791958818756756589403953197299508290152487987606048689069946700281354207780771 0.2945798381781132745324958279517932001823115825774621405797712589054528529829605915986844192077350534007023203900490217876099079538979712285910035674319265822437719878844652225669390154074574616811286181942198910053859113 1.729814653310727504113048003441758923546733718113908467643611346782484469845356621424944806011010121346254442990184343531487789283869050375709615338443284983128037464631051551491218284928034269499092106577724748855276691 0.2712777242411425308831122832214938359364831711188768475993150393096788860166871275619267794684752880978509052732479199583298223065196089642756291350085587872681328953970044723733965939025810152696150207950692000838241932
AB 17 3.078207559274639211391868982101775046848463978676162252443610331324474619322688748631884160948155838248914167584548062515096739463898427634281168945115583076656036154989355108400977992131907215307836726592615359038615381 0.3600424981747517400360160139322018341451491171381227630734000487130846010347408015611321762868881183575470038012678003145101023580803955914676708364562947935239257970341762759515026307589644066544035552111584568541639003 1.790594797718438279495421843306302802500808392954295602017870985230871520150330176651829647309040918058404604553498786821355506353512949157083523788446799304285712428555356714564904173681151071945569388798588835846535264 0.2700264477115545974539012187356783995409671817506167006268570529500583757070587176011751147070797768598584038279509033658138573633520733230591600607270649719854679137068379259111009093789564374545935996588573146056738934
AB 18 1.595694530508412528276992451173785971920346767493815419703153236128287022637546591676812054443049843466782098985105170397891303140410235351908809152811353325775315297475312528123101135788030453906328766216120869631952362 1.088905513828431533348034921878813486528503559424913079041537474725915751410455333586825666973417279943618557685316328170879469554905429578777826662020100531311893301981765773891176417194630083587147525579559111745371266 1.847883553314742501572882288318197426152517966634980588791066741184445866568165849912686209102079836748967491601237797652353913586897786085478466715158917495422988231000061753462390834287700262891397406432600671079137060 0.2689141477195450580900128779651296138747947089188200539973608520821250312319000215779580814072032228520805730790811872180276918533289436869725784826475657222476036379110901006598301783956283002273602242281628886554167237
AB 19 2.027348201168337657563247555305881480921126358807195035602689869401226467020870157683560639557732309458803339492830900160018444353736917045663246341173408425982371908255802862999049264507789214945391199952020258381590060 0.4031798584765078758039767385049082051930918416197120567240653420903718880871333024979919474444703710469458157446559564105163246459641982693096911042163228383474822160727381311276239891222980456895994876998134898161221547 1.902061091580814650435361854686317529268536419371717973387912801530652104647386461123482220890680167007299482921972250939141211053637087818582734066164884143456982101757628664505569781139956537032014220556150701679161037 0.2679188911148295527161486135143052570132909288665999049244948218568600700418931902350177791767809096608379799395223245384957892041745323127780553709099934634289348407104296573388501771059854073498196137427457943583445313
AB 20 1.630328529336312968616731754189571999326998854992622592942196756317363525948309509139569553030692861031516993500113142115970849050917222624786872789798527767671848144891741886887139945732209458886639930098592346010322406 -0.2610625840473980562040654339783744370938880987476695425480365842848409763955268128483290749254616323016476633946301655891190881962616991100760797925196434357944778858758175394405524942150110708692942006058392892090337260 1.953448579195623985773849797312071889988624866052711553118964222969732228156383302072872153444007559348073344410077947660351380371039864037017754557793505138304085231935653373434089921445627611134681139997478770997651894 0.2670231289454648643020690849325377079263959024862029779830738665902565459708617129789827705593924252037472040550946616594123407819602492823509965603774544974433224618811809993993202870730130555478742301796743818784440889
AB 21 0.9295414575826012761614657755627355414474292957524625402797142564523271568234696097742695639320098966160305474732352105334133288682067356489387004057308162578915682306970527414058823836874980784617540144594458607285610706 0.5876759208248944657344068005452585485717734583490076266766861681601106720794357053908552320493281664616139413490318456699135721456590586993865715448442387226141022951105568079678200457072757551568574149318538825781083519 2.002319808234859516507297949203656988377173970641410133397565468225207710803974774230828149893219308541529225557963260100927988203640179205736684630399383430503909302490776552936004705690424028658395007952634016524235749 0.2662126532461522011554056925062950965321689622325699946960321645713487112108305472667639614917424482588507936755933374616686011647788249462645812133006058754939913290340586782315942862626974580322434760794155809674777984
AB 22 3.414329471581764277197432960300058696583437892723235643068392597350161464461080254420695936969081124803523751967159373312364747808320072794484709705605006562966129680579875930409471380066135467455504798831893787019410101 0.2010099990526728584518964678202990525307185948513188144504512302534266663327033532435238068517800172060786004698102505031292893733337850232232385811886354100003347275268027022933343366374591956877073925485670705098325655 2.048910091229364150498129301886933996876379386934541709333462289900163807241431194403474234697987869659231067842265544183177537512852903499107843819742868741385503360848911404375908531182436170775447993799638111804727043 0.2654758381476564170389866674808546381532064648229461500241310625121892569599685531547033530543951574324371630280307015548806647781699053690444011678234442520224680273384746906954728200779674509264609046540392155342813638
AB 23 1.222793074673056372439830797492217599183707013360194976011042374999838669673454722179685043177779656264967285270291660251698438935514109106140103411137961164749347950515081093418243311407836796986574397610025719058767394 -0.2782101524805743374789380894784798336632205109039955368852323312178583055702151569153392872683450054119499968302116037692859934514430941269985880051367035208729382527424466519482541739678807088183306775345781368374135722 2.093423159307576431359129425504087160094695841450161479166083533892641598771642297271662168306110136897680197465471763843164320869013564383460617090696945183526340191949381984327081414677299151046590720729644239057756772 0.2648030788369402759891359462516758603488010737055823271027646880365930329454710752510418912481305700056805237284866970678776939530904062392452905347242355886492969280151293724526783477410029130780639973240176054835541434
AB 24 3.115863653060369318428199582711509303507670176008957888609989936206758959566964446637245987422817775800442742739484430566486349478913207960783270139502857009228313788330310721592011968684997002782041395829812535659824397 -0.04984709788194207405177494162100491151874801123775501037858687286512446236883875561099270778590034818597542115606047523828874739644209616039094579928646066136955112138386961433178229354468428794339816273815485168060597167 2.136036578924107470746499659392904492467493469475064453154846147112282897518528835341402370962832239936690037907750279331274554829637682856473034422246057734266380671119165711517928660294456066015056602712214898454318287 0.2641863706992631969361680490901722103815140916772020332640444037442649756239611967055362007577882011332786761184589522004070825893273695675988987050150686157808567400909485060032611461672400345637117531821594485099587824
AB 25 1.625460951081822007131857986610801145733424382441553952346207257206269982026839314356995717654689965394194465257273463241398646690651791867303968113034957725267226957686105519598066457330276590042351669609988562672699228 0.8882858212789209176353613880909453857327275086377332399616763881053842631881245149250818646574836429094938993132388714295402818234021982825896189558286728160998006729272349212205597944447089268712670053114068865161243779 2.176906053655637023162674677294556246666831238322474149948255684447518677996562107855626544067210685589336146124062922224380643291088097136863052567591302199782999794070664165582750492139959040140852837916896838317022448 0.2636189894147441911071705873988699422368719508304186442545776700816240854837658770863161964268354328850914674721502913831687790781269578179327115720182678462823308024463924689955109941371740541622347636348493376766172591
AB 26 1.431116502391657319029600863398791510956262809883522560104891729755753993147503956179288247060908278025345664590349479892600319456002016297622231553670284993269946525339522485430308127315434542954039558139648699505281892 0.07451284270209184921631148357225576377680808691750048375153208268392380016302925057700692406411185928299202304267980042238888234939742255408227321775553795117237419474411964654684862248980188716186700754270054471743679992 2.216168875852948322869047702974767502736586778811205075402074829141924811736232615700083710960075052498136312686518316181609011931256633798795866165794710375516680744545307568632269037011634393453664973260771145737844188 0.2630952448442455744363519955406788026818426256178428621370632784567685101276878215023733295711302684129760324184923950060128521710869751428456567725267811785150917565031426264065493323725036526387480161265456253354402410
AB 27 4.077725527153861728434664157604385927021784382381355946431693561390939193282247413611728927259285727947318857764825273349247373966176263024988574114538687017738931907905707528516929957064870782563041230492103484879364159 0.2480140300724266170555005953929859398043900110521190601921047104956544981762323295752748333780703505897869824876632994012421083672981744572055596700806531261611512130310258416005270842343021125947161388988646940609609579 2.253946722294667809167919795148528667561487149528576368459373060270568540842543662981223112580953354140728361254419352122787998814312720110970914281857398881663247386507888032323309973286987680252995110651828737248194934 0.2626102895836764145259687390168821353000407795846505101847377026157994792735564825073028359533163681720360865844856685716721004235654515536655582463835963202033358915386465131331502936798655097366624658319775506942211857
AB 28 1.223043614652875555380562349067910415255502019772597853213119725667108680657503506294489679050182875996930987087748950496173886169048967882758644961991568882120722636828436679973614299279858182187375574508805896659054985 -0.1617709347012287569643238354275989727565372218513290705684719900813111015354059219833115271235622493941150276574587065355843176349848557386754868832750552261751238709987418243617662641265577022741416669972594646475308684 2.290347938112311267130736144962214254182496637584470936107670094482201595342180578932135933906226742834471116497696688557378870105145916199705932901529054513225198381233976335746257324543869770945744842211910000277550337 0.2621599685259913304677640023824539570055069813503317779754897269962499426569032606770688661463970805159344170056750297745043031209970171911690791657955554648807582154039676859064721636850634267408212441573173796126480752
AB 29 2.185443078588485448726481951727335302917480322842169420423020153185838941090506599739456046100987700701473047747998325011494064575253922530813470206730039476569555452457812824779330214749692661054161347250732515167624768 0.8601306085734900181621126271117441529444450627607120773975838019112275586746521661887221915253324751987645516498258777831655485484147003889921972107153636773917087273853718214027341639837597447766172329890094430917056451 2.325469417517425857755772554086700188128777678327345437394925788247416452318315175159026403117027665754079429570399944827005934553031361975479422954565056652511052613349057638989338569177894710980486820610580697435839895 0.2617406995367592833419401177626075164966091699848051039916635905513816944579006171787359808939325703002464325741585937271803148418088239196219068127046307571592373058144753130276136728097229111044996312168793292360671660
AB 30 3.182997070406122705195256795685701201002432943882382066286991357797668765625485805347168727035844611453073405055284576920169354821822536062468667852356705793485921028753894574071294691981034364091544120615341720578692211 0.5654604963510687894020584616809977958840826241484259351494979906365154803416429852168879117162571802126689822060642275060345064142079668528249741513630916374056242637065658693260457257284141369883600864535134009124577837 2.359398163902847014393421249753629512672872665674199856869582890816141190722042793927337147898979243388663424680635093000676967922923574648307259831049614837102459047482573482822283977696958151516532079597762140950826461 0.2613493779863901706375648635966359283705988659118078494438912897381874208565313016268789551293314869482568083128804719220054413652779009231494445289555475457476759784250967486004517049673650217813452750287645130422134727
AB 31 2.386457945957338021122270233113204842764425981740328790078201500573377322149426827854582473772295025687457033801454164866182305894202487006562826297313356674676102823282913600499733721623686401294586267415515620449480944 0.7027831342061717863831758353609446157115509517370735853446268737514530174362060958721454694114138855635804745525671192023955982661573643461850972316661745021224832787073779230062556549156642379594607310879089860562298711 2.392212592797939438767465379697854154574213983002012427742565008928975531863164485735946681454213150193155892157290533704173457133176170474062973749676048525527076490061725650348819977595735466953785721496705020744565579 0.2609832997540520187624857370542860081408600840704849819945794924347332872417096285659798622717053633790375319008484408427172309709628949479898726918690643016029021407454064433244427829043062657837709336001398685307068325
AB 32 1.930465042722001073087165974679364231975776989947885119288517117989565031271619989852710336620103523721233581962846100817580047747965805634866755867924231337769387681325266773229144825838237458220481236996029917244551158 0.3385816454144634283320594948216197239050840078417355514680112392725099689377933020908972705321849366383941116684863453429794414066829794150637770674523750712877642375482626461896199449626986064448669592827318382861870530 2.423983626952792613701736656692945479146371510531277403699424886227670748835525945609683033361248796759157492893593164352696707764851524807734228770918622855557155142661848220655161648307247581577184721922428028166851968 0.2606400986640121104530504380219352359587829379881912221935843186757519205216559046694604768038524069020710974249740375268723784541598172026363464249485874084973156931809188699139843379200995311973963087191691780816531985
AB 33 1.425272900883861999513634986431680554423853691428781500752478495306738581845109522812567675547686991743009945433855253337565256721566302487398196953809002880718826306507497911653111604838602156115916576743375682546684316 -0.3986577475873145917607737757687995544550296592153592645601338744721685431199657059877674762308373965827824247936608724274855451685225726141329521610388518952778129405340026100299943210653610513579084415559184928030071825 2.454775622144007299441759140910467965284512118612571136886236779805091167528453948652187750278457881956767734314762228908379204159501336146180601350005636787407677373208193006440967283184736316883390024153771799341989139 0.2603176952939831622374243402950950896373417137671726140387938025765627961552616182179107648707173627672381742416399936743330337156674510537348152652143641424371250204904091302591084364976196663155918314084415323616677310
AB 34 3.154452738095772332053990036047596379543061286085944546313333665836146749174839897880092625219392900243224648820793009696941788782008658215491384061563559917307429066293960975615008261396559988349625467546175854514790366 0.5711850333790686382394228731687353431617153610140106327343130502372344876941161392679290194431876202844046212079136011165180562359095945847058512856958405566012125884740900025097574933987819318781534457397991445960482865 2.484647154181168079303091149233722204736222118821775395070046987529439105392206515886061383665622333596688416906004468522537357608656551822458090119722837805777627494987087386295666489182819720264574178349275178321311655 0.2600142548149001941072374657094566558401326944514357559368983757668851175051502053684918385385734274660933374228863038443191755937348071992219441568302648984919932498902890943806308145362106639854775923824550466645434903
AB 35 2.900663772279854374842306197449433838305318950220428311827897684677061303965063601249293043659768993207992729681188137277290958958578520807682364151090100796572206434119273497006446229224626606124847123471299710515949349 -0.2020464273455899651273401476269911965466362026074283075272263596069396528428178598965015333731019933368388813312002313106367159775668132545157673839401671944266511104055049699854391497199006567614876605230857233529798463 2.513651691373293477478200834660554614668217059900671784355298452001913936733045447313986400274771561635470295535203878398044735502895415637580999267698052315735978173055028768805491961413364638058138081822497416703789131 0.2597281520563648187449313324771728609809320551796818414476112200107421032206216035142715275291797315449408410070876232967740336278313642838810053421214323585125377192502901583534432873405661028613141495615235592543073845
AB 36 2.758461759150059405422018837559841927614997586667093420498291518074221428856334282941602285828072266202953186962901024943632122871125982586764000899242147587999057717814756451009174709861374604278012345648299037382122916 -0.2145921357410023297882795690031930284385720720417086866709411674878181348502137842680682691536810809534417910456060511628195957723765757088240814027977724760931155942744860168024271221018035990363918397678851588220111410 2.541838171905056480228554310977722279939415901939660651011292085628825688567069940804331217981301529871425177317495891892321373236350343863200167946042002510274021381023706161451443539483624389777493368020686032912199799 0.2594579423931491783221399176182616341762057379815047946114800880607451832083855233353938915968547742870689107630950927139062111646857170556665318646094912468952368152245967852354571468265873241261677824077161938864232123
AB 37 2.012308514044377310859851595038621516884295645897728372117427387904573893423347433276125915566549793685008912126011743901127947503962408094714274312070593995008642318648356235608616832448607703700832703131056838617309693 0.9151750302314838792345078578833623889209676249310506230719476094229765978604471309463191818788405474739482314328043789208653599678712164146227656714675493406360909190049290464844855294531230171723058946946893327759176628 2.569251501823351866026316065454777959062104411009538962067955359486200021269585876426131503489344301369599616570496065933144200839837370068383442332897551719771540869363958411867971247821613194311955448470374708131004896 0.2592023373517613514724855343969562055846220094580071628492566226474988074603211134192921462428394745940489105515592393232823092806439668011547993311075590211680636783420260466270449738186217574337804977774466349269311181
AB 38 3.387291368658465756204632672217188077310705946610646290590854929065364822991238218681367305848434899938332832942215520971203901058764811835071657318760517569972602779403862751809026324675860300803201418995815578868712057 0.5139137033376150641356017332987559073281009374891870624233964339541742117269035697640710940263900335644082250353770673300397947242876310962236263870600052692548988089224069659550134481420999363714948801893335092947469304 2.595932986389810695797180186123081272671099982740391643920990140151984432791571929243351105579545772048752594295577261652643674271614083987188186754391149913345220280901989739793862844873855578710075270023114461335240824 0.2589601840677986963021607766132296728495350148595599734017194050734629173803790327370615102452837363955301926486283915535162739963761587332799501371133017059063080459069786485008964277592973032124042714287783655341466750
AB 39 1.928155231294585167766139567774563734690352613652137368851732626244671672575089854868547396443966127455790234355559474253086945925738655807262378146200784570078158103055951020213650077629070254919891671529396121485982401 0.7073075821782529081341422067833270566883651297071506813614121231573157291145983525661913842519941733097384264781093335610519974149728671509736741748920853177906412907002997586839780778514163201559045993612929242341582860 2.621920705225021590243767524119293692640714149935948157826028273194511352531858993865422101694743329356703777999534923786423484187123760825145684009419529677593383841861394970440813201212429441157977737623649113244729207 0.2587304479030812040511814366695386534945218332814743873129474055534394765470707330942144768548298557025585356116176937339931541836186670355208731879967620049593240040875938848194138006424666727014257221533031008982210409
AB 40 3.883337493963313234301525734987260951577172365787761778154141427879287484578652910421823256937090490747916359885349401871904728438614250728855701226471870431709681607226636923615640191302602031156552388367771751496790375 0.01597981259968597514591959709943447290881951194957132834801477768290059756379164453087461843590192966458314761290934262511551434522261890414497936858196117925548598992809834497561241803408687721896571016749118830784808081 2.647249839814577740223634820964480742343045328170986216982793723223319589673568157268806027715602607257756347991620885716632032894264832945313648178291068042138830853569601991260922631240332742595190434890590160764596991 0.2585121976697240687080144943196412559884172896812540766244743785823202196417554356927732688994586017790843107909334486588837226006803259027426892568136502570915447345552604711577977129346036236160686208895663297718902854
AB 41 0.7096194002590530051929950072911607407318816815621259505887861413599370091124551942581710214504920574916646783730798220428586711803279942203931845039604319211668521555843552158490682435419912827129656114033443322012895595 0.5315012503704631660424155325897041743478301087240059629869235197091553896199733315943662020160758318918142757895994314682087263084811215142784338240233900945906049827405492201874246883654545961718058503160944905386958402 2.671952960459695054221791875138539663219211915413724163704719111842703907697363258295871554967765318045412589224090789723148884031778812192405918255000152197400748114771421822723698322668610672023230168732602422958757173 0.2583045930161545317232984358469863985586680465051673778458914398397213448002917452428774204277565322490717285827269876424042045882708549831580954189999558224868402985645791265968359690806185572254735621013467449753913719
AB 42 2.830680587182393644108425727328824070840059666732575101007008509487974673865223131133829076197187075245891562896702495422249289742422457887272780921687996622264941790538105548331026363480049295371863962749297186667528977 0.08292727634100140516613263416007550077393439990974409556410752079023805003869626856303089885553111167948318174129899504483548878191428087210855105395978833463533864892070956223287563405128008704522503257252144578187930169 2.696060278555775427286140720515639183826017793899629087716877854044884085512814196686826112515765023248126696208553392729648485623471355471734930915653393119839719927590048236947263036988820376968875981743631669450150402 0.2581068736148199464484835844572222541670503135650430416451106703080845889117159044123815417471861299365142630731577233717775600204610291703162395290015239526314064424727353875288063175463012645366067032598481749479782391
AB 43 4.738677521058468938943497394978921404332966294039247405939152800721567742199038553522640141467937179997020648944864942580458742690110852077581867941783349744207104814305360024595429006033340314997616920792168236211911727 0.2780093047943094409066013890356251611522438961304418327940460058000765982905060549201185268812648022912135174010764151335404314874550454428050981382313576374758131348376458405054257832848451032215652044774988494572299336 2.719599869109640570660069274035047310659094039699309665261489195219461302240390560319057026148911239378671467532765094967478328965477474475935755027207711347302174974311588219483763013229968843044228537981825677928436970 0.2579183498583434943452489104182484998139054743834395154812049363506240768103112462948652922525552141727688071292403993952674231473747861261212439507598163244373654044358584370550356917618681209755981770744544155634496718
AB 44 1.424409505501928844681125449855130888742139403415128978189142529827567022033023373171347486605014005201195301336179028889540272630139260024400295312710208569105222530660306065525151169273524868581362215816740268765880067 0.5908702993329083213075092842914550972731492482269948740157401412111957880777847617676856096646014338564302084027600725200244513320226716396280081910511320752806513617646517239135393527237154500091044050764696299781611811 2.742597867613115078148349477787600787290852625274872240455877469560306394835286056761434634593149536581898241191721788734472649084589702159814895359987886358436253458045123423984661812424056277250736766771135211909579892 0.2577383948241901327442438740671460055216713112992909326372486587506276889309364725004668642043688987111622329654450673228121445437021233081408142313569252636968943024603224638414264289548768864938560021886711235792494990
AB 45 2.152593876163643876743693530702793559980466112659128238156552061790624874563902050401527462206570173301228405653683984182875033523610040511086182169111047360026172060069160846230408406605317658096583654123075244434563797 -0.02527282729991804145423243275872086992638924698203209273173685929864558041779103935232894901420915357622840987638905126966738760277849247155878847147774329383361201253929844848813816011802172998156746315442882338062218154 2.765078644740711217098562378177529608646010401595627597518202171674470836153004537291999539073083312620683091331486903848412499495266297764622509288816656263557404948176615509301886073155882864045956019996926449508631298 0.2575664373105526053544660887768015742078583953514273584572848581165013761225030420037362060510328136514899156135274167097649445915112347171290318459773832160344584320860231429719780131689766737029708063278881485104510673
AB 46 2.653693179692106046048643872333523725417786155870565247796523214462643763451429709581002159461478753542341096936372016660930514181186859961350594568675017510082103892447991418336851059944330477057085498242886562673498137 -0.1762971287670425468187894019604604201214637605912828676030135024354160597609714137120188939983289918261580681811906366332254676876675685452569747370203894996928573013207688997267376420112457109869364183669128002540320813 2.787064961803935737024696387663676961477242166230826944113979531759109695483129697312010907716812599267305134083838654915444238709245072746782367256991434821513702522267206222762098374510684704501406755548004250038538099 0.2574019557804723136329462065560424777674600150313550485382681449587414791178867121061429596505128117749357213249980861492545558180043373629203388995584076758963820549671475979580648393000851899433364185960766929217231324
AB 47 3.724713562953766792142528094933698524611550400233130041501546127521100772552130413752996150206925017284385816563521254129339580479444184746725534637377580152365755585769323664281812825110303307703201909975880614470187606 0.2087345833769138581684110238581165385505020344209582481571956077831940123928793341807888333110908761296385177673266801431131521606316251591180965654621488703726682410674724306244075189315678476449994101770558629253145039 2.808578109451914247378835096330239958659489040443761890389867702140007437040451719716737082565716853971564965081980585057065224183358162938514835060103505972480950912249139292958557353092646154710408062345860677717314553 0.2572444730789470888914510544741016635995631886477854371982097741061354435657676446303888894321538293987195735496458860821531844735593924133533750704910278147868325572678710241457534114789655708666700455457334674132632088
AB 48 3.656274128067203707497582295863472178948900075477679106869578163142884398948797218923910140835068649487855741442129946216051478583204503789625543973702400795213929080528166974042062111329650824851094375211615841841301218 0.2432043650113366619471940583118406622125036343545678172485339463817519007925964631307543417137926200513503947098912885555792717243273324261149424630875762963951349239482400041210472463293314581307769446324760778593537447 2.829638031740036466566821564989627301074827550674988524119374371748787864854863058449350931926599631693165033276064925718800574739306278854901403831432583680717768892520353905449211310905486928634654102128509596237773278 0.2570935518103154067353861625793020958724025013482911596572608140157170020207207937724070508602919754850589879280385493352842178563911710036259145100311854898344775711840348930141750761900798438659332592096867340356141927
AB 49 0.9359472745605579156228407187366400156795675448036739485614450153981690730948417177880242794053589585737483380541016318183844196042122738850314353771343647116870112562871318019890109542580961497060223331055975774566302117 0.02029459678418093086866756969435711277169244899123354412603227161923204652177618649005721839442592818204048886981086657688143236543440523598689679074216461441693694764564694703601960953120095595968414533718338211639486757 2.850263437381229179819032464480758161177549691725919035372797819231682467085512016530109414348362060404456752171328671029075230369223252174195905330959064338664003254194354946087397003578663034326249857454587387679442998 0.2569487902816053025532013102780137339249107235499723982965122025152002235977789212582042478121949991508749777167191510210940692459940694935212704186928585905201649777459531795064263600041416133392301963225110212432927968
AB 50 4.600002848190356007740580688677049668337519524206334047150702943110858514580283454817624179978482445448064079709352035797281130212809751546353573072124885751237912164403215867483494634331147988536533399605017504606752599 1.117161892457972002448421242559946399554715820596267767259180793305517596618412436400922117016185124068693868662076143346646358926677530953032480079217098007835879695356288890880617351784750249232974638414367668634801932 2.870471899737152688269250768023784454612180788685620311146438982776371319368229465754276427007745592603096454472784028661076386749841618304784300622494661520918901698850566241055343372525657389458585263444305682120423402 0.2568098189326237748206882316435542653016970012251715460580001763722045623545577593769747556354875668794143485890485144668355902737019849937187476795059237748199952924487932236566853530585789735514589459367070342684880741
AB 51 2.182352438946986886735010592728359932488100478487795472879422439989646445390478601220230867644652208275337709524917382463361781230835366621005457842314230619138316331741810457298333201172492502171096473432245773682135085 0.4097792639817093299179939771281482679499510354271818298019252107068792025113865241351217217537836084769923183953817279244188937648236425437122029804248977397717891713891414749172077175985387837456175067124685384883028198 2.890279946890188705815542368495255221748185907002907962404251779201944611852437067090809933799486873549758920659132125793414402501239845811193854817052973467137124653215298851284381546126536280891274296913017059179767920 0.2566762971859879333258378458267788851417045914659200337066644504128888554743952033814281492993367692967498741478355388663681144925136881042583844404383219302483941081503935565496412274587435690358945187432866173110995087
AB 52 3.339225999690235858980940346421191544429484459409164055736552156061614161528369339832697725591112914522685199724738045611114762739211393824900463144866287281494320704216970513418891823116046207649034838209445884985667077 0.2838040525371546228051036680879979376174380726769165764289997277408421787133365753204710702585938039435505819542471634081779877041513428613239620854098571172210164295972950244621591723767816673805218583855166857793790378 2.909703142954375588905174599206706119433157353049901080115142119279971345381002938960955566657078154249422085133598020830835216431725642608783181460588319615111466730191666286392295303542539693531620780519929611125615268 0.2565479106605744043731428436652269880007940500348946760251755284288919043082595348319564098684519668342119656979212572244213182921179816336943169219005269499148315242316881295253215367376214541767155558815740302675344694
AB 53 1.994231382166068587165445858604530288841498814404396795701186250823529660622990030732160555960030689192914976290664952271219314895420491986597789893895978280009067750396098074143958929759704414439685945171476028666026989 0.1699089951990217989994289165668767165466619103730554866899802043718408897890086412469100759776053001650973508439398875678685110402638065045635834479781179270167091224478937720748006362100654721144283026810153933808921595 2.928756161628652874247263030419954160892630495842418084457071001367296702701234754814533222293155915454290218150801267856611165188063590980630944850167147523691078915243604852961488983396370136013465266989663040080981409 0.2564243687003941756873045205683990934391692695478602866842581864957527863954841589586422760555062320390906592338622901388369557050883018836587403705288209829914013730072073698061947673920505986636671877965675097105109081
AB 54 2.177100057346680306726651387409555044653029400489219616317972086641018448024665188477564244970333055670189186936319288147167055040822757645277269299409460471321077425966430584226201599109846390531420125643909201118372973 -0.2490363398316087139660010040566727461161281094481932598738305065371302227215905690696017466111850924124382837502139946299590297482014975413562443640739994000808333692967345121995263210408386250916879320236978629165877026 2.947452852864190967889971969038335121771119939364396782548798301256957519185359658263546830023007499363526547732695962952666877287263325359445304454269341268641009861853710090042506395744776819257802962527445447331408096 0.2563054021780091677466961656609066051726228040917278835702983377517958546205502518084852740142869191593231840470046898574777276164093794242295890220942995658269064569738158858166464482964593840254134086875065909132365812
AB 55 3.993516256556891409741792249676325835708780312476951087961311571447290978306518654146877325313097023477514858603186861709094122843959286887075899666920616018740124596154182769233167811447756783131083112788767852162271031 0.04096062335118948287553532015655783785474063147314799745900637971096198469659558472638515310859822798182456590206828509254654038844390582453799082116863000145687542499921177753614433741518836541746193041558240894476881260 2.965806303405360106836627708181332267700066703861697690272808964619411339855882975068333421756050040135610265474468351808108299931805413679222281329203077397012525574062700402173473274643859293498947308477701686412972583 0.2561907615375527811062102622282835401023568985819933648298736432403296678227538687796056542387310078920228759549212258651799472500288829530263748887075313560723539502394666463439252978746559506650734788650441657964477885
AB 56 4.143729701629712242825958442924874873890237154015222490157195881178281093511299136360115406144057776524703702837825824966579672699373631094652432616131863054150370900337990274748546674746326914971431214738492592452065623 -0.2117417271308119949428900559771665342749976309561033356229990465349563993153064962254776825222471122405799347050887094185392033217393174299933835154418118909905467306597455859965880412946699884266266421236826044460071169 2.983828891867886632098769016214082357538735151603797119156059157638199474366438364951125378077817616781217344023008529339487376517937389454856227910969003432848087791960704151313253545213833774015863219695425366477743437 0.2560802150474071628297063374324741851602422245590606051172458816175110394405962889029806985551114013676824178509844047460598551090726570334248294556483491037775045976977991051975115114451678254722509877955717422517261594
AB 57 1.571185578179804598856138489933221838213383672634894754618412658709350896493703821522004532716929887107554631234710608844354024587884585861210349867777162865160604690048278679370721276887395693036982612079908984988383691 0.6839207449310956664744655060998502603333674874138650185529943069736102050531083053682792656219128073687594980435521574074146026727102445815203013805415592024904211885497816189472159595637815827697705755872396205016059258 3.001532338935364334088913013664312805347095632388953521193826960513475532512595253068944087593707254102380386900243007932091419047344136170975350928093451189792925535204340945341026848653711495271333262490780597346636870 0.2559735472367925608521592766033333639560960852488019916717748866308957414921659480509766152897144082962269623649570252836337008447618699419902899167377189393891371332347264433735837809149691392093207250682256990590187396
AB 58 2.853731785036255848387887787894402554602045512553060515149136980133427324764429017543999272847998367422501845209181315722634857120787026198151981236998378736540309854211905696684205694925122316653222693201130817821716768 0.2212156021395934117431530554947700960828001856178177424569491079927386728679822198064933957513419091506816807359359509261153483731731619589544334138464194700930768132125366913404275431920244616323348096524909650857167534 3.018927753184395997780856440098486164801051946666517345561283188814576494432632874668532425619396718532018648041905998735011419718416797544369384468233910351703096693726915381150654309863873788926491397482665156770307086 0.2558705574940747128578556747347549338916153382103842574070301839434359621790638985060128288089360816159042126150993294714912750523445487739805535523138854403840346320982116186535632274197438553648072470462009644175058864
AB 59 3.938517728810215359875267544115130664564354473848349518342830050373633310226037248375316742935805164239885641739730729399516138302087269751074419292595719831080818681256069179262485744253936142438551526687869342152335085 -0.03058230819522544693338181482282383563132258970092659931442511467317288815468645295295066724199937877482306593666681422408977664613422043685077936465324443558180156846537574831899740332082296441238689107192674415705072654 3.036025672987463617936048265811677254222600388776991939537070232578164339167083549651368318446230881838575493434223633451142170139958310054541249064260343093423334172681938207010446310070372183071255462369631260557073119 0.2557710588076052474978781621745196203943146153912710677992568899293884892243084741257548175216278981356712556351202758908961250324939384488967771966550631270283660045352241335736494366059574394065030557147676859389349653
AB 60 3.065792396490243450813929094714588882173241502787608630853447551459436426385871725260394718516348035865181969376069003065793501941416738982202029969229928320145724482348442297430497429855645402143379867845119471146504002 0.6641679249264263339551253276261161564213379952173050894719616699632328436856827937635340235515937389856418261893292938102021802677565107168287855045183817517816988765024563321066000244290175283893266475142795340041570108 3.052836104889691947077552214710999855550050528434797962437078599331700629896190989362353443608713060090382163093436164378335415725191050939909282818341911124699965222466692772293777440292943413331304742665947238985326983 0.2556748766324678062534515317901646891495121821721076854598274340812952755308180603368354037057391273151672866443292931413215888306947641354005501816750071652670220652439250308025801868589928356885415475620740992292035690
PD 0 1
PIV 0 0 -3.103097700622067310416397572653874673926224453077621599285575942871965966692653068492943652612444414156472423733415255600500396963299362392866657561799593631127515090072552152603202108853405907032722248022460442951973328
PIV 0 1 -11.58956323536823467946351653848615187134813730325633372836919145939669376740249955738792711077670778314330683252945076839728831543915243477280476526316478699448608170099672101219536094737471976639574131751899066997347858
PIV 0 2 -16.71300506419872454763935692407114787748396875058464314611149720377357847590095963349635462542581336864629572886950783052617108155476807632507787166195878368612968119992007936045854957660519702922547858333148490393395750
PIV 0 3 -20.90060636606509399938874451076555987285590372069014898989903458372072418847790215822603490559922061890115286807555389954873798291436739497715205306735084497280255830944699884894627724359583963837420137982153801940557552
PIV 0 4 -23.61089054583027669522423173525203514298689453573367028066672153166228132561261092202155499133319304817612678041422292345449889691861438987718529625007378515355408645586370829348554160784054616962640028382875874892601463
PIV 0 5 -25.16975892271314835593498343551616725182400055710276160677129335431609439216268874358590714295787243669120618289828529999760215787376032654545312593039312691331058940578798401117484761619879147075714726648660041285004479
PIV 0 6 -24.46181786350364164760746433108922559067410617753375048923583021390231435632157271397417488220674001367354044748300938924102871164949566032187022565441765075810644239208280723015449935400160070208743274233775178143658667
PIV 0 7 -27.30783281223939960395839016604453017521228226672017584342548426270326916915412236434640567690401367262309621214681533481899719830264024723803762683820690284371824702593299195046345726642338100451787793460547167409705897
PIV 0 8 -28.85163157621431130962590001428484246787441864554965441918077696005999563393147425810228946039120355373181170002909091384786156317792097944075732108186016599189970602041437513919547643713583105866311343867146795799894669
PIV 0 9 -28.12851319699772168394926295069841323636809238371914709124951889469797222938341004895028306976675003294394914507825068140587717067937578153026249840834299366860371262856886684548164463533659424627835610902919178791759781
PIV 0 10 -28.67841887492882188430778330016175875344821976437420382120529590024080769283370867422773604105891164543849477167257014653322082469849494111924128014411186401810864947371032566938991085578511814776252717726264203649436909
PIV 0 11 -27.54408681544951068708810601444847103592637177129658727479695975558275758701429871096442823258201180441116271086905545259451929288470034570233550880173490600861881047893283005414460390529260261035787558498476482229920529
PIV 0 12 -29.17456757557041651997996209432690135225283023961337402471111767821476541893843137229603024445957536908517804371201577492598449138452235103370917107451274035930788728178594254598207600395191145180556229282893759609783491
PIV 0 13 -28.81050433323370922865217188896335121876830281474590042625555340852174944357959381134630520463669868013674170423771147183880358696581438359752246097518301729732581702886424640781227568714810501577083202769228825518287767
PIV 0 14 -26.79356521294941435541565003875906047262965563849431819394324873315804828104930307120727507649964418276636406203304557968817685377361009234153796742857148365425700453078313958526714931999881244442999209436058483940091071
PIV 0 15 -25.83831726135528293928003187209201434854797788720428805468362034971110630972894996284289264480347857161254699954969855818546133019756083512679772201462014230558445234050237434745461240283370308265718621465647827704859747
PIV 0 16 -29.33812371841669004394948306521770766526699389455645098476748560899693821234790491953723368738627401441778090759231059985239780249688277172103135479916338756072293287350507718474015369758560127070381412319881902278573400
PIV 0 17 -24.00936506316420197763958031633001202748595827805459915600499489957747506405398843092098065611621873912642141870442023825058409744188136876444905706143237217184150679552171489594650000140492403241014670064349443575677969
PIV 0 18 -26.99506549861809264306221295505362432868889697332993721071442239408018782569346929957218527133120597012920424647115528521827358514734325703906038171229186716381594000558935775153414152938861381937042722126676465983744923
PIV 0 19 -26.18633513622415179448543908398930793557811052673385474177240067432724902120215707992282556463249241492600633492058733027441402186978390178833150547855877266984854275048971476949326125360374532885813253192665369781601699
PIV 0 20 -27.44397477266094011898731460468574944509298818466794268099919035611938012353540819192582002597058547217986552597485721480026623691785760934606963589193872421503516595007037783592705562601143553874145614997893305893722181
PIV 0 21 -27.41211794744459325867992798988862839573435230794074593634547108841286595014877905932047710469194146680290062960827787099325126471376534870038990999389902525613079427880778501842254180764375109209107201172016718942411907
PIV 0 22 -23.92401000631562309030295998872689118924994639866626465798745969501216584850928111557834104226406502318299715616223952914601277914789834755394548641403981614396782189340305989500011505361732018349345911892337904935105050
PIV 0 23 -25.49518062438880570685331199984277610411128241355645025822814531375436455762712598508586848035251604411570261760091455804250771693148816274411420789566619938732526727897008320851069825423767802281778685946454170048470320
PIV 0 24 -22.96445976336603327132520579375504904491296897555216428667547047012961673346140753939574237263153911340494298569946047562478307406312667176799506309119811493048651675140617149724386230140444227188759429961369694322989818
PIV 0 25 -25.02028157875827978313852659793654288884084490384042248728632220440931730749150331701344889275158626639366669367156847699189388836376024686536895378041415531223693096587266558669295367604705558006324883050768881616373571
PIV 0 26 -23.71094846506785707573365859080171084139145415402386703804936637949501273306842093466377156830815946163263385037258622334322245802941128619237422975931654845420387580324905644430896600195652701447903713620202433599528320
PIV 0 27 -21.14043370739084258785907548925856236847147863762077233862809764522479656322114106366372407630614139422372794746359197801022958162675487592531463497351495606536210254404540486254038636003421459657278684538699436931295833
PIV 0 28 -24.34706343868466567459794615603470264531780599411154803234929038808788343079799459423342548827257702822320539361137629626897469128134820216331431069612243132040500486454184538635174996028566440038901390964998620435194722
PIV 0 29 -23.29542495645728316280395652957241038989324305138352931357829631169427644210739760381048592565216610210745406367286971298903597496804384832978322590212904312832625530275277287365402249135564746543294795002938696310900506
PIV 0 30 -20.74905105697615565293513312743170998367104082703116147861787506990784453681672511679258258401772485200772758429609112398526981181217225241285123488259098158029012466808444729949864355105214270660558771261498968862734984
PIV 0 31 -20.51740737831055027673006547549630406568077547861389166515760053778533415698239612421186384445053053332360341514403759259735556667538587183184927034716563952823442737253905227603630850786023450145813458185559919432072535
PIV 0 32 -21.16280611197365716901336760314631713182955415132790997217101335738510799012609484147877329767408767922540763188426679422094171219282966705404523630111493041706427488998826118412661211144437265984140233397736505836638992
PIV 0 33 -21.41766151749452332239402440233593701947848739084805974323246110761368808295184339238295049733918982672143663190702422729298334247718610821792153206516709197301802625111411554331310357256494322707650456997079320944229264
PIV 0 34 -17.73465990720045851862525425810253758813868537101952106046058804218835573488642876144916935400745023807818802956901708825780102347914738921284154009554260382414182189971044591603207107105231337681135144301954552683594424
PIV 0 35 -18.23797976986671977794472736232675247625338904722435569553421023062404137309066296032682418367335699248473710141995236028965799971976702616991509889736630091135369494211764280314601209593819693279214626227502604609463983
PIV 0 36 -19.29723743968670978186808896405498018861854993901309798429947007816657348767455781679950318126063130260036082999080662552189634331457167958733162243003926605304074185120651180102389860397335517443698410130790723982228528
PIV 0 37 -18.91697665280572228299726785414283036239274143474679330609301778574077463577963627890183791987147362708351386745723348974942117882854107456963327241674193880021121879947794664290962966097226214991511290051099399171600314
PIV 0 38 -16.29976628971631753483978603063678930924745264828908170506331015291623243233239294785388319653357345526980441937203555928153397436365872629582125891633814916203441465454586374449404658907340585724560817709736366500330595
PIV 0 39 -17.02479932570873381488069290624607525106183702929998684551091790008291311218606298581043968850422513723800511276350776369089967017487702861325388347169236344310122218950030750405501566066114248854871976629612246000187402
PIV 0 40 -11.81659062371274677894822469808311744880172464326788271270124497740761190622669052707223640397296427559149581886956607450480906632952217332896774739489656312589376841275811160579249393394506529117478059332805511150497958
PIV 0 41 -17.27056988943818421863094598796569886402753621081279509840513281168144262069533863209889332346330772221949662071459240571314704807584440945710103813375885709989757187795013735032442472780616729060404915900214412246852908
PIV 0 42 -14.65782624734939823904946348436411523950016972502291136491843280814362920519815978958167746978481897025036645954334989975286378790863287358095490143318959186274045961646527993030780211902319617837739232457747092692021544
PIV 0 43 -12.38714198641328307003864457626875283467162225826576165444872853578739789382476674054984175243987834521830482163974163707440067163841737122325205163754747845719934023143296397291587820120526987675810626139672316321471924
PIV 0 44 -15.22505044543499061980727692287432249486990619486380299278993870348904299074432479757202837114008906074875763775319007613951792055955201475836988213662162583510365679856737640011529396057388487098502371241239726496212030
PIV 0 45 -14.11588827877082994724971893375056383619551247528986076635670503586878162291346217150620712921919966640737169201448360504518686453889419340901791643019312771293395109869374446705588704401630050820387851503381872665972062
PIV 0 46 -13.70926279000895542104804013407743156879375165494081049051282052830354924562060446795963406929283326419399052849784684304544895500546002403122182148623119031660599412432346099348972476833694831853958449858832759322747544
PIV 0 47 -12.34628702827976174315937151105495800592271405100708131475287721609021723189167630793508676989975951280142894447976864910506802094133762077458494155448679942550397042911112732474430186181640803806039901592620886316160765
PIV 0 48 -11.93582405289870017341448125038851229884407786915696885138403298388071602540361728596076349353198194556854443871042362518551525649548032047768240097107654127653669402535648885640651902362527368610494535584830229844985510
PIV 0 49 -13.45507014132877222418948847096052839595837754235947994926457070855783873033622102816592640050613342235421519193623185114243735973878058582162585072094325155448893681869400635141711530752003197637616851140946213525961974
PIV 0 50 -6.817454333251091793493789087573533730873680480939745322175231265460964881040206740057617847985816118799671632184535101150442554876001062123817030359887959312794697549661140259753974106752315718292688461276227962652395058
PIV 0 51 -10.78524342407126836584252779167066063811316082236549970458113330504764535498323926622607515310059346528965483692296708791967924237543227417317841654611615571422884763757675808073371194923042304614500472965629135609166272
PIV 0 52 -10.07476477444838354419910586826643819214106942826006748657161678634000566981572448382835283796246356257390047136983711484338807783476029287519947799145293262114390971101210968658123106242940199645463688907130291503111239
PIV 0 53 -11.71451837245516456453977718861056971920752155066760656467502657501425023305460014767327237015445198318522138306070531977381427729972840895373064923055838638192526252199800228111722035067784103203680801428726869200597149
PIV 0 54 -11.9610827941934684063843757798146243658989295426821667573017786433401718788591709186831116874897997380374340250025388442935877873146722026522356589715455410546728537110328838621724529059921648721874668843975305385820927
PIV 0 55 -7.826386268556093454957864965857315343319565642836885422359542875579399243527688233230218495150839057467989850699367965201479172348322940221510671397300770394193185129825604018004609378074053940620846769231102305602685
PIV 0 56 -3.9834571369361518113730318038750684475320650659499042826678625966406134322571084105952356785940484236321765995740174468077314578224691492408889495157925377283989873547655518271345180165881288755729846336964726097626
PIV 0 57 -10.3364875641093361414638597747783784866478104023711949950377960022524585219562525156011129567615213431022879348578721774269025510478160637212062106587186678600082866602930592434268949739666660155629371746046450325
PIV 0 58 -8.168465503614703220093765437699956596011526518332134520181131818997456450460073279171623523934605268017475525729421728884716700349332619668403851822008001476264540269562865688946796459851093838370448511718217191
PIV 0 59 -4.4267878298011133371791611495589806768917380744258803368761009233645666656235214337742692347370791925015452253373278722661806742849648416869683913662039774610541776275913390688756658558597568017296588671136701
PIV 0 60 -5.89218144828634953064738214962323299920268201646917614119747814836877512513225405644654120596215566912707695425184385797054793185292458023057864269798839425020189953598747212348991687522249283110369627654954
QR 0 1
EIG 0 5.613826560796995557746474000216952041503242319594972308162190038795064845326971991183733163966097352448758756264498669521602541476952060339811174800925084979963062104669309811072814671794824790916493905118243787447430340e-74
EIG 1 1.482414603687297370792303723849590076745120810397762565032642159496135064781493779888165260181966428513627540770377678473435139468259332331166108971436070117147084498117889978501219431941426348850809853015719318076488620e-66
EIG 2 1.048777646973035918798721962085820770876797521628272713957666537143322333960073532307430143967764689407686562009128882226660108092745051539570549616261729820750108186096275521550812732986182571036763058182498762066945258e-59
EIG 3 2.038072879725480968784247773824267697601632877162078596908884855173800991187160545321340154185360128109178786895446480565059665678645270692063643251343348007354161212108675636223790437846375406264419902985145687334591470e-53
EIG 4 8.715427771308526136491535254396493007067406346386037948165748804473630164433288037368837477899128774307565952085859187412961108703000131294379908077640593682508865282970609913538859338542776330283624555257456516748359295e-48
EIG 5 3.215680671035455048361683931004409503869889865954426079876846512106085557756401203273943775520429068478785271626785885642177448903983069965290604834836697924041568151959318465507820967931222552316893100067431616078909198e-42
EIG 6 2.787205369820608598333955251622239349605969226426333038550536095103789037938307574674431063888429315524387829714229346518269333221325292065303319072515122982763674449086383705632413049678171342287165378945494880347274231e-37
EIG 7 2.123821065690447842941905021769427614944967135684118464928377310488631102251916817662688651630526298335151702315081006657514197624136399587629363904117466512355116000288708457961217820778284031506610436910052219096402228e-32
EIG 8 5.991143307052849912400902086300284052546224646634129957983704919011739003623378883608324090325368492439329070149866835236049848478005175081003588882495466031675737669747298071175407503960404321400895463335512471052192292e-28
EIG 9 1.608166311250463797998618217111282233399516146132517215725448392932429362995403569806921140616546419286466847940617527938446002595813660878289187274087616976433886501929568945618428260368204222944005098716792512910727809e-23
EIG 10 1.270347112398289520991627861332173742846202791582203389612076403429966751495317907368001135821161704936607374483775395985575211529316899488351838120182882592202676050532879834155284086808884915888449610171159390239498284e-19
EIG 11 1.466496615469577886383226601850183345361281516247783694737141321884389273843787109508136643547355237473333809421932348395260030501989594790976031207643412897769764064440310668324458872155101775612469652896060286538694659e-15
EIG 12 5.038135149656515174701699483250493403278898363716276405711265025735087566970711628473970306518598785954569773388083145122054166104616670143295375027066464631439876411560186100773503545090030882629506722068137155077475041e-12
EIG 13 1.543203914371844346574756830425069156281198605049431393153308880968104226018037815586635977162543101105187519425361349820179693513540218372084958156686465894677639695379165021164254612174208142751597571054224744620604487e-8
EIG 14 2.626494519165626658162586521681501029052576868312959843855435138219417479309223098360507027929387460428217119052448085082288904926256036674286014028471937286646519715707436958550226664478202940214375222832928014114278314e-5
EIG 15 0.01700370301756952996970719454584381338396463537700244358888767559301589840246459092048713108534250570019991822647456843343291421838202135870484464276124096691139036355446209270356290304707741501629095404435470826659785946
EIG 16 5.491242686970152656136422941369765181877058150229272057089932657311696357348887555882765539455373106416473572612243685559944556527768883471232993058545631670227123593963766181616970790128004054470201636007884409879681257
EIG 17 0.3549963304968431296467783549569036293793651679588756827752657412517922800174942359225654840881107108492434809735069214000553104087195668592563674729653529401030926976871236111773877945574733601259179489559473962127461178
EIG 18 0.6127024468890542289697742350011052074019329921864023475365505603232934256993185676129738118823513536727702973068413984001957531384015840568035781863750467660584165763248412120162708850273004312246296820031532174947387893
EIG 19 0.7686465788142833883896498956028315557121397663449218062542156483405307814384272742227861259459686118497461290779008045267858603877180012012519801707444698284698747193070735040266707216292166912426224159830042127294918327
EIG 20 0.8166771989823904069205732089913085285914889841572385341996849631802677262706164522212561236224009951082724828911428369543762655693120415959129866764639285254666725507226267380138094680982439172668591525688743455153689737
EIG 21 1.032150175982885400188207988974921965760317508370068014040996809741473408207856640370685938080056944642432203215300271995644133661792553867495533182762142184812725922758328643956778419594821836042904913238353674531273039
EIG 22 4.870996514525067180430145392451312771578136699079629743824705521783517804919007526700804741741465008320363671229488319965657661027091134260479587789863459449027267932543088942009987374313639371436743245988839608749977394
EIG 23 1.281233277285963946856018572368635385038950298167290795477114768837240165647488844189097401347331071741435452226014483337443118941112705517873038813603722386156661528753902230784120015011938158206015279102930168201924992
EIG 24 1.584384606650273439371398354471955475503453003800022095275487620707802923403470338791058885386932529868219870076765019720966516130447150848282991710054023649211491834315789510317316461356461760257862498412315074864008076
EIG 25 1.623972699533063527904694825817059734863903734216785996861975350854036391683990012506207344230460328457649397095359369579728879954823318877677767572060872286009158318792653128300956510172247810653982149684551015661920759
EIG 26 4.514699168182418060545608613425063930269911863563707953832142514502253635679612523757620231428942435813171576802718757676671010720559142720730907381006396458993921212220484553640594059841627623437385806325160073677489110
EIG 27 4.392903785647132521915532511985334258538869826553218044365772382705857387103529963716888321051773596306929805502532598586373071489172388249981739762178350213635377616050963026002842430537148700930400133421623418038298725
EIG 28 4.350551479807148116737152593233261017679988487714310013054008458396446935759611052362050826590380324745764933259451039034827360169990380134674744582397723965480168512807106120057438758783776745575938542731818225476856799
EIG 29 4.348727235296744210843891717291115550245207697638508907914751170520354440451262440965917987068813164831510227320279379866446908175092143425049265187851227928947286443478548190881716358106835798204414079573582415504725846
EIG 30 1.747728178013382082952211854712507050253154069507035690581283050453372822362094371883997615796171769968869438648863676575726307623069322622408721754925662671813394338646847238536563477917404322348957093346938475468951866
EIG 31 4.175489239065161906253481528057259412045938597126072403894712965280867479652691169672328660954269107588601061936983181880235184581281561407292601928055466394365533929573153355883401584727506920018705824240225130988882888
EIG 32 4.101512244606157880261847801552179032084697182227260512932923380972908050769462453604006016068587329880732582694428490585606655636352015378406747264604269764660328369349864055424346337321844145818529686184545611319594910
EIG 33 4.036891257737845846343932255400252812994701665690202384223044719820333377947263889139529457018239860223010246726106401571963346362944641229463267334801161724639657005307966614633365678546537088836479909004104539951013365
EIG 34 1.915553413706958785993538399210131945102495970361398793516374445366321190245128768929445060944262532425530476922002701241967859771953330186686793097483961154998643907006781966745537038052023977392491389040186345912290905
EIG 35 3.876661971986433545493731446487795572696414426467975319157262595458657359774175526227130629743150666643363985333370407023391872278454831242149039937356690908617053196661610697785456054107774454194656393916318751374915810
EIG 36 3.836176465009412899060783160395603644564240344558321414169638962688077292884254299673459661687398116549368715782108677980048374212754732609888343726474809767048502367665916962701715971562625866628774147171780711521128543
EIG 37 3.699469442554917166544183486665338012032378438226360740024740328942992950124202053949772564116157803522074170497746271031123159444888284096654311500541925501147903893791499713897800378892239454573403457208971861412070788
EIG 38 3.637924710932964124835080108731461063068100526832664535978471145580261828658198557258045150621942998982041198036750260788609598074025663297941553761261281942439598868293427544094216810352949856025703090623329960796513550
EIG 39 3.622734215518982808809777660975267589191592300676880059206009570645471956291761135862819619617992283724808414030792881016244931309585545686403222731022874829729930166618407004916449227577813759950467126890531448302263511
EIG 40 3.464796433519705712830730871693522558657337436177594795398301617909076419541132282967842763191567247110941854004043753930809791801629848183579011175920116172609976772628157601490659986568054118547389093366754709532983360
EIG 41 3.371477863876022673953156553900891149097216679115691185668876723266575601814167791631089390783288684189771090994286165273939569746688457909966568675900921381903396884520220242944633429797349048870697210861664689689262651
EIG 42 3.326428758750705177734860485315406558022911791733692106967942844388303166529184149981635185567218371393363827926119210337613339222004592717734699091884151957242686633759029496688878448969853502715950937506574878964628412
EIG 43 3.280238371302862337131298034358933830639757206018372130077831304844010699360339535674882233291976893512012281064866437509756774028588656535450981157181900328285681005594634631527306959077986774040347110950104062437861109
EIG 44 3.147934484819655952719222108571699982617185445818271587199281281599946636256279770268428352922045723463116133498855823852074099579189170096630557691640058922047935759599650646857790617041404125800245107214275652476146767
EIG 45 3.078876725122516406760646836283371590752977849540045428731186758618234185771409478490948277364800151997467095690331839188201016474775465703537246156034817099102512858322901443992237780461767293615833124482043190975259739
EIG 46 3.039859404519628338218451721145742875369760766139624013109925786611919510584246751314858682113013818727770516673445354100234572331204580576060783243511685074322030563698154944793034743494732118491537722115146157548377386
EIG 47 2.947285632793004647498299090848708783039310714803257156401739900327936254218339494915102902670237241071289887082431323347523905614105182365422184493010597106479912448769441304659130724553099948304311153130988049080084595
EIG 48 2.102757681979370133462340348213675282675916239323969590382993995147814698838280460705170673444971026160285953923212774945160655968132636064582301263587920273659740940998438392732540412760614547121110385171958624838694704
EIG 49 2.197099965736358546448725912810090536057620746084539945325580079027579033347147113960883229556021814767034834883954476599453429935442969575188730152627895481076843044313536982282603885104965509324298158008718528899209276
EIG 50 2.791618815040490909632187558785100164011281839203987529587463499230672659714693002745986771165616567426556789671868354148806431867915340032336435315337849977676227479080500445182690584064486941451188955586198891006477596
EIG 51 2.760684972187731891479693257876217121822449170630594235466256587261131840036291591442009584271109330176201394880359098691646401919295831096936709521551638145599363268207454675341409204524997446654622474695517678637100170
EIG 52 2.301940634994090583782881167512092895902479780392005909726667190125387773223346487589953719222702960476405316345747411419046673219309921919753989254917745173248469496835725034210133994975093123214607730651267407465490502
EIG 53 2.380900432090317967975916663889766353903256395704033827261169449651644392954805702486293032711578325598274662163532721502453075743566296187996145066918204927491624105745522391375608440152541736404841518748265859061963454
EIG 54 2.647652240681502539896531046637494082553130872163462179926784644781779051604938906803358735399450575014132389148092903616946854817205100065616027429670090708882889320940871982790071190266933622699650674917341075571790461
EIG 55 2.620451015959735189786108026050564058546804798645709090705715073153500223427879701399791925400787499016135510155814747267483430565477924142195376816837717141286190180806966026519557530273433774796838194200526063841057811
EIG 56 2.586789418554842259629981371663867495504326091969894939764637054365079827678354265661403939343498026712467420745095590010953931572594874893206251521483630656302767062496782388645492952899226676124935258044594952249628653
EIG 57 2.536979801627160453482206982112995671754361384742859213753063528278377671121939754557553380974057258622052462911392408767580375703125683131892435912975876604952378655501341852637137224868563840586012768405314164652010423
EIG 58 2.505681373964949386574624384811420293682799937906401364731518813341496932679832291005911447503910259960423307087354637722998390261173713272245168699687421036293676366783876067971719345087033263848543858202338981024604987
EIG 59 2.448389347340474626302277830364716570431497267369408885620602805684390429635207156931751215363605688498811337194605931872191333319231319870025790281785750783106734903062751519175234339703753739560829565563228600804019101
EIG 60 2.478189664554468242965492200124225380308431515611945581642842090577519406920251220676840906847120402601611574231493767624954399756051945987438645810376910236410456599464963969048984584890351961617154296137000168629085437
PD 1 1
PIV 1 0 -7.040261604364101212586777427785386687458310619769929769009374665364748242602092794364865524012796244776801819343948233130616822849703802111179844446397138776748474375266664120838020805469635834769936445125810401631874746
PIV 1 1 -12.96575342464923159334556950656511165258967435667139993572580159400878263116280487048754035736267129207986712277828122733943446590609143807247684682094870618386060348151552556984050717055970187828596714888034114206797298
PIV 1 2 -17.21208789058007334329386969780237140592222573228690152395518800480179939841763515902812248072070338679366152886656929688673983323627616054948489956392416163541471907398261431159095918484472324264460194232726873309306161
PIV 1 3 -20.62543880922019279941466949655561772604374637743160911842714070057506516794835154880864081560561290410993000877308301665740897164860429302559939855019438228723501628208122593205630357052081633730971837992517350916708420
PIV 1 4 -22.34441229145766712568779927833474192315909910798096186810251864715153887354947303138076684990949807296891969121107099792093786748809152895200084379094166313980828732801755809473336170666623462012105449555451074249177878
PIV 1 5 -21.63661488333759051285019030402789817573659669625557672825536883060773074259836335605044885481475293331021666794745697935121686919888402283997517100736421628055312077779902574669449337072110708528787182769535514311711408
PIV 1 6 -24.53591215194369438032799833928327715246335830583046554272835696114273399155740305192529750437336340649567319564225713197964979489109499373240180228598202222823596922290183960815591120328052871157784729390531245903008990
PIV 1 7 -26.73611163925333963761309809765265649950854710015881245941552564662553082727568836930280677442036263532647188869804001089677375129407660479661153202644321095833437880935244798435683814727979709740159286494168687068953653
PIV 1 8 -25.68256145551401739144254148008692953168139977035548810762291769823378774645160720751540138394051098290582586080721884066124829224118815879703043247511062656733370847373514780677017907230135853612148977931054914696317055
PIV 1 9 -26.43873230428914307534827548237498746776202555977564809661180767385237439253383258938238698888633576944097812927584520473948983088075238914292351313604813603667161330411336691481560409260055287543377604716150869011386835
PIV 1 10 -25.66984958296449986816327751876500256465876222664749134862886328413279408860436967993206619932627594893510442876921419704423806028983666030765987728965443938422618080147139091563448510347328970594908686155586778050031328
PIV 1 11 -27.46262068759196776948909241303418879825634145240260337237493582163677471396310293361878077465357144282969029739232602051477985565274521866880686779477148236213412628620501442659935871310653139791102518973502975479712685
PIV 1 12 -26.88111065163175223537143801789259336335248259898389328094907008386032558995844040560492827094376408393052312692015593767676276433287617359352113425102235341784852639783088767975472751183442302076555826962811277959830742
PIV 1 13 -24.80091045079426435013934354595567707159793393204844481341275339432264195269768081100632221557531134770327530866228243932900061620752838523796375653031144560828220135055679656366046917962754738286365803016701521918312817
PIV 1 14 -24.15179516938719116393906359391773132538723861357105331967448483737262928111970163470002946718615414520588411440510709440678994464807780047967482729739878570708487688355086736871878742569914122161011033376600399867163246
PIV 1 15 -27.53459712262145531268703951111053657795080779349170903409758146382253538809007082506447180395486376238963665447514791967495999517451531198302297344898904946274585879782748577759844569494115957658498648655931660760369377
PIV 1 16 -22.30625871863604920801294592750868984182590668219540601753341478585346923946281890759190067450413019613659031564393288221577162370834641320311423286564234755453512564684372406232117943929543712087216101190512368617678936
PIV 1 17 -25.60023898956532814030156442255661589319073072855658876023152039830296966626716944648388700144956046238835305397697956418244120299434998389916090391409537888649393308029146985452790904218155205972384601398882857561912207
PIV 1 18 -24.56062779887090884043261316311129431806968257774017299525666716872464484294926272857326620013655629677761257973830919167548277055003881972174356772168622563585353446081087701310572081853921875402977197912733846760664673
PIV 1 19 -25.82163539821812886953301863076172494935027438098199644942088595405752518480439419709708051085084216051583992294043653852319373183536890353245176504074033823845724001780140247585318495511821462004902457621563394459414621
PIV 1 20 -26.14486258056283993635979606971757213071348596716126727357723813331091250363021381589516937352620085142485007364884847152638267159333195018122745187518571424523897974904199982701241746236433700553527355995979931142976783
PIV 1 21 -22.45289208439842436266917321237748656310568864315521852833301627318198626565439686533543317020519549120908385407592300464968266409862487065957551796667708950116200106527698038305183175836620975486557902710817204581488140
PIV 1 22 -24.07995698296646949910536521355013469598256012981053450321157998964259623813004393940427403964619202047519328248983486340077089103842168339636516028372361081776635717330825981342597296520954519837157606657765527443732618
PIV 1 23 -21.65489803575103951546680565888998713745790900545733285164049688616114247592437419532204251850768589321468622648016427645644927811936522249900984655487156791985948485246364853009437913442199881416635753284230117176593261
PIV 1 24 -23.76167061751899322601147826123970081409338657943792847436263214930705147227027886075539126289875831733707404770224472787263741905864707138745402795324135161803584203599629991691022365046109954919056777274407016865231052
PIV 1 25 -22.51183764880919853605083370498823859456905877409412269594661527392564382925282959377290691822497057899965956603932308205409532274408021263317114635683720713365436071595916855300847422615470315021615366749834679742812893
PIV 1 26 -19.75998889738366263421317611406806952928997155331373397708112866866172355155423790616960281282379408766611230570141196084674508355828348843481598295337417347731131660929847343885171607803319558503426506633029817551985515
PIV 1 27 -23.09913380009229968843174983160497702869840385881807534652991568765681979153866841588192314385872668588448114028191225634887862949554136108769698851042230022153848551852264255539690318174283669202453928149778920085424430
PIV 1 28 -22.14790161457429008778795374949744078207684233380935623096484208322190985211731056185173309121195983960696689412278992093188902415462133571893882812472657873690556834889542694434421367222618770965408759459291735163774304
PIV 1 29 -19.69418400196074696163862407459819095782203524895681081578015547422613936924601714445631506593833037003141670953650299413904278064092644039407512655152556246104462089622114036931591133014832660791125547354164755516767813
PIV 1 30 -19.55335883479257055941436336589148424138511412362251394254551203936558740068665795175466048156991239690227663368858663188480097550288389268065869921892208636640205582407139475777243392065461497050809638295284689577484067
PIV 1 31 -19.95017757759922998993256543178389475764097053955609853396097659210073247738883598400724981422430018449163190036170313156785611538941786906765704202549251674663098590076275347740648656920542203312194353464780069833623492
PIV 1 32 -20.49047671165345219491727030428575129225110285360433139139880455537276462788219729128546630851584605703111999841058184030569476795429500339495397364439264200814800497075631917450060254287489703608989730427028148059385235
PIV 1 33 -16.59961082480180065005806955725416214030531373877142695072860002812383437318983983251620769512415478750267457480331479317200804377468254622224791792222213794441329756824636485079776080256382965307390346443746459107299082
PIV 1 34 -17.09105261616171225274625102740431057521340280536131363039948218884404222077567145135716186376827052199038461948876265038560613608951961220076589857886844733836271778121815521297890152646896534516887060690838092366623923
PIV 1 35 -18.36777470319811730743963463194455514653038440259237612053899662887946205215884557333104585153416884521565579168110957881560479708985151805520225670534809599513825947645350158747186923204286021312488323850827045955779778
PIV 1 36 -18.24267166389672947684672270943501469557723335784396044959881211242557194876814983904321714451210933785363255040056506716259725908424691110116144757007933227357243279387904716428840132245576629555308297242855637263749660
PIV 1 37 -15.30616671491254126414167020210368421924079677971030157528376257978279284979781141928885177256740476264661523074901684312990961714338488902367899655075435956042069162313243412175963458194664707434428177652069835610406770
PIV 1 38 -16.20221888899040347889020545903490939583007703026833028877853638327196616049674329114647929529738870972082066651692777371409410265807376961362813910562639628315242616891709459133666937892713934441159221211882895660178943
PIV 1 39 -11.07488794702468716698413268283154206051924291793264641291788176086945664935964762958862563940622616546764630119068653320975514862800242871823338844813713663015163961910735517318214882663276040590410523030854312241465356
PIV 1 40 -16.35602673548513043446308468332308559266177335303057521428338514244904852124505808646891194289460541933498132570602508128096587557347748412067201373373130113310105040751263993043701635729786207872834808922017811395630378
PIV 1 41 -13.88908879799599698604533556504992481837105185390236549450237406381251249579122911266504856945032165932181405887282752885733758707592011550105663548945767150884631469673243535503949264991379907014529919539259973697895355
PIV 1 42 -11.51607590265886638665652681976284500964111366732034709307563342208840031254083857854820626718829986286957074237416235176718111745956880367181443342552878221709624843307104020196405515371541389051601663126415752384879689
PIV 1 43 -14.52140294556538340684074341610243453176129179656946789294532734532158941635597010498955693803312722927279601940134252268911302840104666993016377485299073964843513679538781087265011017070976639086426069942373061775441325
PIV 1 44 -13.31854063662482517642079630313062655729622173831132833242132839946807847037745888743889348511673846921038154895308509448433456769493139764043783706287549430490701282104655903766864170130388834579844509619024103841208143
PIV 1 45 -12.82877638597546023599977366501514742274811487569069918882294251656029018505038955590970797513529675994856446284273407878047420604518936573219545603184057046615172823611850635276033145035763998867559375348809218433735396
PIV 1 46 -11.60449769811928531669433898314939150984139919591442160802501117665914554606685222480903519411290480442493039297854962299156619876872065519544312909506134495335217443434717067677087325151267948859893404547048523928044267
PIV 1 47 -11.49856528472473451043885140644105679075359022127895581028008155021392884568490081957893856107621759674631087074431481121531735402315541977834229209069972406113352727900480326341912449964499034838511496433673339977283010
PIV 1 48 -12.85543231767242648658120948241936097806737229211481867851263849758113518383912507558968778460185703577216063043574730475203206625393156338659714751125655665227998394380611096601919869735683794249777781664033462117427395
PIV 1 49 -6.098068634586154263601225594128357205322112412982444627586078405279813596540059653167710652995752365965927637623218788685446523266088638528522276959797644093593094060395717000896613162823897708868852103545127079546491215
PIV 1 50 -10.09278824237513226675661905765296247011676864764514523538561322412473453035611859022781312967175433343795273264594004263504378968272444922071326337610284375106569133780171696250049714096043248497521336794612466972360243
PIV 1 51 -9.453900569481065461177118758756442574891672355253903462386158104707054291652020711698454605513939318723282879795606984740460647747045269193766484905941717675516990207632311749786321720865200942318205586999787005411966451
PIV 1 52 -10.98329690320322109567061380690681165516519604669419597239654914582762290237503754722109801368699587282298566897799684771633421457738988048120830351699575799766601525371438787806563706433639251925750651503361397382299716
PIV 1 53 -11.32250379205214708438523680504326888478628058190135852448748846418260323069377675988811799105325615022415494047096412776358664078375324089503448084745498908464518227176248255400699746535111674074635462403386573922713790
PIV 1 54 -7.524396666029191178331622554567684312524693854215379840576744477237622821421019944016215864392895023470831215541258752439719778334478209594464752229748101241980111789039707772832271308171918895767349264484780162546548079
PIV 1 55 -3.336631506430680932153225976743463892908529052061984073300562449174033139782570643606405891925804542009046736886697285785085215145506617732705926775084296785320533880369381074040842538894203040105985644750403846022450975
PIV 1 56 -9.8600538511677591192569145050198173768048666090884092350575199013649706733776836755275695705403962771578713383049888780540521427149505888424014855746360585632239081170142367495445371711142490653998964986265900260106498
PIV 1 57 -7.65559045870925787580339389277084741085703099079876450866275149838285968114146136531100468796437378882941799897958634089043997924940008474459324297324991386144687977265768622872105202404874666762928470728499641872273
PIV 1 58 -4.0882526941773722608659528668758508802454252368617611230119208925177346016643951344910041676027696513617769494132881373427581695542487294005281754383820572113967070791345316758701609135168457782547419884973798851402
PIV 1 59 -5.29957384832648077286005561236338594993269518033129510866413974590632876319689226610100398652529476563479756035713459205309253680087194226283085152321807434905873342742034691824402856766939862780785375562556830722
QR 1 1
EIG 61 3.870052522435869481407919865579233511795176478736343860294274813672802157073866991476691065062810872520238511403215000592224543929535484047775216116370101378645945612050095357381105179833824289609206675455414612674289936e-70
EIG 62 4.371831566787462031851063023769634419875315787771953394984848665952365867620019648408199634054633834564925272923087663607656027562450227186941962235817975005507786821471573187251673403296241709903567953797266685238538094e-63
EIG 63 1.862447160240212881529215191067106548251936324625774036977068547488671553444451467300357321186831990898755867527507348845183280161445343486084485718219965917378675965124351567233728609812797787770182838003840208293141535e-56
EIG 64 1.325484345531652200087681926079887182552260616140193525970379680619912701904495639827199085347890549788860886200178039656023920381923475125217435542797917843170426438694465895638741403729092946202143778434720168347975627e-50
EIG 65 6.739179258175539455019962309156721330314428524240653152867007863764441415017144231400287211728019693329784453286288235106953764470073628896971340443355020885643398092902945850780581282194725738898181827832692258538367014e-45
EIG 66 8.643089784521843899967603129026641525814251799251578032262517389153652430176049662937977436900359303921239292424188873856323642685404248327136615633404587603093680023029438745742367568627007548067320795136205687208015638e-40
EIG 67 8.963715411124510739163098962832224455927822086967404123548929838363492792178445672711011139134588212463600512558237805072007704612785239026212592242914159163927651403985966704516268947787011183290250986835332581268093713e-35
EIG 68 4.082261877555685787752786821725565955082095417071720243110754893029266881130356965148131249902729480374649303853351870266611186466904685277808585933961023345231579381599284007884586951723922205088336243920043057181330142e-30
EIG 69 9.673865628552001432823906951302862102676866294554266670047596552206728483992420704473527063777176758371922719825407495214083880569308814250079175215032129775317289265702161026168288784429346000002429275623401535329986909e-26
EIG 70 1.523068785621262792487761978195858086297272975637312971887377403146677684525922432383275723288048714755096856910604344932956619409799835487114664282323659917283720972399067708943874552422862365350497542385972516882053237e-21
EIG 71 1.346234098362702534178171504010928901541222696030297192237653137482152692424738480966093837579968232698969018707727666098328654710585148240351100318492157915812138005184446495481947368425797160303403370141655047229276947e-17
EIG 72 8.443563105090641148373285813825700242824667884293359353416776599914982432478540349902813739023353592514611366005576601604722015446498301541752319731669460304647056546869228740051345016842767328142590409269887871706581379e-14
EIG 73 3.266443013864377888991492812732420031927225426446088732328348315408359777978204479918965371147306455080465339083641355847962823550359973599086269260671678196490389746769381380079681893119879229587317716580096388241211006e-10
EIG 74 6.919969080070227668505591181218426878090461067197165769365294841781844977583652533188891090984237585289177876320791959696581266251983282465289722546451675733886121324525551419770273751369887261486393209953916460189693656e-7
EIG 75 0.0008052750194922848903499472315356544934937255392811853972160937441999858722376353314910383374082502100921381553201456625003827074507565793256264309200173747637840944767687470225967921297904140246537585969032593887471670119
EIG 76 0.1614161813679340195700743668821907882558094569542187961796585475223520758342942542002989521478133766302858878198752843758044942296002320216941623194550510267159842493312093430508646404384779009680092183293821355200083802
EIG 77 5.435047187999195749198245534718202817340668725923486239443152438712591137964011438905096905868365177321934921341431173354201657680774850704679366076808858490888867557611590901000703872128005366086527047418784543653492312
EIG 78 0.4712286132867719026224747930395839523535350197386647147834872600599399261124157753717061330957883921983548633922637156667939977680877693840486332974683283528776625585513282969776272881817234568040734528075528803435947797
EIG 79 0.7275800415558981069627446629315404901322788396601991630827361098195453771347587905874878844012517924452502759824354020324251722325137117325232198322600279036777372867772688840134314423259646520233950257957844215073998485
EIG 80 0.8003613834562418010668357063904961927556509492217571312215768117445456812084555577868732175509669242163211702208669163198022127427693441048340661298547450298778676246740517308459635420503860730866776602457933459930514552
EIG 81 0.8696813297311077605564983485319619386873258142103858208933823269568511560519197103807015247871023706807400414066967466491111246982205961483367571343196528565291644563570486852867490263084490634875279715332917251208089421
EIG 82 1.050962174514874761074369199181805591299474123483861771098275119142622280152586233959002012355830043231719112755626405442312466290675878910544772075233438882097114254395259126259376062076995511083230607057106440792205673
EIG 83 4.872296810426188518331611229900678321153645565337797447778533899532646605418766171089490052631966185956083230795447002276469777814495963124550050995309650317772907946611661370312640140469054523073747044180066244198459305
EIG 84 1.441648606983316484709652045551080883514999130697276721870627670469714967088945239121354134584298171644752706177350677398351072142337314660617084241494947402784216271584209805849050591720509867355688606341364041687019312
EIG 85 1.591747242486710269330179146855038020379295377512138467880571065638616794448098098381534905762636696804923974289094727541796569565674507600708751206628351276595377712968573855674683954974995583628465177909171410975152889
EIG 86 1.723748661121393202653950630405887122529335720932820730485270432697916024698845028647640306220203509951313379347172810183522330308799579439094692742706117139314375006653554120123039895570085776636210735834288934438023127
EIG 87 4.522206428203221182606082038346858033671791811066120804914623468513912977419516007949214676230737064210784176903610812135605599830349353240207245930822705648018104784456363097953933954502341923491174310207883117297410675
EIG 88 4.378337540673095447965683510313965869316239331415934332255341111196993217953772895695622674004191806464580965383779130719617145783218789785587969268616578782057414905872639818512956425743315939847719438248911127835952812
EIG 89 4.348845197416153864895897580192229308215244996964701210177618410433820492251687438132097060345873151310072501649720518106231957061909668111531014349146643115268382739426905908087447987538964648583807263199779822707343298
EIG 90 4.307619391589246931696973702638262171339859299254242105251562678202915366227618631026624034637468877881671470093309999284044429636072109837878786597584315354889897111061250781954182725435758741172294585501758922639475072
EIG 91 4.184630851725399057035731223625287682307625556730915636342827276702459854506092158258120787189079881127837842011889368795290721210991536221053210348038268383216731238632572182732641002686823538533270927145113125702084880
EIG 92 4.092729149971597847210466481897374320608505516420483759343097109434949970531658541112436055311500417839634409179495763053644341650520273417691825123188967902341417938163163013263886612141509322639220254829151087748436920
EIG 93 3.995631770370838622626012703402239286288293638170610535931801036995557617728897758100933279298028547633663039702417060057518517447575338788376943882605087907742129076683269146926760637836056142230354215292610452243328034
EIG 94 3.877633579887185404683045251774659061266946705627129476771800128127089900933123010250631034803616513219619426015439785955866728005714953760869978331599009157458183021224099744482156781700566797987338310424539482419939105
EIG 95 3.823139905922884972200415495805475145723423569170000559955823683708473043324291736679596424650138030635437229682266999799754403609307693413446226465908141111243605803923443610171157285567551582451104890204304589333511491
EIG 96 3.715526496185382717823958916047903969271879297710020015523362899364659795640544227470388663402841648352288254178140704180960276522477495468780051065326088814193800584805964435203953635912644387469257675084092090560273557
EIG 97 3.637673202581146459979383357938701517886759220440491394842159225142625462957867876229706418857646202204948351319634112561346953569388458505450593639680843220239724348941393907083122676709931640037212546229528568505221141
EIG 98 3.624412367040298931173413048232982099112714857432377149640904446541359719084280841318266372656789089523451098867598316835343380066683370091719178371428286496891678432563687139117459473529813906205255820015667642408888187
EIG 99 1.899616338817685058373756997538809513078743789842341591888131330808543241538429817716167421523412390220634323412888223945635347153276217065061579511860247410140615100794249124480995656901905640863293890068151343303042027
EIG 100 3.463229109391329291868121090836766710313963197916713189617796568057377379397441469036065031429576511009572260914334237109474113047462536236744568068732166723171556683884630499106330511461258165532790749048668912113906416
EIG 101 3.333358981160317697629274330613555270403200769126921613914949464324492143715506594868027963931871503813070479101753903132369390483915068371450057870138200983963390510551974024068626808025371328243683813118877018444554579
EIG 102 3.326798590747643459528714535748382084028051945607752741279078110884957165576892036157834019494042994380962470199691412305631066293066403887572978416277684623627101238833264469385278679463305543742428148514554631094882845
EIG 103 3.212259926877359755342885885502616047739203220660147469340206369774435657286806541351384687262794468162295306083193839522671960529567801515167027241045857832252310948232131323618996178793045581637912532699745457251167643
EIG 104 2.045328187959189056087693025697943970736443219083922073910512939810373908943454191782428235510203129101943563980490713475839038786793948107362990333440172240184255755311211678836739452086732572035627025399127748744338909
EIG 105 3.145181387433716055928054441171108371997860356326578948550271947892597650619590520003869676239859834377996284208466942260960174581977600829817737653749235640942191630379579428535188873459562252289243104574553898236784977
EIG 106 3.037981771384329750258890905575938435332565744477755952606279627298495116679485827497982994213891420066330923454719325250317733101962512021947973635482279206008475700079498931463595908793874642118069627526268184476330669
EIG 107 2.968209493920145095715227083545614491401508189008456777153776176413730836664999453957532654030119635969504249848326326371444123446853619644072480150222392357497403291192336705672677449114752386050230298214731151239937611
EIG 108 2.151061474044091970759490439572372029811734435518811467212912898087622348036965948053434314436751963062132517844474620225020051680014760168851132193446815157448840947898947110732173901362112640524766656286246200178514926
EIG 109 2.194760343019950238126078127096100397693163747328932162248974589694339144748342699218300714618834125406787455776571595295373206548309399048844996364383977007656713900755854028931400775559917145040697469344755960388121137
EIG 110 2.847951328210297526927989019013065531416947515007896655324893744975463597346641361210185038775427543865485853871806849850616891886897624822880394560169525044916048578576293054822272144113098744736260070253406314811045823
EIG 111 2.326342250060903201475299085553534612155508161532039165211804096658997508973865669051701685665211054438968056144449818319433162577798986817098612976975311199026951021083751824545466584324845194551660313247498129935809101
EIG 112 2.749313421839835061114030504572543795798934047277300423895809934879047380275893995158855440507309272301029819088068817618709120570141272610386447448972684666044493518788901245850388386575983202056784631540383289251577812
EIG 113 2.709320971582383631135726115216858127706314629852877696256497434209948626526553374424787604340301037344149239455045227399896209669221196441439727581156490548002013605789872764584854376879708406498976306880074063030911873
EIG 114 2.637623457522274943453985676948019161341847976950402055831884563251172360363394476513727148977767972392071902304016038721133515831364482805865502723157528028548257465072059355544757915548653958578826614326979563711646026
EIG 115 2.615960858572192995001494632235634412122089164823760016154650727981748632065410719609806681714764279815986460548873509511760386894961930555336774051213773374533640195881253894893380573211171335855044673077162288017222373
EIG 116 2.428458978200998599109357447791462615012640887331196799996032723063565221234822573853708285421976727203809110887147216120466059788418764905828794740533244954069482456332598864319209526984253893342738284555498625456412447
EIG 117 2.481166836135008538312595260828895267731980967062542831148934454567305163044093327368940577318052953457427282486337496614796302215705771502971729833175610741970141818502805464009851479685021111201171290711145298961114670
EIG 118 2.505284818519394316608599385173375786693829988342574849548108379946159886568610173417938688258791321670239878364507972097630581541670980850765253258091977768006506814180626018095653637278226892053024726759974097201392857
EIG 119 2.514325789239624196885523459238315182608621248254107207532841972661940485814191960182614288112250550752308566955821257970883285284834193355414161710644241499623335011512289664081078294926912531567961052752441282665060380
EIG 120 2.540836179406634298204804608109868241862759481054672338896836208840121313196644000527195157202213698537115611554975090787454358678457063575149798954155186774149080894626462030759747453718285084832842909628152228267552166
G 0 -0.1328000843356744871163945964889422547146761404173276072408396604110079435727550775435338354880808976295416893385377934004978332421214039315234861897487798362107118363965272026397432295914947832618000512361529465802218197 -0.001131802991104051145977272154734062278501395887673833925709000431927841575811779380780978189363559360886924555305444136882566982302705080319512427608535182856625966266026553767686180602857720096305901877349601352528233446 -4.329772346047981228028178106595681194815614756470155338155833859213353996882386214781825258255168490653443180130572624033295664110234404984782671795630950917361713830868684874081380313061404188925009967342977451485081308e-6 -9.741501399338200752953193860007394562673669513313205708102694067713012311602459537881797645175868105722536931004014693128242957465364141370604312185567186865597922003612601116470472648106033293433758786423777223026123127e-9 -1.410652612920816965225394724767231396944742322735290087081304119407570605679537620300173651909832583533967371819261993947746023927360756340487438772950517767310084602687182877676491607553317059632623382849614779737737460e-11 -1.348470039789895773975160677134656740139385582577498813829648295962933807766099816489236791426737976354385492850787709631483934942691777453426232507082663503263044160552544204510762334545089706532565845286436943335628795e-14 -8.430940972099013949813658210304672461810572244784113444457273818644363054010208375615701561655098323031388878750514837776000125050728878767501404591337718895088239170434806145692521327053470499912593909431705647376144960e-18 -3.328138882588594526099708302412229949631154691731787065485187165589239676617783734630725713014840238185685750906294179172451117797092883689796614025867713967540492506927770251880850400521885202922086843229433881650040676e-21 -7.796939332598309686347822823002025774492353632456867819021141438728973649526556345380551233531668300488433100373954913801599037724937346275162029418149872604181726322604877706767887685643189247448099353715474414450112461e-25 -9.847267097420511822570612546660680260473990933568697118287296338841274881586820134643896405269137007586644225490536352689301245448119014429754600950345931258854370675092184394861015831204266738590928951424329571879867872e-29 -5.786657188553259161692674200091005496614597245937069222126183331001636846119726334647469462452555901119205011930715956731073347578397871660358998459402870722956233172563347339822000827433530894506906498211126482166968082e-33 -1.251988411334077247959597454228645823567867017375106792031091677638525308870487287874508944023935238859036407496507678605754076173445744336682696718873599675196802146057493297577469459640715221764818139489269713493001962e-37 -6.668119907642714883674620549730229972539267337856474362328639774088066577835274567437423091376939860342952501931233552935034438896187542193924868967400193656060018984744209403276843982803288017876426115455687855948204390e-43 -3.942509289166628846762632139168461340746523446980879409325666396896491790780560691318230670842177346774440688380818193047071471497718163561133841811181990917972627607694334688684626858831190433475710549359738468418033070e-49 -3.226501191358083746815060394129555927902622732687579633868914458761600747056661276634125302797396384096122987357325074466469482411738548156225963848312963615040832482981475003646786234719106218409588407317067330741713902e-57
G 1 -0.5999826131134910759000414510226046879337047586779913144711484783818985598601662318429221044504778743916368915554462573727403728704395300957516223104260670886333421902089520086807277877664829622308058938919112010983957055 -0.1900118612996553448579048612490213847660993988884914419801190800313023556168905725205554453509196800102272480348991869879912059049995454877603820605392453709636484116654403447596563736247085231874637412871274086734676984 -0.004325241280895104942775873725693121983973397802551633476906749282838329726428142597675292211303001710350528419523916087229746280541604064279708526368882317472754252181173832903704641406715016477722644209033825000660168262 -3.473322236896838654702477204238453340305884733729122149292957905948298988715612965675869508788878340966112057969028831971073218059651526581778025384036643875419825829472405222995630294630882952443675447402184757884282863e-5 -1.382727511659918104731357413510869804069829050785344279322016907450204940637287527240064910066218084551208995843698840505048852425456187795183769283730555418085709340167002099582838082382924669381302833694520090375082679e-7 -3.098405670593067020046198242809974644765887274395965001278648982893070080675848126716256880338980833728996910641788163839468778660295898267468222187876385245197738084896296372995213949332138267652541469781311983411328067e-10 -4.083001896584748037867598427449397098441767105227649327664019148981934365081778422024442252981965116500073994772885768865735808158068440505610753419846126749535798772184454251091934285976247393255186203392571903720037222e-13 -3.154119301678718741478740788119000640365281243086177087982785289922576767876555465937778276131466113022629634039453607333972561016064786318092564034083543728662714447515456261014887367286127634954557962614438535439868473e-16 -1.372129628231023995739887423933640672834725554558030334427444734989832586277934987092387266477327462030760853733043082384096904884922473955777471046880830452825133868225196437986894736324599208242906271587066585306824471e-19 -3.104280899750382829919893850686296530362778942296645887244586652572891434671326236440247656921673435923187271399135609058457188787590594509347920104992429403790407457474507863292997978859161979700282928932387655027278519e-23 -3.197283783935072829088319234467753372544228896478348095978998541774901398884849607495607904369995070143881894530074032255661424969891088486512183867205148139719345508643309980516402113834295813082783622359604027218393162e-27 -1.203395208671454836911048930986537811356859651462165372474873732719694002816106003610473290157349345657209930864200206210331388911376537935580577914668110394905239850716844539152858721639440361526786784580511618288984255e-31 -1.126470384383790984120752026082452786977844783793340697185489008050184988610909618477474597441078334368865151604954181060235280405761786534347780189261623616201089296535223855291999311699875801144051260451721836702864901e-36 -1.216989319783077178890452636374611190934550748656206949821455767470363906991026947207997458484438944679653722005843406090026789383007989900330375305086411020974645336709777360391903256086747429125323229033264643441129983e-42 -2.024088238160977220730031787950031324836124780715714154876983060839921884153599460679141265095700341252343314124541888741499009686020641752882669981100034130245185731584070821210300662603766906474671920606771967858084003e-50
G 2 -0.2861634905365443476686715749254908312829515564930300214874668650500749146596808167429208517507964658962158039036872810986452976080428940228200585653838092105295943813738016438843303441035991167434277286564879505391313942 -0.5137773513529758096961627330259759564716723457743585011310829449674834017009189110535797107977452652749399070904975000118551354038800653918718350720951354774781349862540469700210406416500360345374794774918825760109432981 -0.3005060594735728399257060755711377201875914636888377321560244825124336508573330362008517342953722294988196619469399662187751336905144131925887452505368308296623622240578731190266613675135614533796596201691644454958989938 -0.01268947039143059562665997887366006159109602030375118043889469222286327598575859702204630163482476166782393527933862255076685437561068752973878571986524228726972951418205600138237014895627676288018885448572543207247001071 -0.0001690095658208792375549527229678761454016758309111437597572580139680385436945608638222891717496890749309044892588997852375832112583103576136781791666958428301358841780289829334264599560702841039488385155100558399730314658 -1.003455123705822496905895493653424177028720981290209548182043173745486373928554512214245350332829214774940029115884187182612861977178617971295382462316853823053639597697436181754203344868335389764300940521465210334832455e-6 -3.037071324551119800980400781213763508364382211144402256781360478198876498017909782373774912612845308708358097123713150323174373945704278503429723394327984429460848106156515482462923647044721064924115804933447572680217461e-9 -4.900875641372038594935958530412185319962398475444685080070416432967310616033057418958010049962766886190298985589222919273054745270665668818044088843055931378335048751124489520100387008133106393775184392258999164002247857e-12 -4.173648834471516343355739477772740850892352858135449299351085980106010135496574191656608813394136847163277649869501471523159912470392461185476836310055545548942689474257399364564201374386509376132900335174799338799178148e-15 -1.769501328671122985594014225337632174851569360560408198290887052574262183978031204226759178566211240321717966013500520772496694666340793669573982272631682140015324787604044291583865592230672774665634221156586082236187514e-18 -3.326920854587787021463112209766973144019118727956374080132584457605457728861195490494603924169134751799506749175178066259118013249148109152556743717537714568734090297243759794429107505130758908945844025664855555322475219e-22 -2.264618190247056728053907458824756179828246794886039607586210167962448273133999046107958823259688554200170750026447162465306807740491294043172284704998728493058795247675146947484251760316363687667145905412262024442907933e-26 -3.876920771024654700688143674294601893801999159537987599311908261575688944329728817225013387171860961757151073289578838233739298829626629152503806292755675359843198273727554991561700133031662646186156365042070957702704555e-31 -8.003308627689101610678500671741129634589030115680644207469703133223851188905662890697404081417426694749044927499045735223650049236657920840775380658272575286676522087557456907830085386903365053732184134253046753633236503e-37 -2.868854363374947218551017199322790518037943629948642145516713591859383701726422124365982584487942302993752067596902315725451031098066116976721894388663677741017933262852196926109033331769763850269106269675625612479646357e-44
G 3 -0.4804468583272806400009975626121488325819881886720369924984582009646253636796947848585454576485595773189949447471015705061141927715895846621467140632476087419899339268631898448003483213972379182293195084358282508879517928 -0.4671430759569905499126656686753038962073607066596642374406426302958510323622610737482327557421658829525539497185960484971744582455349612888927106478224567199920024651281617300235948392456331342618063832862435610116645166 -0.08721415520768417222819417802279588297112854180215003261664563492471558974336343256951455464423073556271544721143274911911783613326821771881862459594408062377136337790277029528263375898765987399784901197853895504008476119 -0.3832922344698718169376229871540606842285563936829550104264732144041152144888200881163983185537965459539547814568832717167967549430328110068688536616755345442620999500008617309243018158084810995260412798410770878829342159 -0.02741481336221021597956068691799319077251903655225082930525485206511950070135868788518767932458003444104349545134421199318782704954451417691375706189691702139251113085239239552402109460498917164384663215092066310421177711 -0.0005387279213899246030943703832894146962691571521782386788205471085258445539049925590406490070749117579363073947856844910667043876256162491844498112334357776318953569477707180052264766444631819498807697027004043882918063425 -4.272736925907117030408716218392727138344043965647192146905415704759575535148130005768867562267998190744342294085081918559413138115553004851935189976615905688371054441916336013630555644023388828253689860420083107605197550e-6 -1.572550633000119031751601512532580406301760510386762912634844866468210474728072248099804554713568182035319694017655656881580725147389145661451304255893969409348345513386216541075265480790787539664481373089834436809679204e-8 -2.791472561477950298954525162204766854563161824156122372200118050756671828056870407419397266487649246667174310246113758904384999095882645550940913876107951409865305513731409629809567729091413688795984848256596405025892284e-11 -2.324166539956459673382471661569488444602364824205870965113206373039009329975396696771968934043185546381008165800943932999896981995695227654238215760718611611302319915299741717704686078144477872767950767252047521271073977e-14 -8.267444634168467013485421449133203824677534731719190479464930562607023970676249820700666902587386833510550434364163575566929079903265406407924487280432836532296172935360023344680842643352372416714015036234982657120088515e-18 -1.046287523932528323114476319344772648601584574038271933092824314954750345695344051277673998005397038279107321595216378352564678150308479228340860865513226333824233384207099677501561562522592089522187189610752658227739676e-21 -3.346269147804982881798732495556007361946601992107188191034970493892775411682647693408629174581620842372584188037480469723029981389655471507831178582287523048792322802761917446080007747250210301978469761014560942194105005e-26 -1.341413682560396140878877640912917439629979036021926591446536969975078826907496702687213985055515368820558746344829083720401237995580086847676015942181074278923940444252791171168111336419835674631517859997883872347900999e-31 -1.049006824948728339529974441987808718632726418466695959075811914000595077580612111156851741976946861796244716764990868453432806606855206727861554458671382736856510508541960582823437047944259865040827929253225899095323487e-38
G 4 -0.6600312845947874823199571218667104237167258842088687444244547427608390815517870414434583441238073070821936023052936966762338889224369722281566780043705146557191270045055984113748260760212078231640271984984264939386837526 -0.5024851901905501637860608807148567066863307741874182491813960183111324217578588855363685622709034411957451463039129260331797162436075860299198721757089675133004522439229554604450370871383611752859842864960440831002771627 -0.09540433278894857623076751262960698428434515767472147383785997230952326742291871222897802661636922612472815486057263696917760125480471627626679394144278322336857029931126902356668035209392885060846244794549688695476563827 -0.2485817087790974084179075877954431801338062270329081529695053428623258680995801289455049598660480747232799281491923143730556091833712531457010642300314376305938067294301218617658487160448017090879268873379180738793912882 -0.3866953561082465002389340861983683925673536711865405335584960076516930798496090978700869598251596329087186175682835308941171694507341673112318912266724608489447894995484716403680888743218362751524088100601494274199572786 -0.03587532948143012912683937206334645557658728124715284823200745307435494118693790291221075381000444491921203709335525991241945023241446243006230234979474013539375722984238378292718960544739056612917503700571197779803810642 -0.0008914296737185167793923719660075668704387759761757912860475788084970717816816479513340853171447861008887261514800101114131119255531793957374761686300494054426011347435921920972461566995061798084542596444573626418015657680 -8.363614031109488528908052159029952744447929281447065944570840488749640317812143292034007833606547833367818324778165405009455135867182357009478354495708506521456956166203816291708110475864286804007229383213255811688258812e-6 -3.344300339492428146284732635049359710192239357459482609960122367152297876329580888766856790444763918583973641663120971168259139403615937197551985119177746229070806501863923948096420977950674848777057418555528495453227307e-8 -5.794772494020913056898109366748024222933016494525751666924072330954806741650292052551583419463871771037300540632302520897424543920386370328670602154454162931516456860198821043766616149194978709548927421309978753504359838e-11 -4.081488077072646588241752177794240510381796680068934206672290645951025076068170893266478678882823481108521902543690719892781833178954802298966827294846998560486455264784891087610451468086929315116700865292549636721657996e-14 -9.965144099256536043199267254527741490923330943760997404902587905032138777299258163534624668869635324130976756069865183511514233535565393348577292933694677753507024974595026118853109468838531516293143845729293597367015813e-18 -6.140863016231423774923192604218220493992533123313003984702998945553448080697286559466930831909670971440707124002918747055781359963907169025351267681374973727058869897901985476433059690402994990634795944919822580136019384e-22 -4.908284096279678449997856009327745575326890990287795450238406422366407798936334934355833304637289897170804847888096648657918529206203658365891439802399650100306646198251334508715214986036795781640129025442415542026559453e-27 -8.566480404235449050477098007250159805477903348061495870271156747052038178865835862913958984976557668522221450745794983151608576265128810873086635141610206417996236471369413806676286060549134526091545424696850932405497467e-34
G 5 -0.2111027935238890782451465564071913277703137869907874669685733049603922594217301993808592575408774409472783904887179351425567611136769851880502223566955498965845805195482614726598623137499692550810060523342001012382685266 -0.2849595095786960549850043120759934738508656607731447247604029544524712486690547619589831602346143299800674311407729756528264449184561613485707856657277658069825311954644756752188419622965903913800889980290271230095130323 -0.3165150784760562937938544679370792900740036292633535914138052237169675095137890091122602220558247473379187496973489032668537685876958414470606806719094144345232839919644575509659280071628265311214964431137936397707976882 -0.5182267667157211302700321565238945698321251685671583332769331543285452980928870994649569796450132012788028366606115571170977925015122344608532719348486168122160181517774348316452202546403053138085218434253778137472925187 0.2963935201009203318608978165079625468633150891190524035085957221926335634024074730942185468583396451134291741748705184228818658943478819257098526533910607130599860967958749149817395416109217305722564180196144229283051363 -0.4918924162938813274745457990690163267237141523854749884194547460457532115535501623819589253626608757705342811226222123775546918483184529915863330944892728127383535938572468734194783653884855216085270744697643898943134202 -0.07066655803897747009082084969928390096778978196208061376082245452950625911189077240518229559924534604949084964777610555329849410946150641957280582015833750506267081138758502280390814838633437089936269620249147131726055329 -0.002202620367262244614953576577783374205228168456100150708022476289465292013985091610345081651696271010982106056580137611077396648640469241331729113630043583384391148380901609626821559581762866305548872570852167226115001211 -2.311872624448176841767142430184942053887968534624379181994367963677969593000594887928115036463042860032444744965341440071174735473399398692114331460800782938484103699084794677474700374887757824843565906806968588001782199e-5 -9.227861640493836804627799169373097169346789995764598654720798805385935801551172000291960103291833313369061919916276032141289201541584174005070693728133606067967457099116432636829899346219486711014847413348559600793157086e-8 -1.384844281944693126553539790672735070852716052712165716855458641406702282649136364088742967584335852693799585715459081489239543518890931004747019156298311914174742039235348509754319624300998593437252238834843372204255852e-10 -6.897345773235766766759185006357911680467289769685706165671160884757334226168370859603223142628694604028972087501572423242822502489390870382610076715346318155336440975623791338679484387511052831321660811569038173216417802e-14 -8.556057138364838426489898717730990928672370743985610515403915084872903275013320171010202330284039273157819772134721598194929999248885090081006196876144484420371976241497798327998465296427089525438341638244689881186564180e-18 -1.411685258568510392175675748751249629319641214243995864483673265761169895499969153338810834945166360673321434326996577799587454071486555146171173449616743732239624047824403090398398937896974754385120021350090025812882246e-22 -5.653588762554014346708123767091073914509512114049309072003271794581113842041628193925897368156425727997432749451571717716661538452093025958102049060815947934814415419165230923297578725048174612467942519763402649443729258e-29
G 6 -0.7541876413473222442937235289464277925915424261423683484133652184131854534790545478967990278255942787112723621864657001212008941348990129649429177792383034924151811320106325392304331706463240198839936188249070163178561712 -0.3463060022284079913821437070241251834079304502372223751574786506924760823809518546253703232043294855087251251748967937600862100308371275559190340183310862865109139331762568394375905497304169068757259751438068924654965891 -0.4079567959041045062098062654687778789361108429577219835224483558514418877224677560904846528254620461329873986246307503192245894880461529251346249091056895415881045445405486423150052996542758585541268266748614793311807071 -0.3235881821482285196863253019342024207704941578405792974167593416292224425269196600507122250695931896298039990591311830501378875944412516061086498460259291096126125416136358129010882661939261997136443132326096045224907498 -0.001921502665684747496500609494617230951997935205850697677655174082398333238977603686310321978164870975182949360577172353883437301493707507934018809956832611554866938297372464335132126038271477610629653481122454542640162436 -0.09871597067628819908925859658010310670354965086878031234283312060131739727730925400844946397174170159165736442365656381954649661634650572637976385482286263341418469899038198894115476294522305351289403553707996852345253590 -0.4541820004322466587208097031698207239652455238167195375826123027747763889355775547150060555777365945407589727425088597927965349931158406997052313324639428509834760995307608204620581327144074102773428071474708015454356784 -0.06611970048217105662633441747521702289084521527676748514674366960203642373987024664807650520073463671618500669240207339701926903213184049265210051386041584227478008612643471935891964981333028363154448209970367542718099761 -0.002160506967560538114256504320062061650356478809013058430478185383761645735130212310428115229822568342726667806880797543854203430417349326073284791002066017852756557206753503516019659438309704418523166772268727138415231809 -2.219108019113652649044672428126848959426801153626847906034088392329335917244274576678955246499685124480736539096821750725135310512017701215288586444637023169880148611345784658601748236061893850916788679592955751226078319e-5 -7.711473713252046269591374581937497067590640719150899497118946198912074168981484201261366156793252569249987402653738268758755844632625610367867204765458851576347782744240198271682490006281340052227493608808737955002269676e-8 -8.401756676053644116117295071853632256329612967951347047473708168535287896577554636951221322770978194508619567627819458175361537250445723368140665533880417399766337798507632447659806434127949844074437279225712553828752584e-11 -2.238916753130464554046821334407029077881454889687569893383765449596505203316137583810074129751446509741408096300636460763081231615254420318104264978964364086864755785378010800485527083137136507635234857417731221879693813e-14 -8.161999245568771823629082788058259060589004502582975213106532387910013863931112388695351538623427774769068017941556293851307711820175428888603555326360076425609017645105269139132863027501040352226365910585130865704286451e-19 -8.154375315166289216099459062092388551723396878059642102272785719529168881244460087858254567506269124932472236386864661447613268491870354355456320156586885113740850523230698125106474568398037420506853859891911444787577685e-25
G 7 -0.2050330828601298672172136327219063595961034402960534135252860478488372166603807333143204389617036325867974044966581500388112657484224169338203663175001472825557825472230643421458909209320523329478272401418239947608214671 -0.6966970138104748198665024494845997220623081056539448935196990109889790328632935843022522071391046154089481213840410078597100279329563185004034531624968015206658169135091461653081143452204032199231776339190554899931651945 -0.05649023668191855717514400014907509849481060251063781615669370966978048153457385424288271499569790789794396730945691271016093035430374212257861743248249461377511881812364312525547906981613729215736691608916416184180828020 -0.4674828042434971298351704064589923876476793257474278782077633921651608031195095897866725653464538649785897341433527059392441007159540375120232622735230263702637782909161352832408167918397629786389935528370999722123932159 0.02524688542913536085977470833140189360030888812325306792944035140331136412179548169304938658936495175912396785197032703494980631472970062912681019206397859415619590754601842843695118402488948596438558764121677802810375800 -0.3963555293399423035470706977527625125865503235760743454456552816143685799261724183027299725053563540710892779572407369744683414199479955167192953828050562979411835212367126251419598853182181121904458631250850106265268616 0.2031801271845506359360793312854342414792205806110477718863902190701941172935732744613988041873267306190930253977491888656672084091978872621433550850126800292646400015697083925281823131783369126091233815383061946345437512 -0.4534001517448137750142301305933039005571985614849523041430612325971534147006066115224256119139662161689136351840449418853189641211355047853497603678493597974041950362180933309081998799922718185591888544329105191077538554 -0.08514568749807821118872224589670702184529009808233471552490858074234682099663398303129319069074808638215199924998599953251378255515537185508479680155027779404727861985462376097131193444749355791442862436308432897742297533 -0.002911077275990458774703111560821649914831691025827376731094262922061094282337828617435894749059241667512888153388694435766431629526297689664853715978363900544359520711989926629501383645714168076005764496882323284618145833 -2.708208811520590854498945654270052725417594186627053242785250010089693869427562878997144049776191976394795227290987096745340294838915701287149599284972948092750339318213268282731982527212210837934224451099668096979812407e-5 -7.080355047412910826694175915275826569342964492852599452303719472612026807618052339721805517651932674127779242788731244642376193876331891907368614138180780798525337439981205474700365277818111971827279852448234134136541345e-8 -4.311230999033615583779799701155769949031271086812078244914125853974518534084362510099301274269937102617634090082172730106626830195590903813961590635562983068433654638632174746248135902847040399389596958871963338622246147e-11 -3.612429013091578342005878055706741336926593634070457262979561296426124301651754054738878671010310422260672755780158881621813652892054019158112512223859540845774348363581753113524310331357764225736611236370409483791404571e-15 -9.169921163606358830584003562578380849251863335267855982814690269008176566547725671303637934627855515642625504942807365534814748507512411313887849445571196991135690444316744070204428216850226583970732130748120542715798981e-21
G 8 -0.8884303900046945154963708961228352732435116559225694994933909884896378832061592237415587336987685819496524736106300496038054717432581311484005074867148959760118244458341550760003576273957685663286661515443037973333012335 -0.3080777622601232657171961341814895500899353976973458827276088359334735262829683083718607195318785375869759159018677275894437860992278659053729035823507162835841987903285650157414118169875379769880489910051610503271037278 -0.1310621943521922944517981720238270741756619732340718293995227129769921164237936378273219680973528115886572653458384100606944711566191425957947251335459299863919534627034874421963007715893812320740623299673964796137238266 -0.6740580421821537215536576666666538426919892870037138005118998438195826414398725951737121448523867646164115037205146756575017067198941939202665830668588414767421532196578012914620934028155666771477234053367561071339825318 -0.1406762155813562402089618997103202671739496619383512153887430488805144081277371450362999744228312401744672746292402924635395761171916518769259529982194930853373267940680619998506242967412568107767011094008431085427406933 -0.3834789399699944542780046145539463539346705688286349604776830208018141316210803768084915150965769952043674258070890799431385204361514455063122148314327993201032270464803552270174213518271507945089817069808681357388585719 -0.07281034145334540883114875462109532679643505181493901319482000227623972396609650319075958738426305549877518723141038819956540090705968374667405316845594398875665023674729589105072486072020620067285511981135023334800403341 0.1085737527698804090571831719417731287132092056995403863807426100595567768000854723071664857693669866197013756847108351338913195466951769370700100558366340258700854569546824963361153865560223719618650448811072254562021235 -0.3567802117124536336442403773321461243472295328377305214626873639405254708360147208631201502292295315875165223284548044111091688396786219987903757704171421326168866114689591223481989238349143168258814801233508160298041643 -0.06936168279941915007741130623087755648043237691810334299602494482971882366337039821845419904752804810084462005413039998792101889740219206098962730417490193207577704348539594192550999040539051043546401934235806033473651720 -0.002182364126927717944846745548965262746996992987011113924404722152073440831552025715500222376481073389694858052811350070636101151737055817626424088126031711296246889609296333832385898810617484143232303423927494561409535650 -1.578988643250069763748424937687183099765514111790278335840055637818455449489509093611997582811226285783745871144773970881450666954253893861975199131862398580704730179016606101071748840367976563036684976432908380504623102e-5 -2.437329544797804098482618111956716874359017538963847751683009072980813746721447258285639845018117348656631398949294405074707575132782446522611841125841683592802118236736862849431667215191797352149134444265733087743172442e-8 -5.119555845982870073299557309215655492408241953169087184752090236362860631188685040870482435560238693376346370202440221693141488553326187847842948596558365943726092170306025474643180135291757260902055006660217864692035104e-12 -3.596409077445671234627603958290377628108081184890882147678016081263970426154915360179663305930212492203146194664603524255613830547245310562802162481789461710881379096420693794738575845619550354259081722899011148621894517e-17
G 9 -0.3637472478894968645614265620815101840376021232102284811748625180119682161795973638519575516785643832222778397117227676498543248940237581794964365708039285260536309673001906447001486967370432315977612357022024969885707756 -0.7181328565692386478240133208405973641118916994342157289941350630878162480445813669041412305597088202369847842257588534227538565345754124042322358929677696653392707751580548486973046304454316626561674064116518767998736082 -0.3560337736763367992649443939982086690696728142058596050989539215861117193916541358778523088292693544541790031787966158352828783266247494974951358350370616888723943003840963044556701737585554722746947322454055620564845630 -0.07089502577663911497191163910072436562772392315428987256772390747599901992975121309063177044275900853511259856888210019339590429910891963239910046578990587532963360949171107900542033127271768579156610762813016395527474929 -0.1264662087251593202767000484028464615809539357861459724973866247402942113704897207826502352081360515797042928535912617728586737451080577889494027995324744395320434081350458286878875661128607254728781902182642417364920264 -0.3910633457437114572292712212511619867043130526391577198047737800039038858387735299437153646308647977356689408124814006569025825663556270023513307303079929548629015130248325455547328411258629095338866788512898761357255885 -0.1630383791821286212452667113977155200871208205258621422542709276836916359479284773952579125666556534375001250893409120919140785448220328252801267597499275252884541709604009059226022781064737202756251464323885856160021816 -0.1692112230005180921248800752380315263079326633295145862860813558921112991646123916168016526948864281104566050791508304315945287856393351426250062319707370021368839467186302640068404288908279197875104294654502954370703091 0.2123287526091393733535796919871426089573630202719790435904855363077204355223176492570665379969929710907117834793816156558077790493210020964375442513426554782924654282896182716948687287336866418620642674336703498510451339 -0.4652538788602524109767458861235464820608670213796234712101462571333605858085505372045096205419710653977572724073026794696594866101193742683696391206068523811525927755489252648169242707027148925961186986329073280438895975 -0.08347502169987115779293726000965130831204315001129815166549965362186019493272388257201740061952443294373325643955198067426110038805130750551076774171138611194647251324244924060940327591082431527214862038236518781315924752 -0.002085915876111295755780127682463123329352553373829339858188650224909239513639505017224907078606201744384922039240865466511402758344356891362667981207491393905753084171770053868329661140702751223850595736148749568875640826 -9.349184944140194746068964799561289473726886248971382591890659160753030203056339528419773453445895287488543175954576422207154192811169103396651630090806192792827991033524897352890906752912700371653605724774872920200215832e-6 -5.450526869657679506185889982131471039435508805206013426924336636096050959961669632435784486916458222649120957514567020031501106714588310118967721993575936849683049699259998103950773075987654226691148323167502998414138520e-9 -1.162461648771894401878830164195899522680069360721664182126841013110084276396317679470233730501402506078363287582416689487081011491012150175174140811541874490271193396640041020616275055572049011459100037032984725594763634e-13
G 10 -0.7272228771776373605966718903868309930140704812902871659893797190956255028512356218404756627525436261612616527298433221145896131372207472912977879234534188047251921123857513110255221408986887403854132929809089010686579723 -0.8467942875043767704545985773161309902321326219713077291308429168110919171692240841827061613011281942467139218533306854204329635824864318638071662120903245751579399283952828266895586481200106342477533767025191523712884118 -0.5868888477224317789516233062163635047339781839391295660199399369686974047553643215345484713605277295881296431142057555195951189942827890742724964875344121122777684590775893470715256409479569320434933000680192670592664239 -0.1581379931646247869061072309257968839156316111914945985553568151438536090946884493131979380613374427078205290130351879781358934107055944730087076543442429523702702796572604385072971543083713352655873270187563689580306292 -0.2569678272822223503921495772380658217653187788383092741430864417734450184108000475209159898879730005785213154921612910751839103169966278795653561733150219964379379830286428268026502368743921691185704619156917655814387185 -0.3471437889527988764405712651383311930467004595240462673357649602623811719356727722888045645405924452167007303266802043443802160553704195262561393438352435014404692635998746113652051154717203599907125934839395109377600814 -0.1290193923886208234510661053501965274842468077571686859883031649109604944126862094869132142173391638409060302905887755334673647147534095896998619997864080743014830761982236757669208044119512201627090382784655621311894583 -0.1983337511907841622750125467589030484843724735265669275253104677164463244052369770900226468368957052215574803211223275862092318673071190362154854455960911849654033441105073774837541769375175763389405683736132056679323822 -0.02267766979968458107934210649861234573186882293528987454274044183354259133084657277767738002997481009737593822157906349718582460301075043635665970188021044532840946173571669365071245140417213941993862972039098527935771080 -0.03444810827041840717676677834254356941642052813055321866623136158251397587236736009638808485569066684212142990605600586938416382764361104406784996808104393925985255059848178579754684079838243935461735798452981985149350691 -0.3448467269399567532696108775171173820489944767049508545994370028311325003709110653171730386096713557351079520172969581146504726240967502519645889469654416581276737682822234610436732725199131379319205572227563167129127607 -0.04660985630619873922061500438290953066018262048293343630650973067236964209400751727068312624719461853374060031918131751445745590738974874831097864296921296325591631496154722117951907649579221392761322247217630531804700852 -0.0007488626041518537217951594327797028748682491914813955636139744907907600454654438535030791564965281995963222899775486058072280583613143474489082997681413610898341784320075699107826865267088781003439311091417490214541734418 -1.372558369377613907341108454778969649445751228320984104536189930053859089102773835683506393650648887859344739063328096067208740346143033832427544690804780365979613712026275257255538773787489783943195064614953521414802003e-6 -9.617701449863829501944560552441535222824426294377981229333430586992633713848147000362832003077280939210861829189107461646100489420988894192243342792170267321888218620091585281166222961166059214130487148068526231327379017e-11
G 11 -0.3178228090945198452688718446181615626514226951012357678333838106631085361192011711537515212453049774304225430647842470603804844269275633079065959295468797709643392926305738382584364720029398931092421009098532415519421800 -0.1328850461872898682141604048818049688513859983166988237131511179162439802208070097046693197721630646379209025731898258827725557495132787420518106961057062969596314193692426637448010314452741497166745081999231807940206707 -0.1216460451437458986450110293267175162012851716389752347045217680643016337914377033035637103840236947579483878031118115677970452946708540127804314317039437297009082313492588763022052679365357051122730769709773167170036336 -0.5462043710319826450693901132674010036222271608320261540575986982456431183531120031374897952168832208106292560219548195461406467566449090846763092584670376238500020754186574223669337270187177055959140772657023549752230477 0.2681938607526692659870432759598979045615526978938556881824187880710564069455995859366409252331454399446899913869633339877216370867753091014081983280291685144152775204190930453362355825203962352338309982672086052212769220 -0.4510315691686589208354022088618418679396325675934702085768837061324974843022313774605051417002323233203345218094543366624429445564441345408243599237117654592527743736439351690640521480333317718120072743423836256673535967 -0.2938361216596844125639862405559933593156923056907789982677617128876848168138945671428543522541078812096656870093275843289603703619992196179078738158295375796400086095776279878049785020101363537379841891811968425571334154 -0.2766357122546170278543754357655550899422946631049619137598492926123265427837380803353411576126162094392383300313995625896647334000399760253785949572876017048231194469627534894433692113908886571402069173190494156032962994 -0.09961825530507650572680675280479379573465043129486574038932424567429514944816541280571894458143370336635689177306121919189355273818456271006082050500994076724553946357663076955452715830088334714199151612035135737593655854 -0.3426868184048940688663373613450097628578663037940857477296526667745595346613182264958834054756688208330412065346479381534003185464319259684341699088733749109262581654274692419721268539367261065323175748269925257658059002 0.2314318605519744109923696122761581462946459327843157187660575983529875202808761654019162756941797681716462256495585657028905339437818402536070790839208293081906943444378309812495133366189892328065477374488116675963927390 -0.4362816961486711397349306263561434565961104613859822331544679057012258638785115211646528791261047290808729726171843053320533593434384175022076934805497044804190238548329064133237823007978745413289456429909491345466934231 -0.04590870503303924262796434975170832696061296473129946619464595030595132624993618096478027375338131581177359575601961571236654203782385095550517228276656415469378748483052637550238624314380394741537628042377099069731468432 -0.0003514400320970377713015175981124789735693291849719108979160024131503459600957739034456080223295169014158077519777941654327555654541758472408112159810964917300456141805088686497209743466317326839789048687887311126618547268 -1.000048450139959999766920380133282442410099084438065752399268645935622064845062273864406147338269960266149517481220773996494869779166115287988124243754044185222773219954186564783455818434124182609604000031096914381232812e-7
G 12 -0.8367786670884890260455825841146936926493091182946731258038792166107111212283030886260256021004581652635695116028538398124495904147078864189185312880502700320123184825284270892268968534064840179295615055533563786817376081 -0.4120024814047977818104335632881449015206604698691276410512888724593232448744055618732754407731810477127941545102720140447116685702111006053805228643148523853484725344413977988390908730084468678180195263335499382369650954 -0.4245748173420552918013275179901780870028527055205049203028519491072591776083893627616587858983087016322467593933445730440215422498019875590218357846855356489011120047232362131440537421683376287024986941324173322318659122 -0.4037341635316793377571314428994861644089427392662548489302378249739942136324707238136104380784229784061269118073457244904194130835546345762714181048309429095213973852800767295888548157109224788474552828779415041428844118 0.04748911656335383337290617986003889739973909704617218206146511822842279999610940742172755268724151477595647981656285925779445399793965841531117795458863110283263829255408396372106479445348248014403390836897363300973286672 -0.3323076475509513493050725294899274845131831536969304967673997752894025468081468980878133226183178674392283570655238476357534223767031180400390377896367218238552283692445220296779936248745413305297396794216641993930325456 -0.1653505919145935670510698001966540457336284647699085424662190543598466184081749532964226720537544858546885943941990597874869201548835023393184495886940971301746031184122961796681116271179022439223963698999037150962669447 -0.2328658598731625981521902014835267478572290265602980189887353270823259332744566249911926011482818977225842892314574969636895218136022688047585267896386631696583489088046542537821908948857047081900591748891672508063103730 -0.1521231994843770933877026845930126391426305912058430514753495275386407687368432802121628707967892516457222440530250770085312928013822015636153121415334300258316789915783878631103585988092553982644230306771220701276974789 -0.3271082031806909365430391426388056414493104614391834969193310873518465706038337659550990721956955081999196958122599635028057455416608900134798799468612737684423147353130295909029661793558566556558465827057571360884165797 -0.04798847790757569951027130436215554061001085763289849593792663112615307268216577481394287695131838679551733746701490918440707344493481048187965347566862612226780150409266986625470955256179662175325764285683659711433208270 -0.08703914214105583313773659804854581382667315360983603951598237401551287874200566268973405642582075995405862757822708143025766616865220864929379850873615360036112391699830211797441793572196745076966238156419161340942554857 -0.2981995368046577773196931041901287133684227836423007205581747155033223091652356943582326920209179069363554466743553473424560250486995125930715378328925677560363180718075371662308607539072085314385385541851008711481099358 -0.01437748047537343945063723730696651981244494248284909519894743141727185234342353203845963291429507256637816723478906835409771371076759625100779160368727964224631793663847198078437331022114967491853942075233378534197886100 -2.108981200654237311509822601146795504990194387545125286294645706270822306873590813701730397492371984555068671760313114245156828490023490852648854381195334144954676022230625463740226112508363520676943410824417399347462783e-5
G 13 -0.5587310960649407747336463086234313171345116528112588578018248164023813257905538236335020876317191225018382068612725420411386726121280738057793071179338507233455233527082513352157300128918026321752410701298620787135057821 -0.8405895002757404026600193220812145921670521812653725079566591565554797411988798199760231959033751721782278784538514310805620457628713158426032489586789759580298918567309567325745927059340277255428015225363317381521569209 -0.2373272212729240862221565204597260600668406645612853808578262691661134642139500504432468389805378866960923674161114319839626701612397958375723581846519587525407564823603580096498564212947881376224639858384108767842285245 -0.5859952979740733053227080084276756616464091556578262005764259540597899843645505757541390432366523947615136112491409613799502272525310257660471876118947844262213263829684249232035746567331757741878768893824520587828939682 -0.2243829575127442252114702224959503236072739203510784109888349730549418315828718922502497733605838276979397308091088304134972463499088093629263706565065828106889980305644277923849320379308926506325616336146133846381314770 -0.06157516571312366633351653828690492177286424463055787556666687940180284611650862498483042476814994318274538574202894699690929450550986974900233564299273023461021544574673047387569424269244265330632167470662757149608835322 -0.1818451942527086275373901111437977790093450584724985433303147264036603019601951527349758737127525551224048569139737955221345668471404189751949724669941580154543119168946711765423681999956362308797127362743396195104635069 -0.2652669199527308790748720375373575046771770544981280905217313266903491991830261599469360271208197523839029978346779717354345687521408162665176958697218312198325056509949326905145519180724762806783898921991716996776045295 -0.1462050208501799445703750626587844491822453748361826569013117298654028132963001135855357022723710233281782809255490105365295167969899346376341550490900496351098781690188535389733198198778499510924620808406392709894647214 -0.3007215951260934448721106025090401531773944233941119078842529575201754465676367300261424129854304845174990653660016100143453430686872117161958802024977145014001990668286714423619570982572508335174010913002520708747685240 -0.07096649168255517996110884551147512956999968345268968504714327838305680572414367678977342133775860998963172563273125341717381893178058362403905860945852609128093648702998882185561308468713659126423873372733928236622605477 -0.3090348837200396984113129369597768306598847525234737516212610441362141153931617969081858822481762100145540438332215752171857433771451883182889842577209422106923633088958410846362068677031231564734837798861825605181059087 0.05271483017989400859723359555272804177892497719606860651733244933188265803923012669949055966449214988479123034915272284794968887196527719660047800536959340769567199958598208188810532526660855298968086951359008038099522435 -0.2130774852159005947561813849867398478559173141443437572828963557327571108378519383904518767014411997606649728749130366320440098902759381585479753321057622457598884330708954831474372832396920781709034898156297094263089042 -0.002753800584769087181739636183219298006804803667274641034860697148183220918001632083979825683068087207273575278879126511723718219967421959570022776346169799847302687730163742901579495233867412763646799353323006512403404561
G 14 -0.5625957790477438437120876223120598229317933639733110300501578045974778238667094830462899032568835289320726330405586806741064969361524866453335777732334503091392859632548504102969666973240945483487308766209855192588986673 -0.5134420756267000876462666257220609302707955687466730846337323596440244823499923554957259013477454906502565246498656683539416558376561559880676680781346282141668237287376267602039969820324824797553029285589767683319828784 -0.1900754751338370562160844605337034841202221027591617732623313766191027887313293076818150183660801434934525291276082793840814919646503700568964541528414156040958581878941299952709580271757544907620696421074530355903799586 -0.5893016919283273999403742902308757313730781036929981371465580735291742815948033788948252873945379374624783667898036184061433185992758570974358491975477691190549648525046466695738104434625566183764223133337531547149924462 -0.2011011294783670051523087594581868302756741090900155509387792579228397500249083860125591170643052887859356172337742041029433975410995047351908892827668805942795887641590161222847237606097185364770004135730927573648528825 -0.4557042721968541634359613923125624264246025498077349234997032721594738395528732473528331211806035740777322395605536744583293663964194314490198713169710293338033441732155142324974383011386960612222509468932254349369319891 -0.01769836444057387622598845860796100228331718253511627751859074740464875206804559021791742761316321559859193123247439147764888377536384902472408764685285602042576983922083154333500521767474084037068715114063648844591799509 -0.1183793552022348351825205080579360614839724612603580896956148681161154540214575181300793272965270000756866194584796282855121907123445072852889995423207261013679410845930532640347961498786167296724393411932086018964894549 -0.1410380779983491440521693434997089035137718914261153949027313513196229285470764476736450856449019395852287689154756804173173967490504317334968158594681842685500196870561053909091921489553433100374079558423308662656725113 -0.4049735881135172335449678618268776802275496259003223629550626925791459036630222799607011387395983626518912170831931682149175159101274424065814924212156943472348545957909025705018766793827958357972751200409430317568308558 -0.08545855440965735102295717480164462869729953184040294362962976981508611566487055241296345283452374516122054695722012379251035311094858841497276653993930261301992687148245500861097095541758225092215608055673047361360225026 -0.3488400186953788754676405401437472867931708934592025964035160707110595685025901438396413682468056409270080400292188357286091055982649483203882023516670219559043823498486266900874984218441135156216985344734022282920493200 -0.1294623350062058390169105907996720995038081545573591245074250943226039986723123490227988630466261496552032973609422271990313556301954976501002104635349840026786477919307470761265276420232698240665742894734668143129460040 -0.1119139984429425619528904013573279274205805504737583023341574671727923156492572642439770104964683634789589673223748621701476104130893537991104920009821223740621957272649837021452246610558426062340936375575036005710316327 -0.1002443883275457196483808596762282126838160718960055743588490828930195134863336735165133011261658739298532839471134461185984923236460814911955679481353403572973140934699231129585238530222872659348891783110659842615255430
G 15 -0.9724325055417973879976833194881724913592812538975431807238508263763263019527774323303482895834348023486477730162381636368280581432669522285414109295386741021341760473460268441405073899315744197608115650137197341236585245 -0.6653311334364852459705683180899303409959829789868778683035346462059180992443711089792414099035953522653086141380757510360042799205483214579975178903860700371676808915221250247470297631827679219974786470059176228695657719 -0.6197029298235176368207072373673220835948989568769876331875496507524891026728309787171875693819937386052375016933108206160994008863508706415763054316158588026130889921318949063059914433323243699362042015267229309368491709 -0.4283976279373742466799908975448540522959954498669164016187917859810109166624310653597868811068956512910399021546237739256233365804078539682710538425042359036257992362221212965496302437167391921495409461851337908947849200 -0.2763559568788766416634755816242358462772132638402363414285559531848879406493029798790738233196095701479355844871879102670071556970714308835106382554844745963942917847671544664379989879408254065855570520715670595400188437 -0.3807196600197071093499154021162645543587729556308975021098608821558797259918298282248369158595462933828949310224084559906182011716712996327115186060458026552968839910730442423611084190609250600924503644016817341846835910 -0.3205709473465657846374576329478662751698933225977461741224246259626865369280030864479039528691018929678076923789015583027356902201834002250275334592295199308874225114360960545130845513881774981755698447998166681812034102 -0.09460251783633746516858499496284022056298370991138559830873322725606224587119146994092753382743037070129063282081170599607734510698861408278580020856245767939793319597182454494830241069100135638493764768582187713912049754 -0.04040343190206747108464524558563767811758350904659756054295388467423985514943670524082488621824435669174375384330356614970902389286586965544736090455892514608371098904707469280260375782275220992762438105583956664439130798 -0.2316450187762877155527218180756635330642703773665635910378650171134222185485259708377242640003999484817529439222266560219559281660433109506922883263802213294295196440608247568316934195134548064228964270954693149037185554 -0.1369996083654387133814331916375268318986787145759468693924832961814305621665642261203546238027449368845523639852066879696777370377737811211561498242873000423145771267985897247478775674545285178744470183594431497880118862 -0.3048151415577898987742727569236936781982195540050049733423949327440132587121355777471342131612963917382732457685660054304230903602267500574040904717895727110830948516664007677707922120889197506945700643129154043757456161 -0.1896755169676226795888013251205651035059620167947096818069561318031374164230153304473464799184481382695757007307106282908252183831118430713074069306040060569411945505785007235379881985611690567958107366532958068049778245 -0.1970761086302642587879396249568227806043826377521436400956679853010401110912069440493418851345998894662721764361104676318530689995399449721854506858796052362985758792432984950054218910711848532213192428048114922200930839 -0.2701762525644466618107139110222254808029334631324696069722091454266320379015469416174497101109076862531294610457288229266822717423608502802033988956237734769299757890300787672457675711071224039202679510865011766387200192
G 16 0.4028095368023668384982111246503316120073044147282480226027324117640014951025857217158678421936209308187540605825131130309444717454727247970257947001659858479866237353368362982071090797566703027682936809834209428439655168 1.044948895829481126070989812383699139205960941177881438143251162310676766827337942857428171091596075009074923281738900331338096299690547101045032667696950354735039465527579433110640103696996475374556738607936324651009846 0.8211091459068468790626007005374225950841393131944206013843505976582572867489849166229953519213534836202089567731000991558146452718376645685891720259901749044560308491383139410696302462193371044656099469200654147530650637 0.8365467449651964165614628652583636082826604533054041255227764406593599446593345860544949393253347018192459957557502074191847131401455388518771611887655611676243301018910757842480212857844038021004430093438360107355411218 -0.005756630633652034149615257122452184305387292133806487529045080116234354553560816397486785494993318166293519982241175594703591581134207094089004412872362771482236914943431080649383503236402580664010974849038073261236180892 0.6680564436600994810984162755712135515606747088933850945987579892496475217031388438300570206530233670844794336324722130799430578893329476862060558853508993022532046928400299213035223281492192170119523782482559248398142881 -0.3390920612060406246483881576896959987034468322647357879101481538196505526601474276468342929717189383383668163623536017474246865032290329880940330372172314169501792383997668234253021395418914742116454046208228986688187489 -0.4323101199394511852413748058563757293099205559094851144855202066254630929163340491992654263465811612134231053339141259434586848089876483503169369723087771858623831425134798510320696025930555524738251139040205292570588054 -0.2216043253361742841359176244166054515611684440109799965828032963052826382551586954435770854492352141011699656931307873818637309319296888926567894610627026598424415714760754346062563948590532015438325478435679029815863240 0.4762465616668220595304124033320812219298214067577741473510196207855592490121744037361867633595880181458146822222949576241240402481169399869811158740693848145553045027471036139302022159730273269925558824770719179035556775 -0.4036878515728468414545470929720034140323387320527889428270146779248063569272161798007650929852329995127138018411410504563437570989233654875360614850666438523208999145385871548643627281010682685417431743368175371060426962 0.3933478466082139779290077015955259711066980622039433382965239525135019317001954798068369844944610497029543293838027460909312938799719696945447942635982426039882232534163720142761608354585491455999236024550988035419844363 -0.1426542452259893924433711965568007314147788692503628588461846105899379716860200032117737328575484687739544899757832391738101883056377388487847471117923179644210691612982100634304111747158975051991354155976086793057712756 -0.1961170618641165183404412605227659218531700609863533567506693408478842489698480949648356324077169037325540890620662857399704865523006931516792452137559787796276701322982029828496872866171944999698544207419795857248976869 -0.05038782037530794244385334198315777575501681769854197067097211419582409753504738469501033605695401267891071207516861534084448373655156051776465441961235789188775097208119874618769393258915838418668757484078189403744488172
G 17 -1.291671967842452209967248543664576671750603183477409482877934739883074408627599407904094186434890904313627287616939882476319197145983568005577661605327524705804255913850041508678629298164507443259921330954538505155826467 -0.8832356676709727263754571942139235739343561502225217957909903476724342908423522298082671376090627578773172796987191622816314689372582527815232137491473949767128385979011591697703273831997027433355568151584087628010632288 -0.7067158852244330977324891647491207778682907287758260882459333428401555559550633864583978476069077866060845571263314802245654358526960233844745922068432538323196079916586202159637085165038808652067075269065201331194140571 -0.8323979641669191484511987041327037779139076836400130253288067508552233444787020224849176368195864500353665689051668479289514665121853158492196785030782025161793527445796832805984351482144424036204065684260501726526764769 -0.3447184416066583446472040845214371828106288096828288142474045674219520972899618587774021788765896267872562159523286473943402781113452299964058983892748901232423738030985147220972651550603986360163215689139242216890913313 -0.4352192463130752899086888853056933665379322241657583729846820195108447407176603251784486008934194824574024964878826505517749636219333156469077827931439189190674508559933348699883214744711992594736834330182036027147540813 -0.1646738481203270595418950867955238953490760568303845639231711073402212023747229628568678301587638087056789733298983484073144222019577372181823919262373432990881456867962108583586420408383650573830851887792131150865529037 -0.03464940567904413281511546340102835518643631668510116935406860196570951631308693347573420680374659769483402844956679746660884037085642018368170213218251976007620825427664834084449650427123677689805939795996164999494256793 -0.2786347173113771362744316741613428636090052848316258649433738737331278985128673842251688544820028709861288955880551250180562014838665482959599152352945004599041076304560687636103109302652463787654471902964840307782444807 -0.06531762390133107873284232747985775804251791378627961870700043204309340548284824509650875819240635231513071557970056134326685678887891853494297358949773862841123628665872052479361365950342555233534398815202901121651371981 0.07371476505747099948044885721326029571453756371969749484175416833861608940127343783648840951608894418713005490294626294380375361479944036858686064820752564333073368556651474754781137186426008339480331657675104680228393283 0.01185146435335847249845208111741311250188009722557872983284562573969728683662886334007156239114367208218144116921148807436500621421144046810873907518839638640372621242990459570537884307680176441130093558412636302880931573 -0.1449611701870123871026463825121994356920585504160037065371025991611288567034333989052707672173545558870367887630257311340305346549239758237509227581570677788845646227273722844113064750605588411749261605044392352679437249 -0.02901505428610334575529639781906403737562627459930187348669521819406385220833091836321040891783718442356154770127152473874536623567373396343686182681813909208513920231980145710126172669081248939092042967496217067557696591 0.01387392624168416609330511740037738101729497235024613816462384428815378707462352522774858918065736446193846412272011646009040186468569025755507966777122345730088498535762621081222251752672678875248430396404056281092328531
G 18 -1.157260319873300737287043474271053912795027515979155647617795305964972959211381530041017678918171093914628251892795599385074820431348180304951636047373768303650604385410328765991238335229618490839235838047550272682114375 -0.7818884312555480715996264284373879692153029434013867144086913743760413200728422286635693956281775589787932720095415145279174447790986150352492779726906643107341106972971502242470704343798010751293750316813438038866087195 -0.5952446639163230991589960575612875704399249946968876742699613729183782060977396832827141722074653145037364178005760193177575805367921794208134401699042466212108899969023043980461969561484347900942011719425883361693585799 -0.3442634735768298230184487334135722636422750951896265404821508497282230295360587807382180374113405376395227617585867094836122893423510415064866513112762596145968001004049804507628118047211238781025256869403847837967431221 -0.3901046769228470544707323892723637844137670863316794520408113657095429820716022463542594841401273377276188383530203531147552224004138735539687251929381161881859379535380688118703003213604653328741320109118233043261439735 -0.4980684640489320098268030476293292206619477119633060627404402218125032619585198785677895241517110509575955414484691312033464294609472132617760643489087184396695719725211731113276279306240387239775456096336458468787382962 -0.2938339936202749108416535170470150056956859158085054162538490493787712875761213508305487725389266348488341063041273617986832111018218230916011167985973699757935550839396398618775459034887977482239543990848166416169985542 -0.1073009969039690160783467880947486195336958054784162646010901025060866436518740430767968008452689153098957033803626509423159432056804549003078282961953978823442430215036841433577976939820207993898600829656166867344662501 -0.02646306758996929261573150915278635879896133549257243865494666339502197150749997006419492656904273881162301565403425724619147042262221598474948935922508029679508361575658392225437727074317950961559368383410611742167678349 0.02422774931471306398524868683223679795099462884868799995808595905943518223049416282810891451072527908242174185902498129221181148344164584012510022378254157489755227992911109581984039196989414798234715771454031384144763699 -0.1012403362359141487595889224480968473532396797065118340392866912078008754361471041647742391663819647148810156285799194515652879243601591715308671594352987945437672235527316608214421917678957749987472408042434119681988504 -0.08076304506708923291098600412667716023671002896332441962410477769500281743479708701523924124544181981446450466302046533754648163502551441513658866870536790389316610321486842458339762551406246877116112220945856506796049911 0.01596838393017356979620083869795203473299662822186955743359799189996468185595122190309582010252304300683090502214709069139985042014948033421896577047392801988174083900748249843111592053306832239196102428161206955758328468 0.002280947859658373239613281462246747860259318258274875313124737124588245699261510026906132323187384939611392559572436954080430972626148216176707854661726720415014992519611107279166109343608058329856364450251134824135594484 0.002226945155981176820030983493972681791918922510259997590585223956000284278814020190128579120053411999725397609171240486159895653754987547515147622225929052048668576044609505413223632489742070209711070509052369718663295878
G 19 -0.9065485221344470187477964001838430405662935274982848771528274376808966864764488114652281885182102541499649303688704884264984542625047030639299589113136571894010192450328105412808241750667922669390399431870753117131747054 -0.7479144809614368388907921402103249667308913992461043154638083067405817354218677525364488738420631430122338686276571983698848456081863130481866155492976334600429826322556685200869703717303130828094698662655581536800418252 -0.2236535559822971143053819049235224735756890083452578656919587842287210681855967737858216719187850553842242593509425737242646691847946565360327145858108869273937305074727442192881730547892168857069559670665258410836997961 -0.4049734804518594580991277578697762247272698402155214328160421103388856131697297962919618648677726338567121227490323857638728487460480350044950966336581118362128542665816776215450003531171267223867538934893566578813389848 -0.3104431341386356134051245031715250820446923675676110935974498042057935748626503087319190755504466557772973264949633090938982585285581938914622826140478780090638433285476292318969645750301453357466016098809730338459646124 -0.5396615083131448210966203427264498774772258899084925740448738864962488090332760493872913174016964359150796541503459130200760308203486940789432084774466463359168911855561195557784031351433270416529358986879630326996770452 -0.01113311983768386024884947301772389779980338565793974664612982899707427113223318601789327053356606240592049821923697019164577402831893854058714535942082735567332894099568623275054013417590701139598419250150464958602993242 -0.1491855877458479882663268416423806763907156289964593913587955108217170839878997305071207205688711600227588396406067110228691592951163139143007956980075015418625143206780454195637033606745049638674540893142148013262062782 -0.02749822528122438520906167611021291714146263773781796358786888610382207141474785632432000461804961538821358333385801638966128075563548406039578594273293715930111535165073363121264680548608209643670434244844631203843998416 -0.1726056034829475551523225767160808245927024111486132386604459492669310372470412186572432328288939515136781670978583322923902948208586944940213694049457810444723570422877647943686569454968585409253911291885496234544048486 0.06435768419691403083438950079303959485619457734332059743214841369985457590938588936601474822571075537066499639395114886528043307866964252227859968275322018966499394955790575269713308436345169812827839203726433655369219864 -0.02106801067720121212766902176946492761769776114151728822314031166391332574726759709678421002216542670438884737648119067827015561757727416956202499791502814395699713126049169355281910487317180718454975559564965395965578410 0.02138348909489088051446942162333753488937541322154888134916503328322964928163612742995601352697531960948394302871180387275569342682645828891383482636271390981085231190366985347796099355863019470640315937691392665581740103 -0.03200774901246967032565495338473920102980591686055039992557109160350229549505913257661892335263889144442171817528859135702749632343530690148522968630505234770754202345322686312077555114911347615685162011713555762984647673 -0.01317254804844174643113682148140906886077675770519016516645517196444054925284175103560172716771701513856552262487635164763205638114925816474103769345626376904582750377199817122385576487350956317555590432286679098929269962
G 20 -0.8235244658340747889681229685740346601022661972919859622430226100494069386750819788546087113157664910225187043211461151770301304143330718096527389071732442651076557227713230374230597122164706883368870526131840488659823678 -0.9788893614870169212498022617005505078138976551785349241822658699901414668920832855564562429485344144739329958852528191325572087209226269993652002412396590889105490624290441004899309187977560243486150985083619200654927767 0.05438887208935246418686095678227082291264817224258452703653356240875515104969026803606076287207116155940129678842824164242256165366984505172756871138071590964800106044269878121614932741286752864703362189534825724040797894 -0.3454084983414422594241911457490390985116274121240916323744589563791172541044680130047339820240963548585372102645840672580397714772239588235969868569931985758344798987468992712532645068972335099849488387834820065084997044 -0.3477030912658009287774404832285489534980112632998547334078731406408574164784207642774168648140169008917910387973149038799408419493080575573739069009837177196898667183876992285373603759520088478060523061167630794917963594 -0.5601584686981332900399566007902716158516188394432966716949613574215198835020831755585966233732896775347350590040207274957066444961687890597070285275547088902730203804506200433628867781514222445872882942047160021769792763 0.2185595679465285284700238699915701253531271019768208929479055115389377375588827858185874866284710240236719974638234807796929225013983520275960801416508227552710730366575816568750684555748822699145865655031881285613547961 -0.4487540460677623670492924338504161127053420497826256313908447239598136083940040830896958937214675326900274210187175341589039327479079515492947131325030126134688089136386985000216609274424841881566385936149593952851085438 -0.2266482569997827205592885283404022992688092692912563278638890848631478838208211258936330102316242387348674099144368872161110127158681147004947705443759110380013474033565424138836096741710633903826588136884713383786998256 -0.3159816936905790046766522064824512771617125237986581907349989241458403257574810617405781170218932568700870247637699765630887118793319373669632410432264696235850491241938013062934755764139954782633755721843829982509368817 0.1169218253189677272550574922855917750192753935499975866746597829441866322551976053874653845148941641043510077197700918242219176175392457215173547685261879202880470859083536392706620161133230066673090749654600243707523377 -7.043181772140518642326600060026111671138313798726706500907513247926103962099872940050206112643985089005958641846160838367752288519698579838188966263439461339929061098481588837017074706525996517755267650588287779772363631e-5 0.04384703619690819428474124685052705641390994454136228482711501138690482075652672823110500476622461473331022592322733733233055855510862770516682375801306656897134669008069729465297399923994898898376774845187765623849985269 -0.04869190039719456672413183165451509062782021187913282632186981587085635205824833101462304164081192563295244911091398750520530240522254736203528777919262517617580436713295331547259779402125581884642474492314846006166444481 -0.007310154237150549768157440459471981992665868236867957226480967459353854189315706223404420719851615555884044187095255590267642423250482785963982140254350510990256942567366604012716672849781120039186779370847304240091653635
G 21 -0.1078140134666302260674698745412229516465671942485986635494986915584214730704160764841841498438834440391557457888734629704827775556208824113075946030780415609651977848678443281012233746892717172198168619253681481422893436 -0.7764770506735781518944304855190528814159565803790280115786501233153571474879335641939978453684267833944575533883115167285682226316604540174255608847333637558633127433073220814671084298389914448800516920964477183375575006 0.4101102894745828678680748680995535203761636030733079786693996038966520418641731830975791499476671590241057337066673505134575842532600254231562122088723709312503382912209710283991124160603574659825726890768672189436546983 -0.4115472865012191214992219402984295496557858045713472509563841649392846627280838382780232726576690610033327226550896411961897576913866081189380314770986748441576713161344027795754260552240473132018912660322543219706653774 0.2112212423875399720467734018587045192253648057445551850194201306435509530164868625161212443675892908708847948463094299898399771112622735840855121538216511172687667435488079676543453099218660302635611557239965591862609312 -0.6004904185146043271582398674347717547569838031772185416247097143197973772569691200181168695332594029131003330786732197642815688653050193710141224706410481769199030111292298925849751120609233506767297723403060340095403515 -0.4140797556567612594899390271344524821414045160149768291311363624771417706900957170909588429715300998860184393655449115962806506579964438509188758647378842999924742714084569269766660536239496287032103196499068538867339430 -0.6442133978135378440652863773695046153213204797070652831758115340984039138609709898061972376956394714321387484403752986009465931164335496126964928685493682843109299916890979232163643527320488664529335410658914159277376234 0.3082077106083529397957829135162857696486464779798885105172606602564076372811116250442841687374086740187775255503542036788215364672388502667512862492627171947386538615210915922379603440287842839123954114077565521051207913 -0.2755266892365233414585314763373180128260021449566402690633330413909632572197490146567138970749278322232186413813328660063499577551159649260677389336370030619771121133895587958002165145993739694894856285617647482542186811 0.3554346785930127148969160245586096881610385838179435081435665223629409439610250321285227538637668716482235509575505112598329653933309639869532184352961585597986438479778807815998656122779762545639437977741608022413056056 -0.07352955028586337571943296309665174102284714152433683219657309416617710998359256958035019773494494690976093435331601107176576286828113013369025567579848089197184856505525552028841627871232148428787256953141612866722961184 -0.1275044407783606230304889514035317926109544244559589265732042131471835896803828060994604487709030082732578919828187029825097254726967541939949018337009071390653863908212518438725478137715649490620764052922180631991455568 -0.04030589176268345730138414691644771812971580576496520064087295753522400382496822324968237727528020981081799944657409735801300395208110595357138358914756283740725764862068036328357029293120521273890529954548724135630821726 -0.02010556757280396785837059908859050052652189649534388310020638551286951634079840397376106815155645520840013286001084339166133604599086223425517801311517556573162283817835276491681718156811716113473013779501922361299073760
G 22 1.148616878227447205295852011355657533418342840314474142928895981241514958373851999731757531571386506945080857006495026326408743347060270261342909389981224911666874329938988832499154600922270881577656011995390432864986445 0.4507229221374341820823592332553222963612743767487036424747652984501623733662119662584091580636449493856742808851563185415375332323483726874955671789797729584055846712549768867478188064241028155986177808722106998999263875 -0.7418209556922921681462412757880112578108995693902282005551975305080680802278473032608628748575487228804420007618399186434367191128100876368510382334912153819677163614269250705778923306309384370297720119954320240206907493 0.8272471653162115011403718530964428012531731960007456357294651259647714352748415080217266921601339533788379022005873536860289639438012822994742719439334460826785445786947357698031505202247524033340703062668644427770875622 -0.2802119681474769784420013795463296531570940644965502155202717888746900919463903964743508328714736897173590501595256896131529232080808510578696974296643674383694957205403150241109708218508944798286977745822547456380076950 0.7104668924925258294556635921683642361123676922493338185665444688056809542040213871942550990875860476235481302888794690114778280400147231249272814029057127115897430509541462851407596944175241265226355164848256217151373752 0.5365100714213571433996072561654408078033101507486084127246630062689985172017922259021136209740855886071951955387716667590524454866133376096904047735916697736701657881661205374091851171543620549003554107393425911382117641 0.4439519882036748792836004872935983121723281383163845583351833879406655807522232446590301226183798206546899346046956961030005300535364086822229654064787671106188978713791172919989910139613254030187521491576352325934438507 -0.5119687859710686568752116471086307465436292885680926971669211262798801750012813723637433017117516630767768430099647513350708780677804184921113401940508404754863845232439823727220346390757666839834569628025315639165914013 0.4323686983139943317997452369167309220162561869624006483676900021528688649573007694640424988796466140041056242273447236123357111908679261806834513017001134095984689432904238248582365158986273403824677850678917404299553749 -0.08292738301553108145317849198461741772018004626905658722921378522632864477049254445356987807505543521129559283377740736122996666938543338747483449178692265356471609501534649569094676321746754085440662542256880782509965865 -0.2317429368282247150832332032074457065347699829651906541595391393107275559008286682685654622699484447931873645066795479633543573147848109838240369229971808275573064400102273711220682456856212862221700839855303940407937460 -0.09732908369350517569936218437103723293501351796061109653035659420447491062909275491142779037601174723146053356808354262094902984614811622690878925952776289725675300973110279888916336657643502789761237383182045381102107330 -0.04043038031645785264176796610453266369756120417825305303747733068889034321540250432138976292294823802406221030888560317917533796370895027996092300423328224981878714708993840843518297914150298257382099321728585920004563014 -0.02277395993741996703653902423004694213373755495750128335735881333542267539256069867801615440876708955226243808397406665440214455892047931476630896110130593805340061675599810635464087393509605438083764902050493636819522882
G 23 0.5191449881825802727012757363989498881042271523615081801397829879782582067620673640290695661520732517954418368912627706516920586326894419212139633578993867857547800789017428921033019471138030895831923747112348314820423174 -0.4505431771597069026303943199690385094209888288551524586512571456693473480368969317565928057300135660670520318125867562433900285098430329767113219915886249612403410744732022717591166751593499858582201244906905565867758837 -0.1360463609972739193788540685329148804072407769051911968933954964646425893877894812446930459450636191363734421593803606251523647056613766751084381389532484205250526874454862622704110891163752713115057360219479604907019976 -0.5065989559417504586196852822887481275713222986552207299303975058772268313079084851154140990833238869890999182511018058246648983040441411669271995529586974641418564446508328861327166543033457123636839677696501266518206398 0.5397335017558026037632915966303192087971372429465684608944925583476680173052751303706304003495082400226969251616149131208017202661575246828574565037247396988309830256851127380932766889566277613013541456257627681052902882 -0.6479292674773804887527634723305566910941521459077615062254996801711610234767591704875721270393090638778305385149191168229447537299568013302614306916680766572398744819662852068089158963586822418325876138190342781770314226 0.1254035506203390898611706537080886562543262439071010127151853538505426878132465179922316392635934313136565436310219275291953262183346089246348207476755977280724786399677077845330086129876728707021703809597478382340076480 0.2271476782412345137026287796944542756535672939502633647421546178035113463938508443144899535645398232788891259984759033376838622904743736869598153378025758414773827537429249259028336171768651154614766127562226515312709493 0.2269603588901264864486612735042015673849342637655394037230765282139640587426324897761111623052770807166040811198962756284214215337001388796023950026455405636804762854516214412814036241353507979907421062918596190743576239 0.02658599827995479539181177409323061450560573570510789059065623931119042474552857974297010166982916888590649962532912155245508376191010013129430078797884774446366485007142982222430064256185969077248925561169184147684426689 -0.08949963939392378902088307843567335750608425842863470844178559762377461133881357845882478918081160457742250499724050794577009465728608429813928788809359040574807705179673248440824419994166395704502039911631421223522843588 -0.1538747183587196416600934265177353647011903437732114906669768219891794900412956975614794708644883108736424239370078556743384475464123518891707568572676959132755223504956048291747129708687481377957536021826932821012984665 0.1609432770782265027522487695317978300848931224670913968293584505222597830469669024481497061045447652808422909478338635898953359983258654082957696720579188569484796805136576933641349190625381169352832936994616193932831269 -0.009042054433536215644283805556839484333734527725811964309201210897294387852391001564315838835680237569370817880566737970528947373490747977208224798838638374851634438530823562602577186942558271094018347333178238678157060663 -0.02171207126684178252966595593767836701318700864758621137697148800692571194673353805124534008362378503558226897974090715133364470778398462742978320438022162374866349833388397107648743636623267186999492342968691794127004733
G 24 -0.2078519080338741843042875059028617837844879773099040270668374671186204786873516612002610762243476657884462706202130815039404814569971696194978555816075199754084671426430028004844198794047173059645532613629970171287828629 -0.3690466467286118905465830303315643395353169879074532838021868826531045661778601568986253365354910649098020816459837655883710275940225642231773937249968874584826352594999753879237131474947166108364923315403964625701569941 -0.2112676151234312852429634485677128945366330547588870601454184651995428004454342684762124496056572169095045168091726677363487805881943827987343375087873841188191139325648317191322186414361489935203402552976774129799552517 -0.3344144282826817405175765731248365643825291892987265262760027207155994098320019718931412976182668828464247870642904869729527327117713839302098063316977936660394829746746008866295853841174486573617346568722470728863482799 0.2009075923282996147731807957102090498962616704032330611395802742058903585041701473153838112751148362801050410311540170617876366885864607344799535031957639541988552252942752744594552243578255970674148720782978675887797762 -0.03269959837940987825624251549215458866420148910882567290161821558681935594258092167345067947746680642924423104529981237231720547910614875475639747520096318363297735323984424160449559031662170824465760442620062988452551838 -0.2951492371116273197374506741277930563960218612568966695697194681557411424174572203321062729757827459868077748207950876873953550730661056685088625477820518788586582220976003244005193626297469480781175931814296991417042271 -0.4022108571082837431535220236991577651527351786467907787841006752503524544743807299076971447634133418767139966062104226135021083194772288747994426812119380471275613786371858061692950227889061604787047635426036393278331053 -0.003301591985806030049803312499425292229117445096412899052095930014947849374604646198771906763571004733493931393405205984374300517065300183477847000426166372283642783962797348719532667364446610116325925154442790250693143198 -0.2325171053342487603121927300630099453054461112493909694750386815732573440800150935881482157802833769338417226759698390859106270186073610242504429505284074979257455259045360840687144414276343964386689906230992658300369563 0.2294632542374304714856368477615428704164576699810533025555665525788852391756725111000002554238398540332140273917125145748369770079757730253677185332730268927424520875893881785163337985209660619306907850140401292994872129 -0.3741792722370932484483974443239112406277585228926792717902042002656072299356517572715039040125717038618773958740146881204471307391782293175320003627335824583728244222447455384994051494761908409768858865342703021859838536 0.2785601939924685222459065226286686299624666499309586321358390878579686988248303852089052721939541443155194251539049343860139753731614757981702684084648607894544230759613472619185916665227387856522211444876393524278012315 0.2331810508912960766841001375567148232672227557831558267320022091943781649606411675770363127136271855432233888346295420206981204021584071060375264135379958468782668090371340084070653218764306060716678978627419878312174196 -0.08466501257514644561189794437787286520714000395021574803171885475687391617152522932899188251360200259251866294254491610950591177302886050157119603423039175489581149683147349394510297002372337157631753218522217350048219354
G 25 0.3393611249436418213873838877793254157868087550767877217977063153361740955104102628223789805726781406547914014275620823448183725763800970114257164653655132516618830527336993406566201273962477907626690916520741453775973695 -0.3538524903528877600135206731514972406197300371290804530577861064944740642895453769183337427167074912557038430942990169592441590534742989025973670034494866952401225613739201220111673227040810892346138236237292617852136675 0.2135333474914501817920205224212015590206627398686311518595517790474087350279538016628866967821877063329227413863332304321329396241047625165874540586486027687791222990081823592346968977610225541393310631888341957548430117 -0.3855832085910733380611371655271676876416519291612996454352711969502482564889905133683848643716289248926791157276171656394901336547464964114605150116663371585701766541016466081049924795918860757735068515944101678444117882 0.4697079149963828864598742376269512107299326221299400048495720420121918314900350955794696116823944556679582274018799358462428648125254796899491888214537382801198931696891874109458824311904861813708981864701453168713187451 -0.02936707507573903358932815470566479220414374168766393148417021042364541353877171955333147167710866590062568628190695554416097281524314176553802951699788600491085157838392263395624312776661420036117465159587057423882190133 0.02609395790497404087077148168461533385593717038562432171035796038340258582705562076190664403497931184863276976691123994893138509579550836932522032871976243574313560624253929545650240621847892007170764592161119697064885917 0.04355286786816165769204838651833839701441005961713745862966914630970219058238577759944580158011448575079732918349718240153181635989783316683714488553331539233527069023464392915920079412757511596557463336195847335673037511 0.2045078873885484976210928240781648622604567145683444573913816677218058861646851660749088743105838612212569349484479914705077341270040595683301985603569620128655326343231120196096600769226921699015365613472406176508538793 -0.1053333884817905856570048863787408059712140851112415542641122400133546070561952369782266690421077664075497100757090027218773946871076769734017492892411144635413638708030054258953141343492704341344345310665872738876017860 -0.002345011916330483639771904647614818186262852984196639174329307457512797046461716467049417921646112677572247180908208002549070413141758870650126723502569347372638513550820753644625807351322634833327803444925852076339143646 0.02805905559431535640962438064120539450337014777797303850215853486558004262666670003261117089073565423343329749646491091228227115179949921811949792250440615018873251886384868035906771402764697858136261264482516979106423344 -0.04402021529333450959646173877412432479812540356302721785656791919728395410109764115927412638964286403584855223774643077841263769862032782357859200357347875812880585226512392457678840775406448555309069991594742440732653621 0.06873461342611167999896040902073418302487857843948287503336685083270988072177652112866899876021846856733221269500140263247027887173772899445387065662077179607954153867665966217943352817275310066575475411452182963770123232 -0.04451272279796846482571512112850394742083339113447189803931195800124923120297682766985944005020497293972588037068379451744283110056607810853920954244123105553682384670244554103864375667067327852298676658086799306006036696
G 26 0.7127809495131007997761327074719183408228766134585838129364728750611340500957583849379339441468604327078818074843710354200757519351347907047638385777952292121077308504929885923988398276136116786715766574381131695860199688 0.7131407420504946760787729285016217000540820141906105118248533719594670764228463547168551552409145256316838683725719954872406592023613763117897423652418501995591046857854731943152197040620348961334989913141611059331188916 0.3215295845639272608662699307775500869274027922197249895938680404930033293925158389256599046777067044927293077354864094953072792630682935315075905226077292128315367108875793700013837442967670340857412968824068812329963358 0.3796955454842593182915719270926858929186082782323327240484892175224089077257987027117894924819244375520359011771634911340236165716225136028900602672547007605473973117842268475991449714376270556340905567510917489341429126 0.04437943130248065234798699917229292439377083038166949495822399808081046075110722600783065737970858251313051790901713594314117469769463839355420314292249500348641922899927025488792575634322635310593732297709525948686141956 0.3600389943924919511515212371778651623637805281536966238847978275916000732918800423169498869443801087085943308016034198405810513877307000080293046429142931874182669178385282502039149909315697569814811424012778470983930719 -0.4103052309914952896151634615535873332882545508121642732502218676419058557088030123570851254049347967167532648370741163004798750784149869110506679390090435253562426322297047519929358442573247247203000913598603549060335913 0.1305302311893901230184618852360888348268682933704415787339019660905794010451304718098965919835140229500662364883057020030081993775836236339416750570577517795061132864559735828032603294001001799479017541528829219463549879 0.1022219017785676906582733794359861461913011177625845956933893466292380464985420718188782319532113561566931362190886889488317444638922694329679711418103340610920613253869210790207409449325864146179746344024989696708720608 -0.03490198855884073871644712055419344014132979549384382725314846118142922367887556803154167203500044737726619437205064201757903842166341298933791006120957401220191344920505148753822610942372559646860528103661721777832059610 -0.2919271498462819918448097764715955783158421304926002340139640447088976595232048144469675822455801030165949498587701629787231989076993441439655709811289437815995772978661778797072439882199322766265111571878437991819378044 0.2683144010458972673544855402276105713055612851667291578107176799943159577611182845727247099206380738069452789189766570464377926931224587493871589449977801961102602618098159679962333298761017931495312262442799420787460794 -0.1928659065369190462027387281003250385081189253683895360104112159083430007377324329047389193353582541196677736249090903060861426496476468462195223035717248557116038063563303115706445409945595938733978829978729825315071686 0.1348904662249444053222743528022766751362545053202687259176277531293346206404234878435799093914205206134472323145390013123498616440318626837413333427724132694320207384852156393274327441429106116982262987643386931261657365 -0.01074981886585454520529866909745723884096542212353939313747980729066162635536396801132497207912873508138442129909540321953936686294576880786129531109622809020075702181910252429121924773662386472368040772500470459684383946
G 27 0.7209716843166810108725458741848134239177073517056542149045465863800819393312986264466983389715293733358497716757465839850960177559175922679128995850936747110599134787410575452239789197445753326348972318595272264388457512 0.8198547351167793440717026477282814674205322179914459509368654598650024211598828861083136192758972028224508262847073260561320355528131226285972477998648362547119893672439752000433009111038250088319318346651102676762919694 0.3113897764047849964342548397548192801407659170048327269457696998564918703042065063300430724997348894105016796937179065231536233753746869700116151687998178296652134944777106305604384680940378780887114690523506180185015268 0.6652866915080275681061158097226415189293936618354914933208009663243024714740741400531566330155275933486436436370675778399037580942050296815989492813262340846183950352414659275743845112057100471897239085200723455581328455 -0.4326250679734857983819887823338311645356806076300563076545531572145886140777414776020166597231398267765250468970614614752120921813354037280651325792899172765143929735565844310212675357730012259512134553053304153664820431 0.2879693093692061205427034753230213783779871525367537348819167953104445278903350533730592870321196179943815069951683149891107357430324377736260807771564551417899945240570958230113659053852629518460425280976239566053130106 -0.2933120129623131943216989167662021505043327550491021792974963044728551115515186917762248507928670982291729853318626305747941839572099246681068085523875333955887898310081832335588189792314725046975229615988210345441791413 0.01359410874220953363791026395964411700163873136739284949624522637399958761536988607065566699267458623104778322867319018095591033478173124486163803490669167684349076374070844648237370247905674990015604081807865784781399246 -0.1156733138953090956240555634269534981947045697455689252041772840659104758426898071515144959422004181293765715896973638093928913848546234178265488652784825520123566044555115656693989231262314911333916221142044466060423368 0.1389310729989969233054453477946418063398477294619027984861971803193168687768991234371970985348972990050898615400970954468255469648528243854983075001716360861320248557690493363783507238771113959219788072755635891132916038 0.04368386654010164993989472132798605063106390187205737547949073165744570207105399804616863897272195386005983743858355103966774666151108818325971839517836281100791836783014535427037092412264957604926300146521053746512103330 0.06343455541109207379331504282990302788154400253816873066989881856272339439625161740577143610444031860420184919035777682778322447220183436033344862634415722981255785728215268198082225756959895485088125676100058107040738784 -0.08415136632217036488518480543790010016173687348729867800877412832494343165438989374430403616190752272699318605130469610948864598024162479199084013917542096529973626407099571037618811440696376732881854617913946411241512963 -0.07019019463597310440926033856741289605025847466542566653147042662387911685715571066647424224401529687833284498364535262741629748580944433520928442527717920643845587714578049534594563622982290162697770287910025803223135436 0.09970238384759142728823409179402805789797565132308587540932030856925948911622476484035039751142772391218792480125937565588094061749812027746503560498656290600876447457865480864549265465963332239880467005879532373695265511
G 28 0.9494020343399924782629676013841981597430254127854393669359730175750454839516670363892832902626010453577824277036725218785405372596330618115234382050735640407820462289218959806663532263192452005299816977631477355083449135 0.4491432839579560640385686949653581897129066769547655684221465217705885549734000561437591434621720901639308649545678631083927977533001098572645660093040885738796863806405602542131892918921478600745106312142225995488783419 -0.1079733630965639595699550391336273535693928955012252246542934501059102379905270835824880828739903709685361516872757676501016812874091699958469618695014105591382744570343434949648581305504236598043402819109861013825415184 0.6615513786737746802155429347314761493106537355832804310393687785363839690009577353924815492515327908062059718557896258671625940525759964506446696871839608311377089533978185791412590898811101081555508293826009235054382130 -0.3815369715200363640498957944456057188019325185372322851368838981501622527239071989975323628628585448562751796948071879988863256580239246897206082542772388468339960369008517949261846594926014080860052863006518718332517067 0.5310397834964140279622811497639011930049586825971586283382282144998458512657905492799444908075928612749914056368476877959370324099425789256168489141310383436661346502499595557749002025684827959077801672193064203750515176 -0.1522864631321508592708332166930840426936398264637908303256745448597219840769965603368371146990233188108146076237666255223938883686311485338230995351730684031017695791342697820070211643799220472970667066188894699394183058 0.04352563091033399192516266779712237940918935193574385076897042795871133609137260912440654742382086229068444741103032446034124991776839367419083390499773284787837122777926516812698880491747645715274753573956593493656511428 -0.3172250569978635516325793598897183210920617706123500601060821320843207863139798626938756119781611312646894212286362999885555969945196234797852819585405599835328842820177866715838632613046967209576172462875400894832066726 -0.06318388365321280716649890007888776808336426164049402564465481788290501120750569075302620958528296864293043205159862133240908050583322757146141138960727659106750913613112120512071367541716680939148552454712563243778467464 0.2143167685082339679200756150966458469152691740282531119221797261463736539778199561317038235551712562841033681892003495449564981030388811150299273860196503688426577822809278262221066497631130051330237390969379372250767516 0.2460967043474628078041987361473055163793246418292019832425199887620562042656117576827626336272388309601548655500410246324998856382028604521641698831899824189694352016474928358107285463607633942802684039224279352550108516 -0.09791241539959743076796491096074027911334918507687457862526880423921885081693572020022467840851458120454307913522443631740675965422330173367715963225963738820359393430679971629517934903657372843291364244427035123519622707 -0.05904304761814244318418425410805247878875067183439202597281450276103553099816401037787678471741848825926927908500171683553155668553307603734407094857040577004026965179519797657825442250616951844326130336589118494635353496 0.02758404833069698033261109297697390492559336549725886361693609488612385448062674192650527129769958846365441713144246866998466638103301290583801496714585276268743921869426375174169897986420738394993799375981314376272116710
G 29 0.7465832173538673444185412023268315981324409289274394137029604918929401174977991176461871069427185378340579166588590738025767161735859079996727549787862595873918364221474081605187039928158656850210894054413723973935880147 0.2997082553577824662076473428370000575639891335172186101605864984819327703084558429143864952331739041959075694511935502220951261745732877157506224122489060263645900468483546543164065797158996636935680743251736084416641308 0.1507684416180139718592046871479911153554834813988915312455607212740632174153843766696239881770712151943079256346515306377168062678842881961412025332974071406175318483733801222195074768056159282680367967877454712642070770 0.6937848233319392962634113235641314875224575688429007230082338918962623672460685541152020320350868802118164491403810421752860064623533702862417749928960383968729130192233642002010722927463139055175040532904928262810387964 -0.3864002421854226472261805145540242021948853928296885350417704848567708475177569100624435938245779834252424540262819872811448980272294398366834320003285436259068324911824737737686626770309731750541571931108190015435171108 0.3879267110983214174473090057841501760954402319297316165178565758076247448699407275139932964384356112664312273508606419546160546789655985788144317324745733831660449742409380114512711588298584312371238316158594516803086312 -0.1868870833550108298632651805389973360355895086219820811510497595920139143268570710294434041760490882095958143201507434888739368667668131190370538418266341588185677444596523944066330312511893128304170060961167485504115113 0.1507570998163083589359759131996957369476882463997238292911569494810336135703861147754082479532889472011661318368178943400911659017793357335320989968512941700781580774822493420675796240599668360487560736176054326922099159 -0.2828397264505807915749893295157026513065593371331919393572937527655663641014257835935536279884422902939152610055199010785546666053699764152475965174078985201933016043871172504010307335392696339270785580564357673705346579 0.06464080588892639669915362754676079748622269098698727640473605571838947302511638976444501867625617123853031273777315289490090417759113856071727733672514471962598737007417629321352921049515935915169055475359819543277341414 0.2296335682540603310520231874189798035465475546033552172424856303906067442582566000975938280944390958808898190978980558089804704952737407353242597630180755924941220503406494759682458245782157033672318592910752237427365714 0.1647221650928971259122338738402523933928839533212418750534523507277763261228478745484503546834319912055097768136391967848716202723106411935947520507335493144780290903299660568667297496555625438386932611298622007472555402 -0.003818045177815879751241718294029387928647271164378083390553740770038655204557266854869026139398392563234475059347087955187875622718036001370871777402993795907329512375684714956233235532643541915491303057789497897402546297 0.03147478153071451330197415662527334001965880672732002693461656431868008172214187994884014799222585907361735759787481277010074480199518649843045204213098202141028990349460086807754709018724817935011737974367157137987491848 -0.01424899341037744268954703546837106984307070661339788678796337629628570755318626956968028766738014694973378304294058578767125075741895964038680117968356036428282040647785887765867115221451329094973209901978919063780394249
G 30 0.9323787621755224885346836438131517607367960413772990511063224075954685485975401575202342906953207743170740038371354414950566695887315132696092252026500233660395989604956539124739783067069284813085811350796690519791764892 -0.7393898733534940319162236055007587686898454553959481451976335476637629157549428303880344032161315235922263983031433474132687281995544151122874565483286426951800736317743485686102402694977214548970698697702332298877721228 -0.6544516293584050519295446822022765336022803793087354202811637924102171181852174009999722622150856078984501696721331725956762748798698822563609319314028362285148552246843258031398509852082874270234601002637658199231008594 -0.6577320062867057425092003926560754990203937777011153596890961922321905057762510000707774403834680651662694459212993411176212849807112340455676538970353545602952979461757823329751952587158239576009391469143119671628367671 0.6396152855472171511340210775643977296650073968942733516601081658374412982996346713714233605090850325179775943126344774582868418825494628282030261009090572931508131789539290611413638099410754538193396439285608640086124486 0.08052493540229688153330413726254404707250718285521533715614086412119706270487305371163354344873269144020390535921489405164982355853507962925063698990082398031662380657622786690949092598398022378192065533586380803881802955 0.3567732943684549853989834916090732281679874763462504390706681849993007422804552527714130046880824816384783250310482683620089255762397308101238695505290124290956220242327409755084844196697743104794508688612647894833631356 -0.2632321941530580092791287656605006942866132681507699138017530312960302091537161683513442934478633605443952642727404765820974607385114481287447709260135172609913683240496032513506228415304903811186605838338215522650905326 0.2673547767987025890043808353268461960096703551917317537117513714830125360448575310794968194529822572328607492414118770693627670904105119338732362552965784764583488893984575685813735302743546758954225418780393297181637460 -0.2054043705472351893457783301906328958877560930037774564862726022010996325926554973001893261901045681139914233388428586179320566214844602812696655283201519176803214118152738392613220954463861769062486375357352960523489003 -0.1313640701973547161525636810571838650813995360313715721084687427370253014400841258415821502416623822804695752911043113300475952995267568476953056413800023505490448573808486921169525649404613813650825460864773659482967197 -0.04089757277211064179708172174821886929322556547567527506856347699284808923703183779217147918809643849968208090302413757618582300312215093442322852745007132046003959082975573972666454851326517505899130393985445031462216363 0.05505694590346549068290285938932694238308315597720750960155558248579334651073992475223277441215897908052065787129076487704739465583673872432307057756067554865109156632135978579681315651979751141295048876660031081128152237 0.04475785296501134586620172261508098133604231904150718637801787851100955577455583655129288753153475223035338905640249299121525611434694619600065722803656278724990031910164484425016991905679922816051059158752756446437020251 -0.03781151754698263811017958988500608910932311616266959933969067234142848774988893365929952443904669558463583493258377698549495843525124251828838433757638480362803225537715908172816840144403436221005810792818881794625414082
G 31 0.9761819055274023012950980260114279056059672334169755778333396293281991971438849765784160022998099412538122517622069421657550824799091530565296543448405086124036203129632563043811013995025131932666763179687206734465705657 0.7328829171080380870504102157792109504894394067962643200569863574422080349536362791676083288911352077705953255529531322711286932357762835714072703313830012479225426293204877706418668778245309757173774126832914560083128784 -0.1622482523871354610860089191500500159711852564545968081601694475527139633680383785525689286870553129974653418813212310020773423854897350971016968687170735920863239222366162853294237666873949485135133006097214652913945502 0.6346777093459189016357928697742009165021772241860646093852163674224619628195750341949894660754565529037491931439836197331652459828707473462289578977866181695784153321050669523580618849906790151707698999342872179686603275 -0.2453643015010824814379518562076142711826323225971410776392049984513703334847081826598421608443506273769357471564125896876853630263770131043945706069922973347910772695311027224311244040173003259512297311311408183539324695 0.5061572830734662764853923881311731002483115806790994107404939321904315459037343876126566566639093082619605853496129064949503494055121128396625817827698891840625916049134037835133153486098181888494735986245592181208531143 0.06711742366039955835402821014863259344697445860105320592755019711842585494820459806929460336844530135350341795872773809113453683696401774345734257729837948611492759221559042786487911990786030926400822576702425893963788175 -0.09133591007243871547868333676931387318056924355301758689491082515376270076349289735500521563193709533014985657968926207546241959747192177370471953490874950586314228086778603684565636143075292635772899494615700709260774422 -0.2126705138790782025613669099863564005816737151654791343489204136308583839476320127227029167928718051321979912032137309302427226528194736487103133685038839818281919216672074926042167512678592904018750127311913181140133693 0.04212451113301077489181017711848268848552017659128788218158101385539781519846358518129845827366935882522175589633778544531921302365281926897921997140800694763540465313361867385611390319038703292097006827454157634448504491 0.01042353816393593799543416794269740318960910473156633320293356837980180985112576413715167375444110926223353737790616937170275190842243265863754612495841127175505000214781229489094492024236259829386804024576599417548957990 0.07988215047464716036909247882718454889936220890786521922569096768701640194374113405944039897459178422928533706206506780106297984301399719791266193246998951571208481154684457871910933054725897779176118261708667053465085199 -0.07980420556950844675158968518532945949271108181064817147569438087991787787253879704942078212740674331556323980797408085790904299591573761822177072612099494394745382000661108472335850842558380146500705636536371727796648150 0.04539665781044871545226076731813647266950998261172486083579352129462848501905567967409552592276975667154059341062307115881478655876501325019441067575061001484357635697750885953859768901231488612168457132803614548586399075 -0.04036631156708982184077399772954746027169060233539499468958123662097513931383115331767045729168867314809864204368105086796157307777097978499045382801398107563302312915942242968336901930523545111449467937499177802578311949
G 32 0.7602177560796475094016826437476632747919038773986006793017069914182275873306023285412102761896442950398723451971046628013088400349602315341719748120328578589276917555605748046935089621404275607805937538566527261267907851 0.4073352250712390670951840682236970672583701714765415784251816078558486419345112329825298882665772809592955065499994938285599245146812642502037245927909808475093463461805053290571204257034557667696174078549283472510751237 -0.5268030387312388848151222412941596970382105809416082538901033290613691628722498422482348175078400210929473740334911776869499291013553475566762181872625156533293306208780485302104878018959782516650165865032776481996384343 0.1272893165543588790439010090856572618420255836397225711778629277781497062297807061273620911162907589632327320970457083891237051700791131374894099333220846504373715490444606401028524849684449047711536696189040997637428268 -0.1973584491826270682841643905551571018892271973876734083126171911345326178957100955957965871409844404726914275494885166308381844389136001499745800082011036645998749608312103633868854700714141850051917973433545381219551404 0.04953242946606907012198602319391953484119961085671285961821835214542693758581808494425771445696280023931635225660045995227753276340132398753534494414497401098897837329726292048203421856683295698607404356689754459324956646 0.2761782591676016929581992306556998925526111229650254327050604457882029023888860799067416466895369904132110472521251826796489497160862455170137122081471671870338866633741966553277280847163516821700401627126563645148212576 0.5085063687544887921738439803709362839186474825902964373063422612850746387996727049488088309659308911615629440903266574556801442935358886391683397616344506058752303851594328363395492048423358351334086506469162628194878519 0.3650064811063293007350977383699352907279626434192497452411843923933524917477419089749506592950385406410095584214497682343889155268949484835914044525102542431564774257595923506794303214462729435853818308941815999223028541 0.4612923842442744402563445710310662730022896469997552288991644443835928691057844755379654074513706382989898525608940442890975545608859356293100912866505742839474144236881309749827633139501228911985331405771650502251113788 -0.1760608320837884170837600023619472025198646046780880923409738605482891077350072899210805083662940383301170739939278158625216761356188317186387267674687897439689805345356764310165536062537968848728985189724524475185774006 0.03215880970924341055622315871587827685546194051299885782293346392460189740744793259776971175744190389362447253808264202694763001183329418313030008771545796751989633957996613007130591613677502674034995954282443861320971886 -0.03771684710843415961089909664480113349817610561379530237146099051327730053757783588048615346222779299495350233358176730591339756314003802330413747237595726119698563088088189481001635450124912462303699693001377214462108070 0.1315275814299268101877735454739740679440379702625339083104419000161239197564175747796166689619706848973086548221189491477057567536905570277239955144588070177982255028654466731641354794302836597973047826484233632334117033 -0.04169351302257089660543206263236397268408828008328267498507616455110812146414998963668537079818904650367824660224332470607704601311459140668301698204689072979898536396088866837961884285669311164266540013147823734144134358
G 33 0.3561044589975455589963344172764632460647216297475021478308075462330029901234869100729721632510484909289973712266355970110679472239371262147530302802891986985778774042043965856544149162677079835944581249923663973830382830 0.2692230988223587326083217410219893793484946289397421364097792128690402218555055253522202867608106919348202101618928603865907617653453628790472657917100819918860389775448383748668948566330906968484985555154288089675235726 0.1187444760377479164120394282955794595906433389204587156449614016463791108393456030611310242376186323777795563406974572476320698409136890512538261719056302259465652269035399805507472339278033375625110923349366744935701860 0.5588434498899759769253900970257738691437744753361134616059652362797432387805714180387842214215616559083989856585553099422370033264813103098436402200886728481994536579362569813529239619671224327944804305364870129922996638 0.4803620188206748439639912839218431923471093074688536650360807388930754785583129054233412226631209859105539040153223408547949660904182315922671858890343268286328505776596116747006198115492439353850495240541484684050513571 0.5652685685798356464240596052371140686181323046441504612805667817196498773178553365086985018998821369392684294785479680503613722920844012877593206753211033723403487470154291168870072808599860828934200999804530657373231788 0.3402837405900594230821291811208702030895428787932003116306622910720520100339649915667350681270290869485229051956058378807858796122260376135845545371340260594328312463981260838103660919369062873715462573536422577478729398 0.06049853135589901663688194458211955721758152581293010880988981409985884882059030562752867445877913503114088101557165364494490422645289668032099542265445565589497065196622532094784258908876954175915998283986009428310983117 -0.4255865302603961741732658215375347351634331533240187063802268254220859918988517989762471712825519992453845062920852666733215606174779116548145340657460246169526747546228105635044890775503309242600618605793409007275217296 0.5791814874932559310012635196327837754880460123063859896509441281666715321306662505625765810962230761851280140202208976237747669253417913353049702676156691167027462694605877513882378920334372409921292399534979510400068022 -0.5821102428316504869917680443928546668281598224364532611448457369618042475593135959869163782456096989361901494093579545963038072740788346235085422752458760377980284508660414723756027377609672550696973832128586325453364101 0.5375085029220312356804053041146229567433024707396140495554440638623120815342518198876321826138715479006091849454271398328508892183883101972771928977173151429005046013512272445466843576142415143775186100992888559988205838 -0.3180074846459755767387658530175421176655369664374107125636213082004117536423262410785595199756041277588884435180098108245544568692097211000528741281090264004921681647871256570126553525326324314351280538790855916778882963 0.1565054110650882835479510134745249108324795747793336218581496482237156135238099074218176999056917061839622396963660426737896752572512779965095293662996261096607417072359172844684767939433415867635366892205080174104930426 -0.005221114482489540918522920510612930516460616946773650928643062820602084237079433152976072131041122224319124057063520514938327435590822751717068870805400890296560399082907675575862023333639143900223447865130965110572384564
G 34 0.1684550818693043902655546019018429021397372513416931448042086716037371197950328669394721577362096655305358538034144023424734582862390302629847643236317568944355633605215030096607262233702750683036894284605701838510156845 -0.3302565448688361257268798142096051057057828119893664567455672498423550046025287665514948752897677985834792400934716023771483028721404619695575299485919058766015907653363500169584042055847356112991394726228837373381075006 -0.06918865129388288835322922721384103492863388247225389303975167559041923119638821957610216570474499246163993673773854239048057481607116527803241228343948973554708592749093169137625058342184110625487617897959990010097682134 -0.1305004819983829732007303050421333487823342026250809922300297173898996532918046287186119681796903117259980792608017616776188455034577501933722556891955928835245488549499637327927252031152201830951698601212327527326376027 0.3275350559933540532208668922287980355317613370648533731074926943572790864331201525324779584396803520458684359225398851066516025338524621923756261572393397113045170044881373203935325695930808499524471120922978773367591941 0.007075508350236223880255704749238647946280267344339739435430282490791770921277330637154512877081261596548233403355044534777727018540248616631972958721722125353626525974842235702265009986745355773948264899334804705593840359 0.06723910027084675365130983180631754638245950062982250556040810127409814243862666749572851856154728004448928800065107010106353952070008211630299641122085155697452272133486943730291132132862867381364202413602541700831297892 -0.05002211880962810502687319203487460815154632525845017023709632760838771355997889566052107171392757746547838762439779993240759982582555156829740313381664855837675961482527955835778715659175699714838228014930444083407829151 0.07422278970107017129665971128442165966539992148660766419709679988260154777105642855337788027431795174308137158174016818369912794524106084760290741348695594386684900705247085909103639042900673378145523261565267136464486840 0.02064814347704321278875833926907769944900625906571302482767464186869484113519210261603038353499949047409777204815101548645986313279923245108996333489909266201985028764060056591741366799250145261307153583059765316512928008 -0.01793974417564620579914796955369740343191512768116787354944619768109178739272934441092319662343245635996313518229941301739824137779013039713464069154781025485453025385609837052975564137110899154257396147981320991317774219 -0.05689848097197160944712652844728318653649891794426507538017721966351733097650876490423769388697548120300001926034059846002976242080470716558541711324869916375762067071545759278196419617565105985802387238573837526281828369 -0.01012970641422510561172352765944077649766676614671052931070745743429589269004223718469640078345220230846394246402909222148116275776709878977206870898495132566392992810796731462850506730971331217407453466701149061073499451 0.01582938916043447653716011045984675190126809907062501832309412284646891925065836288061756276308004248099477326050689102378253024188144194062272919377217415191615889432138714771430120781972434596125448424518776416121127004 0.005484271054656973987212013689909523481708074451825672797642010233003677865446369795452156683799950152063052330161486595304632812723702296695716949176873597912781793210381154567316623385440844011641151698029908212449679160
G 35 0.2573139385121441566172754538118494713453020258597660405476328176723986678078998608158188098556336122299182156422813908660532149529159202214075499249369919300049616227653616540392924833030073224860952092794869928285501177 0.04920579387594095098931125981576136788194871030093414474679680390548544113210262643950526943370987012351321499107159646608229853636187157266722694043377858664759830360190265144371283768675496710989677541405710174885786415 -0.1750848456025195927124417989820256369427999320016698460892664721009638663723334578754662133808448964554617537594743023289926594176043529019210107680278458654101188590838016647055554402049898964001217348783799537270648585 0.3231373964648084650474466750714863182559104772199756758537488873185825501180852661126608831412522541917864620349121890178224498463522337724142305686084437528229205998420947951444704646469313338824695046850839462369054424 -0.1369488321278918318344163990575585741309693514332674001920967775090680005940476004627691670982865171461477374107626823438168841982548836989415851315055418907384233979803145882903342052892515023409006695687053421617401231 0.4370168186026180352443148013557898129742401651290364768465335205486214539133983804477043489943543238569192651252175480196283209372125010919865903640574388485069855130257513753531640779272542684661041943444917122894847347 0.7034208601805386653853359776008470582349001002662855287622337447106288419682914891809883233415715004564336798544393796783819712569383938683634825571112567991403761706828892285343866587400575758547510248216523175170957048 0.6032505653129004905118919557165381575627230469263346592999011892722934411958007062308209307592630246182220939522452094302681504893173643809950790470827523635381302099159705700266656210350478603775601874283137635031660610 0.1278214213807069380021111889046792543746943289964634535215705324017329076282973980077253046131820704370633129461798523867174579883070319436635978693482052038275838219546288370898873356216880115962607375908746813641965882 -0.04459246526163488262034868768890237420727269882713235779519989171813696809759606387699899408678732550174640589725391258784870655279985586612548595184753517076288225299272087919176363005410468301519458017038636988658192198 -0.07097868504411363804230402557895260809119120734563621475667302559714202961673637458092241103403468854927892380276521772837684673001660023203584172874052562600015623958873658893282324524547173371450170775449311369908468115 0.2840515251612113277456577690297190180647154006423720957580493877090925600485564786986510372299248854774118727061388391514076333844478292705629768185888542523248790536124877272428579021705712186977102676642952057717449771 0.08786271116383918601580468927371137323549297582413913299594523972419936808950984131491182271497718335381842167173596981387388669311991567091765793243495939514968537389146152793513645530238798806536859978739799748859114516 -0.08251333431713752778178772886440601102149365566989979982755932245120685545272606922360824840947247033117370190792964051001396398388538940856794633155339271285486541193641741618841211348876952779610528231712825852982419019 -0.0006594736827637483278526459747487414024320205124823024455206152732267622306533995192814862905912116198722308240345935068734931686205040532847364089415760931238653109702169706739911158486187433168931868220117932095422525163
G 36 -0.1988424200720843495102368371573675722543830336680286793527101661661604887039314885633045789747740246429794181440178365225165575991902554210131441100044357088580262759795437531574140529142771637537366045204325358191723575 0.03844356583970367442448420634168768487360749313656064344028806711094122507115821391696846535508596060049545245947727262393733737539203827478375046041970462416763218206614193478799392443302598653749652828211114624094117751 0.1176207658148407576928556205379418254328470385573278065239489979538630579195354021006455330445826745520379090204557457112704100115814234145450874611966924009899885837483361014390559972682659799901745130947638100965414793 0.5275952078360611658576702089835988238707759429828238318626970284562973341808886603198711080906850761246893448393704479460463693252574456906736046055140941803434149023395397287306628072841961168981395564788895273481702166 -0.2845216395806539886233673651504047879709857018694697549333450611273401694948319845950875558190844716201655166977971627557556456384194183423397803153194982582635981847319226818322411800247566817175366582509626260069197945 0.6765230056481178690002888175852390592297850270435720727310531717269649724690019130257741273905665509834095785077652193797943046774700271366418450248910629956516952435475619403011989395218378748592388443782514621762399509 0.2967632139549472258761624918865138457140098128905986430058559191352452381528185284925995399370050393125677595202519212127287475984834253980848754814845195911450148022202927128979086397050001001523600876109916682652821989 0.5963349093148293944280089064041839514537076981849723971210198969146536302292776246194750657686890983878786507675735993114941242255889401425269342594968571448821654654933678925827781711772717768036908959896719344674916455 0.5560712357110955171312304917499644561629069305368256690297077865069485958205657123847740835561224204497004307310921491821745017161037291835455637886796213422260182067078962487493998424869841623547511973217924563910757945 0.2654094827088335191206884988367005943092723710220977348656783395880067498647937356997490433426186688768890499402856037481089235151512030534288425156000426929974844372173348590235337167088854050198927549250719995601277851 -0.07425739274016751681460091163047390749541986320711860803953191001251364949274968261103212282839577817880932788009451321266222803201255685759393600170964765636008099824317621790680801258450775127886738963331757106928544770 0.1722307934136972045998243936743912610464702863044648290159187002383025866455282221312282975426827502437886737150941892853526327882797166931743798949865632733872889720506824890514713932826120649957608728020626726192834705 0.1298366128921604993819548971259350030038081063221045148541196300397351066470858744152545461995463131040614771748047117372930979296150555445549186396343960921054636164150181767919745980292027044647056762694027324457945471 -0.1711574138926995849018147048190691372754506259287367368648756511370647439756476092135766015906054467974519238337662026055106747493666902629095030066860514434520323125573196473745541825259285241036824612584867468534119504 0.03456898482098887883197310222351068914043291103055625195391090738650849517492998726505650483069627785206228235104209176584256153684588106031683135529854934838275398996751517678090006704522111693301033873303230028212508220
G 37 -0.2734416039228430345443101159557956486078713421436003150462843711182278893429946201644816653425499471030094298409929241563732048767709490760879753533744638203858451783315383972649865935700439083146371746462931029905613995 0.06439175965642078614831019845441408015790134703377676022010268956987437342131936647518580504742994123392823512910497850221159883632970185030318377473684775930579916194978949875506498043961472060503498658196578759264875262 0.1609461262378159304372721146694178983662310646448568912181819777830858278138942874700172062509724528673534376027358393134604690000275465819180591128324404510191887383497280119284088800308343237398128216897422106511712940 0.4449137120336939130268671220520649661964897188600175380169888026240282383984160181984848567975834790537986448118736405263943322600776383483966103617607886451041812493147700885935511511892219141437150125803983067137504293 0.09698141663763789596594709473508736053452191202363463087229076734991182636019426221104977088602551683692987009485900578230624538745953542592471950080062440037590613954353973821533720272130416332120007587730807745698091210 0.6592590788652018030599346952522632317836002925701445581262140916470283515513570580360808714417618517789742186124695860911474459950674317650469890473628313956471385118132606559073790742209840452079234488114655896322629112 -0.07965840223356431258108178333706147043788923264242030731257812419208343327948169069610766319357624574452778303912392175759620466263018493414015744365629767929195086491986390292581445528758962971217208978851147532244411999 0.2964685660600864615788318002072013616406587750697527328693362997488454970485608614623818939811177254385321232169110388253910319685828153864301469668986932126322638756121491213326138768597473823381738463272399588633923502 0.3717111188651278830719447321828775071755300214839890876721303356594992709258595926265051978232708141276489348965153037750900789414569721988856691809261885838024260709031376057492334537262317970938403298611790464750971091 0.1689347676930734524128037453308207238069955245771316892703876857378440983541349683774458107713943163516340354041517884299247469082951943427603151032637264674207680349626263696032465807632789311973300023742463327444372423 0.2049337182388299407449042851158839338490074247710197221115346613910611351045975438641720057037556460347945872230702668844048612422510079943698572892653340201169830587596547765350617333436110824503223110253542043305211038 0.3715721136627008708040147324252931542980378074291612928392770999936261197574499578363695719343770608647048284702089069982902740991812134639323166692798725365631520062099452929322071648716544860020424141821122264720926176 0.2723684647261316897950883284128357576989421610457896150566723828556916433796935326233002652410005290121922255610527773129434867764943320764190765746550342002383233538955125849710712611716765069465070666011762008783154242 0.1051860027756471245177932561022941893088865358469761324329008878744226067385697007491777343228444958975668476952392314738706213088531429505311872231875251606091627781900323505313868824445160895504788183785447483184879568 -0.006933749087610503357913775311649862320359699748949583623930940274542371630409037471745403706738630013732419773120839961515994234175519981014002075428080734308771558629033128064275942979941210380030847246885198202247771599
G 38 0.4848147357488750511878469877487611163168616762329092509742459748192351688995723721520729310734078985760113951940109757180282786345176333024953577812453590553014128446485477018472838322352880000020603167674507515560645658 1.028172414413524014603318319945520262089818966433536201749732871288377544172900851415360456637588383898338957995561204666725875602229404840652382867280212179425919309866944623502201717302402434126678412513036813871253488 0.6150607149836496363127731670436684051672531891226253052708459574338582464446933939127967894012067559877737526947772915294343533332226985993805704334526912740038823824805802283064755707783874124553863796102490723870902169 -0.2251029874695623024725191695958060622998501808725381174510964156190595271052917816382299213826792511013271284612678175961168318612192924684296626770348236791690588615912186222017823306481509687399126275810875781262152664 -0.01417370201512633214338401242114226167138303255580606331904336416019052386055366084611202076545583663756841563797733583835913985659051440055011808398304291694008516534198184568372567625406181873989612259063241773423024770 -0.1681466106551560066476482549591956040308941271232157398571515662950723173834929737332511787120052050357717127211068984062156947928160133873212362428578394039746165541507695306187002606815817466671057042597266100116150028 -0.1217156651317229408701557566330012432500265663071601499415292581759052427309258182089640306694408741207161088480174192976274467015476356875706270853649666239289150888746633558952770562723758568125655973219189729061740759 -0.07966535459091911645107464577785403375640331336523141690920761493686041920635023210052160979198685136304869379613349068351080678040826890117600474697266276276355382539144188555554313313971492826726806595083978492313894745 -0.06675289554689475545702331973764461343149818356962398433591749324781599842148951651858409646044431644620942007204380702830043994628034338588385865819176813754968237416533037150193276455249272757265469681717987732242216909 0.05824040454327600122107535833396885054216044913645518364591282498990139390574593777715354767440747638099685892719314050610222317240367573164031121224807654492310554813723627036422917331699512119032124417808810145695920508 -0.04499774403869167936216200007058859164279669890350175391749603856994735777997073694460434824549453459099538591388338746813753708746824565796207193705197686765115532259098057867177739117342801953783609994257476092140601295 0.02294241879805360444598351964024034688804625472009264167388947254708893315847781690435124671071534096266962927111246876165878531517031902755862669179127597280909258202862552013041162993749077874117476782073312805075502417 0.03069163538187504977943459416427383525910904695647508434443641997770679642082349371382360151738855504751219845836348093487043003972347740420376765243355772068789808881629152179595014042757102585628957790527137524935652841 -0.0004395206143892373852584661811879622878945121093834809867005570941262797289618874892188404322427917773483567563605387613049447561856142773276996824529041509318143437563073781019003604340483201619396041920044541432843416584 -0.007879020260642572330847670795305630576823008566762304063886543395658783324829070408265730001382392613358101890677832848566428882236937140628161841713842806347229414369567737490556485092821887795249482977517387532346629071
G 39 1.113307496336066295372032433645425911013501819441841147329130496821763385591010514546839424673319060677493090397246910741000385085724263532357763142481553109089787168518038466325385767942326496435295816636989074513303057 1.019553660116280112971440772950482256835068782514463766597891997455567177372988328838850877768707026477156175419480875461933998952183709660463773684093079312641910531816703412793194701355327547947117382820970723913230557 -0.1880857893095471497234468882334385670387937037623776014920937143836370201724037634094676620197869276845585745461335800660471161216258010789637923484392613595543241311834187329177062199920796850562978914473225012268018664 0.6885434070157905340738148887481619776673978668764504576463175308330657895270217700480695979582523457817054929522771886988701116396903441042402362760188280001163899066835454255135639841817806058413585537905494111333919103 -0.4887180979968179100824020482670163693995361441537863590208151324930562254714909140605298473138547714714920529244349586774181090905268251970121981091388934506460073641190479405803128996019904879665364807164136689959125590 -0.1073654075637066456798092337758236143645329766798944719595048155322968149563681560364655765337055656629774949881330901372320757455882525640141876391331637953329246865030534717947571225706558951356744355330769372823492571 -0.04439173544092408964882797944190169789856909461732814720005827124111901498345983359855317965788913222519277169910666906950127774287919336053298922376416798502733284319400436102461600072338175175151438314818734131164588315 -0.1527421126237132689694083198612299134170078852880275811115593667149125661429758712080498205667017816443281379613831462013868136353349193139845931275201386002330899164622248259047023458145700354975016876499922850336179500 -0.2370918844847704359003470072404917679102926669326278450041178005294236356723463730551839264592168427216182220710969931404909126515729675686827374428581235939402858554847087087738161087829234731708681983583785135441824991 0.08198688834711251852142189220945711249482898324686118518869510636410862485293148631408052672514950314138787800340640759653958651100456391284284613629292526662463233834792719149777717125839161564292446539638245095912878889 0.09424412950030505700081856321058325486896079950447943231092007548694783080130050420450807985227228263988854057427412296718470132611006481583003488791646750951354370413218283654792893973943617431050617562246022666673882014 -0.05141760616245535976682078106305454858734133973948081971761431653982999490337485733624904950826604529386214090451468053032606543217632092168332927990008622319768458297515101315423004926772550026743200330592758511268528721 0.1066460209858569942808783798483275188827409967731138781125893048586537630146822303250262848898097425319086031630487879452358502793999109582385420795772709342514039812822305000320372928906275643166466504257286021125759072 -0.02082152564467792492830109904835251133860407360325049018799359719350233164519569805503733826253067939742944376357386141973833725011227824464646422555184122902753112329050403335956162212718539662194075452826770789454024427 0.04359896494434755466378637624542769813091295423215191858463535217609564594291310504169202743451743217211214795965179371485584352977212732576214024830644143975051096881410412759690679124062122062276941762609913757781573237
G 40 -0.2796356741192265471468609856738634928659182783624232047048910091443201545230690956482664986811302929314303549531686541577318838154924039039307249618990350148992202085354427401829369747076026409587661165153702059267669478 0.8020229096092468492284533457625446818888941537640975120092570012337750681350029897622875062204916083213991705547743473112582091407729704535517391689647767004335303057355768476144541601541459692402385348285149671640663931 0.9006256354470660527915947282822762062492479080932020335330502461937935258837494761155325255305906754093529791894194106393792276656271114243653530331575778559136607863520933877239164808500491018087503274098982571354679138 0.6246207654547765775161960627579952693713402033671230879597807990394732764191442450585426936259263984744032056741851094730509989341948369610217424605788928998063275527682737911840024190217240309249826236164181706683664000 -0.2619731155045396278589079237176346934003870098849972399874944982608883844448255785553732550725841507511831636037168783183477104379373451011322768701219046093354027651169324874684323577788967298962429549470628601188751817 -0.2566435195734736390507296853658360955345149992219955562237864236371661146205172622803728335737927731426502867188506679573929759579525648386141947317419244425721042786226110868754924083076901703696438230451650837250943989 0.2054610257073742047110183108688112642019022661089234331883758726799970580452828519469024467115628418181470010446109927005943396722429195649163330453558112041430450247254726976546356483857466967676019822213660650758282818 -0.05551845608000164636797332739598804260329226956539499048630559318566593974156913282227562435342333235836201389821225703869111796235638634163961265017719827389223763300167032310431812543479080443496417217423879952032275351 0.1369048265238283661559511684727733811045430676230974913671378778430282595150301040661224453985329678133208503302160503323035296666976317325933179323441701099095900746622808099585847815574109693720549310202153278867784023 -0.1081306279242679709829127910496400407791998212914124705988518661682395361813686651946404786873590857557145178545839443469551344963411092995656618175113367564078129597728770196526434960499989764501642456433632141918657521 -0.07366998755979509038492628371317966153808432765562151177124842265831520587313897900326736448193797298077769686715763081226547993137303444955991481718569900959455811758645060181653544744834762812604359617268486420255731399 -0.02328825513279501639512133420604394707952360366357349319520269691997004847493982673409997183022792418936819783126772536106507611559024675615991754700486397702116167368058365295255644801179026813997882193535426512845411079 -0.006279547242458514938712738428616834246915128046795833671065389891526885958487599916904602784476906920304767374967728829613006076536515630535803215288157431569422701125302100273061572760694069991682045389133226253998485864 -0.008150658097869660200637540180554150199933383686881669254879891099539524374529321989649095570007985350192664583474930528281575836158657253986798691832978147659092684286082049198627969652192666865750996656840121039206986714 -0.007650554740897845221699343265270796678243970908059792849862112604342958311286242722581006826040979813158723527500103182919602101495052262554488889207043083429131338696006474361791994123251912234847668103859879282588018518
G 41 0.2532557138864546046056431888337832335290964440488151802267513008345176629861285918807975681371899166665890253416322982127312134664817087355165308624955826351365845042561068371801802905491231966435860362508314504201178015 0.3342152854833499452009060179106185847495800600594864889374318646356342538984715929387358326570303502786509035364368418471354983503007948456358085543114179659590103774023650831085595408345588962608886629404135288275109706 0.7926488270834697666667604824564626539835085742112474401041997422012384367872806342139701238941020990981026927753449898966606502506244135439494066311337940631816781688643159791972308342564499314117265242381667523190203938 0.003456175415543413833551306574145675241676963934111978564441697836962646004182046771007386571623169759702920813359625290298080734904225950837990674077261272866594918045471435613040412484586335322928892570085864281459535930 -0.3333276690723254851866603519363476732278339619748660896824627509897453664887962006905615953605228845322888301614725555945455858214893301104423481730313586364890614479408682428234496356497142255902488976125291802073702446 0.4024301080184943131058662649900803753148038618169798349290569233753212633220059721350134331340553524846022399770437029957688786812616644502442730376427492490405873309282102199744686903183718716966525152559155262988221466 -0.2324914286510619368696238950519278320607049024123517185706023306530912637350294579641917619819592549106958284396035197470600498242240969253103106490539285102642811917777411846531873079562613220523468874165428516073230934 0.06396642215375568640214828636838034447938532464640518593134149937214206233914470631219823686904874846184612471388093441658214381288057452908012268894750597905547967105521932224255677115091951438527701450287149052773839430 0.1232936509763886163874952292763086900773561915530158457869117736605425134117696379740371508244059952024608290488286074999847017154655875683204089202785018300988442318667314774266500263686302358477937866858211526402419440 0.1836355891628252919294782915769692584435124324554591111197144871077195160988676480897995082278370607190484106983813141084816312127030821415866708140825533745656549183067412032487634956537642107050285644994799476123696575 0.04126156517403262621451254199125115608777527508648859846819301886780751579911516588169315626688691099387753413869763652481700662478331980158770749975084316534420294172951984973418784173050435796208097921348372786709118939 -0.1159777840131080210445755878288472531136719980415752359800189305487943663428711510648687204497350905497598224259639591345175816329633922270190286730219474052451278590795556467830004435758733254094523909370961015426190269 0.04456266498480623692283548547423073007125162444069756386290114477129713806767374414051913161749658946136220547959212896922356293592300103889444224130771082320492357772326834476534683580183357403987676204429265246929719311 0.09671332808692452140948715879058517871821136094290927265239654489310671575395519667192879853832515452272502398768202155252896778312681071933382161395060820032715585072812498308619326312076582188822247872821165063395226769 -0.03183179159674650087108315429867308386809899410419755108805901206776901566906899244487751986030127229319936232962120612271472004841562124704328541487466915156437169700028642093525477048747268527520034089732517129979563830
G 42 0.2229738237130548938578246753132401052250584690905706628270967251301072039557576534485206569816479660412783071767943949016906691642440311876339391356054847718584232124847565466181418058979081401543175829539092595528762374 -0.3942673398063956974905695103336060282866624615006449625276742555594807518055707281688006807582268481382146354352687752837552462461380000265181109375555043156738318827571508122740513889970370505715516308823676361336272748 0.6799075915191791542943911856894407783964845428257510066526649709062653197856626162621248248751140611871447766042603769268673061387997947164312876171729975783360834406445879344270425659307586666273669791204020176201752920 0.4917080009054818458831105877858503663858793100411831391333678522210724426321883254044942765736713104976758948850648916469493059854023138571988330324851149199197377178520823124833666160167661289014747067757078763838285821 -0.1081526502359741797264759269720277159418765607527777765174023118056961242686076419093178338608653064114216487358599206749146056201499493504895005772415817323802879645520218539147505583874563316411727573701824605054785899 0.2937724815848862273239981636794923662605961733581242993250873169447416547353266633803868361632694414714144736619246400870501477391061301688112770069371811938904267606472010843052179359577666546826065238172070375283572349 -0.05164717753142592582345774532945386330530604536205607889805149730725307388585085661016891466767532272712794477623490162411123958689524406374496604965700647426246112539254024789190874197334518674359929396622802105851345354 0.1467133233133749513591335271341144347654623707262329685773764173835405048160672461979212436284230995840442108924064526670632764090066778302078358287036335568437239707786712090071154617801941671765699894627400747525335841 0.05533652900493932633689172297948565730905541956482020372680735755292094745300355630716847213190789105163956508743815443607739485356287487946143449047311707003151003104075329005971973349902098460241926789356851172351958230 -0.1276201932815685895524664627608296512575020716008550709280937278893601655241233986888095002269293827978587766275027811869918857731602456471704019036168234794792700305340534836459345576704979393977362671274483866343451213 0.1823262613878924697966912251547232163893193830081707676433381217269014095298468007979649027285929421526350547698658835263027729932582368884904693651039895123384771663756563540424036224705384852107906444273438222646131662 -0.09477015921949976400552032982151566701259238858964762384283799398407625767050547602423231041572816680073110260895192304822099687878288019917044908439642899997086742348854131957783568660336676480803658300143301558369048433 0.04071784885912087362917631356152471813978090001240984378773123014764824846502808186792522809387308572338705573431028582858894466008641033256742074996277533105028959343092917256410410946189167139764229403806419219465632724 0.09776504297185909367618730617800318244593929067125574639319677276885757978200003231535036590348884900472758716284321214020259547738592947534460754319742280484451887494879640896953016827139050018705223018564651210009794855 0.02524046584638089136129812479412250493340495175818974044929594200692065354297138032419471313602840350165890086567605684499933497259578886082083416509922933582435951006017520386349595773070265207128337959358419418422147601
G 43 0.3463110702202114933008874685903113841098743611797466492098288503818585311087092876706226570717220204772458000197714121307783486854714952809209777625399271733131377125555707897193003774488715560593458094665850080118336503 0.4586383493345368785876893077097262435706358498574345130562170075903825770398381773571364387024825295237601703722670891123335415539804247082049340537401035795877845891220800195976513656304062003209202860704645522898698394 0.7696822578109258938034673808393848679577661248468323417995448030327209928637212013811320301867432742912911513861723609849351148811748109552139693209851069538347620070093246631507874944986029328577581996723723486276420741 0.6479662759851612355713078866057931036901688528201892278022504964125220106224969926004476319761545534305166881731499939488028115085670162155298638132491265061435005219756069132502323129030835733458741305354110133880165470 -0.3115883953930442804263936102870644923308737560008562920715043000712156717985952672401029062631654503128301916371143984707277976734123985341584568325704828205022364223745506804337890228494492020494024515498802460981758376 0.3720566736013358923283975710182060835671725490696434725619619161099205598520736126545113782723961332454548707015918989560356474025873696202091376209205596520896486259133389284652593380597657170725886300112795675079152398 -0.1931135091962577461967897856756933174209523221598965463481287895560111060242403556699693890362304403048989886550233688943891859620779758483905911967175607991819145501352961931485472768103921588076748490455995140752883010 0.3024351174360850382940405097822502330149991940766243293510125004894187363730881283488644809360179664947930726530407460377612418352063668917309066775455607708253834849402195586810465109830666050885573416160687732151604568 -0.4156656268681840946824874486737885666543655362909738000476093150089175297704204876886443951986089259999832048617728601953272777985251963633587316617953529611767207964426370249889540189568418341393816460909747281413011909 0.3799760505598088489044396264337815617659346154285810257419213430125221556533510038348890756617023863771997980119882286672859299952263279521216037752510700253504856914138099069057093011092169504039051122033401689354382599 -0.1369623794285167203624447535558605045206444956976222320278638056460582006154589003076993323803362578229167596502676653971186366010253677585232674480005921161578990121752323034306549365596236332871474288046786295909067751 -0.1213769977886754610080698537241379601095121109325188701982097104171915356322220403073131881569141385658137229832641558304907099029354609891657776208164507604854528789214949721576206607116026202855547753419883447947786760 0.1326797838128037516347324006674289664619704338418099646130174542707976228153851480067435985634639051566506547933527499007177994794569507623272596512502269697922940521867897018204121128304194148741206251877690206185517021 0.02750990709215001534823097939682264024646693745413122335511185351741896846947998378541702592393990045953669292942357357815985618223060306698748542220353185909543728404719917024445051823259690090335174036031549967576402275 -0.08539883575173442986929421990915094403316798829655004535696398305762303498611948876832004924869902442632383756540258117006729085643444959248447352613017817041278682655472839281756764088397081903562259896093178651620314757
G 44 -0.5367244075632295022385559659671235314647984700439005961940118436276428487362486370183939857272953197414601413978408812887320849349628373490763216963161055524843686879400128028077623863549719142488668119899803266236355481 0.9045819934025762345320890979422254169761375810757149348335599524793489952597052993907427925099967574356245237217555177118277420366095426499494038080700986768497296955159400918854679625354128904990461868103531294283339391 0.4181353040257637986973999328721274939090616477067102112130473949593600540007463078814915212673067597581957237580179851146750714913178910907094995464568541331656564409308680047047383621480252861224438591580038607323861829 -0.4536662998292589163253349473899442830382427794786461730672645931484084818598699291410962349280980691737286133172017404600644408006896677998418029401413783118205534060063025338693078872040122872879354068035491996416896916 0.2189764830071925079362357761817868901086434831016398631078324118435781525386209165366146131350448514091028667020709835399709043613394488595363721560372694639647480476549229445931480753457364994757731222575639332045949753 0.03719397207975871666867140458724250486478746193705786893735294406077213515809505661960037944508655134095144727996803972480512994407535665001445814609599779370751282314259873439220608974200019976089843484565001889492572891 0.1720419181212628726051951073513011429607353403132832271904445551030181843164921563135908150173385069343913332919576573900906170157849813970026279786980840040623783436491385454095541222551693692176630632772042575288020809 -0.04314747069159627080501262267065681027740696115450108700434639662566578636448018530119996734243643299760994345117311475324127187706823275649172696551266517942621450130553446440477168177350107413640945193672957346394589188 -0.1826649119422210557134474206548727726853712446125192103311850788959837604041630586651599974215090438807217385090182517412938830793608857391731754266130923292457725543767630364271023303609453967063862692931525077778940412 -0.1430324120401878474790655953070287901250966436131271790338314576137377287642973151996855955045669455042006215563072765256562398874324851794213891332737099098866404290310083879868072406785769844062686684640267749055950610 0.03099911658399340867518260689908497906076281060825899202753424379926256333267559000056368595087022644829141951335401634003170769819829472310223200156041508752250827435369920647271068034195166708428756410287813128609841812 0.07619896050810634977081897475236799003217302710032695947762292485177258904399219196713337587523934660122729970865159361078407259566303204251849747296978563935085605314145087420157379327825315663987623902110938209308326588 -0.06543063526503952633087952659496776101921498338388283577810831799000211652326974776985503642846717398039736277486374205518674438094022708206140065431075376478237216340299196587553545261096720727924502441588581214862767356 0.03228444006925202656891016268907196242589957089463551324993582497823226927487029755863809529367383558006095386064128815687686886340706654030060570521337955034520180807682418712363270263218665143157258317053980406825640629 0.001806718526081929397435638230421851709479234030991222089356062209985889706594166660325120074586315108935059653964344535972990524046005908585511160496322722486615513580038720981731614383648888571337148863188653793078978277
G 45 0.9547280590792738022583190042642929697317733025031208197513876770316628654337518475229751736001930186647278188251242444249128503682999321399917088585835022952761584055622842598283538139601457224338722065415351443747531196 0.7335760871819738021826272926558444928199896157407231347236428275637965008451577766411123220609624891013793163493959772836190889174458963689528895291892662365501723225550990237199263380421757258232148871930964544672761444 -0.06976518315948581893958733346434197178873529522063135797315189432316569493928076792959921634897620443931518850759864046691480967619854850931898745662496739871610750558487498448795910335289873107745205567912777380521363514 0.7343795482761429905519589113827093495080814726981470252819289038732898444604241681964085124629085316962469326298126822162380543050500702521064617863797848089877635018584458910986486335713918799321207542382537849199057122 -0.6006915667114688695141878974881289263332878038511662949178202537964109015475396316698155195541320798896176800621922076930979396724615884457293880301860336606118105454885106414383773384435501238046422238462855574186021160 0.5166981192722546290481827556595098311971859509146639760995714221873495650350063384007836194472647763234870251642506467768718805942471111044036204183748300929446964724832605783305477964664413141927605362656230238491484090 -0.06373847086860161746685628840471166500149726325020426481956832011296047418425647917690409543312584600899542424129583091091769411686810944497893172780297316407231957408606681323113487063823128122856213731209418733391370531 0.02724543315507974618223659416097085845107142830406114640207801649781469245916378540176320131677598231658483202112062887048723212835724128824043865436897600019613136782955930406706816513881441600711609333911043477425529319 -0.2245861088903119733467100307857121774161712991226128681116850513255746619338684586539426693725670546254756123381375132682894116615069313762628891539024239105869820413595337331917266230388879960333186145641448530958917180 -0.05474824809541708167155708627382111209955603328747372839291520843475956913819234429468769838742774449383208644090611360732476814168853954270733860476349653675399265329204153605886904349894692536700017884112122679527742729 0.2678148214127849260968162448859583509415604271448423542042807918584387228080949572750432541487529584229690862840970067591219106190557790191780524285697768858327118225755091860531035724452526446317137257601903817030169595 0.2089100236938800385705469069343944155529560807363802639299127304127647039817531057915612267556761633572741919021372179849734118733829510414167859979942469110916683166440341741766509720623954916109799591247549291290544086 -0.1303590529767900099999278603910197600757242485614731174672481264329933736525876770450502867805438408031865843415305982236823955544243985359255604216424576180195566441506401318204469904591735014287450072613922998232207562 -0.2140680710276938793294821639349771937113805311783218910674790996732074495851416829407194114831169129322130772896014497407983566423601080126905581993860793007817328940557763982376223805089492434213050032346026031016758296 -0.09276153900823354471470313543138103360549589839983501299380853719299541024291713009259887866419099394902752799495702868921254566062273146565162442994227128868579276279335336751764097436336632970152297731289383519105065207
G 46 -0.4143447247882258292969514574896700322085387653886269712844106511669991676630900159437707867312051903265604198621036470407953305991909575177040843708899760673343209948399530786929603522483605307568756868045384589797849724 0.4967134251669576542631736384413686023347465720242826936417705232740856520264500781656656087106013692737653998555741730859247223271850936494064763137196096015724306389011940760123533227787722890205014078466213489913191683 0.6169266599896269065748233393721628869913807757655130406741144645396054124233273067183089840724080883585086240944544586443563257437439774352419944223928863947641749789957150293967793773765527670222398944579311788126789345 0.3962997769792187866818466917772253408143404854885018638892227400722321712527314046546829445934096958913982637993880875030398452122779944342536499596556139725363912064520402527917049471415637435776098516979255495783143091 0.5802157150898769134921116873028254876432688326733911735554184202434657904742850949312494909699235599664059499323779139495554338368383602164544670147086115273357190703518891823640816952266363562307504343812593257956669019 -0.2459704061001113929305719230304055498008485119368559701896080604951495221303332022449074178076604874835861821981465349184952601137098001357105742655637357170727841286032096097491972615092234608263987550409808590085248441 0.2933476410408014208048964023576987595078044334616597406603265252334347211804276637604093369756405031871385329027882265091265421138730187386586245426694240983059967517858168849736563277279269177183356840391586802997103254 0.2064425551470234128061467094747895288643691484446722864203749079337386768168235187004766498670097251851025858120521876131849438909611387501237772115614697999478732899552133684321857189496781517779076626053496345024815973 0.09149087445572464054254587622842178632326141524827565537423002645727400635905115951346555904741917471167247969330671358200524320558052722217877244658230360760097630764695276227062491032188492729061686773853334528622894781 0.1536091600150927656141524133984057741418314519725295833322792140082140476014615903486717071909940626190612448698652677839312028650660277901179823967784783377989845333593515973825100794304820457837755902783413087036520037 0.1652155703425099973395920219025162104870519362598277605265559862264952207217532873319425939381704017372563922004442788589053574061835777100226465069315749046764277262415319679369660136386116589403013371460899226668687103 0.04532874417486287716699976720253139915058424705532638894962836130820115948256963393654219082169483563305997412146261246932216356208254677904575647237377229273858337134058904919684870226941734836895909052228686193822329254 -0.05559187468515437138494295920291850058313457229495207450316199778000589192493409932225296017567701524863551808092343117090326755087168039865326074330706895581870530677462434291312441838392193667423590512556687172635467732 -0.005246590699167198383101323107410723715595319827185043579950625657184552858125167515569724609917834774647571224970139783254486011070342639452470205227603579939145160977078412338694341500466620888818317786338266283687456907 0.01547593648913491831327955811155041014384027561412197514898763523584552773210718257430073599826172178013524430732014887205589258484486016896997118528978265869149073590342380733811744482201904631098772428687469923294126164
G 47 0.1588964286216817455706355429956096821263561892259505326494894612054130159639733937031521103960604682751702392242293179487056245722267112328121367322762903632895753432880684662517211516050154744755141237030125589335897736 0.2259288861700152853914919481242115604945218445090508626636078460623815794168776644994992634437650629348869785842942737732244386705630188852079614844869501343238220644783104198043240793611812828965172739805105705150231584 0.7667985127451258624370976843715954802384543235493584281928859712412495377791327179795481896854627718037229064622177487574418461426627657803542464029913765231261232815374781869828225834706702869943345524662262251492867969 -0.3765100301222400242125732422722136890619660740695746383076851286226146813169668201834818163708544201534745511170578683805751399131870260696327039361865942737843549331644345358734503585051146115947536369889235768119223905 0.3416216690708671796295694483084158312725691159755454975550772391930578797178712462757296088020447087762792849045415977938621337556613456756918368331847221352287964019486152881853972095282193136456930391348139774904354608 -0.1357812132258678913138221054566736060312302810467882260475589543373084052903800869338612585293880629273059667411644433493200123813112692318943910793628718585656168291963689762180378477370278626733387263673210760107205349 -0.05329310949755064977572569911104001963665914297730151043562726365142430760442623514197254269513217677434476364079291611273737230287015174740548078757604765171121046298336356665709111370077052956759698746950749566422286842 0.2657793596768413069032063856633439644080660182475774805347783663741013675062258822586175624239398902282992229252022055063459134554402900630451975125702278838783373026599327115688824913501779201250501603059760134259413413 -0.1254638280514283847669087536832352381555422064244548054179926106017414071767068560302976584172248321574597860248713146093223062952814123434783253775021164146598357480960163329506315878845806955829669518727883710782262576 0.1595546199716599119245445250797340669950843102720129445815107134738877205614089302850803186656530028428414551439411351421358829962425433499252283588877913596816687807587118816189558853616304007492431060231637588217214601 -0.06804106389111448309574764027739655630227789668516966350660435047394950887188449781168171088144447929862405316582531400152164505266217510741368100074045562599824477090114228074311949651332453959754303702040531379184442702 -0.06656025953461858921249544273177108560867236618239006555631749859775219765937456827183543193141580551520213183582119907487065746245421979250419539837154296974668687999895252011199221495922593740901126631545766624494378005 -0.02460779372313249578508771716195609540241629974286334682191958379548451504068594883429026790641857059898635676998475607045549554224903283234243966943148742129405788806102136258888050706342012389236204308708848114270021611 0.003837727211311044413494921006275704781458408071034482155426982636807653325376676984880308074555936972645284854523328608467807459599362757863616976158323276910646829091877406696817314321157070631927021446111362844642653013 -0.0005694950946972338681359135669847173028541714334079576138053362650474124647837881991184450111817764633327371305957219903549707264700326285256417204256304782461799722223214941951363185919844048588835477481148308762586960684
G 48 0.2106621589335000459394135824968184357797864858888192301513758368129683177225753261329407334286369702919194665213644359314720354788465297328942600635128481714054477355310925827665358194766326028321821071173929340272162015 -0.1093381602455914148671286867111710230371688934077191597512629960904272352062608586615432429907847777197325096103994344981698967483884735417959339402693679334037748545366256768455689855228662851312154511421708837430626502 -0.2535941847644128451647653380683935488745369350047351142172001499409124793312657904952607786619924035812379822241947956133264070620231527199197722798104912938137250987386985745147584902291285519818212042719593716633202745 -0.1828717529715040579719361734295277187363039772512426395088507864749217605178827288297947741959316713743256106313312592297498035372615426789564631045484646346170545565314880150690152603472010289847203262133126622741737980 0.4240129524552497091137003378799029505215513748153800043010021654812312288387472006389139933925709968950027832463602709190603681987936787893422436949318511462377855046175648082613684276537931801221310379115738123801263907 -0.2439031501388734180430563237058049056469160149467481589611596455850554177673945620038193559361061447588912595032824753220760404292162303664611210082420542029039953944666363677319301070841377291638109391135268775835259298 0.1722113962885564923266651605098304952407749985832709111576428043673960360084101895290990516146064530906735757710971822845894292452469392898520849261885856042253176614712330187011629190830202859885808897376955055737000407 -0.1235043918126298860702770732406918364557466324979603904601284048209226840322342365116476989662553453831514807153611273815437150549330446022054235737091267643243341136461534019856078978464949258362533573225480675887639773 0.01342411611034034284274118636593345598347727738864010163378570294209199447796138071187951544704197785980865140651255655268998194028509989296248014438699705238202706810491424708301032819915237094917494853669423589527147019 -0.06161086798963844571676436505397947308879176375407089197388276373803960141109589019056172284740687499900034241006617770938703560670124092611137484315498917239759455323501916482686307944619026742717693104635734411198848550 -0.05397791875109986506782585601497310314806110276571871603298401943135797665166122727355950676460682753945629140635557614389354437207668361813615796479820405611173686008827211249862368906250398840360414012675495904780457726 -0.09032413217837168345098822563013738884874111731611353992682174097099713138225537366120697667440557653671517291673745167027540129189564175504077944493991986260808892060574995384792117281408388002073047441296206801533957822 0.04516239693243584453163773679291891979200494619188464409315957698365850221544959067562385342360746015357473601460764007969731086567178370070214967143022895431791603804688379023416319020753473294543257418245969794220887119 0.07923831869282296596061322078634007155656928854098952375486050069900837573672275818849832865101269152208805951615793513062298307360676309286610123679395736348042939473519206129029484507004684965773305422687044406278999683 0.02811938472454928087100860791443521595127150357340044363570812309143284594988086526377255991689887566227977722273843447361814638423655435416736763188049308698427859013184353310916668897672381451783844174377356769991563045
G 49 0.2853884861447208244112387276049009564553893893552216721507111334215660438699745052774253062921778260542798161571532112557164094664306489639484007804035813246473418648460339418571215012681063961554046199915024601420070522 0.04356972210052545948757042806471494740643890149350074577654732717940023942359724490992116425770033168306524982106315228713641996789406739638961616301410666994342638094573069740334211062627619781397269871555861920825990314 -0.5547475832669705286337468653715014805023920456849259128253890673039519923697724350445722312269266800013967979863719930136102509760463734984310331885519861237222304015596054983140593339951119053658781315665007168292446517 -0.3596454174674875973261007741629280363374394727762402559763659078468508990300813469082661398199278582291172732591459766757604244059991486752536402285959215189326398136758334820211036693196770332464499603867333084815371563 0.4555999128748646694375022011943835617251324166044244598301546440711886061298225025464351403888917019966580145155754954329564034532322814638585494508808292618697182904920229371220315409703735805875213304452376009478727762 -0.3933351781945274593941654071646879562183957031801174341887911510880880459955985440544765126307578485268255742560295738184131580902501826739974154271883053174347578856400133471581832841858116558968759078882094686257011932 0.4302975474329750475180143175143624914191606882615171735748294697082733904278350844505413244996456031096773448061420703388802963307495426679558166771528266634559676313655237534236460000735992395090261808283609485303127994 -0.001092409619113130176302178034910205008514607959756542606263088959231582727021678479704002036722359723749613506577457913305072112792163244104764685134211748593707824678295633326194100210575046384769625718990434672025222891 0.01728882890883393663796160059256667359668900551935036091881340424791484011927025836347603837172861277502503423420030621769606801407350511082864131589105026533684563695875958127530376585142898037108725157861092869879004445 -0.01333701746382244728110177041008986709289826425391691801269705936415672722462585019949675436187671041995345946960929375066168936190817451940974592349203473103504342661438617029085526219844656584496270367244372899943387405 -0.1207199203100104302573038311143494768262403390378699868538558425705564402295458562362163834525743546492740348871044102017426158583009723826208064063719346323489423874043100965882880088682802082750924564773323525207080960 0.02654402206770465096280180042362022601473923918706830608328049549641408757126695937122414765250540558131159565173251861802770328285160010841650019957842449316597863034013755322717058298799245544658993438864797360575116926 0.03677373070656649781859838286228010328684714698443549471684364851065182717162775347619738931074392855800597921121593837268944330857140856998282490731192767892276888033938419430136006916355792017849117972646446482029031696 0.009316573517683471798213282176162311791144669194423268628236045260800687518142441914763650081114999821263719858640729574236839371173682252195184025942091884223724634232501975110281851762940975227717905869886020570330780572 -0.01943577746949253899988625499026095030726400706279607873893916723640887123266766824313768327157867506824655816883767228153225392925655194000734990193940407791139893783872070416685171729092039821178826262105948447852964328
G 50 0.6636798673584348324943402387651606538325268978876947913118657399343064371969894131371734469539487416906324791521282097110861764085004173031770957794776407844521064067953730788125825801091825438202706684737267181219424576 0.4689357478893117288577887101282245986813238382596666538053215011608278893724324050735429923960219408436360460564415385949177534136493722541759858110407813224250966194481005128495317147040894881363793440805273267414463572 0.07686948961564533249675818721121027829409937098688512062065319629893236787948940074182098452816037826882064365891979925861352600114592908057366550334033376080963974227559326355840392033545471013163472332687520183994977427 0.1207053165789856626909246346452393308868573076988117884519023662066130270763769899904461410215370182680636576602660038432832537988005620181632156913952765176948122284327932973889814057950664172370583286436368763306811456 0.08265654627296763152483683111837624344854177131573643054599642884636522936359685636786176922155407577651377843463979039500939052703835868856148725267305436845381320570598636798083115304885914756305021859093896077821744598 0.3032999368012099613069070430056179061283942132471992675698280991373738936523581562121467136375007353048732916384567960941644958466213748718542081741836644594324800891388727580924266308828102122719687042205936807624920983 -0.1854648060813494735550051897209011386020691542587211816547730404165082550388331626246768172474115400087808147204067977958679275027221571230659495354923773052455529114334467427284780328030757935664515807633409919742193450 0.04201133164704101367183187116011812188122222301540137716681704395263864770430623064268475800019399964161978649261752885574647182934996491980687381474574609380890092257152097708611258106165362734487646692739529332763188809 0.06124821748289546692552385220662466088042111636839613288613810511294998135058250027499320098711914287473437080452830232224529629230590288943655733683109984625268382828831440140108883903293127222550909820530167266603919748 0.0007848932324178565575397621003966631099026958901740452159378320367208806095841051823298331502713728509869920392620131049874051095191761761574809097243543123009772298612678577039848116367639255678150961726989912055765769693 -0.01470819876369966525506838587924172255605045870379533241956898966625270618234643297765960885883094847133352898838568943016729367379413986886759957240425638947783501297734507767694966069823388536387005775564928857551693959 -0.02864369127803551196546435505423817269680448774418821047416919024555705003225740499472234666313287422004322505878539109700776076652812246558662126194016022768815007046640307755033990251512466145629843413182394022786433195 -0.03750996499854670433790069251246522656276588596917483000127672616350784008472728384170554049205165286307526099140715583339656741048845322982044348547865060147732924185880635368084255925812373679823489978814160456456337531 0.002407649662948902561189510268402852574079154213773308853130325782188893705200274023579767138509996828874590610042372004395360194381165344303610432033621799057775936990858378450070361090773659116374368963415013591809760230 0.01222405797751899614752674677866622882196700606749809244159084981763890378122912894924227533531595414598206797654671505542001876410518335913027717976789648332965616267204795750343664406881475841007717006327795330108344426
G 51 0.4431622185647165770753265474972060500978293437983151082051731157858974995173618968628962167892461412193131397204338569373371747466202390856199697624798435739974580199272278615975981845022106232382870672040336926943250960 0.4848528375868220055586897193252103139824278885568963011015546454979535953147908550934941392860951313288430692414986060295959845859697562351692993175799474841356528504602581686789988158549751443454074692762678116104281686 0.1480157170224641269695518752620264873033605592905902880997520824158483891940875370556539037255794659925705528555061677373379722033005860086527637440888156703437812022960017028813676842853637542540306146455473414281737668 0.2032070900706159530780389295312608473513929169471676202452790988339473846890409837296512502293376315201234648410468343573533795792300038667893460028692680958670964019688414974758149325080879741634229548355164445745373085 0.1075915786311689628335442377195179150098671994487413506384272936974586983662187485939052643143390866473875080861846239856826884381289152989741598065986743284085082599108287821293175317822793738114890976714325374518021007 0.2494671662034951588372770939056452091395842032007832184223143540358038355156307943484660089773358975103528619936485050434851389094069047327585543269015371947874030817933481227557203230191281586429358484064540355000224179 -0.1538565983048484599277921941939820480376955881328539431600250549870551125085990900774430901629395687348631558906798579944100262600110830016792601330273229937805932505825323611199971788123938526881702578485170368378292490 0.05808687728022222939459691646228986536650702414456381497555030495550640944434468110082917366756097785366630734655457547093943547992852979955081867012599959633539576017740194472082960217188539998463596640073019800456362345 0.1719630388005685212118690008348697470014428917070743097252649484240999172857075251555293561206251551479138021893972477120204660696306305863630412038980130088305388662490074087025442900967943152489591468924345914071303285 0.03408233650053590850580864267098134941238610575988801781501713731157892535927501148425807322197342658016883744444124837464458710306851440012966867240272963084497777954899869098392079620015613559109536773190616668002832224 -0.0005143485938069867600064459167256062717322209787574108337453313538843322559236953346193627206872776372862476348553661823195059380083799217187673182290533192271717216761867092932928751164880718903176771927861115932480504816 -0.02544357119878755510288176022317788897369730499051687415971466866933366570751158975965642263553573588728558454383689348833871199723758241359998419730848710227071530729111489334764878157402529395953862910979758819758867879 -0.04603359914968535458962021794394703340127011433451335578962813806402093124496643386084443801360224058466569970784049819788341871610112298513623218535017633954916552477119297796303217129792181686128370940750982074058705371 0.03893559873537764657527175651671958099218346069919434688163153747997733072009034771403829101424430010271308803678301493773464441242626038946441021303274441598499954813710588978930684696101427187711695847356081321605909886 0.01190026026764891698218697168204771761949363481744530017681850628173605988751292386352839580665482445597182595337999399068295130227614379841400927882143525622563104919095148080624919347680607064486732091139581942049161538
G 52 0.2377095780439685526358575534716226951881551550635791392642415346450202141814801566917730453899926715341444345278555550649899034382879256875320802117444923358047319227767235315639363444027961167118506685041158471433127241 0.02599032452098075044059760366209109378273323252868041324432732492860592313645869247336142096979172426966866352565628427362054308009900193177490184401028368183683242854263545068532738567070601590034553219866394157199528869 -0.1656870198232581121673673759855250325961687104522282423850564511065204687637302491470724745081176437460584287279470620254375396839177950291573770470851238321832989989809442673797542848057576960537422133847089681446890007 0.09803416432018473796777434494988199419430839976231768186173632019467185642645456678816342676865060654098143094177890055958759432796892365133217833080957911328363769515303414757861121598050368444971647329537429313385465512 0.2814916355428003197370627092152690211679448108309962702835088792124145653130148382972127223310922475249639133638866982517379043509343903261762510817787318135896263216087734377018119105025433398210586237427533338855493786 0.09929107331880713110987233170584149226835344369411122108846820807515445894420942370817007348873936318441000281722057107487545581929976021232782453143818849173773298677139689233896546113628901624166800892822684425676813074 0.2621234427546960808733411017436757851241036474613039383561079363102539511945039352387555904075604530468686514959314243609437854850098221241452669421328211782420322509122152335636253360789483733956241425893954339810789159 0.2514135383692885418830669057986058811326488292349396249450996957125591610370958091173007500023366142862179292048106232961126623871060452623536696619473929996042036791703571874266043120258274183864356843051272318426697133 0.08004775003352247249764681691784615650625678716168766864432197290911298720629329931030643896252140326516048520804603336111520853872854499909441095562241184498208808674669692004434227455947056312545910453207062572925886923 -0.1953178161837489466935315623061016659367862587466770662956790437801519559138988516850740483556568181696553322077454393470442366284183473837343569877220609788812396687331113714549223304511529455572431272004160445514321568 0.1483796110142937161948343133419564157863409261218749109647743069962008669036758222460058545952782287953140573315013316080024944468200255896385764067573879061873973655608094263672334204854466135219435387191179512928811069 -0.07564477346157479281682750088641754415470096231693907207750023439578981186442956652656582214417043157309143094814962420509057299911769141195317781683194271461446400264979206507817046669834043092350758032505229929083527274 0.04475623427400088181952310695402142984004155334433664460414470365873286276404309504229254556709618206680924441650567433242019017320186068210542486958739453751354847026008166635448984822092053258886379227439740662583630076 -0.03932547672132937678693092773665301144598018267175513196920252076352902881849764985162010815975399444823325053683944498195934974161465437023296160483923074871372867896466775252464090672324714966290296906430177751817648915 0.01956037955884613116026591208861865311902560933670890058215447597352751543604930747321740187511190458576858409661790992794122323771208938158670484842725162388799628031841961349476064725703199828353153697552145890453408746
G 53 0.09118235574663557924227840557732269921126093858317537445653347897332670739032460221695435996291912014477717029177247368027657257509627954098333119138337992018166622452789512112662042941498828954408861036834992380665348660 0.4737831727965953796623798815652356766958374744852880288434687111234264040558894814838110239583246436575494742976489228242313724259712312170397108569615564260007168425795804036363038710998671431479670984895665500252474334 0.04535078708422074185295529035470819085221218659948866432201890569863162880066630294633731287280754252209122283801492465763686292636770384511140004596727082520114604808596077728112014770508207995363113590034323508078554019 0.1314304811865080169439671253780912138401444719937582573074944368555454624609386396705636796758071860917278738150756594494645512781977945763878968026889952603667740176501450161982401715189250282822892593053423746768006549 0.04506977012110176258422842336412768641230878547715883090021088734486581183688260125469651670983050599039659321356629874653972360036318715862887047840168562932120835897372916816419324618252442920976136309519660011657609189 0.006654340511583739592306813465960083619016025114461568496027552157535853777077972147170261579807363116451141086258552468186853397941529637850765616802412405111067711744135754815829020442313966457473821801083641710824897562 0.02016556403770464764562654089686248189684717185252471165064857312277069032072378832249851816158591293606025985835192326128034444897808434891252090378127775311288537955722144982114682005732744043740488129290240091218032156 -0.1199290818221554330152044687010463053364626804368747076316566714627331184849976973387238980913019851911888801874327734292099907429541092710442696855346973521591658663450771503088122920738328746762367722987230514837742876 0.1292014921541900213402464391797197348153211931252077198895866293677887044245053756532352638664280164535951898933623605485471222878033135535770557430562201600974428813222041347079405648819364895626825424251768692657316628 -0.04368951065921646750423992552058772938844715138015735173027390863320840691774567298435567161903365498418906029225324973873044019055012072691746439110699887528756108665118182297900316553933341740082666576759503082432909258 -0.01186626908240601040775223128571492175703870273243236931760549166983756839021448838459718917517549048192487776579690540334472409571024165036013479052399830030872923388899337649721532823732021680580305264155785066084178416 0.004475424734773901139430969325140976910253092659020952667313303630405502397326286065305712164439563441543789484386878247302372561122645509527459754344704071296507249802646524136166339157181342568102208415572323063304485462 0.03617083563508356399941900369066638716294414965408903014449959182460720684470694656908849173552527012072385147337389629326682296866303499983128013635164449771157462677461734413630158690177044122152242778526634112184757035 -0.01352521128966458025326556599503177178463284887892050232248465292895265601554409730421666084121201901001509861662105706033504119550496238501441938809488832313932917657373316230901963455146683804910745644141854550012590107 -0.03098878264547271193638707310489953388821587711721364140428655923665443210340775769941137715259280041207432898155023328195601819437362061614092362427369438420184079378261557474500191404037611561867992926746666172092227748
G 54 0.1955260802411082166122976030065820587077686489601966656009697129281488209926303207977315757181315987956420938896974315363723243432048871800892352821642083758462562509182700216153473696536908642066828600722455281164566683 0.8699664574518604876961395673502587685809464396946438878924297324875192169429848174383660082687258101831688596257076095038429583397003790018064018892770387921925500845396712790967887361890603046236275389437214688892937890 0.5945213879376838276800087361097430725352129142825107659954464486495757661826452100926457382851124124085964655997863211630670492794334354870975947935983322140577724547288626358260200296666070829851405525227240050785627089 -0.2493812955331194245218335748102606626400903836616805575419020025168525299746818210810219465302166607037314108054599328670877181043302066533731564953086011395404881967828158673335115630510762822746813831046866615277129043 0.04702413877382938803970750326784006745983938973912410266486839677391983508611993262932021650219283159741269872667299317764021575389710537499211593964576617516567977101024536051662928627220718642294751741068514449939060365 0.2227091327680144246856569572557236101405101555227607144682172679003708309705567418460758418384398212639496649713831366838902957628388158338533852536572666486680311251671597236213281106816613349020276642816284001432148010 0.001163280809222954747885487972146669559646725060599069616758373896557740553901223309398787439991691901280775536676107732555431300655997928418421607695976051852035752000650633418199733505579693287757283348592711156068685831 -0.07636283014657112823376718208532037486712757364051887092195487120575319498125013185993151634993440115244151303072245687673265800775182941628308399987373836187939242737440587984442543132841871285481298525843486905213163266 0.02577828777766161071770889814119509287869593347313548536349916101175462051499901736057926124986770324853491643513891135968977069388402514648596048615123650255675615492365987652711331969435368670030109184080480667400212886 0.01803661290714681273245635148018555349495235114784944440253268872956630133689871224521018861372060419722014216704208334461886750533252014811155880360574607755743396586992881071629320370740339502820946622314037916315250440 -0.03388533966554074867053494610906902818728900625610260409508344970721211308883659598105953641573754434464764462915668764711543069489644612148723708542629714379167587728377242435323140961788232636253815911028728104653417230 -0.003427030451040066434673462057744495761761267524998040537152069892936114179848499357207635397267624862641940895590102346832853365217347350696772605285360555597008536032561519205812900098230514188251971057461125524463224712 0.01976151509870173163224639960111462933134333785050696871709811322458507283784121611128892964470631186370096738102833288481765771195621302223503329274371709988988270920703349333675589861589131537178834438363679897654806415 0.004422364721355202765515163272251814233551805254612693427222419675690598275157525360263726634255405523043770468819301829404966973443195458633335387745848926644167203153698386939308375753408620515178650921917840848868366439 -0.01027535638339246887593139508971543919629616830744276885588873341667299359312137461677355976518586521395409439403830950985845163171968446582712137467554767122924136878441263980138079670248967402519621292363431463286263024
G 55 0.3062356410908795751792656931902479835273678036676426358672105152864559170321668586250772485871484265604758676033679130847287659951571212583939584436706056677739419426329402359491838599406892612392956624790080467921468432 -0.5194096813322345855839864416362836971415625305435568916034963126944710033539209539662903511522481338239823359059543348252889727081288204591101478824747528504783901049192099780653160801791848421447641172805537291356234370 0.2126027062778344252286699171488596192110212183587163119876646072850807842060308625566361905357807298615656251053428040509251953881557810849568764014990829375327482360599221726749180562152232497802611615461204064416245085 -0.2156575735506707179216323017275585819138261626711037239350009876138706182721308988299203695315232782893427992127202812273250697891072614435629965759504967469043480237881140158140813258664711579776324727021171855466643954 -0.03198150748683812681125586178426864578401185810574438664656444001347504590193417198934629617644367758206081811503938715738425872412209060238870465716590865859793734364500237219447041566752915617336744543251961767946406836 0.02626454845455567614062759561918278044580525909407509620441173210498324708451739880049149769468688110093873095256309871782058897280638095616676994528330625446290445129706223925423855250514837169104550706580142132768147889 0.02450720212752928638318733025204996473125519746072429367470804547249385635791484134774240123964823290082472295665737275662613567075079768380453893785280865743256271111805865107628949886709609599872910347974131012890284288 0.08263920915696080830664232229927897317790979627329456382989309945988428396833553184973572400149618232686078093144787885124787845626402476738951843409532728625493557140133239464278680875523661692595846228537691486689787356 0.09734915412022829725657028791781530985100858122319236943451120983783892575836906719178185421694591754687204052140398315344727993150131781949157375542765765582187096104556643632299715826311565722693335050917600992879331589 -0.03139302408740977851986355629353994638925602627380607785626136645646121459195223130547637191966720256097970372521886715980040466646002054007039269172148175389503051967904703241092479921780127495577757741034458381235173932 0.002774131676610474697106289585024023741435226790009089435507074558361658774349980925319237706730474114450511083975167408921702318331618913402790538507255062772881904439730490836158311631087214545220319699447832128088925113 0.02238423590837530621087686911241618262648204956835496257685064970160195519074081408603103899438852159140441039000324820747434753524213765045704820706974346596169779142229903824039614186282685783310669037273854241988794540 -0.0006069042512023117690429170767380680005580014606942558848820718119689130438579847956507834212066162271857052966718457377683323425951943929927000375896949769641574153809582980165021063909116387637396324734411808910942085760 -0.01387771639880040352986866620399194057286574989429329509707599152334650151459437738824725186129385466964629686681587255308626987252506089039987045685229477360688766793092583865764413312453554716910770696936459746505792445 -0.01159023314824829305648333932336780595225452745916690408402141851903596408847091304009174961272905904484111001406106334762621961005428470370283751429156862872830646098076536494963525793998414994301189754227810382814022796
G 56 0.3500017269282299176614036804348579617905669095153539573019239871607388942846892028299211911954792990605695056315050806956694738662732780214177060280777900058124460393866228209521831488043592043398939886110297291268032892 0.4575506312644794059612807054987863392157373099480840196670502353338559174228887245749765436508202232645085541831864822674828539416231647692518806061517401059824721409669811792260236874852885786520293833267945386007876723 0.2684889630353309427421034335011390963260685299318823088210326905614449137698328925740005528913415121590618544455116285753468751776073140303149064594818290419468949040624301515404375595551794963000330379418735176520035196 0.1382689538253977838447181491262486132071728666547773952418228447239928521715518488424241570149978009946410299637688561659126095633946617442626823235564536133105348593277130495722227466510981593488885260168328944490914416 0.1656711146682873884031883266623349475613177479888589088862418722023367511235816400059227853153240355470050700714320002937736732635436157776736954593339509648080968012004380309633074533587913585099842637744354551584433976 0.1803903320438808060220877827674314051318507164576153848688282962610012539701466529632563042375816268665773944427899795216492886351586637933928225433516140378109357463650652069536796766199188231804701151854950949065213134 -0.01840724140814376920332551941287225021552399400973103767905305447543163629924239127040073445090473557674450741573597041584673601967584434140786896033522660919392248673150884138900680805192113306710680051223199564912657572 0.06793017658171004273187843710315475220109399649368497894234577702175967230444029120180610972263043469731556510482758375821869742235028308699624360057585751362733731275882401525499468319800174093687240442210505438257555688 0.1209638759824929543688899548543810434427389998257873550222799324356174787628800537220580981151926523703676697038559620133959763366685027504568730095215762995112934710931501039471302474232265505632661360189174709480453364 -0.04000890441957669420162828798584518191217438121208484799477487678557172410601492856680865319768369521112286767189252293040984071755763017172715916313987458333440786764213274247745844339718954048902054849280062930914840710 -0.02344408625905675256245987951544037786915710327418736904951121854250815526353818570881119201027528872988370958313284554014404586813740279393894323707480355007239869200580206045950163083317011992633250571135434062527554187 0.009109117097673595489416554324603012364905675923708787464601623111410032371368569141906108983186000122378658249965315723009221632767252800253603349655546848149571146522618111633740177945217445534717984708212252746315681821 0.01242960223563303990599695696371440966354222513619842108566921716241317942702727953261159710408299429932493714558918615215285580903912624348228983569667838820440059315854399728644308245904663651510424536915751598707544027 0.02542181639014399125117485745719054235440899201461077895827184302618985574614184974482880851938925697796977490069991281882503878319936096853298072151983567684665404009538916760811312935539349238624378612372665031200933128 -0.03645242197501604150762447353102419210407921097243358475881262564868159229226706291861088565665608374168375119311230593113815973623562172762383691373316675269128659864109526456699764961977280173922825583147813736269847797
G 57 -0.1560802385403483171018331768968124476584365875370431622191951495383583356539090515933575956028250094358549343209734274142727827543919305229308008598399994393285447955466614828484857937641427960452560041950161703046112098 0.2803897340767277561465091865563099498987381290322795858563406262728842375414521180151998220039907792030467842011514535413632537422225141480824007218628369723229432627832165574933247744220711446181029876302888504200770060 -0.1511300200492051426053271135557032026993710707615086760227162907173391453999046574818807719947724655259354317591605720107023311914746582586518648510800372895578263427708360690710297438373568467133984080043432165374388057 -0.1901841953953998106487124414309345487726189350067621587538544391823493288477420581248259268427106378608220491503309241967501648088446280692298026337464246286135851839073968591230747085624638997212809157679073305945429677 0.04730260797215795151568997609321540392691846630264344721124233859800954951818608250091326895357884979101891582825061448026546771031254731394419881774690753918943648449983700658134762974449400952497757309500928588360098751 -0.1103705605779384066477511375333974692717649288426191859288199137089114850974466449768328287423284614457951751322426328775193247258226539159427433550163483157201789098298617077811183323849232381814004726972275600706399620 -0.01925692252079206280478286723652894791537451371156326763459888243140816943866658833269518994654455356277322531676813085912718286165352756354238265869692532185190887455921873780362014643760602533954252170427631094983165351 0.01201764623119354797168876633274823526909877240855820222144113606452263493396598619945922819225719591819220723354229769699799616730246764120411778336366154938755523694300433717490530188977960683694336443020827331840886245 0.06041137983252025552671386966093724319358626219475947726153808160601764772277705058938536835582028814637256983867834277300786084313493701403688292195569106595125865480945940688632132853379728997724602730558376620375855787 0.004338093173898112818749799234186750053718005539503950750595516609918708737197676818799989194116257524743298762163894929904865383234389491973634002594546150965304455211642218499070685158999072129196190580632482316739947107 0.005631071319024254182553622236985143754372364503604605788680617084331718321847737317434836114149653971392683571180493621089120495948637842264858423891380557301723997460071491627914220780757574374949108088990636551871772140 -0.001435067748405517477961181228994509849283996368955718399639946224312408772085900651555250490688996365343521576747863598957283485135266780462718528346755055269879471060316117512099404165538681866268268572663337103034467790 0.005730140149998677252266838866638015203959743248169468845916968114671709695585687172031928243165262701084805253060742991391923115285299030171543785378686057230052237287375801134126162335624761261460938131710490846316085586 0.001455021848029145170980566609781053054136217951369854722791342964168743501191680159044162401744175932384035328833997809089178244891546988337599540976620181169543008838054637889767469323737861067440069131109213560647203963 0.001152996979668579681289319176970131299351165895703895116297532677904979235248674585315613670918721187622448679630866017495843342929924466464347983348770220577718217624534363440697973311423959508978234702184366969111802797
G 58 0.6140834200454480855501804202728917269283333384882579425049042853455347218471993090142106321414936469677318337581225142119901109975281741730206294187195975406064055031375154797039417710043769346423030822600212424594076148 -0.3851108802424933514296554652398491545987934117583605897039751543034480732059268022237567054651799864853571603878291035718631760898397504348609870471360104919399135697361910902201415995904114582259158786010158473958448149 0.03583551104842624467928936601091325387060150369250988168229246756758883515382861703778560986569793260014242385884213162713886647412194164533145722684506244801740870862814894800222700967986643050229039594941178152185223409 0.08621588062429742574665489791638201203787792261742040139565520235779316667360171721001388948789185666269635899399707684992659189031935344155262871113593227645500661913550803474989913045988446162886164281217048494462857876 0.08609028697981763982497780328658937230657457455836908197685530426886892877007649184378563241546749172312339218758346330562946526632942448713561998764701172895271279183987095929056907097264939010116665006078267707258848857 -0.04101538586765887099470583341896132724923381972746032014406027976141051249098422924452099027730750091750493348302150759908499597442791985488415630242947040624929910838726261169296300795732414757866423643388599482980927282 0.05320283523604094096999289782633948792864805232725150191387303789536496415660425323824574468199289167429273886235296879831382950441620907101822111378124980837258180736611439282280709899000301360717813309790856418439031036 0.006760919479679031179766914601998449817566961567020319325493524914264349040053000225444211794551411188043805967567427960442425029449140078452778107392869857079651033109232813524576111445038291833645739344987244739023847533 -0.007175062165959186299105976828616821129572055933413776712736140411711386323667917917537330244292557435873213136457263211449740617471528741706351180048244309595897604782085387699164972475504325049460687002297479446732603020 -0.007248406249505847380787409757701009193771814325357500237408242335137270714488834458616664471510677731098097398350643583582429929414683173142707221999080840886267168995680905958924985419326596340329817337814587470986866657 0.006921676256464955626572761578751450718900073685230860296340070265101056392121109022028634386285499278559832613318806587010692766757818063292339021073957591983122072205211188340127254474328663109593924303497927834220338472 0.006249774116386551556613776628983946971359517824477513685645150892352294645457231123550665901545216184616521674936259601099130524240632876269836666641369292311330405246850246349802764238239376449418618935987498722050570832 -0.004135186079092856943717578581707986856003630142171311403431883515703503983741672052643237959050894006222593486438399169204591184166011014213672141152439128998605986284064990979119311058563374693444715167032342037455686187 7.635032170865438252425320674269909143053231811205739888061861162974190009978904738909185961080615500780919388324131305194828406921958147524753294532606955346434138821917302635219953575864370765338693247198729316401497026e-5 0.0006870777799753240513891734784810827544469648942192618699956649445301025428547003990282096046288650756106912963704314229240929875788828738869771417935934643579592280817772203093737160461424990561286107132195015595864102736
G 59 -0.2064125367728070830651157875093743364446315364060454028723991425180762408639824134528105102706513051250909872497640473650371953823770056846920896396719096121848250237970059841859382249286158540270883628950041173204053281 -0.02601991820639682913714322088614824355627546837222805196493108888017397432696820248983571421719949794779254509748842253192285261479449643906938579810070048727686335563605568756672610814443050996554585025521845324465283914 0.07607103244971417463237039207316508212154323359233784609411246270432648075893683966245759317573717504321313532743037050575185438257234963633518734560649382568687470036602881495985877482781014881678174252361804283900747211 0.06142065764478112849518265285071321871838651156437534385064088519307713287680877721504889418214477895120394705656325859103632627983896540119901369335062108347887481767444362613004353455396094590858881302817268406581908518 -0.01586872355496490229177904929149942219815295014832754923563993424976689766761671003748061290504505144665342749058506163057519967148910374168255584927852728630998436375080237599668121164741556899097104504384813124975953353 -0.009711572387770353550635870064165018181522362259121264635244776417373422611152675523549725695837107207290953112421423434525543169382079381665855519182488554120662779176367399159561065940207437828070645053664877800894960250 0.06298239840716022379319380039311560536941913821756968244696260233886620557905516859109998013522331062421455059613416437441647335103523210899782395485093679354734291968377924743277350998561056120011885139617736939446122273 0.02487017027115232813499593646890642701845988438076155623499290890525891656783038110841971911735447015131674705493616539288857660141258280656564504674619201544628256586323708824045889427335238076130213294414949990760310666 0.06390169717459525767404210743326008374488780405589723056326280059353381498727553815236198083811418561124366351368188887707358639637561132559931359984378983164303943737290647205677475594961067053611168610029131761396208816 -0.04432680861215969063217418616820984571539580511107431612110100632647543781630592485837056559634702885945256473040598909318466569546381315187665926121599166809981045167793386892833996140581461478030415782440474684763747677 0.004741372134899124384249758254990263795232389596891841035050908740553011759707313060334220701529975773155592408937184660024669064032780602185447069966575962141738561184696927921613324424547252288867243542231992968023732347 0.003390759128606549801126438445136726093632194987917604192266681450821776701067082795302133706446866974261118952725191403355923550813669096670501983037672518290315463625685660801206751066772654537975586356855456783440030935 -0.001197570977439966717332117492996239247192396477062181160137523172474293361781422081959853575150553573360076171762659756364342961184920982324069646695402195191918372780100920255842887152904661916940845903295532926284331256 0.01231602430407860583404673255421431135339824256378081854473618788153829404852976693345194496480660345838165252813568977176401831800166234248950155859403923227727009813615819242283272366405130422000085579615228382835486462 -0.01374515016669510205423166810263485692349855518282990108745084362558898893823193052931950415346016473991416409345069388626164824088246946149108434410308272890303313781858415566588994239194028125975061255735185055796823517
G 60 -0.2751946998301456947033895057595592269467839026693750984549695250057196001213956701701232087704134308984557873559773800159840716400248403102330299934985726215123989346438127678412693217831565838019664459925003408074593746 0.1768364930703503516751644822726737642665052617164654781184007068220500197781272680529164191815843959481107070184344813269333915464072706399530627903708508381476209371067593756800900917515955331779908364689050328784195345 -0.2589822430631033320491702863400187193237661171993387133745157170440046237098206867687443873934653501159709805678780897204859088148472852123482552031317218893445422569942833324018702450681573043178475868327915005317324077 0.08548358334651999894807036986145960674027597342658175389004322187943396211122469273269377911375773139037683844862351462515158313518337964612678274479443719899022266337855889490699507640680816082901121743887664231647166417 0.1205298515178719175800268166261125245682476582803393798753738794263329655706433255571176034899983102576531159735194581084062937436533722815103286471861908720418499531514545800586130371704571728077768084567729131599496066 -0.1296607123980144261019204460313700413724155839970297688216170786585851855229685770510987003799182011282929351609977200421598224934801978957516203881849041431471380475634297020329502931447452737972873108069121240198125084 0.03230561194637252766339792967640337780042408489967266282559310302204685586038583568813415587751988971891654077076385834523493888309526554256359352077677905738709443695291491913993986234420446871778534400588990677829258260 0.03200401223678180567460820386509999271228561635418733805434757589627041405069887770874409793569251811579759044173902343194813760285187149948163451875483127816711215439601348610471709561735453517282427707588701282947025761 0.09368853441287917928244491574495242731962392432100243575353006289527359923535679167840323371914976674411445022064379912791027492500358621331333658947526070705151459002863942153320937089431287198806604124069512713687074447 -0.02884849231613503791847465828701089141526453761990881335603593547014237858500796950386813396739179021638432287349641096804857629291685877160431933371287451074766860540155555460803264619331403338230102973334977237269921036 0.02351089000566653353542931646585682946716965398440736126600107477152708690018737023653786345931120362332536353515368593221883850291634973315159956611017082596877207576833700099349375067243516208200338879663866429268733482 0.005945882139164201423657484424466332478706877947143366996639889817539993822754009153108667722131822100707327743238831338103491177672444961252397179602131224331860379260084467394999273986915716713160174852931856292338716604 -0.004830932735635459608543486107004588870814217562381737475456180552795438935913297271102794162025753318930878901086485997558880263284940855189021312928664222845454115698812530059777914872739380719487619504577711005753951030 0.001929183674548309546975465003310249875812887110605885440902158522646502588967486271053028325308498717149132107986851056880654537280135007062878304326707505413206712546310751351859097319585740158743006235871550387343770182 -0.01150465093610731024253126526777000885176300857585050155696252721552267295656676113896679272793780003188541770914533709228979691879137073616659161795438659311406133403613565973233973315886216092710881018935552576754631568
G 61 0.6750052803776003282247708332615758261959044470044837594110653352119218515933845892590383820156406976832912768271587231590049834772911129646794693423159757006184699112537583949198597019359861950045103515089884944059857954 0.02378322668917964579912653901865036227037932189709605830052895979994675883107606627302626480594773078860408238385272720397595991762402053185127650235505369970705784551000853893840927922329491500480647482448145074139017199 0.0002080584745150355596038581190442307134830983178858273054281297195146303931953255195929552759823383441427915660486386083520207522601732802404921533495326669222918954042912932250055122848928427734317722349307009227473013032 8.586342066731564257496902560534160836910018149192872188095726808672059699530051043931507425302948013514843533876537092019216936262590691918075552325810984213137301563423805958436691989250696467246430362243212454413087498e-7 2.025362259569739569959484950692713815624739071182266145948693752014513835551223027564628541761279813271108127667253365494369102760882184083047664978247958696020704361450549617189283337304058607530270478289461595989428280e-9 2.928059320161703503957591816633227163950900619807127244562389315645631179794519551960559725166076556043412539834288809615762601594287911672967739245707003197893002331321754971277573262082662932922891560853927372167578165e-12 2.632971032691249529681238853810421791950928474921549514269539402541326074936595423178653154450156562582099356667738724917167530313738584777865541815473115895052279863047044655740194135391097841377556072418355316701088717e-15 1.442807940820208174363996164355880950144606298002216624538173194306346037220232493673553298938930607791682261327473392104315818232171974297724972020763395637917668516682050768260721381870776083358777872861451419457156127e-18 4.575029976917088919811745628793898061807127212683188366555132209178060686395511440133462295793345986205675829498086675273085186670291207392728451746015798709080773879854591884177675508559963375104204986754823150391495129e-22 7.685169741538644267289345046909853776646802747917885799670361887016328316923389538084209813607501032389988338052203197952317243683769451318885289719985671042118754981559211651737286778702441553622691293983556033802223628e-26 5.942445791738241355368699770048179505131213625633950909802519592624548028377797985281680576926109876939055804628850014256932675622171891225794503550790191554805283782448836348964160887805112799533152539445957717653990309e-30 1.685162422694902293593954365261169127580700844491715268430258333603381600949919125826620753964317750839909754269625052930507509664126003785395626355403643521035462683845236191747955288917936924201933187417369067467404479e-34 1.181859783373592596880946906654133956998185981684243119489027291604904204700686742324237772505727676615073838047765179602926514798721727179605334754002859309883808866727806132796890602354015911892639614127065274818664961e-39 9.374101032239121289239644577364560766205150273861513649335750257935544278152224774945930288449382707936043099192944761962811736556169812668311568377383411043292411197962756930125107954288932367842894710029999767096546961e-46 1.084316934245206902962076873660260671467158128130714565748330622675375241248606123329880002004531558632080979578865189961923095800804280168837927695690767649793998359475934648185626939544742080161135022200853877538676430e-53
G 62 -0.6385699639174790530402481681675954888526226952089072031031147884499591112427872256990736546965394797940660965342127659471823781105484101495693342776510922026582175352463648598447703645323317626815694369081449612950596871 0.6442104574203206728614159677771828657465240676841830787226582743562185785989096552023260677911712775138758556190403454226506899926582143959754688679258775711243510170807856914297192498760625733920313774841938058103950613 0.04902849324332086039107860024962722619855744083256599510878293068669660599583870327988419394166181110397824946191807834983324426707518826745154479786526637706645473067912179786718880737982203775461759585353600916649413914 0.0008367323897317418900745394553126462298470077727774914563115568132780670233156761462390363587721185480956110883189226791136887977743431109658583661208971804326351999571649542351265148890402522230260693612549280748387478495 5.891448843444404569859304308885304167213058134200872820380228558179405038624817385193470931311674987896371952361176142134391903379337069620002361923390742013888549604950183101493075983777495512541982817861090040093181321e-6 2.108100831126932256273988871689831712047931770751233645385329824805572579012870705031404277776060011229246807955057535954358321055880132499033319881939803833041030911561499509368360388824518300910900332079364998162320567e-8 4.158028957890769248587529755674912204808635004171498436169379235064103990772944128742105327679514523600546051318768814937014833527160438211728015501000667605714807411646030955216168634022625871704471412403730495264243376e-11 4.602160138981124189327882786050496776777526249774147128758776792718970728041456977233492039195667142853592798637963137291181695748389641366569590331588139326616670622035457305578561475861279014020644614339401579883998330e-14 2.783331560908830017181793975179293845829688737217248219169767899421278505333873619550149475186423312661521072532775091277963374550949068089932859690568402463587150847676493102206618856354435125697028273579119258616149737e-17 8.578815517970139514106426326970885962197451861656242416391903058373504907478737292870226552749614586885499284619608304731142399203314554863893009554190443368419010775902649832673105651937467314094695650430368413598238294e-21 1.189480194061044226770281217167348319633172298014641903959438880137351958840492505021915771027924308874599396975007986592814182898766998686644360914638387511365183266810997163184050950871289753740488817220121869775425912e-24 6.004702569194529814826694513254862914778176347717073686976444201578407767990096353325375342165699630162168424319303808883217584378997394087578421588098638704739266249613819092127148183323279883519419572558635345043890592e-29 7.588199598396925482137718707010084911013031241479129183702885089387283286429564962114622700212499351522486150235366162765278305494995020881940184359180076100276611920667418773152660612901325433718189743791071527346467103e-34 1.132570986425691950085468109307280136752164832957473499234128028389589087015748304888710985912442239547154389716850558531211306649775742898842641999622492757200924280700407182933880548163131772455341852602632947437261837e-39 2.770986769388662992424785218600353042963601847537432112232231999205709554139504111670881086847894866415373472066944467041875739348011880148832340762469038176745426640461241551556315592984606206785366474940499926793048439e-47
G 63 -0.1295453585506251012059206321058774766906103813994728871724000346337587717376458681250901323325736069357589108375027670023812447512463703758399292506142989694054094655554907668228760210966279698576980084222361227669323220 -0.6070686471405396015196066227319488024218772064269087995013907671284488996561517977327566833231876918147257236936689639361570628138822540970017489199409210823773040306908481314418754773773175656060723043741927329705458605 0.7413016260862447166791917167225556730557624141028605307104431314555561519642191195053712062114237153008927949398838392381094403033708380267039192123150742254221446223550546459981135942546052679627414110914690970398979283 0.1090275775765689397915802223393891758065109139505765713050433833860119747908819561232900641779860835795792308211479710564973390059626438563832391891130962869251789597907558374545724025809315317894639767967661708800439342 0.003059761055256760791687685863486767503088102912437855951547015110588569717351164495550623057514306059827041879234221134411853947392419636720881752112614430772823873927976108819454452881806201787845753831082359087009292144 3.181388231053157083712451917754827398143206543347107997752925215263848385586361337123927807142868585049485039315846208768906579819973908743913607865781968204127737424948290475986914698228432564122504477522188188084136037e-5 1.526632261066294095478467842084049586791790330347653173277723060868808123079782697239286014167952015467111810955489400491644090311544462775243703523704176676068836165355990788992700823230437096341475333980956941902315815e-7 3.671944570062776253567420196353373632148004032274507029973839549822736243912114364236812111470681103896993620561689342233040132499084650105619476698561211243044350290531088895025332488435442932851207304391915557332267123e-10 4.474441588055734204609422395385127329868916753693619031746097185080514475816435555403309003324228489065589182125796728190970159352230524531203444527349420688382941232258274071499889170407293817984192257812963560942693173e-13 2.641526259546207962307104206923089814095200561798592581413364110948559911790813184013336850019550263020448120670840298285174154077434714110831524962937573687713355110096982448017916909757717359276989734836362815918619044e-16 6.800271314251772972437821717911775104833208808816444115047529619654662631612920128479064790182024040071351830039778677176996027960400359150307425845196853859431198609089417141446833719312228166055131661077359886449997090e-20 6.292188742853675514278031474580022936775863850331883666732150102285338354387503257996583312458319057824858186888553340165647152348187743149363493413728195360040148584381517478956780262956276368305327099620807520968194760e-24 1.469827665601239445605613225259353676923952406794769354092131579273827172162083151570009662388526571097589319823469827639314471793227150595987906339314505482858436374707989533395999428683230287464087966799615160646075612e-28 4.228209948482131538187918607947287012132527944370623239975939172798148096894578847102378711749400762385692478847053009231634009969653217106469273631038079503438046253575428860297012847300212007953410194860666686867528890e-34 2.245749290352796519219423898526264478767793559287109230978997108371101880396664781513204285228031923720694275566200307884105329741863634014934289376661172883579690930814898148922770315262013667375329004681337070455105044e-41
G 64 -0.8983131640378655267585848187741835398120257609223570568402529294151006533036899977164115747914014745951428259485068808427628242076980938345621457537335977293357118750665231741910475339737338376159114649071223849779830273 -0.5615833393101834714029679331987818201812686787183205661491133132781683187772247583994504455883497623837585788403501546340879601212190621445405119530713659256906775373911461778659553697671127848141986125548615621792260250 -0.1927429759472805650981545191520772705415161319455299197593267013951192647256852597425352003211264941212361519777405795312303908859827106932950849153997559735941522500269613430573769782555511759706123599334418000726640987 0.4666831042966143042028229851412350680931896398404707631610021574976660814464340636987496829004339978217671838531042841995002814178552863589084747287991169803697696989150978593645960938618602347533203797859357892126765599 0.1170300719540603644453938468343079190905258721659000093385808711675719896970079694674272527831013683795209625051685258422524519087950253275729751790793432611709155887773676808590757786808962544719339431527711562737681468 0.004766137841846880043886743367390845754973717963762589936571502705333512683486157230188814888005293279459191312682899826412142240725194866015050014849029090180177973390542953280144688680313491808225981227754017161904120066 6.543750262430994796948479538760625023119340075082443481772704710116366336026939120333749735707923942828883107955343703105320545266958731022251857392572275204288947775985415273261373893066160990380743820396032073843986314e-5 3.793109254930702126942661940606033257340756527679014913129402651650752366946525874936599294962804728699853145192676408432365220277367081429236848340239482939997190918573646367125360858525442727329462978283536413684199681e-7 1.000981011781103519623239259810368823794439426113120774472423180457282731750407895521797667700693035065568922457023580124835476081823816410351964921582654149182476938955355998145739318822369253651508475213204230900001604e-9 1.193709038259353052319767767306033561857943156159244763751328702747214583791639562217993262005788881503360308695916115856662437933240809688595116615349211159999457693045432098635805750852656447385798175779997070091999185e-12 5.941368070886171539272602596055425023159335247935543407799343367891785389087420028514576064132094737546625727587834241865470861701471794633595121411932967350737845895347693570802623579791149322040841432586793562570217526e-16 1.039547901132284426304047666087340511598005423526631445904552112044507488081943694315712943661195469062825853003393708996126162371180651811251732890201913663346836557937485490578089454752113451835791823547976879647670688e-19 4.596817155419214225499005584789798116537623916879865925232101596946593155922883633434905479055106657735696542750018777321411312711286594232708413483930091594647875970187972683147671908505902905219781391961263368461258573e-24 2.592967098214515122656377568130455883834481100200272432937948236098344116746537942294693386057832655479293873674829964584524145314155228419851666345281286091267432777468251017561746902515061953176736995147956372430338245e-29 3.021434268982661141963979764225504348272036951420301377752530430063744269193943748792610013894264170280760294465181753298515799581105241181531931657155517891813944151879615105326734820245641597360035677897446624686688444e-36
G 65 -0.1683396076966468634483945865695968701135231207551268273124132799215056566237214148266763216528889673181914630900101895078260958739871332477305806095803454428040100116011889672040719729979606153454134999343943893935123380 -0.1946776928408487762400718010327560027752889484538776413484297921867150508132009370633273570568110778623273264190356153531110172813977972173372886286804437968052498305817003774222247912583061345170569234376972201928343345 -0.2584876288255209306904784018513569796275623788383990823345907370437884257315647400017036381325246367588480908202602955702290555811790256961738069703984552532892562633365394283910538253189395567987379156077883882244684186 -0.3804876949428318435268002916365935716326974447343261774154828468924231757566872671198383136403228745546460909759517242424369781549174491325461647165380597499948913848758180131340055382682725468619662812477615084653161324 0.7096392315151429045774752221610018034591140755222487922970133668334135416099826758526479441417562214559634739121976277919391294211155992434694495848655044668053657440641934823172063032154494771062317984782352725778500221 0.2298845426414652794562968317478915162647851520145536490007635634340019729227243080120447471745731271417050712961105733191602077182205954555182352314385543362240026241753326255332933231479482528796128594195264922653558146 0.01173157787759600653363753090856260915558809684396594404954897672598162134850578413406813856220125958101903110384152289715010695307204489649617264934494821156890522846710383798963216852013504678759339727096417838417699796 0.0001895447924127253995076536609867857395425121271656645333087904688493127369547190864304042394871905228300553749915412443536245133059306164162349419912528620687031759457652936976115220408905536094048636607382814756921483209 1.191914614141478497413075420351813287804082222417136322917359871430155528093516405131660147234481313212350529739468813753456714935486651895660945389131043737111763138624571486871185706553635730748538062947225429858370898e-6 3.076565143931819842047650851019704693447460870282575629074208142188991588506690256133933321471163554637925781798523865692284248463403749544850522622347783653299531343940233846611767712493942664623800264795088225088787776e-9 3.121993477910033969810058522997482609233605382082153178320989391217312890546856556520696750992025509945330421111601149948922151332214024687660573489172996336036333607744079570423679683110034092413464214938063977676403973e-12 1.078098032557785558780601147993799530570950892972167111847075630953835650463057023934298096823746675683463043597198144283759808391677414095105315652892431211628897680446011382588785775002921335713477815721123711276973396e-15 9.355978896155641150708315585130014121972280843154319726232714704860025640077479466351946452993227896627976757768832146764281377230046298569402499694106077636411597411825705408879460371081892822645753505941595873570966761e-20 1.069014230467241780860710386493776736288963509692688973032056656770713322378048336990652440429594432213676081196218617866700370673564195080803555593728294456639908001156595948713734345935031385545357899487629646107066864e-24 2.826432220680771270986909193209545998620797235496987019829761615077624650838536637693058687166286232115383459916812030408057930449376795784069731319892212829120345230749307629861115161646948469334988393157712766946992991e-31
G 66 -0.5861189291656492485625942452547209235952026898988053128232417442643132794448537477102365793997033948617040454167480840017673509741503857216231009954279009957046399896473621324679620523579667787684577880901763504408056174 -0.5612782450573235179301337438682159043960993653630104607957153458193521268279065081036723040003987586770399845073646932631061229810300762653832857789680842665551306808347852876797881418982335712915216993360109577531035913 -0.4188302673752112931145562700897353753401225739382658444489826382648101719454864353827042469118230457990800547694066859686589385314749523119687579188141067763764931270317086297013547546312277371883571909372039538122595812 -0.5331086746847247102112192484749344475967141013941370154201639468082587381247511254449888666756749853629496970351866171799521568638318336929608356732725653944795433143651310692429358984599710657798922453891175005147409504 0.09564929989482403297081779186225564519737027910206968466911137307776473356089293662328889176513607307100819289283820036777501001149351869118810553886279462650965298122613720823063303667006080743052221882935861905402369252 0.2724290872695016408198368151927179092290346605400802447361166245954628701832669834139405392887329650392553883676271282900908249964400799683970898096258092803563664964980876808437278160679545472638315021130454600370449950 0.1801912999456906373956262006989229668426026024230041922117254369408987636949412225143927607621911177988268804598546298470644562324143819617226752038420499763419562026827675323331973556104423110846708676571673220418346468 0.01200188412273299869499067820748431841280355731791169229886715767499071480865970071291660821014907261590466999842327892114849615839824024469218061707154005234692009983180417499044651014619141127816223782126054245694431354 0.0002207636082033330580860833097182074651932898834981780291029264667091837918023219482770280612274655714860406018014667262811542941812255868655915252765404052841150437463622435966338707714607769754300845715552477114420376868 1.406179322204703628034338219606800811889844229054920098835593647554262713881061097810568784862862582186286743141891503851445986143008819500534705674602508650707179901825795014925570508770353312208067756348569285118671657e-6 3.198118359865487961222038158416589282284158276177751800779226336604343374150508130207621150452008083743349170750631329346750267461872334857684468389547904694571659448782643304491230698744618346798073752817655659300173738e-9 2.348525598206395312295822003785522145687798998773596662160325974623509033487528228384801052090045871479934073212873531733574135208167379273644595329026571480231480602608134240295896974316546088661957255603315207297417025e-12 4.260327165091549186504095967724939324836385577847169822575164127897352138118261403954252085075411842835098849292574316616459650581676407381878397930781138354974914248267607226317498282523711706558917346002719296862141038e-16 1.043266184574741311821050038897366954889098378559448872227994474322874891512278153158133757997745518151619162465111767995816687124466646606639679716833363848658910933011138927823002613851904643516988465187400638256345749e-20 6.593412083186192952410278519246976002618204243458449172986600778315277124628557349227047976358145873135276599886406276770774205477016316193425036838427554862954573048172243065981774530474727114026253572503841943503987817e-27
G 67 -0.5856567922453229699954340953326440836318505098871393264024137196263527257303695493587427977965446802137364186803531484961735523384599444826458763234573582164945572225824110241172350044925936677300540981088118085187681629 -0.3484942459399507665769294185895684942676057261603843691364951192165563107636424103161194872766183271430515301663586059988622424031184632727202986497362448204741404405992133979072765943026799177441666673827546497980532988 -0.02372391568878675136001943800190038044385895285882108958609429715971042757785078443058210001544807638486254421104769193672181142755242835699526863507428133366203881989573798848773653185033898362611061854705256498585676120 -0.4869501064919697561251822866864088446419873503794262558984792820448603636298116989261333260401076794604590355787064198601349521825572105628617801850492888114676866031298012173086266706744612261414743033492969365494549446 0.04367282701604772401664592360346576016460758033852259289852854118229027142224071736761801858728449505666344654870099733946989087544195099063294597853188279618663076771345005020557096357005118842637188449361209756103576629 -0.2750210143486796860994809371322967206014395103887807161105334764337930796489795776407116098297357696581632245400531949584946629668488757553732847246813650336578519810025776522837953236090612598316785504104659375736856108 0.4258264958800092839460169281750589564023225364178321949251870856215079214494479423279624242560277908837480906084459704987671898308119967776920449077858066242303013583147104384460917159057839803149535782369499809043293538 0.2604946106951564437598037884742252869102017003811145364758948015151820815286391850935415882754702193182783530724775575620005777051809249628475154858608331240556128070590115046511048645048107411800526321746955281889936080 0.01770204450453086273605190403772748760353741252555066403846377137608303543151701398514729452971667149773595516873838038555278154463474278021800028335806979411583560546753770181674053865308949276661772622193838504748975804 0.0003151307971125116644145308466345542182569426133099514605001950648142324083361160412732344703242570662300323969990906711563200015001529323052988783633727266824196831749214411428669559568512254458465577755862005960637328459 1.743204969502328001956060222141610392593999933525599562161330308194986773131410797184825948064044292949885163460873114903938583217084976878812312737114498193308325974497748623715816142031489534291944853999375525019549406e-6 2.890752516607601036265172627931430876866383165418126074083240126669854809976908686223921943798280330837823699565335722769122293948517528273197854994154317343170920134953130890576172368199576988233652491204519314973996999e-9 1.150032924361645063848170587126356237226326134435796899688205722762780147699896282167007783638869726573575470663596573334658002998897815339676842622186931839350955210930223488823681154992378137987619580507418086072002874e-12 6.298709640744172420813046728196519957097967674759126193103825190950672001894773333896171723059739994792751811285901870742508665845515792495305108579386776270444733190906781492847670231321384799926087521556637748270255261e-17 9.984263483156815853714911262637645935090177637386786514546565499397270863706740109928704870883766395533661892815559497672993130165615591245987060681410447564583014983963541201500875475971254194937425006456811521581279915e-23
G 68 -0.4882195414973940052770765495479671469982308203391627950829514643348453705853708484233981021640077744486850421038462237571003521545051245456637317153923571764986654366677420356987750104006969447046997714456627531598387503 -0.4501053170497684858229044770054409847362373997262605501886770689681250999132185765174373179719599197780561861574240109591742482648190440142246631717679743763267520450873666663785403529183391403825269779745766591306172708 -0.2376184810192970258263048643847497535597870079619562774416512611008969270464046114340806941470555332867840440417173584803644058437460024509373428509398595565093018757082122650490120316485304171638507030642221183686630696 -0.4965221247882722890028509109729701467447060973353077216526879198624081665052953369759650161417964140176190987873642566849724103590408817633664439502648013525014841147868711670635988105696824287930551940823960515009906587 -0.2045821894631690802724762157807105482009720172203702605231747778178604127934307487318203090814511963287752506444397564903095086867889850076076436082626270235054342588110831252734870647945944232110799691251167960336075030 -0.3986126626997614662055893511133532830761962836340864962206551464039942914091472897306759725450319547532142745549532853276608995535059748152289914074576330612863078313309990836078681605147555856658554202581360858477760984 0.07992241248616213615124618088010090703440335754324892392800168037562321950964932924464658441649830284907896294420166720602617493815022923848360741877566639291142571256680065182934432002792402841548179935539974130019018336 0.2745689358220577692184313589048656255762441997901145250246760178950467699467300869325438354910756580109220855865041061466090581636570206518428790515710639060986034922572551901100229607132996194194220450841288248045607823 0.2503442057033471062502205969666002598199312829649936570433621986856731180796162717233667629553619672043010053293165127254878787728695703577479609340795094310968125113329349312188695577739365733227199400217757268211106562 0.01840027318321319086214897536652272311729041020017774065780506760570118920941126473510552625939633824102373634541991923218721696253269815776493941698611432574462104550933790018437652570977338888003036431542206207396849769 0.0003037448944669553351995825625169868542389679504775724865085127801790059092592749312895987640865438021148483489678077501095152619362116199891379975381114570497790324685536319917585012377183792531236061741418837927320772271 1.296175027738946748779482049387657338218118838076276681891495175195195706784348250337301062343828784114409684603969063803256037864857416820065540192474023395270184586039945240454773085724642275662040439737595920933871236e-6 1.241645171456434427361511734534468064652158355506775782397718523252596726336243199795544192817287821063348673154105090158447595212741639359758718816793287564773425765736739105575644683684557928732576032334029884216140243e-9 1.634627574338523689756554133982839192792239147681751006388682050794678052838548136795475147112124114818286489962434150732058878986608915716773987466102573744358290088539429765588698817887791598567217017608795362483026896e-13 6.886110938061502660368992455836470816784424241633347503289782312011390116571096599899690218864252417630630050697388010746595648841862828486508160677697955762459741553211905379958001433834307922791206994789434288081389977e-19
G 69 -0.3360157009142981064850615232296682945518512968877254348832155572240903150602658191935331966739586116181218683748929431712877041246517757079574841958961651328437513396905257701515905569621593454570383892942624148119646361 -0.6631563127907827856824221435091528287889092895867520227135402590850926996250846198370532572089310633565927237489943298887633094935325773025488437245503021395202206428291890650916940071476522289830434386121665292214292128 -0.3674420761137823436234158358402760914208162555572121456078288866149598333145281222011636940581755236128635587260061267808893552442497881507258137735169711240516803473603501963089550692029367941252387608762076728374192359 -0.2539406555638994252134596971459382689099171478689322094381631223590759534367921048225762066767227516190365433892202564940699421251889539710161414849767883945446330657989585166689158369352314102358872904815123635329079037 -0.1022702004489103700463149425757372724031988013544829288395126053092504011599997532003783748882332988992642723581029325957363965030221615179749225140101293520056682511047572565827775399656338349308623866106928146552835311 -0.4335600589569852517694288167176310274671037485712594492811697517518274677794450060180779950775607581127196278172063466120867783982210826327361441889447055132335279462990139922227400123463213223149266794776775344925437485 -0.08659504590564712799271083167317656471150120086744914972790753561135250149426675925929466620914991025541523635550573835900808387914197334392598340339733987323883050608630109184044740118072030562842936795615386703180709563 0.02783104143672925729863600477072618010964642306935320958562088841183705794808151684941805274606200516967979770111168669607264323738261854272141842008779855157366918294100078491306419128455809395796258073166327496121639076 0.3652585548686339057494885429436048687516818485491480733838698315342937641443863362577690613008817115229093333061891439860481698921650763987272256657362634909878475031009947733112141259423163221928754252681688818843184794 0.2443888186114920716668248360364576729171076553543975120839255432085381003629887956182064543839389452748341948972596999464863805293038468260889345368597524956441892644699820912415207199826316740591613205180749050772053933 0.01565869408860504570896510961667817113704466611012484263513907786626938172100218933524735860262832180921568792944994187918677201280933120179752285912197436344878642130365272748560943642446368298710075415103148565761507405 0.0001992397513073290506905033667992114964217607269202666355830242807093557399634013860495185595730348224157758645176188704439773244482161822001557766964410933638365376425775641042374376164362906963358020446914339884350395234 5.094921309883211990860812165708327651721148849118364580339109543783903348749630637193438717542663223954376927392879254202195772709108266770459788708195741228765996184719415363456558030395364518559236673553306768843482680e-7 1.753230778049475066405982985812106034614704295624847150619116013832817196545151241775936899583879482560034417297320371166457927159860736021998103566210764830172490559983769055191389874646838430095219543446195021613678546e-10 2.124729531922150265898665472502173495798200826286945111661711668080847150921277791210364861994092446974430261423699749792408725430216595744066629033814879987296462940923697987120541220608447267696709649807020968543591389e-15
G 70 -0.9311570444771879803437514510361448907351371331730689121010845169033626524715392643204951950565666351226784492720664331710086630932234900822649362208644225097494260352674494156307671099314759116312078253336146501688043259 -0.7580054385013185842123595998891744546382420486420831173495670007716888052532825699229748158702084278671856667197825583126170628714210223508121927770859357902835241152111918690852994652754376534082317135914386150579651385 -0.3881950554089914114461305909197565275984144051360488934481196493880204172220664007174536609514541139422137894412665517605186774219906249973516092902673294801489951266700950413004520135643747265046876786928936813228749660 -0.09034626390097768643345273703730530426328741248698252623225021478826912194666990921889881965002658188980969833694210833544908220798410313715634108965430824300087418859394692875035087005485228545470037251263187940476527039 -0.2648030091417108975559980803178192683335002274669489495961924434074641778975011731112081826652377845613376665276609243022769055242711352755542684571339671044320933843506589579301773875288883396971207530590908478390817453 -0.4177546344771767446694569557263602111076770400821968999451787546653117492003404849320899252183543127520539640558043267916452476363775856496931049835670075647701715600145816047568609586200214575106275241387827121160601300 -0.2262359699401883002623597598821221429238887214946629911662404096520483668129456028102159401112800712969753862240237448888010337841890630785686515270956656443465964946067671761320055468827748001076919864532120884701717262 -0.2156905664313117648446206122253839837464667200359897197665083279760242054706444652332915308733566304121792405513341734366289263222043330055612618147444123457543822100416693348855575814792842399300391720271460909405237790 0.1519323071556597260346666408333182815872080111123847065475285892630342149491310195964852003712632973055253460651516176905441515633722078135039891392929614575460741246736222109901945146160559581846717490176882850694215499 0.1447324043857051672000296762650104913892831760077793111303630733942822078682831759216815616090914825753048581137075191738676911316113572655075253884543178306528716674059571429971030074155269861840436571369783602700494170 0.1861771998582256187497842357900852173927424929968761515146943351882314680633743439997677902385739445570897182876667745945946330631068195372626695249438495954326434014949249486149748323764399294291009633958508087839055772 0.01070038972260522686269277052485154205981468245050839046920750740404390274515670693359444353236103716869059058236378977956325321651727766925764828394811078451327683834219593216534871585703199702687883317712889159913748557 9.006351925760870080410385476929785888688887728067930765173132687973054246856355213530916449827294126283495099126520071940249553340617858442363598606893662600161616239368031140750945592871723559509157081325461200363517260e-5 9.253549520155090716439513005477527099165955115958703585532810634295435102281091192790526279635200891126565912043457259370107766460521004861736120176268366862010159559276839953465184865909297292550759228051823558073525404e-8 3.575301024087597909895204789633064040517676046917285558022446569952146076132468826886709325623635625037984194389717363238041314811486936402544016185855998427809813730329574669214567597393314433332443009674906648643880471e-12
G 71 -0.4376688293740326626966506085314211765544555020069087813592226235037425348886454752330222597882829203363567293646532372164946655404143889237120385355622961616463165012334896583605083198917021105321575300374971353604015779 -0.4488861409074094966526723742732867940757742358975883235180023693835107325762687889205623258599203457629415945547273899428737570414259616018352181739482467450642565579116249346534464787548629489351549990451259543542127499 -0.1448031311548852587885030074430371021906099423996552772877799507614392315122295255288284965885361760734847651558922661904926584388531222648158031993415816056611087895339958006145286436365965400413817940517822196551262865 -0.4660257066254426006742148833455625531194285268277006448955249886796448551128073599823094318171897404634136919953076759264748232928644531844172543031248640193984421591658452157166384976916712991071132392242317882606740642 0.2283159467765211415935483383109784878355669099993406409050449209294356937203150440565652816438176691832701477134341508933403484347403405829372281696184455084234873423533860158551770002877781696322534651439141655943078896 -0.4342135779151175696075470613262200753553894685078218872093105159140524352810906726125374889297375705704182499705791737423597943058212251774447957513135542441694773507631219727406059599286536704866757766297510476171764638 -0.1523289656542243413496500334208146851596203894175248278529069780562756195375997371789552271723661194303954773598481317393276619230986590014580332890530008027880439861753026117597767817774906651481351063996833857189614448 -0.1881788210311779632295103524544771638020827542712790525748496037482231731399206664744814188355565062908167465598097459357883691266055489274947478402299078320282534048163852306523637098447135897062416404893576954456955543 -0.0004572811545721170689677975780821980825938789354191028995157308650648335932221346342477833954869517925437684951703389397345354334745681186344588738924070437215410395000377808233505022851916765908587961176136984966198499234 -0.1154242804978827368030809412512388435677990979554738267832600037920323301708515845318028580752854146208931897676527866167078581329530996255143766320581150515947681332345108112596596088000612191266310313984180828409088155 0.3879103002159742770831271785926225792835529733254619004254322415871472672279991253492419219495897963471259184583833150958376960097324187497745043230024480551307665789820857059328448613784359874265674950057140930171934230 0.2015718917821911830045539999307059636978183509468718488055947697667628201426546388874254718369417984991696790753220291837554668830874071339841747636044011745682200014825114441889575070484219396717907363016585819300054904 0.006999120504723862921894020809147681232224224073175558038807436845445986166152663573939568887374914706395153904988326115661086533246358605066433957493047035969350884604261488690996228261070780630596971863107655126122016858 2.462024158981119452667038442303625240688223433428441040583009918333303899964814846633718398227677316268905428700919990552947256882482640508489076415177642213117918688674414921781687643389290405889086723403282867342511023e-5 3.359313102168740889172914617527947732926297093762552617333724105251992451899266258305284691830277914086689676699899844668050963799969025842693552918733306447169974140343274504031843572473705806732361207954270743228952309e-9
G 72 -0.5779907598996328706720311790678903138963517549873092446394082120267523978013804179677018661271932132870131354946885420360561705669669064522946136389342734826704791692334405614746605585103295782209395687965772989727559612 -0.3408767561793370636775768924221344202311102892976211585530095586198740404020256024270783916839071365886835382069972324866647056315262327590440585353881215708633257551683014702897964465308748635538824271477826192809691261 -0.4260987823189215840874083745856197074212971024563009761318024991505840709003331915974735157551139929580921268031289686691603447344363483919795526513446947237994340457825511024380706297892971154133123025695594143178424808 -0.6528567905107362095364852805031493175033379765106163312400759505072831994059372256918640006606839503886061335177653705797893752348094497970664761736168333914364710789092919878694614758089277065151928879108437138950073353 0.1941543177703470328799353967932116094723366352573122986308293394266989817217613879982778075875131973304370054604545497764823338601545932552487674957397187042578311130209880077090295243143082080230363377603135912872095853 -0.3933484366708598373233260891561268514826516177005642607226490760592963185314362777363011547196865916775866633849529680728697110211110055921005069140925938478587738409601909067098118371481112093054839809395402518768353973 -0.4118021126593349513372345821168979716101863145431047044790234127824680872528801530438964058212078855786760195912710211544365648271679682263954718233952026328698301451761590205337477135451265031961517160343466830582905850 -0.3472018083755422060568751152615120782350117181131924233977781128737843597987857693821369798090569246484477152392290671495032195188151532497735846771991591789308236803991271683191093664228056332767364768389563676786057749 -0.2112829367547440016503079698330965331564935560528001886144039668614060514769683832482812599755825096003172185076671203753455460299745585110675125633096276523019427215759343825741197953477451117542453193471463042294183337 -0.3060692960462536112182999320238011834488476787658560582633610309790049184377836859616786429421129419028384687811117505923255454036795934601284455856331312098795151430109513734004280802462170606787269844578903979983120226 0.1596721920483851159758526342644419378923878632105909470091351526509522917629899062113204448590334281103394651811737117411096450246758043956642265950123729317546187877920790867306875978405362129332479811098619889855204295 0.1649034070949473756247045017015985889524334236358264963381429276434050659272190173024132392406411662462312560466625119920594281516377020480628984975896144148266743246734356519312002674591278272741918663394549068491144073 0.1182250783235105939528215967913630841145438599534158783404012120406916088706639330623139163828129485863348103367752806585298236617474361802375048472222497452387672876322368161945228316750738574116178669803862669676653521 0.002293123823352918453332469623517251366558584106388735333708323860201830504232493223049086378716933585226714716513125427652657318374858840934314622947754468394009669841019153707993022664171392322145845530217683741112624925 1.486558271648168812573010489926387021544311663256704628701369127365515641895864864192109168327500695320969222608019333943935286232248077349218082900625324446722172261006825017912996227932017875751817286174147432759397313e-6
G 73 -0.4991056048379919244087057517472706105028834187070901303514035132277525880135259446265376546647846111354898978031097450390776366152707037262363933070818625306472475650426379699286508868005327091819176847887712171642754247 -0.7516286609272038731395556848652338657171609868167951242941861421249859081898594899164850658321313560112119841793200582433977907431820762514108456575579953995216961836054259066667076229084860442369590010308126615498706034 -0.3319426852596846150782134363366610210630160531727124513880037527054792403141261180657449665387682104028682259421154401218154134582032827849410231442787090712711353734142296966812658847101723736508022003466475580962478856 -0.4890017874911822226271395604739292433880064945534506391319557906501814136199351599473456466037789458440371557147019106268610282071810904536852582497351875170380559882880669070771226450464580177523842255964316625239458904 -0.2796987290822608435466402544208382436738114016996444976823398940262589450888273196925980636549419113419705874401243899687146304069367705798297501324763994174167701779922909449038331166351509094807699039703987006276220128 0.06658561137779060826275597648556919268200330635321319815719100270949709203305819649793821926060208372939140745256878083811138202657845198197906440238827493123683690724696832257651992737226016862139364722501640101581908949 -0.1782386654092945328957670601261350905636880342481101957743963606474281728842073644696909691183784954286734783417911945344930283934934353141390872120742941762772369319695327830928745848760467814800074960841551199122409250 -0.2660358733091671846027990058875530168007746118494212345346008778150868826654836293009619145706561334726254357556506825664574291623956098604968610351701556209469437426840070073857741361627647977202106944514698770368769264 -0.04687255018181768190505274793962970946408363909486397538573644295908134779733676120044985687505444597060534812113201426181242682695337847843049807383718926638636990793472996419302981584149044103159225700760611924084472968 -0.3634778973355718402769117702507972162375524755678276712376498988907813740903315375752132550911229922436197310100089777977885028344723513854695851920433233139049929463038119115633449185176870536892974577473540877210002759 0.04169918506054801604218598377312249396138301463953307654565291550013468849120451256906488718436352197010448662713575861105022345746961489231047846617876933978406984662541212824218583696751097415285920045810875492753646011 -0.1864420613410521281928392199195699752608636383678959250888882111939491230709286087302779266163083158666033449687736831171224185011642151584007979427583075519014411215769809148009291038951547527881430284560397183771666547 0.4181328023055779868707312133115340711381585309525647335252525832154288008823200970664280047949874156666607009288168811089733206502208347684826982130208171801089089109407772465281166785514395038362557267123759055089883444 0.08162899071510064352639796509355753713256574043945613952972363026580564964130186506717692586469075002166359788846830959038466316032833174955757274771457088400736738574591236922746394879380278897733692805659064172035596559 0.0003161978042203753318572790482884613516936578439579112344351987675614856121751097552459917446238016958874914836487543487527422391738406417767277081202157562444784786268516805711225085732685002384912387249249022304457992245
G 74 -0.8032389525402403604117393952562194328247930014087480218532017759733133445052321271015544184954998709259615368901962733766854866672409662807141515447634010520875567489355810228921483845824290022232618050327267255130722014 -0.3425191050663865203862393279733875922763114187473708886403858902618568836552533612190593435885120369431602101005207011456978383631692691468348966969328153280334284971484178380035011112867092336055319444472884978294418031 -0.3743528820141953769913863915161504814380914226514572477278845525212836931332426448537903137204768765817812505598189214786339536854492143384312507967810923883778587486047546932521698820885734178591115706694383716180328132 -0.3006436741078478568952375467748017668908642252106883795091279505513007389985213473967797049169918478265329262262056797267434585062139868288437164104512601619047463966211797530714596230453788823300942649354829012970123574 -0.1405086672531716568599902221585046858798222932840241565300688224851915123866144526739213074390093928742467151510399147548987413550291969143477871990546502475458643120662092277710337826537384374362303253573673193939047238 -0.3736966918915926666766657721432434243937205711037477767108616099944230686994924449849204757161537675064799547205109388613429598308854318347949245135957214605470558749109528619092902067553695026552052252964331799120293049 -0.09546858374412229736928493308956014304684639079927506121920104999727037259496307691812560320059750179372362957828331816681479323762138544672918097205327742603604607479214982564688806502935016457444871241414090150058029215 -0.2855186648152484661607774043006377325014145604407060898956226821507168204496118185486888486140871800405424942892069480698539653977855232301191766372251847519511184076125403445713112451297357618066389396055011272052659696 -0.2505387166569356982053468321385879561299940907703953926487222987118096495566974401085974904294114673725761886483875402567227572708272019477578769830383676981976795213357811834647869004041841380506406085609590667253005597 -0.3219420767768695093599950047959704943784825225573608788055368268314249065453159648043716471103924427448722321389782836856175294629391259034635395907135190027392074302546711583112391351961558157164731408692849280163029071 -0.06959984395384211936768575275217376129543002201783331703186057921258259723462030205804930584557346132917609574760149192203020325472640279651139321748502103884380509645078454830733927070476567073092880855294259049165390802 -0.2574353153737414541126133643639081452934471359468450530192193662029355355100703989619766085225601209464115727354761188033639097710365568953815163780051863769877223598935198885247731743295310135770880042528939636188423093 0.004516942455211320687585899693671321795035635225203608297441017033921425809241673580402525529665709651974369793004104505380918874293528094511820739481698823224873939087458356582040699559296144451670308001864916760143581739 0.4052912807108180133691779635002764527009948897750837703957950716247637000623651686755074833587986460333117603770619266849658846532217392413862964209958046571048289012741426857129031996390122568409340393864592141274227218 0.02180360097787199030290754671603226828111537980864884975538359146656457374698230724285763741838186838990195934816382026312068390443546868758799616086041824828770678232203414730211671252606232472994486814851696159469839736
G 75 -0.6798778165128387144867223643693622928368719805101044300010804433177512874399577594787000939403064743547218637827422256152625805446861039304388577719745292128823047417227428582428895936583119630417967391923610353536454839 -0.6760267677950987088543197737964321321013565886778155169382085514383347942886748651369623834085789866942980630724242974985331243888197963585777160973176923001272513472822242943793794762759517048652803943518051390743202612 -0.1528631662141552826640389237763263679184212865857251284018577108454370227271565138166238729270915355022194413178370358180355577964382322715739002236932855393092064896812644899960488908634398191512166214355094395638194645 -0.4934320600557159410017464615584138223914727961576250901709441265388490867072461998790543242740236040230229625059022603702793521766701245006471767590541435861499733224438029930747372589686627658662278916645525618391807975 -0.3486563602808412793016074206516929385649150863252365818391487940919973213432515545772936823007901529435841855316149967481110533821331943746058466122542997873551387135279916564181888069237392043603702354919980783227328012 -0.4597225617991189140348077469428005029314529363313633987049177061625739752165089853997885568157831404025780684632183677392230095535635781050208933489537262734730071183597957854919937227465659463198138902057423765427568132 0.08823088999755653753120327413403254398792420485578504198755643805510320272079442493494091401648633301833563947570385647895049466781590444190601930360043042227697599853876402127873030284314883524714735268461272393973662166 -0.05208864000511780975918103987634501902948844946408455989446043153818231934578009487994366446267467936852535200440619009851069111571647431598626313986278923816913858417131736995275391874616503078469675871647950714080310857 -0.1139877579211209752196717849274533521991336239789489351823421787004818150308886194507771035830213129881306070933634059574423888750993416605173230341770020934146173630137462771369892155921403474294606271679457289551527293 -0.3464413903293588438787210741839202038314426819071141333942090222007287787836779968515058741528458879973087813431074061333751272619315097380138792912011375697807158477140665866292156237573543924053326719502076636204394193 -0.1745380526000883934304579914901179205669137408138806133724457780012855002376650827893033047824138089727055734367520668967747193903278090466829330992866672513561287936431408427700868566643396637642448703657217765824169416 -0.2933966103663488228211212032551741924682609397914112614465605489656181261085258249863069695612605497293201306815302914022497601931657610842530607374850900558743250791975444617603435628944091765061609159172743199959846391 -0.1161295367765718547324600456509641454725040724162626039703372535470807226661796290849993525886515835249288072034523450259012205486644178587094402729678786126056536655831198077122761459129276738920109705903997346358868613 -0.06308846363535977604627542423048548756631031609985094332690655850039366715570024174845145216416040997884192864167220870591040003443442076451954937203200213455346761172237925787362506507355874590770077471929271299215163462 0.3143518972444636252630761445625724547102094573459244627372901839468642517785148818481005353258731258599544740992081928804633632540919934297135110552437015370374024930703457132717062711284179788257384111887566531126546977
G 76 -0.9755493432697410334496420717298287992936783123678171324075797640276898037501079991399855838207914466516391172767936463918486934307120255651392954029039557633701866800899473661114712917080409280542615875767522623175826490 -0.6990470931792069126086297130767932054337031554819060765786046852456732740990359040540979650268844796882534674152390227166391674966101862931931440178051032149901785771186975700071837585604192027410725774362052064749540898 -0.5721833553780788930506709743600104386698971854406052866213249583665543259698743107882973310820400599956466333928405386991044638315075769922855209140035133046031576337414024358555103681421392961407998681583254462563576703 -0.5300527770259961661815705024741407284410672241106822498460941070315531080250688410353327543555177929742787681719957219127754767587718336975373812280892553329318389292467566691884653134797464347807506609252979127429955788 -0.2589963620170149194607769272620805384071636212219556529123664054364342104924400660051002898807338238701559328827420230117154772772760413868188196953736419288884895925473829699319473522417864308152026702190771186357543469 -0.4562997502385786860541523862405219663617673534172603431492693288036018539761242263914532382377886409643934381587144175520677106130586607014092511570236394332859637163884922712303505981028280629549385893470145548188573465 -0.3143296068726714417246145798087983429718493308238217206801391811860688176529081864648969386200878243015870203022172731880952205260636163576590901570270672809857924365853883560601738087470634859160334812828343529980222705 -0.1103879106616744268113046890503220721433998180499264307951749377092160408416754416649778045459220213471386379024087280422929600020293632072486748095295974944123861604981020974095634187160793650539462412560208034345935136 -0.08996526220728856728288663437226417019327329161832129038828746757079676706219245727131216637738634765934479687958575187829325655023091412335411849689491968663547611732040344035110798180089543601766990904447392312150469067 -0.1164845389160133243898259579101320802410609909536519101004298271897846879275773077994998828843028479325307216044606050163117769769154921233228806444342411834888432700507938678362705318927143722375602045864312088721692364 -0.04964240079925585505798496672783574568581600951731938102753004657774065074067624010006470845466768536051507346283021713260788749053410900733145698336855908791979419419368676084051432198784671682216635268257811748705820837 -0.1792658585670386944527036496335102511759773331736446485828746611574317683787072371569064895127076589830696893340772883747014024295211073221451673597855557669767515182186804054647317921853657178739349079962767211130753710 -0.1473363516797587540797401115244149771662524114912748699436000322976350474396999955813871638671611570997086234038671078384210907899251998584754919388827806605476542498508424227035235939838884211799999022052835058172841343 -0.1440443659286073392870906831350000620614914080735479067399380639842256244350983231794136528855250733457651378810868255432329948557231554506689948985671710118779961399188636893210968059517963073182722764230393879767700526 -0.02273474787393171591507477831661734869445431107709443644098995869752107332065960034795563632788891169589530942269673759603787795911147653686751097610764276014054325671731802812092762794311069022377902788942393618317952913
G 77 0.3928113717941269669288588811399314364887920490615484214474797473780520323494218001006971152320544790124276763370861328338269032747837421235759125782071875738518535681205214521065135429139392636452202755477357788481862659 1.034345671247476244559010037726359169340128014811814482946330383030424192234052378253975843459459875815748428466358040918802973956394107650945567728138203473036832187667963336502382459561537348304243722785396109204623260 0.8274653975355351952577564298806242029522346213227603675687063324796586016818881224103356692291955909217489632348809911507410579351512081580070808480195049135131110196365555517955832852273175178913362145768655933118572010 0.8213808638478421121372997295048913049368299553619780699284195356893058512757079032623574191320428133754484293714293003016054279171150129603863752306178760244602681482804069251211511462947241956279269375685962834397883707 -0.003717408463745643619103873853766480331546678256084288763941627595604206276902495859745949198823399521387321140641045398793024852474573409057987583926282938934444492728091577596963891617795298762970544866937666629656119085 0.6654905179982442030206068582938675005826264142956044787830108936172749455138875577560889391217290999892089886928806843287170971301723473703026143873370487248271327656236546727484376405203311697922846461137392472755468507 -0.3338410011196588581475157844909016767356887931517798777748881361569806828505974910537648220335932560963028871920995008742893342515532414724157386064269757817047206723635353322071099891549349593771254885631983549122594621 -0.4134943022288485919013526831492401029743883352957341051720209507326264898859466022687650249153577501254137310925294494990931941239770552154029164193855705479679837317782940045759399290878455161623661751649819813299406560 -0.2115865016437364650760164541775805190996417831220180604803947760291906523513741908141927168394107225970565367323779016184117604611907426408951348389966237063034656431728073598522032801002919442569915392532075606003585418 0.4610703350480896589121304478354316553770699893492288070343670538876014846882876016918267176546459540509591302806184650133492182930483348604022819246070095666737991965407428162079755070579120289001687167444680559046959545 -0.3900544851930853221732059590636020931422292029696331709396246254845878950346745346595913967294571041332184975059733678059556965377868311813805929124353656788083803393775400182349502918729385096479567319422266737780153127 0.3754167760307186423484260355976016255940238250202642424426507713756634684179996985126460304770174684747963658684745925778948130344394116449959238493355499007766067502832079638147424309417869208888614425775862638132837956 -0.1185802847998855644831587849684882064116762785881776210832932025507039157917325900789218757652274406932120479545447911241174083874213537196200405026869644523688910405230321335492480691496829261682596812305920710296333213 -0.1572560600932993248662809352177713582718232973028518808182659743979207949617745400008955888373020933156340609924115856128811011436764534134148271083045205498256457595213098790603787418001961168074818457645395295251399762 -0.05106236540137448083191740690371759987366913096800349256643565415838676172347040241701016487131726485205585580921482617685459838387816283750702164016281796867918047425733866015590445261110564278498950962738180998272886658
G 78 -1.152270743232205272208504251633716283164995059972290353804579554524139359421872846293564765492234209258258173669922275157904189353788940841186788550944376331772490872149570301623065260348505529461777081348023314308403707 -0.8001508373511275629716183393973830681990997335592435452173631820618071804719500769391713571847308057914310162306776710396868350280973842149317691613216666536868555544359768499317611486581943864000395726644042190898740842 -0.7191756808436801024330555966104338928174791678132642366629229124981539405038636924854605457848295492175311544746041799523764581036077520234432124224890854210186750233939167627063871161134087710832498604085451283861859776 -0.6712050574843636707658915648545944224847038247351092313709332082852132695723085255810822260420933432197782755076381486572979854500100723609091864694818555415677700479559558715972040710780151805103557403049285421445932113 -0.3184489095979378108891645452783368126677306790717751078222996948790994958975207854627079650526410426874355108056637807847938835365372689280593032252088500540606488579269762807708868307859471257763550534056788522201061496 -0.3548417246615767697311186339075955241289652582884942027463534824177057067954328095627906382673066354461683430883867759414401984029780903876013640037882789280567319970069385320657592063964780775452197007704075440850505904 -0.2313055420706397578702026188398294821433164992962557257376872663606529513620619395865939064773180888575680988001467213788538315764501741591959545169139092102139276417085310978352163090931852142333018205515341664887421346 -0.05399175977701118396054816670961488291672714800129548503898749590312166569035708235407700160070526654879207694029465647474117060421002604877203903809287185217581335398418753723987664216457384146784835716146729437588612088 -0.1537088402652984313617599997655666338023732311682851240181560222363842015138086038754166329064345432615655195195537868144290334266208764766361487211742575022573245416087226908730458964158341432646697909855842762324322872 -0.08499718211752094691172412560226962600060156184401862124158531690916757013854399629138685026403954006476923752384910580951085960845258500549380801179960972001477999195982995301421327107159776250090612652585818052874052890 0.03899455898760781068138035853010264674169724728484870306315880160025261826447771250889448641191168372048067050469352642023109026505890599088614585103687151889113954347023518623117916030770970579632986182058517775285032986 -0.09564078243215919435555767641339217962259591102960392634560194579377965247160749286744561187691305369980549777705337284841831127028913427442774073647508905437912499856015731127614988097516999922612732307650702894491721740 0.02005959823581135201000638238735203987106510691754415320265836521002005489718296629229110423547764746530591502632446548233169449183548439166848047469244018446921002998032951791647131278670736061077901388254645441448871049 0.02315678911458943651690980176043335011002202729881702168064796697421092146274697926620373248423881006070214621796443891316983481838409816029241024612410646378568399995492270800089171009319656019228002975764922452557058825 0.0004282510370868750819005078059433092940571971845648895636593000708666033398805320197418198273469767131034559554010229574313940902141900290608910479464978574345879390459527283610154913569060577365664440629376877930114944958
G 79 -0.9481204685775332079818538448471374411411808612158110610078675135194782354566197710631969654786081616156431423960805039654097055641860869700237985033150893630004136498690412951439149702606335252382407755040436205128582500 -0.6047527506825532679719042957573486407747022461483174805758223959143371433877652935412470403905130809268300582091900910404504080365938659216365957549597623230616635710538257219065948008513551230963358064811375325523277026 -0.5078313094197503630309857968354613114647071435425217954537979818846237708690095504281849862333275029254686216134471957034015785331216845246593646694682132017531515590050714426211853125238846255752934398556462206654020562 -0.3797167337040612318877143246886357813905412475423564268118628135338953192795395970898799403516550871389419816058311066912645529321821683949355390084099818076950320955225260539318331148628629330857981752355396892382253531 -0.1457947935892111911038947575995837655043704546792574447081464563364421431315435433005220638188214057395232255403499301360209995826133988818191990307286196244773562575933952824803513377274955511674674410357399783644894217 -0.5035532186127816797053816560321401021554302354893680506939742340420742268629065611898850445947612763189600349341664038659162575222556044437391172731817761228991325259071423464240317086559408988024124318511558066562884289 -0.3488595725089615770015706547738724354718630098429084499989104446083043036326051325268169126215093701139722620841179633553835819485601239942964290634653568719181538019187809303423028127078921524438697916117233574416539303 -0.05565408637332139788556247742253135249762375784905871045748507883124483714602418919614940159025422205395789786494541250944094180940377686031780889938442980729312055364442921065217859995601316603511918492313383923692646356 0.02768179252960657259280213408839917586259919461505344040876384362144630963065256409138809695466802229243869375576417879055062557251317920079302740064965484934133237925561192786849440671443409001693325710136890397324193504 -0.1758735426837331469472655824587437202132767093094119623370630398220926451003191117375596768725703706465692274339316099946722012305880790093594418076267346153686563476062925518822770188408042965852978659798639774475821692 0.06763275582189327117349554608732246635327210380041631419496748888222184080665293601509853618498110112591926795374328439799492471758623647119917968404465417078636245346784757911275096388157780296766892707385971976145252989 -0.007529432246681455605646465463149072710332409397152933211234006938864276542007982988659190330277026766355812625538198495389388916877839069694030296689198229764311592593205748238150898669034368390617716483165351870141204965 0.05591351390092804556170022089470923324882891625647519125388870193543653383391048851626025067534555472942691873548079796075069588043343712906659823832395105075839692062858056862939146254118501887351416871342129792025786375 -0.01356845073510336380186665508547194344536160961355474676583068955156029432744844070216455189192295937787896042572170947667776493400120253427394314094095296165856642521935559362998306039327610037775144468962688979312268782 -0.008873724816336425941573046302016343342616452822202412238316101441917775877861245442191041719825191484382560650475391769514936258762240243882414219996796133698315167560468344371233294883311920028280434777874177525578183682
G 80 -0.7773230659438960504301581099742863632949141431149298107637662683868688991381277092507601072280048011016046937329696461831266242062740978995526026096955084807107806428095837721688386346435963605228260536409283129204370952 -0.8091577444232871417865698707472390998600931787953273127709075789116370548062595808439111557005651383068825425738363126972994430186863970545222210014475406710119449107788579796902453257796421740024548500476742362229790010 -0.02165366666596261867762141563916932637995463191374382481080170920509417516803491150418988475185455628371113739432819627889670564308376804956891349890964430773759054645785834183572653188765373041022751414507948067623113786 -0.5002778878449508103306452475674208309279425641400184253410102797909034354085021666879958811627672573479621582808246535254434162900231243143531071200036190537414270947029747249490586441747659251610213151105538799537203127 -0.3775179549040651819388114128681053645346516087219789185320509081050231615546998484072309490924617216691285677277193657811915264146499187028896106068057221825729885756853627944243256368851473926024848227669334683639207186 -0.5249389821285117207371693922857709682618086779743468619159438870587938029746786849730690774506961496405727876998883017599192810499985985402019078629434049865527469893081899852999835513828928695787174454377766959771804937 0.1646896653466508832629303093008652257021806285508002085393387768319383579096170013108347425117683572904938607524953398788301526909472426983922313993772309957235666505320114889083457127440950674974891665018881876029297671 -0.1443441503433151759750693501085097513303380030807573575170213929849974263557546097999047384927494140974250703381452770549520850060796417349661891936829297455838049996766370185849942576298402638689869919936720107884196057 0.07342304593791114040812837068962134988843151565317462178128460279504861805145746224242230690613110910444730433937283466688920529041948389919943784357200122452110526316558661607017715178649940064852314839613434419967886801 -0.02494070308182542040819095418232771383797915851506949596883190626503092711619630858255886305525335150122341628640333261830209214291392121823394890687054313026440239246432193874006015853904238622865521389008116308003072823 0.02830135719871630892047499355309747145809467052663824267657145974215041994277337614922706793718002804226157266801150459453921220880415040452953186789385128847056817060369501681728967351076106784110756780944983556067238597 -0.005825260192525448969154067713081376596352472509785654481716262170857877483620893583738209982064704796287486032094290007826444958441387587210512607969873261872388917616645013304934414751150074163799363742110505403046436783 0.02290403251079047294331178052866772373666269383189270300259703149322314310861035431476390324111938544862650912761538148112559545628319531544270552245486195270278655496279656708053226766426541236844933800784535995824346500 -0.005473242298691485624677751300908233977388068261837771790390939855619104001867375226541451751696184666403044230522542943991584339379199066209702749050137845086353530182965549014186216048232543197926290411687569567509053994 0.005600048973586376855608661039786215611115825864060950101512913112978333118482807555498038930589692643732740605100579983814950339051123587296415103998587594226669017085233127868740625734542042119192733841276123220193738340
G 81 -0.8684873949971483898826574076794050467566228247530498353318599222486947284235517095944890890217228775460228214091389311619011092004120486553886025802741299229780673331704972012258465207133929785204906078909430014323543431 -1.016105487336502284019868342859298618144366916607506626653960550071430685868809923695293473292413360032733862079997512889134660435669245627882882277827173979050949911945381270604760534700263944474366101810524037305473308 -0.04131945970200829092920263942655095752358160701005329822165370167128230073143792825133728535701219346242409685035660286477565015041789956107979955762321502577760912572560919354139562065808097221402127516850831906893990927 -0.2596180279918935675566543589959507306609638035004162701323846991426496313853746541776032188523824895624774085349536875927044640709499266044814289052696097536970978588105949954483115973673694102236440945887848956794819641 -0.3694963446968852750778682352010724415380749770813218621021929944165677767851905208773709821028054574395315839697822765451572534188204312225714749696087447355895846321542179463549385646457883703189145162043963840492947145 -0.5552129617726133501204246098170763889255253970960144915552288362964537622595244706235987870262541499070352382066539971961441853701754886656807310377221497715470426242221315496358249804713132688584400157771016855351762882 0.2587062479316778319420158686667616961277274175564437956192385127734454998547296516874786541648421389418786197434064738186789059836808809556140375079340843036852489472067784361811119040528356704992091069232975923477681051 -0.4613084799445292449328691183102696426200038591529171649059341257373069693781187846423216805929483628533512001233983899260391040296815676934888254751464686272159415524767297378176220406942608333983016874425355972690651168 -0.2746605482196187670986533553973257822906490901889898670385156350923564697901065193479889609869437737947874906365115478190292282909893345485400124091752737210420494384055759510617266665364477849691254670138193498914737324 -0.3190781731293769478782316151391571193628848005633783117536403207449274091382079111526529883211218246036586463374643491033756950726019443986920230592880001454025557323328812732077182849790000235325581654972918986436240699 -0.01126103973457465009368862389333080878777791271604538001472057168068774245992786294931665767183300884598625377525409371359056189204801864227412122028792673019723681319446099560560771014450817155405037332565374753459305589 0.07398853326434304994224555640828129622868495085642600083734299722567997367768349566366480364294312666612135788847818740993234920025768707546673015893083039672424560877064022314714368483502329125559701913538450123363451934 -0.01721953928051576666713912203676554680641841039893689273700205269946188700709103543022757677327595388358353422765864200094623693277497114676721131037611716555721212669389442438663040499965583502538269327472256032233945800 0.007778633661160744772051213580144816700924150202467758586792960174486209969094207984230960323862825380396712201076366256411922664856603854563517165026924300123229909647558678343108240483163782124537159362040106098663016865 0.01881148629071759273756595485695365596165654855452648249230408087104333211431887905122112875944734759437740517851583121802802813337792099039709215977895660914012910083074812262238213825688951155875576680675958366904904647
G 82 -0.05275763614177669278518748038787227507316066509657876447223792129693935303231076573683194178968604865547324552309579852176008010074236886113306844005226999286786932294574311912057726802157208840856177209505284576280726852 -0.6844082169373319121091110826285724373511814720810092305965792227351871215664542938375358553096923647024596477483399504862707146614737517561148955890111817502881544277530058930210799558190357066066921700203655553854453539 0.3579564605717083716434213840338154189188347940645899444315667348619045981007449866195341845695050309763468719918621945242889858142975901386714001278078789217926871804281436931848340611930421423369520434575281577191502000 -0.5071529850249362251721112078126043237183602398540683955454800454752321929276342925851767581850565463495141011927162770509113943536772972110248828278654947918819891903329341157566088453229314199560993328678503556256631861 0.2839085526191681229931104816905741284555122773961811799570946426883280500883625092643987408459216844432917932959662082013089801486387836042763749935877261827647197933056286507573293103606536890335194273427894171249162922 -0.5968754144894581828039014663556359869506101803387735466809224522012970248163541017969889419152248733543619243097487177791489449718096380618362293410300036968681476352658230108818425166418277006996264174624274361150849437 -0.3598721939478473756660178709854004854253144114940049293747858185385410666621134454928702719639107574346008445905849702635595001139435808417892595482964014103780880901241914462741167104133424472317886416926036089202366870 -0.4674538438135456104746291264030117291287947561120992109851591250449544767128344440434282082071256524127427786739254361400049401056259999928497272772232287764822982131751604817059984667519035510953106768738163506549076186 0.2898892853930020051747517642246546217389239667794742671724229216093180057389895530910527515646727304788302637397485722450128246979333160664711341107981656684640485650604771817369636406625142831754765686962258248331710442 -0.2688322453877946146978928522918832376470798990107418807881385313424293803919055321001000020012096155978639960180589579076785462852021664805182693942826780501145556087975180824107324136849342641935534780910498929874214538 0.3315024729359023820441614026340584097565497782635838879667690382288363233532209054747225655028743284159613643228589267226762650302981060582587758924220958841396159300381329368877292458826891439835425087070594805861934674 -0.02621072881279259779171498570453285594672895332821226191594096832233607060418913720045084495812491586591357293721966209901376860894715007797494278335633301356756781961422728633040356512383603121958860211496306940846772210 -0.06542310595650988646077275668863811592271064700756830181403904657939584911612298294898349536683194038880612275531299508326838245009469903749373922312503953806714255468254008980819903156283494207404445172561511530076588674 -0.03216566486939193822404807175081969015089107843727302282941695322277454607583724938683135553360185703197450489744090032187622601275467788794830828168336288381517949683172906299952571064878830782143727377616430482019982195 -0.006058818173058502498437261990206446103477033115832901255557886734138818874157380714633318053183983470023121902059430524374566261749607581850444948837395051577783830641903211323081894843303464145959551357815178268714647746
G 83 1.164845684603150716567613620476325630007383353104576567562617989074057849281829071551886398812841260947137413019348093675503614526921722686534116185664061511519443738125608471762913998916463409012836886352403172570380331 0.4629297328297132719548486800972833314578410776627760710972703921509950036670715208295232903959802915996493027141254567597905719845645827565885651915809697098620587672959857779410977535556579106752358246505079841366695802 -0.7392790942449314798178531849182752732814643739945446482685721424038060004162633291899847494774313613191641127049554435317709557532850713989223500772661930211009041253395377804861623770862624137942760232260056910693902727 0.8359245248392655176287657640667653553688353153518659363404141047690967215147760991096726322572593320799948180639428463466353792437192500626837727204881169028576115047046717113232579632512074420691042633947375484259994052 -0.2923784112961994083822911471115506438111905837160374367749337064747108231042523072568416559441486323127844546739953622478552272750226304308770175155175025794247838643350549481801770533394107282270568003515087018636607716 0.7076762656038709184069269068185132335222180543861989558845593021032072450785490587482290017379838691794757733049036231694350640311557271250478308998370989849942064606806790007211007983753729481466109085211033471742997760 0.5289540963147597170476782759166870449296011351483356852256321333696617248450067669667906025411880784867254443978883071399703884590556061136972268116282678022468705656775248641657602336720349784294615793236668164457962523 0.4300901075377045824859204905860665360872367172436795030365560836972239900114087844690942573890674805763548808853284690954152790909665464928391896817223430139243326349730563575654470608125856447154219983373168964481194666 -0.5065408071145019216782276850082065372715580733898641375758272300153333121336965408780837371692435633783429001590602304000725083082073572323610908593574529682190003278816403229460119369998591550264341335216419729483258064 0.4277566479553346674901101552696021708594293052053579017542931098929379517972323294199777599359885150845654686944924826223041690485622892541399834762663240325554860936129629802052303232358323511459444827067066773987109586 -0.05709739826615843145804599006920655161546904594057689755754619759975803526870163966635761898808542569295783041301540491276092891022353623949338959485843339496397005537594354604128063481113349610818544561911231441139965856 -0.2310586969125497424797283929640875208615849737892440145900599088356619617115287167265127610056873037580578775100206878269390279446197505068098529149587717487731606546806758096430415438702302123162002583236569843250669058 -0.1160719558772828200596535543081174542979999100675563853792284670384436157332552420029623377867292549072206692532798655827114917896452322085075224623064522407471077309751536108442991969666644305285492842133608824065223790 -0.05876208692823168581805785006068247079615998656800603373880157050024667372659484543906196737653072368220357172521860550668775824126168329548235984573741757477087187887879998708914983580945892797004128306396264140750034492 -0.03056374021908638155475667730449110173541653211551541708341914694258496676872688450131368532840051103744146509332787705004030374644187370547941729004605051489868422820983500833597715242724948787117203449491554647877253572
G 84 0.5862832193523259637082587918476827283940355898166971988245907669455053086906240936235509766364914816069056460927347593141148285013814380015329908879550744197196874327958742359513939877079507066262104595778334219963601209 -0.6119491090442205290726722778727363921993927385966551590250304229293212923139550516217351299591855792330700539859903981182079535589631287990375431006703763846817955983126007930286436742432711055623790159087606412518214271 -0.05528490761621879286274117441561092112769148135427885416850728348849137385194870641143586924883519847185989453311771134649469107848374908104578419591692541086722649243237617136034633217823247485869579491865316434668476305 -0.5342612130158157060970617368145618854633310280501371201139274814702950429780787190561804426570217943153471915096076004916353096775835695124919851301622298764020155147063593938915087895152115975677187047605301243132212725 0.5015138318963476226873435501079560674862196590099878453318339224963328931090966238212275996323025788273453750807522642252452635564789533856913686626766045446394600863123333612493772062808090966193740467669784546119138036 -0.3923642362599678053414577292253140565698684529912525049653301636362952883550405613833922804976947854836083084812496236071542335630625061759798744035623017182256419241409031976391591072859531569251471030419706656370231721 0.002809552700389757110861067689728563300908429121173703912795884016192648315717514960691227957614186325749480337283869288388898040235686041431670253700612015438949899705377797681046850993942944050200478308752409270642311279 0.01186653447200300763309568665084215108886109090147149554787183153867782189943177443765287080408414825672740383537755064098545835612330402359438790871322449598034497971434648690703294645262819620475738969100556475226374498 0.1591080609038175382291258303425321781822129881582892558574045165338127139975197292836713108136681772728928657695930773364598688510840886076208134002483781938649390214252538779058062166244919929209990204336623710960788057 0.01718398088271873101799605817832298483459803560331382510741352016244900783840838377817086128212227876408666333476552053988991648082316925653205326888538350391169749857952949124063455013396283009813633416360589833013640283 -0.06740158118956596701372881695206448225817992231885844199407635335766346223159301827173995372707341535835179100020248557940143730156116690119359934062607380213910969140868810236069139838550568207441910725156454630203296192 -0.1609047723483309407889527555131044603704723234384161418616449892484517162394256817504618305081303810821204758313744986886496839246293442899271018551085329105552822419780693420422569938376196395405824044859962397356749040 0.1519575531272431789875378210672362352044633944303012881087378105883375406135880243266729402069291706656372730849007580072720333855039705288559391429427819706205937841655250872195663149183906102316169640698209652143987505 0.06365945626823011328181205185946089406305354325133244131401295015118416331473019141106488492657359025673173600766520693377931510389042598803500976729152772298056559400825597905218330390577197138423568138625436612040481025 -0.05583466954247427717285359510253061291649129233058291486187785535300015991209747829688956970610991028825435845554327229545065978748351523935489571868295098593420815712316819728344528628135007371007549794974018500809374092
G 85 0.02684737823638130066643706411921065005829394146374490575851892145539709485369528487091938219922969571409437266053658772603686604137137610347544509281454369081865397334940678967388118707597670108882263983621871705805646801 -0.4096502694196704242524883203498244326355411602583171088462699335412372173188538728998616279086950795601338225392112920525483406885720217733715569558590661269289642402400505082915828211416419980117599350124232780293822979 -0.1173801705917656838590368472960760068335306091419098488401000551105923119400814777202068525707888028173291333288229012728048016777446557181810321835311763754317159975526845694277840672091278386275486726741904037501150723 -0.3980336115281755219961304754137672693491417792273154945085395095212363983207715638815846261985928359154234327016032422172950950312655274086378098508639963742907221985964192421065539900784780415450061341702618355848581441 0.3050345815969976449472744930939733031364682549658117944353857959219158575669567753566178412170766535133327938198666890752485014976438572920995168505067151787135112749213092846250159751267198343537337396355406453106672112 -0.02108897109963798515754738541298175656710654605517631711575003729681032427432071175922258390159966224029329843722997371309325773138316472966866678833690663841056099932187333697336440733194373204058225686619179267324865583 -0.2266396156654816225918851187433233845740296759029199609772899671336856263234599515172070157265154560017487155989579805070466745781838727906756935854002114391968310152764239925946489219993360829210957488292266640930822413 -0.2820554024342940504286996606081148579684887551326965906567676122132496088942345806826192726268906537097762276277007710549331881831499853724150216418353871099126245090464618879267172413332567223578632781625177101456406209 0.07974031089938793196981726398586908399309661427836269931482411099991228021965954155037255669956182438732104498462471121893971902614867695647664340549215298428605763484868854409902870306417022537478396929855516692211874658 -0.2200698441475813202413238343273815809936876565889851202862562825203802636270229748940119814941509367465214382375776088966014753167792005443733142102756718810122705893144573141746677750489160871093252697862440779146196157 0.1806664573799824836261927877250597738013027395024652713723225117953864960540149654151116705668098031927379860577220668101617869739214164286183865585239182368572490962075032487787202608934979343811124188683003257434772202 -0.2609193538230625753735006089230431634592795774139643392889970223501708999502048886630916562073067386171983141320309962512254209295503591306955466949491455325407833151248122785663441861155184561774552981975782535113795678 0.2096339481617534701822655126087006171891762819841821738004991110302219901209837628905331461414391706998826917651496129044944024904951409355324779870639320524237574149468161127485768153739047363302593510073576494986843050 0.2293089939904633907542984770275164475003304116590029087332858789295847567181947958631055842875970366305138540131646511703929038525379715231382981443382661874030644009281787207192276956221466247214943049313748594195041552 -0.005426424553230830817564148944398422504443965719349273058125837315848629834772282590641790960128084869764072134321076056191656162629537516532215053141718302349156257106313103328037556893211889894473654416288112936867850348
G 86 0.7242698741647543230244126786598189243264145440051070982046721837056905425142779522526652193362348620500800632058336070834279638614368840643964970535273070837639103587662473301126015446088464382480714157458961968763573833 -0.5795916075332454352366703039877739459054824854303706746661159779044613528980847665112450340161199372749259685743545522783419558645078654080591386794340026267214236288448086209979545481109583612256989522060045494439291539 -0.3566038085084443722854457434708862657544189100499900638274664520867784889995997844512204079289300022067601608071422791369364611878893250888901677971727692116681043647138452201129680649941972046617268995797946294784054111 -0.5660774683617172373317681278363544813190609772828001780201001772028841305084546657313908597758274434927728088941480055761006489689780214036918317089657962165144523658933953301321730987136890725019069899601082949532173054 0.5876898687268649298090602897337659942929930262445676924008936615011995701538627162855729458789569881274810347950588572047452016463966680513885507872069264488656507056229840535518924177987719527327959921002294728711159477 0.009099303868813954909130632730117661064431644331846430281736861244339439083419682501385885861245977356802190682125533462599756911368607681805383082935244521467761277525362522012004324068707534393698370341290736888824093704 0.2828222698140960126050194305407968984902289755506188632843514706195012000018330863495936325791878081593901712177639227297118005977682428853730061043215896849267905473631587473370034035650946357078092852078810140558321539 -0.1053892324420860441831835735846176906677761790731225481253781102847315733594665608621544286708206572471170755680718489482018019800415469205940948239226913111851243558871910125131159091154600774370296632383206187138806851 0.2402781454244980582054312167978022260623792873259364039054804637522568922901245694700744809024857362287257641643630799474368828642285504932150953173262159786413940070722131772692860666303800288988639750987714162302389578 -0.1651975629217517863939208036304711539308721044276793642408964269779185563684459403109978014187671449340869636463436390056642421149559508612333805692086226775287272646409372357314470977319226366028706119231517148225557315 -0.1133054839111193861517336482230961989471886838440232394182005245461102226030199563981593526870982679518317913215251651368287974114009577427342286078188939636551610812107791026950666064582871961615019029795708824673285058 -0.01051426720720191822897138595909906340441263836768556626755902090118043580106954584302949678424035661909191353114606167321905062795896782094085544072825423077953406293537711569204253365590830999938787133552495529175882382 0.02898227188733570457929903159061353515704041915937015911924045566722426696315647403683879940723466512452423791248133068078196425952951613805240516357937206436632628248669898372368795238748359998095510401544514836963724014 0.07400074685339818590308697686995199782051918177712886392312575413292107602564163512172352878849826991458426085487288306763787657006079661609208812232231390777358015181094127007718478823805695529460852550003966435176249535 -0.04202339814654434730927038540315167413378814629795529187091741904860591964719621493963422969923968554389941573426646316893330305878891068705351312430360815383624448905661500110325734506275387004326075136002716252912267916
G 87 0.6971217097090786498043835485418677178726631763222639103440451111986196154371477809834105044327150021899481816616935360047462836001921881466088832060612548324913778472559420309806019866856026389533613560478274232724652316 0.6923992065328028150828879304471570125318637358985686633487527017130791530204695159002789591071642048892156572143948494277325539022973446670201766922879080337315168444807074186347081008782928839976065388687316419930069284 0.3343416510754040979301205502962558720419558698649631625189879853333234447862920486398946237005408382655741272175194910403564082543471544642200315327045968959411304739344168149107265223760276268881672643681954291580338541 0.3813151138176777709420089577051039656915697104734228845646442563559574949080806550546215687162763483071598929630002073496448125719239467795866220674573547935045681143368414488462871918151104404508171094626733864689047768 0.04447342023305171825232498922332681360299353883096460523497489068458780851826976915922294699925237551265627518215718854018814711501158706831948551095914788888850343278109847036979655309334503391206255121210760394593400165 0.3752986300455134348703363845457752207749103340690133104446962580311808987098371040183723792038689960688287487371818022180881032721691369331049578060477732411691531993375717371790681308772396492280931734217494259795630697 -0.4042090488983738319072126037143055086035816879099703051114536691077339493707349367842674459969663935522982917975164652115479612372999645025374428086825013392136598086451670436560955527918727370185240994746392721940424127 0.1449054188417967945395590748522936311812332242490023164852392307954691949801922734035784856108921225591945217308353146112015123377085349931141518444603972820254328108318384581026151270649169802073235925511112931123343653 0.09507466395435880207214452034006553258083215053449410339526053595421718446333564270963535324101922974689253071006484131916525252927297833836614654561547993380905622748730187044413299884572944103838840965757436813365332395 -0.02642954295191819426386722228238867814872063780007144625777238131886619480964001077657452085480898285502679012707668542404348348440220838973720637330495022073223854063507155278906223454006747618480106393681681225726488856 -0.3050342676258777447630373774935706175665937428085378729890815163221773324651431271216563658439450780744301561054528451566076985455908114068112919819017774784627764576120043793127681937738104364072924576403351082997525493 0.2809627527998438899588755879734744724632874744530536568003224241392225363454708529824744005480732574062207334873348563039135919063102290892517763069386519169226284581636911274756012020602857298393916703719524398663251204 -0.1994760717069419601752389974861239364062771644502475173451667674663996004537838163160510197097159428421087201646250030366180494880630230741350931879864246159489425390014346000171382918522001033897922115012521040696153882 0.1372203917759147042075163322633950409197689844525278107315401342244952316020416273663305124816895405953787402542159341688010834965510120518959779556368663350543392943242083139348880235225381749794868496729194576031712997 -0.005886453390779282196529458320516362225508645265382286312763789292387945743362891675125673138786697450464154350961200532842920937306931259428532726600722166275075629378746780214105636703189376223629688835677173593972298907
G 88 0.7329939275472950138466061792946845327978069863850087431267471727212444258085558136246019537509755459188197991790887165988789572856069396214722231926960404603324031177424498118148419481393838327298185808874226369178699540 0.4497578698204699092670431108397583174418569157567571159192172621174844234699907689925502691008391495342179730227611720229145226429033833619224066160641905707509414415031198735000571266827467671450867169363403957139648436 0.2246300963578968393764025842923857999047835066058643058198829862787710441852401553355051584503826483070250724381839492866732620094402639885624478888897012814280624800425160061464316591352346131572367325130266374822503824 0.6395776118085966173271861553771219622424331115747919855965680606841609031981101451853649168389426576221700042975817431192396565790248621861813971258294337693639232285957617708096126275587097227906082631412803839725070044 -0.3575621212665367468345570949418813746440304916094686824948114498429260737075075168743506685735156787719873198671815513670330129943274658075907077502106583150581756404251807644291775295947869430246866280718504393498638611 0.3544884742416195465171810046436626483724680651366671419882787697178904923654580167404260046887844290441117516143525079739503002412939957774660463255451988891002480739762633787521229927320343179429967700667576984260642608 -0.2717915180189243690280265049939535814243024067357841253076918819893093015748916499166948310091924749942994549672208983381021244583014001107165229201985326395878947588554670752041160186814041398494102614192388430010197660 0.1990221934850922961031001708406301949587505072575093417345043270171722007920270778381718957826517429284310838284876319626584919229945567754682867663125407213143566195851795523391760164901656580179689878294045993273610369 -0.1304801716747318109571232997569997391182151355070181690784730826073134932647465364608214984165449684951197748645226097001235164358904055702762693637209748568637320117012127505405993538265690015960245251894555824546509674 0.05642462551880728037554747199600066156987139845035084961043351154609155655087752408823241521211586355489114518088899643808243233020188410501057566314794866522491359492577801417775933079210159049934046181892473705650893701 0.07775085361617613269123446629133139085039822012565923293131694843562520776223997788450274529738795268825090095020874381837183106810666102087018071218771155272122350924415944495328256234167279735224390484368593855117847429 0.03534121801215657618011848124179183680434991101960859194643051441148052029889951046844514798620309029256162664366501964549617428818078896420567423080539392473909549187311013768513645208554911237761933551520236117419517278 -0.05083440268735074267559413046602616302468661570292955511675788460903592627228593136887981109704924618628534627994985535099344824315389392216334079599774657744667767184288752199981813363956281583225130830117963654947033980 0.02138456974683046466427270575810477054890581640447490438595034746706655183451661415708955919015668361970937969919825248508224433911890717318903623746902672799321178065888170183845770826285040214278377241793550504066881302 0.01919648272396808917477686427366429155019473403797887313739941624499024307682911151227384998550703085646541427287698753344817789771879817940912347958240398478704068426829620420682773931537599231903024517537400226930251353
G 89 0.7960397976217082249169800049402482323428273007149789702435787929558573252857240460132458926595341854261233090820046721070294582110527348232678201146921112723749774012539879144414378582670820185270928793703402267163286728 0.5417142913768471601525976966443475237946753268003215491452052566117803530880983663968412674544487202037930704768960178671823971565540945636303538880267043475824884110424422214099876551570781732277228814991088583497662714 0.08484824985839854238185905133549505114590972828252900975494591843050218575111939463295983176990113578776311941776913261209460508254148196731122434383732915374233895967206408222777415813263312019751347647185037451221130941 0.7173972679418840849074503358026901562050459273894686159046135455167908203052678715741852603843751584672699018206578180673081474999149936751827348171001127728041642239690489437963419177355322649420558839895215489433968107 -0.4131122731559620193181475969422337575742598016266441815863468885545533025023191937550806264327705772506485229736215453427928937336569024669838276692747424587046814901545201668009409572827443631376823640906684750626511053 0.2753708664449272204605141574036717988917256682744380158550990923154502814515907422175634315078195832143895158797309087316220695699455077937878695072606824885223814109612923113590036717847024965962639423811221883272247169 -0.1040766048474859745799401822132257455573582682703964938188098464689828012776458348252302801962163901895386816583155600882659674616439001478361110606487272443164871077094159581130795006744802237475248827955828838161585878 -0.0005994019627643222798736113475574083212053103443242431535113462109927855549753377105978778873482856175369564455310802630387843431647936601894079112496939722096033268034849305372507921854695782828841422145318240053778776126 -0.3058431052429875826318164246457151912803005714271728036860680536923595527628525081365928018479338584726438267962625948035345323656850903782684972352292934375210237540018346534706652189163173174524891805575903177321968984 0.1692003818832048429920490589513994668973250528426599881456841473669393774251701207709036816698660974484499035301903595739057953777894149919163649596395425798250496005295572878458152748249107175954835511931821393981042516 0.2841773959612918013676224376808886244051223725400573220374843661342107428098721849158738071986213613972620573743283066373804012735317525969498781412660874110034308603479198805846683882495597388582825043600969840366236365 0.2144447160013890273326979297752825503918419740391996092120020772467536944642548633646190650868508227739063244004912616049606256659673152689107718589009417924342321736600071876901983394681244574578266827707497800895868259 0.04351765152676407352087627045448607241754702384536640449866832175909515713884325621924721874239821646127063660961589803052177657666220561218317708484390364422688686120957547631441956881138055437468624006085749379981688266 -0.02347448172125313028148512198549694822988967318039632453051827709472821419713712581164358655603257066504669917265790187888567343071981819045770604246538851347953625795767798360094486967370729454475692338478403880752368959 -0.008958819486876083646671549260243480081886734314877947281823164698732365817663922313573863458514851812618244084261639953008520477130644776003901465845298400472444506620773915945350138381568527600855799261007012138994660550
G 90 0.9609304355214863584359360026382879471384313216567302489265730549754476571010865874171316613829640405658105942479236111975957884847031863937238360704390023358668966001255706385961560722608275752350910601203501036345095267 0.6371061061386190707825726892877679519071131654910040450929717212425558534697117188440640238536347819605089005513717607293884911986651861829582732375966879713425419310178669427938779926631733608103104608813101742496902893 -0.02244176305211874375395973387625972919618951393542676159923967117244207993572582248425606235603818601823613044834569695440907991485217885048109844372677111619914804880325273645778911636682634537256474809267158789492377825 0.6368219771964891180997714318062978402110809240090680080063060034032529287350530107134879127598479606451029469387552797022091670464295031095884510159542966559664869113078445693839500458791979571964124251951448741647803666 -0.4625933457400439946390754732293369445012433350239784293720551287246131159751122030975855968009373362627871686853995383372906876032183394726350934606823142467030514537952229246258812839830512747421086689092473898695108400 0.5901814912130381238938060427182537775894567860774693281821603077317392162731109910279666105210296382020266907084246227167489208581063009805352589731068431001794889519265283735302872053221838886523383716562885350228889324 -0.1530965120544213143564960921548270979029205195874952962647439214474798251400710636272646677416500299625742016950009886100792431277626269258195004783156224890813349182862886707295853778984099655597791573523767971652091520 -0.05210429318237049219422337371859371118483610940803070268730695426861909042604316569182267279879385861043172401302023502130592070519035489890988855632349193585676609533350304942713414645706954692146928804975895576638740038 -0.2340269374273056884686009535670713773222442791446268079350096503421363121661037272259855956969480459258295929369633735978805303168169344063615244444082606630419998786597521242803288192048693298218672515825959298245296066 -0.08098271637502511217132249954943915057851210452209470604083275683735499576524532548923619799023412024549706729701689177508936240617699477191499928233913286345473803853120915321607666268960778025298067795963548904641034713 0.1602423675475783060990897211238275233534877145535500250291270556587871877271532360490475079908632010732996200234188904813579246906074883714980285619118936872392172332860265503898624414933094545646531758903840158647465058 0.1574263533592493592731167747037170188066445253838107598099951295956695880524224419277983181300906301519102346274764852675939625773780195942055642687400208428456346435363853758882745372343240219011413725571407351861862970 -0.1422611182178656073358437008821075791398592706191031297219926563564506810977548156607904822079095662694089852818455389631944054312354370774591471297867738701978242425955773085961058398685579713963180163458667182010635003 -0.03939890701275073426787936597901436310767367700812473076592203741891551586970727849080825532038346450172547276955475848761195054319068259220164210079805293940353139208844295097494656855251902194142932066617132583584004070 0.03376276688222097791666322537636823340500439370392485736608494082594685420286402419646380866065136930444938039135752009654482657911358397048116374067368317400697268123751967198438276131078327254266929548389458527425486943
G 91 1.011510346982944855314953085656138736562786433631948855313948679576532906265746532409369698189202161569065265827281370219358709157363320492220332412651670860463587680660917336915799267238682796543931383827832534459826565 0.7263424907955072770750223442020354126703081910098762675509521759205684641058392022910336981163016465238413414388510456701891809597551832549536482984634283755038358941887561896938694932182789942173911252246444675982213813 -0.2309305673756855480699991006917626622777269007845869768227435120733540961005456443739230572924676660321170014272441911064752006431329169859598031246557978447421211925216015505541460704810686571346143432625318719590667539 0.6194501402866803941551414558252715035596540895964552363249897453010079265526121464045702709332816602917540374641879298041026237451724008000794700825849360805463995768630690921063412439659143084620117376573194717887356005 -0.2802398083044255713798173258244157046660488419731756863981351951509953112059803188466088620001971708854241581675032441723017301778169039191349131628241803683585929196338754844094688800830503632434362367028588296127724733 0.4431117706568533666021554086207645715361164057147036896900883619514806224366137447233118190278265192161676079888820671824475789113722810615649768933082100351557965338255570370671855825071555389748120690994917220185795804 0.08287256917664204141384054744788699253100530778722382934266662764721046637756722192252154960958651157653092221361893483667098163160007750083602221067000268228575650577619682588399605358951538130334135400065419968271051137 -0.05581524397954222241996296882099162583214953950244134843464059412328699477094124983502579490047265528113227470186163718414282208808746811584974451590346604932634166499994432501972135060666027123144375662888820391225428696 -0.1732351462405266789075184629075630887120483923811416929762316470729252044049276357284391814865113803745057083328935460847606282698727128277545145258697775160466100202498004140459869381097386930654371731567025906936771123 0.04169798065365535548925205505532607445094597060543340517096964929679046086313795690751687287417481114645248496871814652258272086194702919354713220310342002096251033035314051917715698053282789314253355468978353311285681176 0.05533362784513056132798914093198090346725561354060206018584827367094845548171764299140587518228217517563052193641904846522190891341086807926573523190267131122879058621630463302082040989527984477699695672270393359364767008 0.04226002012652782296635426766081566584061482515421767845392334455911454133915906200472931307850283265848151880850967556618255537047355899603819449301965507596699261451032967594602602883839114983475009301062393505756164584 -0.04164733238734847923585043702934621511197122489298003555411599726600727635974705266544029557193917974846858153866208516948575996749915013544280012928771121568229365943629640834606257308205220044193054881832867954832513610 0.02823214843002372426920001155896671727840957869069788862996932553206243889858718636383148311016356561581906733953113669198785307419639261950958743096584853081325438721151801120701768979298307943047954793190687436252910216 -0.04826198322397233195223484082317338458765781520913001118420795587275143348090933233984873561715069604740934553816957355258936810844750758857865931065698348169349990020051684417144085907293891381561773791439136488794323601
G 92 0.6618259393133152588845949337009829858855223630824521020284482336573594284546286440329511769831243810425183175621690591357440779930066974369669930030834128274791529121603137737985157729047728710124958485388741055620913277 0.4340697940888796507636129317862558003443432085270807908618941801485313201654789184916630176487172253779317139191249617074117315442716653651577412772425375923642073250507045011654301251784784956823914205843248382417809925 -0.4066271896114259952335401203486039418628652026902464261714543843877796845064301927164786025782560668916144743645790637915021488589024948325383548932938372253822954031734895444878546882690712190017561188762243666188422051 0.1689578541523252413341722172039165573591997408135482142644197150901343876323870634284210845097340929326746456737509534779601061485219562206134254466028911434278550753291274107083712034707612359576699108414128663584227549 -0.1529746566499315904127627986887934044718295731294875411487976737253267611231284575991876883290563263571081198374375448750670042754747110747625907538350834987891421536224147708127235417682846306175507508090251759085036171 0.1334771268831353293126725087822564655218357550618813305448595029266638384571319164326484146219516599345333403206367703971494185256496898759011061245533962908675547576864734326890695411570304175993154661429153076508786507 0.2803597216187863702482189155208060103589307894590424431728164758832461072590892341795710489179254065848117913242836975534140400177916056751228552266849762691693493964595582458083925951911738798019055940432806995000589067 0.4403050436029247249136004262866540219351826826368315426457996514250940445946651035413382910010653293889465417849012176837166269574174601637875133663442999736996703022468489922780477583459180585011201772117215978976242832 0.3702483762143109924190664572280420751589348125866638631838272051655866178995481727034681755564701070705098474092383547140006201445755725695722119940956239241710724597328032144916536354744667063096818060536412624799071758 0.3561937631445982182856594465699043748701927877296805751681086306811494928540271871464810826392433518412718343730902562068682230922925844060881935188714035737609557578716394495946047826766090450968591647129499746238156345 -0.1912061513235253437901656338798790714454509048260713812575266268894642369393880159408492623632856246158611489681076190116802279084677817503440664353492877821785597728066053500927996004508104259362747454788102709891975033 0.08734590349198597170443911435326441104846785042716147227507116718923062209690480837174519304972425843838435483621457832604191869902212804655256993913009568829218898341118942847636497989166658687945975781663261428389783286 -0.03239092610583738370119923001442576902001310416065051519514191359326782866010084065465021272498958003374302354192880066776887397313153559843902364306747599523590904102902751873423674706825006557467993381393730635839075139 0.1342677126749377898257663978984380428258794680955023743858488668767663786338404852907863391350296902348713060546054403440608108817930259416584006886043700992299079326646788040374703393287791190726162450399401601156448720 -0.005626282374039231933280378811648652559755451434290112164793245704956195256377556479005546116986082823031324890966721810128857435191110638660945321041464043196303922034569184814320751982363122777986057678707711016442712783
G 93 0.3572028556847812657035345736515847156878570013438875583701800077573330100700898297330605418645660945913646542560711565896610949248095256682169329230285256095203155951581106683793359916748753889792679144546288255751307760 0.2904923378622603352442506837186787487790757204435073621011737736008139861168162893620922648864613439096201915894928166142543462754635568077048328396877083753150240437852946559244466297837747931789613419901004102410045411 0.1882595357947024706560878747437084932820696230015689092595694622249420137050680289840188503593624483604221359716172008534699820931384813270989190293915621103949140520718878943985145115472754327666257154844353860562629615 0.5964786553169688602528182330900806206017597444613204120441174499421616541645270689067677737904872086440541944383596710241865067379536261191927688890083816676518381223016157132578531529456022862449958397698760000386785665 0.4398534055052092041819289539781553024423569666951881155559119622316270766078827366269220571587086852210019629154247141647913008102864312031550165187401595304216625042146260360007820072759425020845415584090652319280419001 0.5200386709669799823126231204166677028809318625414119460254982094244111204105884157064220154227119766208375318681347419549021457512160928384796947379490178428865273567530388523278591974772188103824750237963796044174205685 0.2855587556508688891565073664367182145875263412118352629254254192360885259457348038489013276467279267929131757463747489628593106301646108683531991142160103984929095566531170043036119314087677210316031089743816605491031859 0.1299691926138479101314339341497367991897080953040397333448434577216615753806616911102407878499563177150556293722659184374813730908569431502901709836501102530500024049672629716178972643965195372470931542563116074599083676 -0.4483009685729233623822998464627944182562338163198569980916262574079260784971646721369797090293996944528816585617189636199141417525899913605846470237079705100666399808071787325998507548935508708147145196756518274981681898 0.6383845727214787959991113007428705545412362301032439780907892724275355893134124063790962133097809898623321158663096469356498384855784494665517520537011680603006184621095088531141680306949419037510107512958925939578228191 -0.6378699988014233955449134108068365451654585725202487085243205948504122315181212526173866621244122531715325636013864499752084125659617319474713846537219140235844604005983092199267518669618711153583397086697187211771869314 0.5257093591412334717456267795687514176085780865621146560005055065477394258351817744741768963314715294015463283057988281156853211194927516713390206433622498814710815685424080065514729982467340521975261509479391495122900261 -0.2943301969227881585872195392014593762630036312709619325578828780329715946642669375509526367162252828070861131156858721771932265148859058679556493040148322136319069491972870259254519003887834693165309566337260391142948441 0.04678115817027919075099418984886162411661558285924917844106792873916079952370873450701182161953537404259071057661960087519556831787075959932741723244785964907152630901195725209654620309617198428312300827379268093793678344 0.03736547602316179407849780764320982880346765746544056437670930220155056455022298956762035507326923734162903156793568620890199595259489661771357820401181629185605930449537145293693611468234084396362891935743401024216408982
G 94 0.3784460672182367955612669371928047656474923689729412438781833296587855245219397268216116405462564320842822732446174263505914769181204630446826231668887829129363449814010030112521049358938512398373774817304230713549330436 0.03138788961717093933541617237910086433470761448222180624351197362318322902688120522624490612788739636618705355372067059055008515762646251360382523550245762711280999521563645539098355156090320654320558361417745338569526021 -0.2580951323331076654977236752071112542638708981958783127961786203932501876678746224126765553962634458496614315780462851171383578031164484546731794161438543241793169379268292737778960766518157287408300368101383907265383809 0.2931342155366667060935408547049171938269152269589946821669515717954117691281332289644215462544080013507052901370373077652729929388990914726626613618247189128277801676948975304063494143637530020076098995511864666576815851 -0.07926805719190853987953056787151986805713056361290274287156041459370689002862712830808160548282375998662301515811412186424099356243861266812406886228426343405835793615316824305473000058251816153165016378030711686479826956 0.3511472360832222320101219823979711146478711252339548213355993883104932832670612487046882660929366978911364360076852213240566818519091852974184508824760748523195340597866254599354357244025598836598006851461254066954776861 0.7294740844737977244734183828605759559381376780015919594958654077468889565837102503298624656451740345095503224947598402578686847633410557499393863171310286540162605170326241292761563586965644014504175006675738087382907370 0.6523152664866124231805886849598051619411256366955636087572571560619448814641394843319373183909581936436989784349174418306579094542416811908509376235447821117827635559065158608925027287642180927760747233356644910923864312 0.06176715293302753953173805283454292734666479099882704023792489454596598411567332570539416562736080339113315979059750423336708776508269844559100541859867091188636456442591005276766272804213116221177776406564457652029341988 -0.1323530339547478825217473455564630094709150996521630117463361721899910316563929678240386084031933256654103898303164735576943295062096161138769453590088931967527737183255078610689671225712944729924367888272477191225064576 -0.03722021740931016440705921342001196252064089460836471476406291205605217924959639316227022121946307334660541242043742273866079338656046560299265138732218401546264463433832152093398833182022730139831532864300881047955301471 0.3074688213450539318318328495852248281303245317956164939460287682562581912198074108613919748811940322887155634765682974737984153892071010782140107216695621028176885722938782275150326857253508053515253852619997304456398828 0.05765565303393721471615283979433485736446086087739543606476131364480070753467527381719514846776373573163726868645626606505127658760996806062450031640979081174394204853416402590240166328591457389505016798667131867112287490 -0.08716552381598111669097568906237430859670386963891078052249867171903324742022038241167469278739086208345272626447306650961104758455121661767014360767912473592642986350621118756189149138236190909179427901068562736081979053 -0.02824059769944248226374071588318767717375550920087789340985068730817038235128327559005477389834537908458483810453258273707555247324613430146367075766926339086136312623703112322494446386605574882152430597975592295936635112
G 95 -0.2800978425644012404083375028192783738873712435446319583460731702641789271335498993707205457237443109768834300360423072904286301885391294480472913840988260328584546333697818813500717459084287557742184291182993027582177971 0.07238621247602432752634782991821309799065919712791148143557897685149945711453513215084059706648201385054872368987794606447251385034831516419174776355948432878235986523928330112105672415725165436735463552067700824710106764 0.2206856589275869101750419794784019424338939538696698649603311223769650889564211930409069083216677288449475957584804461710032501438072565698318257918837862234797706726096967144647491333214624735099637279457906598066627484 0.5739920081932806333289767974826216131628217529288666918481958671373676555346277846552583051810306130291306566317339360031121160073731521239117053082317006664024904197078359489919341503448900053673237031851461365624647708 -0.2683110999647524781897205581295616548829129782226566991639483657210659061758546478861975131625945875695908138542852855041398246784935631778927766653112522061825975094947055094524857400621090848139224761792785126605777789 0.7416185576702707479826731905368590396427339529782862637667237623666277785568150583597862979590183602423983548722000787543483628520444559086050514209516904732337972027877894739307632310503749447386312771454607784734678758 0.2020092580311485924275683624196044017895785430194687449801555530518715444900364682514803258963871782004932398923206764718505012270202981151137069461259845223900652396427287223922163476934623004803833862522786635092403304 0.5703626387819909320531880676286553214892697347592418378663358197329268522105800022099349437603634347668029341386354136519607132468752628410642751751950528160260725085330624151437866001780434668930125141532116748451527001 0.5510239387767542427199898662698231284809681563831862226402580714574638824271408569351218085743932802490427156527238538230669079515433415696652140472563733857996926720946766664639546615870473646329324089350157567457757375 0.3400778845541058823252404333409727744984738194640834380298885463618090621357407692914416837747017346183575584112570606937816588808272093813603237987387873742210298328646215670730341038991458009887347143235030929992665684 -0.1436959599058911409635654441811835590455478451405069056830564172830896058594905228750693083382815546111991228498330658519207833861355809368408362047615899947613677578565066439144278969822145949980587636398207239068734558 0.2129840288993539533629365933323507259316573881017566061198456589828284044890419528710395777242883449789405169163281842732221593955031640175951110579362516673510798964107976454010468164314965014574131360229385920006611448 0.1568611820824733469695129955562563301394724567188060981033564026300577134999023272212185816290492940635784110883499471754564177175857567611526719483534045865181924496137463312395203202308504649394224375298231270207954691 -0.1838634015990161628823571702897162578313287113946259579020401056435265883819906750862134491333681623734647080083345891789894442525236385265825667658732628828934614533742113701396014875701462369163178691207076688355355857 0.06640736393484798374544563188847486118878193019595381769774873077718964027253592658038918121294391437097118727261388073098527770758087632180507730062483216668635796489656051886287896336196597490086049529119017130838701461
G 96 -0.2422881907782656993304745453042698932755843487471211530259074005032759690438407321860759949531614564104994499735254220119663172040223475353349223686155815542968139969965479116770899781709083178206818711364426658160717963 0.09148751299507171778928510106130745095497335326052586961330594554914394668326383034265141053231053532008463528961953460386788210669429138176101323296708074054803010214063714609596929082346387948299582410739036762348864709 0.1772418786692184545746518334456157121322632408583000671619366156473910724532753098899900835241931553715898647369640699610949320515474740404520927657504608453419596760203468516711564266810316394104477510251054699766748821 0.4700337185628974472894079907732177736394057002937305281835197879018413846808880647367915958000261206212265403742213045487768636979303084655613082494715581222203129549521264095087524654610605298317372614333589490590427904 0.1411643357774785944755760544863085672067922851285943763631812222500587176218416468544152444494929282077761038932268618732788212435885857487420396598187172912314142543934010879850260203657285290622868092425880953090824221 0.6947734551321004633932310330290401009234192769080546461360034181683430882075118534678827972648068231058703091263711083950732346590674968921502129946455727728296862711323165074068306821216548714214286998879674461631924477 -0.1818497153017735358382842272822732598274898497617580569038232675968009433366286602570539194692748133802480679339446953736468895502190463279789602863831041160616417757693721618612926596376585800447509749513276449363197896 0.3393562481232692814569665982273437657664488924980830760598680253762417137867531251442781288803156433061477203826067304254317068352136764408122230583665761581366058540213237191138774010793852672011342097476968515558517491 0.3724986398740753009114036301914677122330047387551577016539310257590146580925305772083265794627691274454054217508410063948550870063908182730493673247842203334752125294546997908624292092457161438878226745968217054219604531 0.2522894525060131341443044136609816176893102066432226449645800739929650860300536751030935463448552404853864863960472934887878666220491043965215132170145455264372714146225881499682950455084502397315068116503079807010049781 0.1425191621736473520173180960959709613833540432082061433574236078407726349440723754969958933794411507279241339959397300430100147917628278029247208717281579873690529079944160875764978189010352149976528346888435600542253655 0.4081949459912973345113627120256974294627792228049473096874444086148284101239762429214894303559666713756644729622195768870802104604261919081396023415701220524052742665331641537020926125224931932648745562486561353595271265 0.2552420595868514758236860564869624809669241376361202103983785201812330652561339389691054996505662581792420918436914805945172241190214548365441170288782144971772053403811794352276977983546837272418743507372770428303896718 0.03826500888015030182662618703598581301231095029808472432172926410546768211463093904686011662958912999897009246204064406156896314369233824221426620600293282793757009246779764837165102181323619992330748617626547163231185307 -0.01477378169223960186936655660511444713136390550732764224132316841289861829740307893686422065092988883493246682292067725961424545775707564876598318295215911709281023065573074841573830699516014062743269398888712425796161789
G 97 0.4997750605604361027802859969096248982679592385839094981653229151994781022163127145062959611561964147442152887899115323349047930166316659458614939882254284415814954131684645536334748466170272094194793978579133110597805930 1.034438301727948811131071960303862515649780415589241092337614074551118679048737316763204281686736476380828355197558236563443070210693010074231764073749701796289247320647169961692294623325324924647298334099543688281471644 0.6043576922744242102106004181601452246260139058166316020102289133887734314610223305320951618835604647014179661048105097436709405381360827984326881937826930678618779087264549183128789953286712766383142936074095509583382050 -0.2462781555297491883463519957592805431970743836271608543374998427099790525532421995672486690205298724770550561111163454886379678403607648040781663228658346233215748954801077546240653913251143163592202100648876843123275663 -0.02072519947139127781161805080962684245945419644724755072875665653791645921190900905679078459245255019023661668227527013062100850957602843661244200073417554828193096715932320162382607834243118647067648628307594007658923359 -0.1526468017594538713771032198468557616426668415514338135025984599220147706147231528309602665343193800749016099429502512703259439106656979218653981157581745231486472998797415914347074154718312271997038361594274863554370685 -0.1276362604503488948510420838075997063484490198539000796974989189214039364594005605243602836958098578868786126888761969082698327764011119524666284673916507094601577950609479523399656793864373694975985485997169474870362822 -0.08903510074728092230727571118537199868281918046761702731466089730104337684621551472705757492832026938389692201605414166948736835319803661052462687158977606357519287779764594118822184023502141489038521026578652693464152180 -0.06498540818558045243867451275847699335197175250677396602114951320341377510798902176273025622669881978082672841248644466698156225198708057489871470816642333153985721626564577133128064635544302799646145438965915918713014602 0.05965095345826837271347241658563834226017183162336337321017307979471836256448589468164728216524555839602241080603708796155847587686370280045940753560483612410140577040666117842061028259057780637834191772180284402965944865 -0.04346390987313348377821621436968119376062947427911788911235770753363821307266168476514468681193740844252064452310059643873264499834763911964742581049289754538878827337746208097913875288918004531115207890030491110794186228 0.02368594839649458743931770285818606091999565586596567393755226453605000273448274268697844390614290810092630493254307474022129122312098204363011760101936375238979757190008575911533100696197769191661237404860838538276312605 0.03445854094770995139645961819047599637170095769378552357304295644332999778271401418564140028311665782372931276154780689273366040915189149032134321746813314470062656347353983526013564601817457430766271440773150734259999130 0.005006716725017233981618400331282717879680478696998303384788680807362645527219214711210303376318148844104902442982007021245555374497258567252616009238156037375106262364812156866773577666696999785359760087230288354629129925 -0.003201432858951029274150984624653286662308110024983100355843718681216643156223120311980623827568123920790774764325081102980806368855384931260991198385659886506317158324930667573424215863667165499586583874452884039435383958
G 98 1.169219276826531279010983164156680084546683942677829518162217242122032167708003046309821763717296980507438743633288096312240843779995095212436872240837231427086643330960933419378852979710193977227155708742618510029127836 1.079535092766342225464303929991818884411740114566075092167053868504335386712176083769854786016577987352352833114725785899452841174026563658818970075115493508712556917530306492024043097322342676039651428500928777677716270 -0.1655780623856060562028725425353004015927578717659392608673365571337654083225639028263605441953341874137268367393425614466942654681285325687374973877433266161549115620971282151468263153784325427158319131454816062471556571 0.7266299282396248731769283763192488610071177251847335857323234191451215044441887876269618120628386775369872247310198202094053796415838786093572447283493198255762284795933972181017948837286809591918508671292511985240542114 -0.4737141908496081301104560477580165689653211993323590917339038620950756711966878157505597220091692002855520994406230097295294911083807859906903064616435190655459731122174256685191443948074917512813703714453037090539467421 -0.1369821460652121898201091492384697281653097995175322465814354282741950151977453877346259166451965211691320493861483429111343410674665314763790645161990245829705392435169492565668638824270782604563668581930827170597796403 -0.08273990794988737084181319007581177643658135191601733647948713336482709917060301494265185311731431374314874945001364009925691825790079429576784648469324009905250235084046344769410515614391150659015877466458538568691673408 -0.1571390474186910087608791619518289026509809890568576734197744224519862041566549283030844000225210774786623389481737688131286644461336306559623007749842516954635778659592186354582343741037931115970283106086923189519564769 -0.2733664467311208418654891923504186919664301521159700571327085408577620014567952891454175118845562407753356213284581108400887869362224424566082148588277472281551415494500702015018571689463552564814143036702268892564614838 0.1322005485071245104856145075382577465771860023651332671289799903806184719299167204916221951511217663569363223576587802966314555095599908785851523990944463636325382341044349378524591849224733518785751548967318550245631885 0.04066705580928861294937283165644346685230741069850056520703659992562404234498911263865199399679121601794892598666828621779295480691695837677870904613736126640761417165456391258587882909757817104220450131995466716175375929 -0.05747525431522606751067864892506066486805958186745718639664219669759387657361205797466767185998187517176246139568425699023566030987544917251789246394989521639776694030223622958167897823349301284337703591135227761461915491 0.08923600931509869929599500324953651215723553831440125350695999709293859618804746472070348091266528512555619565413378891384034586384114897582667169894242266904216520063883650529979109112374883008644037493783716192735844242 -0.06702934096368946899924321930263487213443909860677922458962494225155303039734375939560076774542346335337310113684821641093161973282109114052128601863446327701788158753367483193816985915502585824968051134552081079063199420 0.03791875766525228209206291208180665501673539253374357043863351433473137383665072423937419434261951772789842718231172996034521434652475013714171019682247183453462591343258442243488050093457871743538522863913897654622624060
G 99 0.4435665875197428114107951412206923687062034763487346420614997648548620550321489833203761864305498648483437234424818028874017091049724772335121703018793266448813566894190702039751455275725285635139263517376562095414721933 -0.5446567110807137878987031506741969068551230521341512447218092248470441892613818394055785615199282697191612620884334984565548949252885734876545144659060963536740752239022029759670661639933703771101448998970692089170053344 -0.3513237913841208874975138110923972374806178999004907467632817286532478461888413500496066917403176999679845632717248339978245845643209484946056239570628009100802065651258021599816718790737132906319013044651796249565456036 -0.4435220194239067279059203598266441558154116332010543917593121272961492942483691254767196261978159446173120844890762158760628295587857483740020642652747144258175655561506269135976857786815890497456260542770715663356487186 0.4873232607919166039354199664490800234387850789043359345409574491785260099534342433834754526285286566480014698178421324319035812692497673424231281036201732759344758970759636973300033121452061400410333043071503030110664364 0.1657891093903633990886172251020651716115513762846392666551264964755141845801747936217424414493039196854328350691961839162922941597502669068540876944080924408340091884093865550451124865787445116679758994892531527386208001 0.1236799847892696504214064278084971075279675370777543096396516458184457049968910364336299662137956071324463534725398678317566735803588595403273402797501397473816670103205116486769076730716769721640950332221063567128416901 -0.1408174003962236583931653740202651777550822427293223927717906773959849456846504340880089811311146138095874846062321821355531896833284988113166753379676773940507545273373220977279033223036293563785919465039325496974845662 0.1301328561743556146418775494125380080900788593053088548116079390993748898360119747230638423530221126782747371718884062375049415706039915435709249913546461398418695917817683576507234290182184727549552280278429799900614959 0.03678756643411538727140699050702678889525700378198840564101953943848325360446341827779144956192412731140080833550520428862383613044400772660305788113249161453918395366681585593401869126153884349965041364587148880061569038 -0.05495467554482697313660345984010085188755474083767281797261044368624989795544546365341962885668895558241471678072833286306467669364113710371874681777185727180017603924384235914002498487761988416425284472527380844785077603 -0.08572173166194468388950457354212520369574044282533352446104325825244883731984872643613528574970283389580877731322599820910517216907869325570345175399504214065920563729153626057673833485573814177578762310459761089703667777 -0.02420972108137617079737010755492640565739933180100536627128602019057743180703019506153333992394423564289910835764880261897665009574002549271154441364437744103070139184081443486016904689927342663104564745633183604081216644 0.01275354453019600186420681215578326447591624170727013494323671390539004405948173173913276156425685610378713413428661701260837943468025910982537668755140427892412962432346895268143874111196521354524520887992025296364048670 0.003707319613602718330742525734424200748745007886126874393483325689702516529676686643339880418123462337809363747348853694177726378306066912658609118283705038945025373010712970667572830104150044876802349131805837577156768766
G 100 -0.3056565029059806356958852017248358820697049583871606496703962705059447008470281846772078716629677938155174183643436188329541203453164903672029134660047763558524539513906193036227095273557490437326963530029074415947013137 0.8232058784763795828856660043168783601587444412486737824077778117833650611869050979130327710020112085921462388603011260148787864019610973663022453873455005254041174190989891322693193904407072048825964842634627370231390412 0.8987035607830691007833759345690559968634319969622954535941836691214384797703783326656602436989313560858221500724724968836886921644212418013181262254900563010767174811857537476189748402985677016190265504395857352240778843 0.6211069412728096569856428610015780464875149231977384174097761736196186193943594956450902169296579619292766104290211634097835196317869877915235304150374303883264990348870375819636095803078379911491302929911289836722282993 -0.2412010036859075023380843302134663650454757268563399524151379580952226767584523610671781158637440801708727137116159371893303886150749932376128676595134648973554628996839192322164250824988758598296216619796508842925507041 -0.2547838570406388678296821613854448218200050605546150670539341148480889972226602312570176155523681411530754571807444631154549099210556574338093764778881895223642981104882673402295243218499095248332787174604223654714437557 0.2257760142433525457617004485561366205383196648109570156712771921308820844091823573947627907523348447299688057272827681368411732063836229943081971903720280355443730261980604093158810474685529073652664134052772708548378897 -0.07624975429369908266074984503870626857944914886639969541909375221166071260398091376156322929944647905907504217455486947419896698909569102552825409547327752304502598102971918236058698323648314155196989871007368288978893738 0.1453852115902752406153747568046315826649332912542458810001053187809131076902159885990497297123735862878205176888119401892683780680277858100946587809096373341958563034985599079125066539298936633591771135634583666953874573 -0.1001622534421759932480905915571120183798108177176050446503499250240761388800219021435559637311422585979542783852922157702042850620503242560069860504179882576043262596826366216168914694971220171080104727145790619081982642 -0.07754980998506742010673530864547192782581049649098059471425969821749820899073257777547400193041908069812660607932796001399257923487582325802075344287469256548531304747676064056746018983001879943761277076912496406198836651 -0.03107342454391279715657158617162684432855833804726779455189400989653295956003312644108788919228887626296584538192950249600931266052699430623852925051268108759509441147885573651010955171489208547512589890737371075925100645 -0.01520409566038234050374082711178082355511278167961444835771502445335286422403943640507959428560818854650584757099769323546381016157706098505991700623602202317348795571053244145362588309624693524527086287396419429949280658 -0.01102601423473056626130785802890868277455931973728023440324493447057945793044885712551135591959318190478324854979010464137881491252921085155018079473894854678942229146170685094870528950743501991773358745456252671559966221 -0.005969789190078129260886541615720260841811133266367088114931924661472015102788205459964077058741229648269838854492968284124322211429468569234240984946559094533717916843647398301598730068383045099711995754277086469916538045
G 101 0.3336314195887592787985962987550630093635647478459887013580102400483029282793396864250490688446406778242843691935340514332279125138295979227227927360372463998000836124624228615288159540503719740581830151037704982876400058 0.2733705875963741811679659821578102642678604395360094466217725482685430478685475855320202046472270911314887645586990257023946944334121769254149670767135447372139623410955859993081350433799199208978773315633341924888184104 0.8167947284663264680809435268791020947804313148993017156888486566579977216340873564608123950596603415212486853198403379960896521541621816905380903468202812566001303332084198708665012524063236745430466369280540813530614586 0.03393580097138026553012155915210391636470129400493888865719783895482675742726908933000026815537970908092159619359038565980629537381255208497368558296016403846725846557861619011427929405997768032699376367085490946984107612 -0.3165944967075477831278903778283733669622116046224876273083737349263463807679555240906722015722475768444402558261761727764249146813252386886235189829345001018434955953070243642772682236294056741201695641506139977453069113 0.4091804209401468924875609458416921344124142529962975389578036167053432042102880620408282228221935354598478679198784318635829253978642528238881009534744340214394621539486254137939971186311647219253831927486880042426289464 -0.2258334089687573382965060464859206321126585878858054162126457595222940479267218655775078938159680060467324630730132412231650251214493565118027939875232954053009653268941780061151677744946404887326734914078195048727148205 0.03822175722683137909297739181891933979593806307969536644087692236578604589787046220722937028277522973299256125704842995654165082148446329650782363185615257120718159789981231152840845042274240380497617941677457286544402231 0.09957558652954902317978236282501102010989662811103596092158903811052424718314177920838283385896620630566855953581009301043421885058499589822719566658944422329929582730458886763069949240501582154410985058608314880684544018 0.1090255805144522308759461176452932085058246974687603865599239698185670995507994473824498200661418407366295144092475873398382813244272452185774129399066688371306587239163814823430935093795301436364174647021307885377081119 0.02036906599082496541266643816294581577116580607797222566634016474360502594986521432318567552672643949605539827375383073703087381489040403851111121360327579779672230687619983110613049110301344622729211045981650553948395330 -0.1624184455800604736495071142406151263660580790379100041399283022469874553451024614777633868774583093391960993024805265868897841041461098850499647472033868618183821338427048569805990099521854475852666325631789020615817804 0.03875890655037892772930900585154381064261717894524588411775719290040068393882714256248771706974313632573888256640856082267295341049261225275353506596477633282868622225986117341184928914501394497974865824007229186489103201 0.1003772472155478256754875975114887181119528024792909516186398382296017381263779043321813550833422595195448153574488631062329632348879872559750961305571062133405574329387840274353166460391106890602901332497994793256710515 -0.05596085176043344442424108521221848589844041626115218807133220893311814312194806988217068256066843724023208162611932372862639623516842824998381612758095208887125565673761502347010700240263831196822305343740615828181860223
G 102 0.2339687381489123975634660208530614979738018149418641110420610549070557094172230252136940420314608776685698919883977348477010306911105156663791374117916804119019357440129516913363168921082464726666442353843739989970183678 -0.3101111570214808625826748219850533152224772057717837172476086920605267804591831009910064190045305939573605817725326125690794820698947494323149932357077654378410835176675770230310625755402505607355892645281307163273417276 0.6921866502571400236045282931836000917280809295760678565168879339279029715138699343544988599436620595325700646566195173800357214540991672696044087765445941288568742481852622653556720364671468584799449820126388359616530790 0.4298988701849613129566249264837067066683758717775822093067435519569568789545329954454925143783717418503040345592779458568957891953685647953683922361059470132813233323130349020749716070882955631390512679427648657082851555 -0.1221312618478152132431838578802335208590813717477098222857638368231183125698925812263871083434745427376899265753144406008903378141180703150545465061299775733590934955661712331553493704554694188274172759321889761791210209 0.3131005219684849277041260699510448076085342535986783558892308495457214815906884802457029724894959600071772804314719070906121755083398760800006934282825423726912464578177801852023680467673617842284352596802929803012936685 -0.06844088298012659974502855238348936765771548452349196502775297575266631438076442772146440386070723272446783137937063165996038443053998843154380812734613148416012073029399714988618478704305878558703642440621319580720061258 0.1321364694019284032572505006273103344096336348174053625080752147805862139560386535207831718115151831441480043503554137283028083840041307900973747215714087280259892732570195539501948010185226650465822162213398047675494494 0.05818027408740084693645828280444777931827679191770361794116398495476245650955597248252948230124568302242839849392319626319423388345214973815679143736871845147252141765477268862507581885358607461826549004884165091080757490 -0.09922217582446470618572942912416978296603752939678353985339164798502372857900701669697034849358395466964832734994409602431879945131494933794027441773029136342590818806632891122692392653277584506826404045491013839314754784 0.1666640245768819206166606538906020062523715552745515079851801855457348434303695728091832966308904747595579515618507833342508237689413597227300933436147723661166735382969292537645907467984393247033561638529708356418883870 -0.09931183725995657360247167869257338074278032785217286826531085596433652927572659844499667580521830746127434565490815817375312540240867051081560833849727158319023512619298328656625937653659052910678260836388977924202808636 0.03998217495941779736764792487136124187809566563223427378560109590433078972439580050173759779819314493607285025264756125176540384145287947588013536926063870695948870459404016169165008439457478852758331269703524801697546249 0.1007653446020300979135281791727321874298026393828125403076684309069825382510470703269694799999298005163627239417732255863276694026169455050781416152719197444073443728371737272403029562457405898371919138920297615056054337 0.01889324413897280230839152606499217154313005070562481564555093412604868612533465656458760029586014961796925932803049177439796349632765894652568218616119075527136730061404536563639677022681719814852702785285593095420333642
G 103 0.6173461452634998345220107819036251841917224629566644585849322047361723408143783680113480893819453800542111441432599338940506601194093921306977210937756556064812149868014077087951837786712833509659575598232575003759809158 0.5142337627052702599569974941585751364092590327499349594625721472120791669291146082382568554726571409206664049320247773423017984180886649879815520647995995918299193440401804805869269845815035601568901048155723274875336036 0.6559774006578231901254469882846295389542499566149361070975483538120640916813919231012146333174375443276386812928847177774156764167113558223713604118051689012580717984619258792890310154950790163952916142393123893909337765 0.7358309005202840862593132947861315456283364967436611108486311379177034047769606242980824853564306988042436228262245468258991460024681119680365765008798921107846185580115759232109896986540605376674771825697090024751167203 -0.7186713441886849869971875080856054324245557292377610722064559648578433080622154880750220962129514173995327529383940514214608707188498319655920141623270059729761464280782904399000793295095751702612484457748333349084941498 0.5368811348034362116552123217969746513173027759664425476627260692606070277919517778649030233146167513338687796668544758967030386946898607432648828654744210162362137457565130548486818194988122250395019384383748844138098309 -0.3784594721170728450976105284779665298614189598620282741321139333369838012213326975208742939211740616127224210747316589651550847278896412237227385631336357538486120152159783636631701225532670699171005219969002221650575602 0.3912912080939883930900444641230742939334793159063867190401236378247851212515861404079203475284565870464258647300555198999154382002985990047782026673536875551906561665338961217483234304597907948323442609410841655672665321 -0.3743680243739332401995254932224030756252166341267511545828825819084617015847481737158908393227072728064350139029413122623607106536817501790189383628105423907933665108614827944164209721483072454927752256885736591497001321 0.1365321204569615899854910872911172470772718010210854054896640681182498324211780748328406889283995776596633128801961811291066744629127425123311578820131713377933746377236728881487856096038910504785112483822844422870911442 0.1593893822139666902423470826298806432680087601206460500113425803049811585045972138269181616807017367822305883930572927257329864755108935764295680352371986700914629508655093745388573816512880193287163667762487427632322136 -0.1137880091778629194980235917061034698272020532838304266152969500008679251176414850178291627974703428616199060534521406914331263981795005249035195909062265171744380535382540846162399563021519122609901297027697769205922182 -0.05518681199310438379163166419751029828868296829501411297078540745556971948092714530391608721116258464311004714389564922346048213352545258028723536395340523935306213547450159505298842632106582686926616695326278581580642457 0.03567440579447828718683057688219480888415308850413574098457403535197256929103838962980312186488696684928804825880533718846591375476055271300369877322502635423052873502773622260709626064647568588529154341864969089850674633 0.02444195087024802821401583987169458590916631811217594274479996291744930487076844819931795030597663460926856977352487858911476642775295405452169492994500950779953171852304076108754137362293011239735819678887354523863552978
G 104 0.1045054694599571154530949811110826833336077307205147205452963493995765182236735321524974130082198133643409863313596171768386077204115426396206065609085120105691019943844715738769544251605678749997012293631332766970940772 0.2196923921936442199560127793980255728284268150567138093361525364447243671548272918758418940133903063911722492343746161783651470976747707014220581147661233932025387944710952297042446436087023461442574446691663496425409444 0.1518940094067462553484349832965158675517628025610090876435445994676381323858521288955664050215365913823064006054172559102939984195940440903351261834341954924498769490376497988744351135287645369549630601623001288705041397 0.2791734675439538029164559068805773416741976703856226710713893598120880463630767348915976443755443040004380174303485344073047776216709082552041497949008123480858856090139508695693428790541567346488991630124453175063785534 0.1913086004135904158112259250143427978766753647921702107399210017060761205230249969885612494320691513395563055179282161529285702824402709921857323136518523897014639917817866678815291117365955000669238320748698797582860501 -0.1133136888691083667840873525474649697443974986168439445897524724147076827222232368729374376824123915839285983759468360867930408007192067027255286101380992025858390172857834498599808148427034552894215828471291757091461948 0.1724351127539568631870196293037490834577380422499985288870204504109177879139676382426444528661022399008474484913939134891445858583049156299152919468471836317663939117837812741691713639049702032976126512601341743650442129 -0.07970352334721239428145625469722281327972271387459700683844930115916293809972647547218856650127331649900690033878553434066557927245596993925104666694948599834829441314141586534052959957007383364623355693187985717039366372 0.002290492630621541893095741252974951478276561883585159504950718218528249392823135037098680401929758333106328262234387277265860351262534790576962873276680170441419491163427471653188197919729001415737934875196430051401973817 -0.06455891460670931924235926042506444763823505711764374818603182576194032821978895808135457931842962762177472651475538006670118847082335650411387132762536990461482766571056586009401479285692037765077814991261290924117044155 -0.008243910634191756350995340456478088683743369750555151299223794308016992199207709956621456181954208972315995867530958572718523014830287565429287199980764605678916231490774340285934654562061761715166091638591575238031520574 -0.02466365123293921201926155606041229084732860699214709665996593412323678965837116371826553990751511746117409415380833441342335406505563647674289114675735878266639495846742897496051530901789336442265527667407428435850990809 0.05308415743603247660453170207218161674873817599690092847584066478080856431365195211080791141720986051286089081476631687813578178976804317256694468937697688655257087521515008537709070885755915091230621464230183854807921274 0.04142418271658054598067070201655250596372348074103799177106223708209061475465939012613810655541432533618272725603829800807192473424532120213679772144639136728164227784553472721046057365053034838434949664578542461047575836 0.01977808830056355524709439799446622302271135156273086778422807372178953423751430075098800147103723548665084896836356056644495603840056428336408611125723484560809938893442402299323982510332893512879036019425968161757953871
G 105 -0.5380099787975616571500342263138968628903708204839906425651528398072420252547861814504730350849132892685770863553357717650248342306168103205863679681563097618525976973328185289896889570905875766884168308040644457284125846 0.9016799295666652761155609604415506264987705699532976856858069347667072310993269488804250283315499608527128197896382689260372691577141924920534959025156477368888147479995001073885544150795159867159605605685749544748331405 0.4088210835972024214221224176711786072633264300895465601934429405148719854604756966610439233593662248824975534855152488417056644276060412537535903511717892428027614097375283247896160070021666525992207843622373762720961247 -0.4352733415884674091931739439285227700859353959218330163139608763478816131537806303939084910058967198918667211023013071555476859933105340871143851329728948918575838970343563320040372157379496615249671474144580888928636953 0.2217580097278351748683517336872037726429182732635945000163707856137998728964191045609639737909340134304834786799952282422885541282284519196497009880584992663659383187644176237949946188114358410894007367882136892700505724 0.05106907555645500711919410855773063116386098964943369066696722617164129911368288820573859184317504137056187376021564007671400423265986729764077126556778813775231787449674568880075951279131663486019897341143452068130353889 0.1718793841574953065620951901658361384000638250282355055725443469933617871846211462179549986712624860503807381700526813229536977955978735087395379992139489689807954151685161418016919209939358728107283522545104653437567961 -0.04041090757609154917230417703805035342190705816008446327827169933379325465317416548692312907234600275804807155753702367775177970375098304877005892374755311397243411339867642300224468382684592623488891832378933841312903558 -0.1841440825121906369192853462336854381028045165597865111992742298308119308762646935807197071308909955291064381806205267073095710288345249737123687870815323695946027282144437679054251997831096975522854369344695724691339243 -0.1429617759727798851454649188139463775791518728280055482683169304185782379064431542594799396052286474205037483493192141833520417859788465939483465871999007977562551940482155084275893197229386766734282950889190673855007517 0.03708102938864538970372901742810910813097732094638232021715762026019215756447198088159210917101052483991026340114078452381271964162214893193722761429182989228966231283804544456333460157815929907870039207149641997764391664 0.07418903119269816868052409427986673822253609686214385663300310448984394263205278016006724902304013615581172165338425504637733993737577069701768093957459608035051912764194299935233673941246649102157550752905269300091577718 -0.06589712940811871630779782812328055358330537309736914377712153830593637294534995674757728085540082209760582815394593917198709953797597777867907069559990767601829449416882091519712778806830088300248776355363367802148314884 0.02967419103310241870852546599545359913230227186787060327011567982700997136964895946301446274131758901640783751516148751454420792492606831666436357702391523118299936922556483395560655982325893863184382297282290079481436784 0.006863119233622523188070569998416432355863943932903292087773689501752674112615557222532200679936004792522406540228260462947530553628263290270350590867886984603520115908289265845119079500790055949224390674657629121807376328
G 106 -0.3729581612043353801549731894740561985094714472529255843643111688972059928865616470792044456444029412193927994183139310730891393259194868349224370025998463217881318645608200994297359026536564326942503272822456309366813694 0.4716190797921324846137549824972390233006833501777358083132704156511405660941106874096850185055961277221118082790839143426352546463660694033246720507629430466644506648603535400193778079066064790854937723227508450217396142 0.6060923296764082541400439722673949178353172679908711076344567929744465772577769557358525897999332663227233123268215859032936666149380909571073733915700182142116364496535316911750680648636095799780719478434103177845563415 0.4464993698673514972906939713326638925945815038053725355369109394787214503201431825689659770184212514594586768498548655852623613082369176025321187860470479028131164379475576733024838208587275904520330184614054830173068706 0.5533216884702751804955056400695923499500906451539130997426743366288643630293818818958391105493596554157866829169222106320648669687900233609579240737307447784988448295755819382071424179988094612220378731598554911893004487 -0.2160316750429016764782809376462118003603290767740550444516723700289979824091600976408368864647309680037884062184309818132089488989890574849783972207327056781037572138350797112016947040323361052006123185880151097511662855 0.2773703176352126980233548569533070205344868383137363203780033330351238483369700653741774547588585479401267856097632184222129279707749196341534758681364914737297024195232305777612194820584844026661515949567376740512077377 0.2224155391724425013039120297511119267161399631703508442213044700530988333256736594088085043481019815120261329794992548862892426091885749835894260990479794747610788851530851529205917659736340523595309085646710028798908326 0.09558679535124164298564680411299990732119280166575715982576715663545775160819557827160911603152061415694688737053649719134392364321127795386280564040367824744876820720805524005214266665994693825753870725293253621286774351 0.1599569580308585624376434838228580986197511294949667383919343618693310005083885015201462284214572244030218959045071574693170492669618543739195268681607776618671068145722325296549505920919650336992816535451610827927451229 0.1630620814238302949340540384991090531349130716494689209622694014997534114070327328427083107010740845664214252085939981418772712373612390946375278740373121872282926138403353580693159694144872965243386768717665511075413664 0.03738086504544985678190904186989475823547197006764452675758754663803762799434874582906358503650096217075501031665491230389960044474431717610989199996395373327457886064404150188826329441725798474064631933088545655724442343 -0.06500514282749599649821201217734278920731520601371826548647140316633671093829255648167106747398663508117451165746623816235196228126140046869219756890479168008929294379939058158382701437013046437692292808975175339332529501 -0.002371662499237249203187455886151849988340193208064155797884842111819423417598834211826360834951693235906641746731768445322537537170319510982045509680299755031237094275332704090936933892942828058859556702891298715189238219 0.01441766065609699379241800802558696177948601919054730090187033369462084834233637879504790332100058573001165361094724419944755109258641432391918134843583218240998453091230932845337233895826627909759962439178101772082792026
G 107 0.1768138284755152036621305968590688685235548126951034446545119276601726520931309658700861430539141704345657922708531123268472016338580394917226385075501139725658982583362754893356969692551206404814542153520727994617856769 0.2258765213369591915963426105355854792883566673800238249590988671554803774954535194425172851221876528810070475077719563143877367035876588353270283773920449129999719348894119124897652805857075719330766744618343652562738640 0.7457119293720930911830503138690266313429523280203507844918405954518157591575926711725407501006036486981674902733078336185327825942355088652883007500605840722340093730757904334436556461698136228978364420948118211800446135 -0.2808885636624323641493553276559532413173133025227601548444754362974695868690722392157906127784416451776410726094201523451407154208960831999163550628312268769035324225296435085805407339500372593424849802682177200629963784 0.3775145900134761155925468565700713447099766579719909571493251574512742114807877085612369469650226556199696907396669564808734819373214200324889026583138889708649675187740071210549229495020980306533277704527791705366093341 -0.04477049283340948739827656124753715616331627523695668188913353624883644317400503777606188624296559103356280205231721305920854797963799639314207659307256567114858703723125248473733988362897198519125900300341369543795932151 -0.06187621881978183764519056443339897937823049387646157376164543731582894644168210469279096139843303448373686265207678092278347874626935426375392929725568310411996790226911010108697287523136460421459548471844319272243427262 0.2442865888016174918024758631929147554409782066910486126738488138846737913567363949731494301753370383093006728423018652842516663544698080631756172469149313656939295209696272722988140804996436671247978897624392699657893830 -0.1439750529353265501976149381648551111645052268235552721874249941466580572275507171009568402690844257489175825695148168461952010882841536949545639821148413843930630561178150426816079076660418527314255365030772319697793920 0.1443339225584433347495518854376443491631157513031490615603354082690308433933778806946614715355984865707970202377352520650433448819770918884501095495327823879978135124816789270988661470044148086433647925380396023711585038 -0.04317274313505349612953814377172676122225242485921381315099773386418297909912549211468123805750740137799920404730074847084105228600496836608458122727089240559832728987477884121511369076854655250966653272863768330498389934 -0.05463725375021037872583470290149441008087209665818969422546964311944190069322943009253691474262492731744319017610818802085593744443706216652523162842873883775030812584239388737429593263743913079968013044594262636727325104 -0.03244032454886817748165358976839716039369419922949072864632992252015293042248386933257502353893754317956097554667664909164960008485940785684011369031940239992505152084447153247611696943946643366219110995004498176612024464 -0.01030880015206954643137874242404046600425159321353791376037703629278918878896463421043955616946345059453209181830676936278031774329915381917659429915806508368418751183406890257845231386216174403974258508095268499182992201 -0.003604477962920469211366751639560291000482368256090051920817748045559317240961639190487752625538994157806768527714380278418193612570648799703678075069965904258816943346495450341005371771470487693170719669257527988739969535
G 108 0.2466876717906850712825836731273983382464098159664373802168696868922587331502350777458254528078211052689708019590322029161746454353431632763674731390298041337424376694990417849121286038273333286876254992181675461399939740 0.03200264205117256112836939558198259046053699000877424379502908504731653971017764600604650938128900981056088169839481345637682445929904346642200492163928180637609789124706831295502365347184319926536734912739324853238523175 -0.3542498202235123724249934121932662599922693653106871350970545999803340532819962486225652893885224130255102922355241053974319384800243387080161802877658794541567417783333664067157663671160238406709678766760685208956246370 -0.4043102066438553539834967995659490804698170636270719396548590428595153202488819499390072409152462031503700664232573317136509832064805160858033717957386214352053634896598134752017615806008807780615428164027793452896851632 0.3820961423748790707080226556187254233942665562081921019754678167096909684393533978750316254246961729105445220085613257838337570987213218442200731681418577799625333705748220593312967626574012461472210798102153284746846767 -0.2669793708453203347468126933856171683547657339308702054345673934451387387817365060311465939351042079207551626768360399406456844830717221038979951874425902662721026215192440127514284477746709234366257473907839590641012708 0.2775337052953796670216573542390987740055792603083143316855836856451125496388554009601056654627712968784861281623381322357808050538455842626804600506877297002499791286784214635138709883316493664627570602943756815584406896 -0.05510615127244066176025788360604047857227986620479341552256134699891922680216922516079502362768185465083885934708542347047235620225223305252721914663610572723549319686192354903236109447514998934319956031140527271211091333 0.07410529846764518698812893157475448416235262518197392006433727612052536109331266759809520304131042272787946349895907528701774283256120511013103269959430040282614923314925313425440791366600423123721309573733917254213972742 0.01004815259761417813247911339647502948220762932515536394980454287361621886879194508207282750413216489711914317411254594412583738081801980095865652002368919096344582346539143698507532788372083557320969581118152241413347853 -0.06057974726400398750235982724345320365418264941437009257456072930377708871135658126644152816274741281452935475758206627668272788239685071163327241821401241817436568809909775237866496749990175254045577018919521854446160911 0.004489343315578858912290292497447466744632827047996405891192300707844355703425948395692434257268886851308267371319704472710649538771077868173586219882575194901123776088780841071077884423229559083443506600975456150553459578 0.03346488436566904889653743171112031215245872839733829057222504862799029930483520139059817129713083433248749885521332753281963565879843409121977250350150558108502919859739256948319237518631802550336823351174871083632235561 0.02190730163700447341213996082976573752659737327355455112609799475926798728734910373700251890516239485891224813388838817076439231978794930100172792300688912887162008819871655913193349136158796709524623247568193264183738494 -0.0003265465112817911279666808206984839750433830297509837921024950617337523277114640504691851236965574457217146728253418995853489746067162886960258116206925642855698296928814630121297911428959804750314253052672423921513387256
G 109 0.2305052637471704808782318054961064535959770863832455146840859333491064681933453995438633159962539397443974636881616074555202433921310687411355225745232641553233015126245677193026739807452012966153656571944296617488223097 0.04226951501210175994107656613502629722183899585596780212643501645080942277093315057673911479870307966949636496066495284558222116767099007801894018466473275916408335643580022069947429446252789202818355494542523780715754594 -0.3401725820274727334283395301029900691206763564283646385958267859903139558039476811572885064854752121752819781713989520344126586506127798435859928354417787485965277821104626377889364070131844846145215909278660744832842531 -0.05206258112291638700916109935221693370355455852793841527233470499482106362994075605733843657126733975423677712025165664211031454048658907091471509215459395374645681499916705351908913097926745597376047967262847855013721593 0.4004770402767181293683522309535851761524499127737359940226113344133727705099117683648224087951811204174437979255962212432386525606170046761843653829609157310397933546206174696877630174927558695991296606299447549242339599 -0.3813290687201126226645285941141525572053633996633935565343923039957455343426757321971344698606921064215217064001167440166464677397909836663690335079417709035795982330004700341347934699133725016158372929174362947688780791 0.4165006308402990169791188316037200539216350523837178848298418263248662894506924724848726764983242158023643425411358244812650803016349642742539553886547566947968917805567531329188850411606424725542026308689598008618871025 0.02569443538785668205193121119137678216052707493027339270189933051880582714128096253077656618381245341258119991906471789114341921695122522996963620563430931091445481756200128302011285837299836940868855275128663505425703029 -0.03251499213929317757766680251692554619165680852795800370339364346978612964834062436762021221450463249326173987401854384800925129031350561295564152041546925740791153954934765502377169344435512020835559851708529751848208031 -0.09389604421794756334432189293517354300377473335887988912175765743763950779322730974014672141783296893171498235489985019174109138409349777753033360477073808470973476987191058968673825469710935042159341952480648563577338710 -0.09588568650201724425908426085469005999274392155683025938403819357667670652616033943543159367300490426266790263379619086377017931745960984212923748822916856425781564327512397364112725671257215287313682154609206534671486744 0.02374709152097436972859623350386413302717434004383727257799752039195312195903230654871324173278251493545532160885006426573985960766045494535989804876657119756068743038177432437307444396508474944489371478854835624263416605 0.04426946326755974179063445214989496715659152845019140985088763532748598852707552897049663396113647256636780504086806034317843891232916499715273076207933659667799038296792316965152284602494584075665380085874475329648583736 0.02093159113351354126077357482996169466155978242093409487696518101188488229835066572967753559573299356527316614880753883849229938378701212168561943908545495427513731615697127127095454715084689153853232735357889089324137896 -0.02321275617955864239333786804281695489666548781200706549273441976120392400105713316634218980025789936599111232897424590498304844958911167282651413002798776634783383628455737969964149387672436956624163855037335475587760100
G 110 0.3929158613732357587628831173063847966566755450899991877526036156940669589786529824211682027794743287939115123510854298534220288243445870347539782427215617812038034645168277133241237459471808793661645199189864806906469074 0.1215315348175030561964976315865880765094358752517943319806298119997811972575158284718295136204548806836826828687844756564816880087365863304233047420273376354116205362570551418828753764517048120539181719984341954289213498 0.3636995191945212686423824701621319202369421840241186129331696524013681910340772789376766374909012054249142969229489056734324160056266405980684627994487344116713964820352923828255666147381139811258257111436481090498874026 0.03859383276781014341822794340839630573608822247009936559069717840333832074084089264549565524043095524104905015248374854383254353918654248371258215035819209917989167215419284988504026196836413011532690231126657890340354504 0.4439893012254188502019256795215201482653604415728740572197801523752218670156310361849395530848527556114576545510607275011181667052539667342688436565551463163657007431777576768098962285981901788827761557235554112186204757 0.2829630073153581257285356251837612945080636927251520891642925400359067313332776213087805620797680591245512458471172469565027922003609461388342891683101046977297893663948116986387707949785233865672739395001550613506772433 -0.2662927170713029598824159256700013641081940156596510820643273717365117555931689852441071840935227803862180753563118218346798148417173391578791168671822255796816316885364694917446656121872220871375768005651345538521146854 0.1890402352158141969501891067880819352118299424647686701690889637282892417390083333219426572755806936401763675011156757408340236774842560505204074042514380776233786114867776692141703925365040885148145634645894620484719634 0.02207615626083950820032849086462472867451115080454271316450478907739699929547343269197011526548950210062681647978529417144743918872311325692262556993930532683085182249228779342734994895876064400972559472382117027013479629 -0.07531530014829321515153118395569583513090649378792411805702129013677053989662972451555489036173476400255010567883983234495217165874934395267528430110523487831025020889917537609893446739316088918598541613990603284510855184 -0.03209621124910873451221844958150001111648706753191467810778568596866365167756346579201944380198832664681310615958593279486414483882486266554344611661705424223815515311166508199555311776339114846237525568436510991150103405 -0.005199998683826984274628451238852032342778673168599174751991311157723245131892282777120695694262400329189480767621583210148457211604777735244796805127081586500687521151897864242536129388783181341615075619407725406879601771 -0.02509128914884042368471065214302783729256911235609553498907022192426836948216723340240803269092466964489366009379964657074062832923804122860532036407893219369518034011733471740291152941136379268471933827172434507243756110 -0.003271746198161030059040678328442665050672991189006142240488879621571537927777375305153437317950236884725399521504658042951857944297168486922494641869929541983862005190283125492280681396557362947615330143552386753723273453 0.0001550571611037510112015062383355838797208760990522135844643986539285697179041279926172888123499854639670291819162959686317499794332604232398077772545122597451417925210496436653850170038574120135810412994613300584426678794
G 111 0.2902134067590764598036178802234494793603249006930504961711159728562291940522615125628801304427386443851736028340514034771659132533905553536694806809130341841852443609369003941849465139710495327020937045952502138521272550 0.3615162724199169371591476215660012505737813052385058906247997201562205495865069318969874121733220203375671950586420715757954458038903861822268604820520693935406432750626512840018962567048979597312523874547527849329039442 0.001205229072933927709239765446809673656796620978558525850591320617207653352099296016735831178511820897964546436899688349543919906823203377862756358366307034384897559151571990546148095015193910936287115915597433817347857934 0.2976817974694755160921395940480574158523248075783587278922338257688028929859444993564891243781582032280220970978860190681081679088952195878716086885785285259466312614922509129666516182743040575568629748800628130794277871 0.1380794850723405557047974603051356137077172869306057224460319264222290389044078759303513113092908577614298914169355958914722017656417612011149657744464018010516568422900858335986162487487409379746016446844094927071641149 0.1498354664045806080779966807205005804652085380717390340796733759244127897662311785422502988479114687011875970075423022448622262249699744234897061316367925947477733148635160649517466610738536106645174890605014879304162194 0.1957027261414296296429703218422118947581057204226711124071712947475154405783796827122947469898138063687529418747595604175193765005569843753937918053865517930036979060556815536372315016208309943019457170312423982316224506 0.07855713075560683151875189979610059794897811568567009025070464493125291362861332585029404236174628780005729961655521787997080265907894608048163561543196719450534156618977735420575099969002062297923190834314895755209032538 0.09713071940579906107347394577940583621288118060677449081771872452292181875567877547581331425808728427661479591753883370801056647690492286636256579792680497565674824082093422050536977397937816535166491411549273490819179382 -0.1840500440682844979973956254935419295407719230480193115667424331755401390048722813704430616784393146754093988146645783063823288512457641886862701015278313681026464091014260402671595217662959086399827788607153219026066719 0.1222819758221840182513809387115862967545716555066548627532134439203997177964371394942336581308775256617123785484763206803392382221809118709082003878477059484242390539345763804993062367753698516484175163188057451944653345 -0.07095239495716578205775309922377253990397038621691913038677225412406661676767510796518873766374392037267461323786646720227783819835826330133259652811502562473932253598995104332727771964211563092381297134005098116008986931 0.06909110942105237262201810957032827069366521011881829408333617473337516618098488194326745172504377107131853066848129114453104195907861239959931262570951895869859771409368919042557058245985925503424101048327973320453524263 -0.04182885190042717757233424892047601171500915437008341576879025384766095878393558601296380472881263145402061791504730169731561851537922221095772385333423640816594639738568178996256663947624985024388649722857832589847522142 0.008713799758995316320692567702032049299619295657024402412826531767943351749775832100191643120482144616395878636464043511591383676914140769657398938719564236547070348177695024557287215835972762647228819364407149064972020223
G 112 0.5077681931692242832069533838225840655712911718521896481398277894216470621258767702323737381123175981462356284625255081687510846869425385400962389261347576787498671661356729169787809139957941563761054874449462565132186587 0.6217364144311701232990240337891793804076356461956755859769763537341044807567252806110611357315339440723285792158003002669543848363891855153959710721706142351521664895201989406178568401940314831588362670048748827440076724 0.05519148030270604275810076162281316998810733645129692710126630647595970571796050014306275736287993169480265935137578596975254243101294091996558117323085280110308503533127487047982133667914194453420889021988205708121890987 0.3362045531201207742190180594750290586441279275463945186191085871281794993829908730590849481151880856328115874525098620221479714655994135836030415899843720744443128193086772362797501941158245821780786389128988382147739330 -0.01695867338622472810241752187191190265987403716649531369485041641711537573750816455183947394240270193888518681974318368410738797406335087052418218069863657202422889973554348702283384403821904632557064473425054976989183104 0.2933396893112672895725874776144885054973009994643790924085265099669554569253581289279098759806534666524997650474187946151633191072227038148750536386189887778687188744737204936186954431873722812837870226687895812620467199 -0.1020352208798786726847372318732464573221004724915743074156091132344415460757871391136241565226478904732001086438915656399588667693945480772354883194171550331449784367768938659089161849951485971273495001544331343831301062 -0.03392343775715526725580296109168547499965008690018712588316298437015896483775092521136053441781971811446872853400197860235598599679549352969553747033595387868428518476551118833083431548126012464617658668322945741639172720 0.1702278154327355545070305285525046972027209308628506383402701382121116996648009138882921284789059400203976497003042195743635269556384450591828966481870785024093575562711457324014571706968923781008512500382466371167158537 0.06943085917453137706447100970350262655843264611247880477572263518716448976624798201955786156898818046264537900527600672289859583583201462517912360965593855590905765360611156481884164235432603021583836536130513216051120540 0.02026398077103345374450302426162912685319109542960114311037199076167400929334421023935904424797419557148436298928017892107224348019398636536918214341756845834642900895720380223740878884559479859619217240514968812231068326 -0.02453579301692405781127951057677612787685243671004846799766628735192264504236729525125173675931211488707500355351897201907517565743627459290145373579830529982744178540443724879186663277595199555585176533931158938943867955 -0.04687595548879207832179479874069565270192292127773802281813747310530467128928710284589625853245297985094902971073081036586986278120410697441758230875569582280690490475590625800627852665849069704346305994676827113402553781 0.03947916630835742191109947432514613069033532984411981489179746964542614273006801716388269812463776737532584804829213787202870302153196012880367880872181154962535121955142525374695723448789908333651042958020328784951561993 0.003918975825796523805287010788219307795677337710256366552926796972367767487720962538050692891482146699435247921698687994273369842007552220162725987907706807048064248105546592308521924422836654043025465730508604106368072169
G 113 0.6665866436460354092589736105958853464297263022669640415107665584487945553490093863786601211000879828800676616036692098812088451495882771530758611432594272477702980788073322323366226928133455207330933190344314913974290484 0.7722305435973006621646703111054562010579043184840750941076980307608865816324461726308558444883242736417000674057031079693768448600843568454089977978653744237289030271853989879208282394123311433330967991572239384151968869 -0.09392777754517695497752159797281077492337373843545883065557771643409957387515513735335523911519647548194223414849344406728396267216836379031565856913152687203713190487298495527195831631999917142364565362983208614110932907 0.3709403133228048431280911403747094914903535041205402616596519558270178464968127275038911171476817471067831419406633496376406971207775504790337420203448410093759378014832558960977134776782447792893870377249949827392880448 -0.2310486389483246500609757632408792863999417900513011779991083084375958915991633412471614847557913675001137565090703340400839502176310671450078625463399991305748305150765344505863193164131607582095947873418203673392246276 0.2903748477373708136482961479343058248924892583191985841939020703636860763653447174833391370099144128563720287607929393164439988284915489904755138874563916791910916589436143589526460119678342067572973334396720540256553362 -0.002661032860019226957095363833783548220599655535378535512550832758667317893749737058242504207998632505945798554927671956701669818848466417880600406695388858178326624056664324462704515267143905492725455594057009687021451579 -0.1366627985180727865851531009162864604201421643419627278683827348097485255237085565781484931664944657057350835574700210077574216388207370894887259149037162818627385407419378708508973984113203655694805743754065446404791985 0.1508473050273291359575265754347034363756908958615234103290306637741845358918717519300135065058717768765735892509419632655835689120831931070965950091284607397740012269827213838857247759245051441312793027510241297300146452 0.09345475227439856202617567602138461060119552948944873854250833182642601069509630210671800340288277667062370476230013327806663283341764610257253759381625282821788238135327167073371216550859525326908577182058101867121740592 0.02657399919840500764699355430289351225331244365704374284327882770212982579793991085843304066243260865124103985357046185301163726170316912599859630133109888989245119530408134014956415107870897160503469441585005482810327968 -0.01684539845713814262193607982196568168998124746146501767469460292729334721791003856271913317345630408146221153921404922425195590822350339844399676522408043691772572877109930071970332597565544791794074340606177545856192725 -0.02882417599244065356126664858626479295056860565284612281118790919650182153774108098157162899098411823092722529223047960804727392058936716713377121179347441604237088319061495265090790495199574662986695444050033248989821526 0.03959862524149413284957708412440653128063501561415211721925819938504363955864794300725090069785352546758508380411222224844921981399508008904748805344530738957821765754193715147321333460630037724928216555743057828855280503 -0.004172593784236794383848134670024318610239348053808004725866269867030606604257786487608519080343671932146809887070058234461634766865489858194524159307111666002601561240262765724842786891120449927779721752119172815534353880
G 114 0.1010592775881432973836235260883956573178435560418635967945495617095325280974413963130441913161228202812540018294948458925050265955068718699291426386460047568033469715767964011123452373949491088658630040365024906324161419 0.3653507163108406740425429093583658605064984939758647964143626842467799931270002292364259252468069252232726860499946431235639699298695159354591912467570847042231287501199450196646700054394104835524143914087042413102181251 0.5911422086897340392779034217924669795037628415763104611424866992883355812684704360965199373908803334433425662769023942936544393602099407829681272011539162022127870698664558370454968273193508662715972887213625260447770471 -0.3574056879367256228908687041100800971345982973928959834366649112214733743125283024589359503732285084257103544010416923141405326721384973352233396088418876290415346186276643577895860012066085973871652308801442911088560258 0.1268903886282310900203069964136792009601870091498035325150693091697307613993793738059471801330250396393220212493476861956489333664863665087964710631434086708812813024755192638209176525976596721865201493957248551947431296 0.1901093336679162188781050934922798398320487993981495712139508784973196873415458101987041360340261645145797102008732826269651432564822149707657308075861718650140977219789856520310954159884611827035106153839703599502705102 0.1014115747575009764481243296577308993080480741957490460850628527044296193709969957345503500830965280280915189887648507857399980806242097326609771380067360968850396764477669893917726038596477713576608320122459345142155685 0.05069035525046211226879289585214800220492473180021172019816888341559421966025694855313711890862399265111670991525210642292935625853765174102706691794319727878860326166784763203168057831995928500072603440858405381911111674 -0.0009240462014891210800300959011174327047503346728813789028881809499628686184752059479597379380281344240251416896961469210293877610147413580671366484591829291013852270689620203859580927859372502463324135044987386941565176411 -0.02067173218888210733138241767073037111776639334982415658745908701457093649796087129906822502573135753301263821433081426684869380565105082727956320249888116146577999819577447775346736119183819039596510606264402746950958575 0.01637396067647123155933902856797674779121428314739267429750921861564009618670604976029304478281841996979006672927071479982881871691618133560287222504060743613883449654738914305657809551621283558203772584363609805739757105 0.001133985200773075623654363483664754568187053671905302707212414517805276107597418581953227940194406704823455965229525623285603349284790637692038720288729769440263243192377948668235117280355703806384405621223744356958361520 0.006405629476908083940263969562927100529776243445164427442113709572015561059097563456250709806209298759983702593529879803312581301615128901345553408019216623947652721157361602424726726760474292898343359967288851678956810635 -0.004823453862527579175113238590687350517303889221084172896654835527050038756500346344776606127772899642064329008007233157014252095723752358932565672481054196134108558541094505212188213311598321436269401580748993427578677478 -0.001265061845099710534098579224976864910976884789328385005532045527584133578901254126606990798872160206240753094275870484188918140004254286613302423302736628256392529233666627308522311814391029970687913538213265217134461169
G 115 0.09682894024639410873175977220428053591177478389612089483480568527067711483425569616328653798079502790398306630628990266826742760173835341635452110974882950553713654105213146792029551907346572048166821054769185609276054188 -0.09393755942842080723848658270586132867167036063113649576224830629667263438257154691316688467028562968253473770472409710394792010484100133451566802850806243568678096942237508175680167223087157927912008000589187605164261030 0.4302355913030394843774848713908155319696310454175043744424078674314680085164836840888137156912400840281653085151903030844083958728806234231494216893740012604766166005122502218205352279165576353105127438914033337438437915 -0.2173893375550736621402157429089698695464317668737385953403484083673641861390306679662715657016359622833049895479284530885760468348452583514392006053229636975585896095981038250431587818710225927633355007743003452159269625 0.1054364287248873639338332527871963744710773878307475387009097089981082121920996756348553607908626886063254135396401554585627368200340361003728488900268372685537272757626412544353993815676981458955733029407321325247610951 0.1177165344951921791401960453442444266423227500134108112663037081115455514846884238183328931446018872358523376843875717035877041456914083175565827740798507467219412003445634477568668840920888975166051308684696386479281056 0.1001566560776866218181027487707877191418629831407151448582217359368672904411386086509411260613097523795817848275652487604651608388712994465483983277000842925158073118921022981796238580123033532500627386026674000385482888 0.1278926083489009334937939878518400398028171113804040507688978344900630584816517610091111419506998934023693414077325821976381359765368907092001991576520791658353122637311381220309929263723916351370028999706520296156956047 0.07458004190870255716862451654367936411379401275480942539267228816491187400956368860557969626376424676025056359384655040294775082725500263363380596166759125235677830574601495770763347933255589513608343117123564862369214483 -0.03205149938432502605556537772520560635630678519108847400609311874900952250572216678935759216950865288314895673184496494547634729508865198244063094722510312143893252031532151495517078480803767359374512163993165749372482789 0.03839678301723761358457990902746868221569629227792225047557255725342904667703404108424872715717300737650159592794223691106833659927595861607046974255030392792515261155738006060152922603766833416113897435449356385343694602 0.01029464421525361005391274495511132951038478407785711064858930945350700086073365363967327121010570623109309386951018323739638793984193590521591694416068387895542264268542159274758176329226001010128922093777273487805638906 -0.01419073970468974379888726869224061546343941717402143852280423277486782856022149418393926445792900448408688327244014165900350471046633491668875617570303526904232331698485818524758267606410601297648380113869022133374417684 0.005562037128275588767821404339924151823103902659656274837773655788096272232765890630993403358831240218063239995343586565316756698212170994158324681496877053708672263652976984463664179492488966729460985545845428295656354067 -0.01455660890822661450569994323778247230746766454430928996950411139572199114059082076610520325460051178509620262828318464370278004097877959656324499934020549648544787747431070032043673445034793660999248888046240061406148614
G 116 -0.8205133063281634412384499496921433942190247797341588218506967878673992045486092942491631203925088940953379219262305719077416922870281596478323694852372397885633655113243699419717206250807672214637844107660493975985057411 -0.1887205874953271726611351901526650247670533383892324136383369723463502088383854835698776216734701895714724284871018334392239956180555892660142616990293188937475728078742310171804759904249331507180182899045982837147008281 -0.03078387424472771444601689749184244209411976869105775073876588762665831813821129944350174862833698200107662182428073703909410472951009613294705424804512857178182076438472642625697886175416278553827582020958820601624485518 0.2397400457214411782865649447860039566002508868013866104127174801786984644410222367770896239797524631253764292729558452522127359454399148825811714543658507907358684147350502021199205106530751213185530756902044287018132891 0.04522659405208629369327609937270927544465539716146249017584325262297087277504612520638103885830673149132835009976406262898659154207967508850159856755570618240378056466098802381935586588733279664350473764463800913278323108 -0.05337601399697390764210737175084359334241853183961474521782550021971420107452214215020910064784714789238918488886556543508465651537862224348486493462650445843751320316184207922352489798778518744307706576048258714689749352 -0.03303155770257349616308484211085090927068767580185298373004962760455566173232491215597351131987069420896913622895838870279237666627344122195352755241014050309377861936752037914151626245789094932877520916814151400553944726 -0.02314526625417609954832406371417428634762294365349203796391444081333145636273440311132387314100067767843171955999032136822355355036416705947167610698414162702490248139063595499844932100035360956455907954606789525546197401 0.02053524709663352151511183486551323309238358363774777033332202715760906225965492671688622178494778328206560491612582637225309156154277317915737826087576240851327164133576004396763494105466041995850676308949857026270536457 -0.02797844074318100598926815208620208167128368560083663301979443415504603542791715170720119380243582969801696601727827103709249900016756785427122252190526826830116908943653257654361448606188751112624935835059401093915213466 0.02634011923497305642451386089760380871162983280607457183784100895423905218929612176038175499987142680469244509761262173670209855989249874599720284371547708023314197253709073960260185798250171950163335175563282073866793594 0.001295314306353238629445103535533677480482057243135352039639287735130028732323629175719553352260281060028266973297396384200183545185553246853688703434566572969009917493919859516873482981611978370443117647146591392669834687 -0.008266834707745061488153720899990486026992803763388663731982994512208596250706165869338194297434800967145803606740297061425479119401986678445696540431520581088675776318827237425498011186820988936234224759523568188528878457 -0.003092000015842036491729589313982293761588490062955118835602593769201694814291864166229697972234381141547410660416620679760198462280067040617867056281363057387732167218384282267903608482046679811544136083128673852626141851 -0.001467592404591166394827789825633879530930791703890863708392171159930870800490536098325224252925509632212058305919613662050155198350523323095360789357898310785445093487188812353345785160025840587515724585895514926801855325
G 117 -0.4457030252566912536275708072208384054383244885486890754867898881271286514205321960722040251173152523049641993057680155501153121573230035338660042560323091354533504103516129818637269487269471513603121687912276481954514320 0.1332026551996404435443690940594899060180008950971423115032802236241057608814291925699112226514157007513697234396787982687745570058323596299142445739496071087507580463981887231601361554167117579989124040128140187329155989 -0.2894769135905062278103422087336984241624253461808430921146436057566521701540905759894824322572081466481288569165324090192760962518729136712031772150351229936931216602688737461035889406382460701042095498221989338321559439 0.08804921429861160460522854529782006694632876452495813133189584119063612354139838431051652888566588398815806055830346855322216346566392611503839706085441715469995234300452592611795787592754667375619493948452892425791136612 0.1392628155252411418552556394282996244900792702713885659521082762041570276554618015442971798421910076842370761708431389314938741010076877823421464667463915219452261700902558446926593196627348701779605781656757877178711525 -0.1595694018832335824689560640436204530691769814010528804381247556841485546874915595271808704022074979500646703699758016719794878207564626406535427204566919089694453180822575554006975015209148911641038959666280946608508274 0.001780553316057174814509263790952502564459044538176232228515478422189762059110915742819303963359999799842834361799690410181142587575093362518064887430930976974679417802934624322778072391336996359955804597391032061736226446 0.009269826799526504023436522939884294667288821856304221315348800784121329883183375287315513888471531072574977513036876213470563767895107778376598379489722702854639386797295901086979334250102641993245369734927666665259311469 0.09362560691854566392560151525450020617030095581198868201649726211590480677613733712711006219363176217545691218665791320843194337834103537222164806980987363673963594116977636249786781869459894394590161823970188452637902241 -0.01586210820675765190697537104749988426727846553187755001423738908024523863702903855077241860415872017823617852505651709106144003598926584057065339056985775645402646352227277348469978611900906367254419034150710787361195255 0.01608188934859902202413304001973171888789423717350577407732133243905586809540101714152432181448224999222663688836236820270997240410503990360258001461900436926827005818281053216648753904728736350313652494356012719795689471 0.005349618109224065437758926578693158228149331432943578572787677292959522175382783489422266672609337726067935075404390108429820950722237242086438737856867894818049555039426052398359478642426290059191539876301178837612788504 0.0003880240728575142118033635225962348958680446104106235466969987311691677404354178621823757094385581410830027548229862075645462401515852235605388910080453954781849589089806338051369118341597533989424964226798533574314610313 -0.003638697512452430031367348857474251356289724646044222575766060964631892316970191314821025993986946430971357314843592434245969574094163922587873512409773716750125249772172723825080638075942939838360605153837083984057968939 -0.009767146485830202830571717238379541566416322879892526854276602192214736832037058149583438285955766997159529912284963081954806659228870204474706299094647304770780832691003119010581348147532277887846601527772247965070776410
G 118 0.7398110448910278370395893671601475633848674484717995562449871283903137475577520715032123011962312542754498173195113468288619054269993008122325510610259438928219000506985091012215080864653693257771769344973774781063025888 -0.2749273594743329088201633213570398752814447307796120766109555563676031170594964472607242179183109949666942761455655661759670234881978524407784699770703208989001968705733117546193046034254883345064968685752345599293682512 -0.05217708564250129124630198618569769673707000219305351419711557334986465717358784928049427490201406384672899093819865150942686865636665868139357330629520526222223722230249529020521534435088551657720575212019944718428261719 0.09053167397912861492859417947743456542641294799408763269646434232724549841998161488444466900890374487595041701154655179245413007343782608241572905009514322028541663741411389173118659626201019182180633423246544820983099670 0.08252806230145293767628385220391487153188573056457398836854816668632922085409079105110824302133387701981434556257007473393450311306363122913951458011692260719642747370228141514454600026256713230349388836035634729114000458 -0.04754095305172626346234815282263004662230384412342262415552075376388738667075581000304259905028785641759908744346183677132213817607571631424675087475176971106584127855248529490994849141980105319852278690905869910916267942 0.06633284075294210048790628798631923865623737388332609137608190548750653304141596390580294109227839253581818749959767164355442844920805120050773342697848300832781093925005537219953292143787084023928731434728589850719669941 0.02336730982446323607555014545021301785871060297201243854448023803981055652263991264744908151466775367367753668320457216185619455835812873029245974705514899612380728206802589767162363438698924187012323183455275888567915795 0.001262864995043453569344602153499003548375988879215418532425918947448457526766635316304394959145582833934556330873437791245816936027102393549821327653253560691229639594161443324490159134613841666106856168571121088501826454 -0.01270962633296115779672055827378947482174741811726160101239747416919333549423376574738407570261305594707912041516609306084390319147707869513508092115873570010361931026237060548621934970118194664073512357138704932314899409 0.01413315027156509088823764069368704828854847692629388418024516623010702246620157050631167918369129463025817218799479100868296447854739384042561714891899681374490909600644255410336779157916431308694612377358870077551433022 0.007194471325307100914194246044137036973905652902014161456219690397089545929321786937753287241006426699534151132056026465418387612841882094299039380268929028731202388881892060086094548696065727293465391301844314249929336380 -0.006917708264502685978957842263229412684777021731862681113929073341531291788557186321374687058631188539940437520734821697011365317318524711563443677977569159437982555894244544614209180841357952924310345940344161382401186858 0.002002569148059086229823826372227283502174370362432152124392018359493957988387483988586031331498645169567986564223085794275777911334984775728784457635410859942383917079169111346217866364401795815001116552065804590585040644 0.0001137718318903555121378025323852200580369092483273477559165712134829499400763370948717002898568669941983717281198289742381810933898435141128322818878158571314010703506957368154355497005282261156593065630812124394360102424
G 119 0.9923901560880742767620101537746474479313689956280953395510815312342186132599229815867110685073027923409809552473782809238765597914109516964759832713848754341307620256821595159011199702603915706483157223309596589011647012 0.5310897272141636182562017144584659605592324979048130485717757162454072527389484709174902488970948963926333281329313014822851503683943901010386963400699900412101122704970972088132561321624581730587263160094608300158113911 -0.2803461785794346011058757967237469032891280035832383977058903689688859812183892338062740221316148813808668716020790980228751294371461315643241415795008711355026427965924271815970884081049852861876476671738372334708416009 -0.09099544040294856862866201808707595253161980624740925715207155496479115160260494622402787483229883037562718827492238391835759267675564514662112285438752153319579414658208983028144884058330563344951503878329888898696440747 -0.07410513196666424121342279760651856898124929349283842188668152425007889141730804977195932635720320820400277880662116698402985230226480299822804839639191014148355105856973543702517797148933983105195167096907482080771808904 -0.01907009155593495557268802792599679198926185063363025756747160098274525993897092726863008404710327514941895964497982713708067047209959732290600242084028020049029091356616608713814344748277739061206113041197655122328839799 0.005529218050854972909298353494093844801650398668279450243728030831968576711772054318512336625689795114454685908079137971490494054462863966279866554392492370178819679176425445736747772894032534629023837642154569682696850007 0.01868721025000101206193282086534488897939290528075079735170210474808154269315730475347274879296172895691920866828794384948658637942275262563478777626178225803512825729303557673599510104186683013985023753594683767835454077 0.01705916297028373012779029096387682472683851576646227029432770928638803909370357221432262057588669741227089454448364301636730868870498182227787619156077555525424937119489115536458102385014561845688794206142573354569691335 -0.01891805215482940393359273157937963239718249201750402607311139319767036276416267993108957239528809465608390982760774605699347836091062489843198900291855693032443274745069737956927725467421933698548781599513295866139869664 0.01349199818284043661187127001586338965430313960627771696278893624054714302870220498097556297391972409431992234480014521953034732566233663322484109537079758037860702501875470971284456850412554276400381467364888730015899703 0.001473118283305640474429974350129661104495874598084673415090707957421259653472514112304454548350517815193962473039090044398392311280698229361771746975073767330089967431327500655696362576892561904899867209313295330887794928 0.004009567604160093861484903254398939691429783381801672052573265368814651638850490092117919798636810552279559125987099339052628381680403038680877180418742270280306200281925658044890231976812647743816667388797005898943463564 -0.001259559077821566847393628685176670938796556262452018731383257382371790799430766854669230540575183149492502661659316717528204473920768222905270082932716847381593023064832268386377466865252261196260005981353625455107200514 9.170342074240142018099805455824545855809619941475121314727956462882709789654025995276551364454493201879394717196192059394695737874495700112822051088975596997286123071304201983558773789565217863711404488717729367929126320e-5
G 120 0.06154973134038454819082602720566517477414752344061563002992158958010170694822336010016427022929156350058462232718718188146025708450365610310773972711290496901156339760491551700212994004152955519567780986305747815844048043 0.007929653012624077670386700530077738601739577907266421898825080479248229669357736646877791413658800924816697122753390522898100880237418508795322179503018244289168513068021156687874353986009146926188930235401294999685697439 -0.09877981377817213879225405544402388384919263783406786289073222749198123591893989553070680646916906999478168088101094107706942567695371088049641078740611600402339153010828652168912977269202743637670554663703776114210183071 -0.3763775677107025946034926158815285053991645425070455862032383999425779918859456926077164231268563431730114515774269731078346260452672704737980455126078833782141540371865339579760826904252506522546677662355373786872271238 0.04458750627386745445265646500887464554690801334812771104831071529318987559984276954350822305960201217744095351205977835691917775453110801205779829847971561028671342572802501987802948905431504055903541297437556735553948187 -0.1791116484231599945923487936655602901481759840943782448173582890316009343064059333433934814984183646634619061923818053048999741414554591120209775539715887395644501215597259393006655035134780870697322226851529200369473481 -0.01700618592534080897148131680535530672595353522905509378829718013516456531349147241137565910086031640395326404119887313212711007949518751401030648170722768614166731644868699842276935452432564886474941391931146842802262331 0.01661104878175404053895080140948135174300916838039848241801356665702963796959132893598068714468248777427258177552344647193307434810240615194824565341556678342462125362732088793568373961645777151153500923756476395473228911 0.07450106620891285453037393413106280981201484007817359122033712622300361248553789522628951746610625163493462741206559824983835871561732020962194921871828271020310568258781100752781672157754741207424240083578219120437173419 0.02147808125405269179982809247706451949645810636096675339062508363333260317127793904591061758886460154090904352914034480871158265409355086784705935216554930812846405187994244397923943892550283708528858597422191164958660317 0.006015659651725981088773018231063246802286300801186907858175330436182119454605432628394363170620060604114149220435735915654878098833369638487598407906722505347561760997879944525019868892262878000669590554239711297589111866 -0.005838332434591179989701890700394875121933220732575373189734735059178032886265808607897509494840806604132227204085145337289223202569945850179467744815346036413019119862397674543262503890862372778514347262953535984829533187 0.003467633559686325031450085264396608362123531565357122595587584295846720600834081371950924177489091244582448492063967530989337693841638070154869333386428215103538593035643133696291220418640312220761259519964521654154806323 0.0006677986950197436025275481070893931632983579567095793084901135756676590573574941078588292417691346784249766012622217815389158457842986082262321719992889831845179148277904738572333939840347995236696499327745670884763763989 0.0008869988353631345117586933546989269852210897117197891424852989278069319705106649213267668431559142271590566150825329293044441008515463677975124850624662929298096194852866157716310115209494407396056081317182132419341091927
