AB 0 0.04031945288339052822190738746701583694973297718067431863428835487957420825589961996946186113760030802995859367303403374353722065988217051052381695302638187294404972336333260415054572289367862946552897118767826735565255251 0 3.957149871645024505013479031034162725438305531155348816763960997388110732847141137322840141058244907794572678380556143644311922654678865686357960777766585575223693259352003634769229116377681223308911744567285034930416438 0
AB 1 0.04135680569116983109069699975898902548273102509704967000214504011203727301671101128139905583098347685117626178579628050793832079121116311548562751723180531469259733798265526956399547475511050315909580839997498318297489822 0.04066075193531429241838351276745077629648241940177150700228246412020685213092960352485027273673499985397611163774005544557046877625676781686274566550719551263648566082398026603593343222575600783298012935199756870336090449 -1.438235284955066658584833015902150121041462731827899519637275251155311453226092169880280223006551516899939736197000504358249184541833138394990786055559345360021954192987702681057598570395103922908915404854611476153140973 0.6235827402086591597423849762217753068891264765211674828645661309229450022937110750678976809591410087600550005169504537532333399497739001089748422320393757547805392625685817250011319117469369406553971054098569956043782236
AB 2 0.04492222462617253454551038393019872234965729471208119491662098155845901649924547123352450969139991395197743874853963836706415443981581513895338172850746584752586843706728654029994196389382233594901382910292545813696612744 0.08354241476885258283549814853988386228929671792761596865583576681754385732138261272272736298930601141128085716751028141820293369365902117762625305744271888938518446192522713437380656159743227829712307647373019507351874760 -0.4832723446722252638223943416513719992326394138667546176924386122984439881580540452882708706846344121572353804793165931905266255207347526623379922313652055434604696930813746205880308585749894954375419614031962621432706297 0.4424414754002542585560495694783656155856186914276319840075649205268653669436388906841403283182695349295607476875410238186667814595996541317951306322635691400648201493973564605372587179107521130864107754512013928216588580
AB 3 0.05292979183643650513982146260864661772158649916841354413563709586673183852625873856674028059320323365568583600251715108314726617023917303650664505653136399226612168443282905765883297626832044837390546425566017364003107440 0.1319457915150233977425785936034496301304412520255723571335340924522876238608401159912954961476052282419581860334389316771656346753098439455015908947890334324155948831135206594260921444727457417771538864317836800135819036 -0.02493248675634822940052431473173412622508668332306579333024117619144943497974875067876067036929164809738516466795796534509174112634855554804715052431722494883933793113007679256390462149576545993124530814277402267386612437 0.3790602795294489422052779986195820482468197675499326953703890345164180501192374894106792816235252528478620072695245465956544101384915220649025193089839629716348118176948167537817433442827237741909945364862042521156918761
AB 4 0.07196314438404559912116650624458552536376586487811201987672572983988755535164857622306983775145397854368770154224507844243887825194972342089401257820522422816418617568663986408651570418328519245074398185615124950584400015 0.1928989287419688990498227241776085159057048716425825735720527694616610222600546091710405327202520970247985192342851017467588331020226221494417252511473253113347411181787855798556211565374327607019096630411188926330449658 0.2816851553817307182599180861473073792301611274859577494781518270854653492100817396506679316631394043395528705368427461153964991596092692025028611068854894917514906129836551456011064767694836814445363349937342515534836135 0.3470002919016330671721176175459071783546484775896890095794011139693510678872239899392834160061019932220524608504954614148827130401769955369962066716847911166089587654978877628064884984307519047667687622065566663188310209
AB 5 0.1342650961618349245961790804494372226426243384880564064997561516457094032433172891896355100235196896945513286813345238521287143552358061177702406735026725459808842193045154727518993661481972176514434985468435885501069230 0.2888624492581265974530395440483533128360119790398568504004237982137640062260248348920249299671521855375515032651432135910754184404415965726304333596031395960079063303802247382441553045008127576153876011748408204731205819 0.5136721705487835484012798953175443236398456910400450227114043481822850489056333635110366405732742196630839261975223354517222000833666571182951406915779167455374517406909015824582460947076253038590686838151366529632548700 0.3276766764067125873819077560541375506422578969009844838259745827403206855339021469316924465154471395444364769564843162635594624344741779437689804593420785720354244200693184059653679583109580091069395516110659862889177045
AB 6 0.6980580110341401665768783716955670982726066856844822944365739906926411136701021498081150465249631044870482828281713845172247581553434742594779371250206807861420423731100876931845321721324777175238339041620076466345362500 0.5803812316360063537193830638173727647935721647898560616809294699736589898538268891350841589870861170610612516490041015565256310633579440021549037814083542347271104342296099656114521027647119325239909903488703883800432799 0.7008188352244149837188023582736363537047926039556177630301343899447184438196161260537267888428086968128154491194964798690581687499830958725105235565143035468390823258150755362131260098746127248524513201062764140449251013 0.3147652747724198177449417027885076541288934264680042829326464975226027719258706435218486493129537124169249724485697387347054546535255650426527912738842317512857776171998114755901583807186726031406671331312277422067132468
AB 7 1.854911275776756873212773143485014356768505979301636431044132533525279674466140871343001046005077062984483820958519782659145121101087581782231061545897373997842994567475664390452513715860088893463129952932460121213977456 -0.4626587387973959436586511298753472293129640433973505221689517786762851520716487319739084328716364008520686315790068352544178517665103544172011992235954749440651753895080962984997331123638200283770680548383873517763202045 0.8578861808967440191529746491932420429925039509769297695208620979605971512509159922386246043841908170196381793355292988017414701219867169031081779466971962662826985414348724885730935974362740143602029078670039937212258370 0.3055310631621751447255785344468128878321840263868686687342156567707395113865193305618340490532379175568221003671537900003837430619434688854170162879368974497740768146947548188860141860238642544812210666526562072851826608
AB 8 0.2029639052729407497280395866797902667895434330494499204675142182250250164523108689691570345013260280989265948053126076211924304715350811994306886624937275459532793262618961083768345834075921899454256306986879656883426675 0.08822399395742824788919790620852173111078470252489026803618226118752034389657629957917809570700220766535012517646102583428542280738869376184919750601161431177123398194211104345048854699746682745112401960666417369311537450 0.9933135427979716282689289283581715180201897656663640352803841654891457642825407030529736628095362836005796164366189620677263040766379255441022578564474780737915694233699307707931147991443535286507861241826952903821077611 0.2985998965979050564606570042480316844466486463022095910562551890032344176644431485107676607436833031361617388528508686819598937447710453326612714622666664841251681299292328967134336768085679891608838921173189563031903136
AB 9 0.1951158842131583667067919151818362322757737438667945883542050423718938329441050933667950321941356616784261907737470625806460811746919675702674329692881242111312319246295586649889902450233032050544096248523649858144599643 0.2621166181567662171564246181904468484773058821943118553882271494547884192619168370612108520591233719775887337126071859885600763640147452847523266419948342747880900775897172264787925062459586834169306637418593703044766695 1.112397789508507698949868899291015444517003969100167164569354560106674511945840192077022458503961096134617138738335893605853414952140224408119271003203450422374080442684276925547962276911641627729142000711259019327291876 0.2932061384268230417185945591952709174816866039960202831725377266163537011346601397665037806037307908850944648826674297367139399197237461835872787588587000089842907247381836371531508067894426735296408245290754902814239571
AB 10 2.869245492992425145914675498769239269999256778997608911599013119972655284727605699351957393146892500399699406256105105936784511633742999087975760330771067474209162647861448087570691434225924767482006248857873338710665180 -0.09973032557039108047069821676513337396810081553562656583482512846415730913809857333095402123642323737426160882957014271003867960309853243772658308622982732399791799993771912988116178717000122950433072334447870016842731555 1.218689723903368387838053402379958624983402913232047376050182498296036600939672345910034445327586304421241302050956910283008794595873886820905147068648092716331210358014630447594370447235911402052733426627271244922857909 0.2888895373849034802321912659175960822456749456497880677309161602808154824030623026884238001357594061855135097094607620486260184684085972424818590479291044038865909068768875311063410515058817066562246530756086978321095931
AB 11 0.4637351683402899913392661508922430305119853814851494780100251291331837556214961500636288307616598350059042524057396932745404439559433932702520740821472544166854042051867974438336897029091703874949181622110298614006062955 0.4708704560971671752492408475291466000386666506012205411279894652764342132881637457326146688610562623652545649123446465379124005888595185142764318146098856283941447398000605053630767659002836886278328748104936152614923330 1.314689408362801788429003284946247996224775381401413293110045269690180154132268078755846466623693686707724971243088830015128032337123164733530512819367126502885207410770242222394960618330257883686941068159303183107749512 0.2853568249413738172783148381013621195242607490158729638145161105080872629833798601302773743924206269540902386075646707101684554316135476462030463354546447711244013308124173732064431150031532654812160298276437025410843430
AB 12 2.378771346583037632713948168853860260221755186944760880688353943102487053617466129361406826508377039587120260675656847128975977593461328929793459565053475980142379705668271457785531814791473983025726644792763035428278522 -0.2930983052559733621300525242017005795533788663186160307635878683779129411025866428729420729518875210427422291627911132389158618953801933265719054766211879877818186383423180547957724439242832915175336627221693852440196147 1.402225415420007523192010848825228445479161271029963980501374159295277618602699730337609987009829639004194375286884267357752499071917708060491534899599898847934135247336821125127716254582708095853529853910093571505138418 0.2824123058240588235259391702760590901441653562960265741759216127328709524860765638722428744351188668914791195270934542210267152689757022728988972928245415327687522475283280755978867500702308122913019524545952144817134092
AB 13 0.3144215706531121432316794236570836969173623114540597444850894826470728080099003332223798644806361119646744268962275489549424286761529732523954886264349411245593470750052824367849181719338359528779145049419284288831356723 0.3497152419687241167751759940421393923243297707550778161005457586784119801385470932499896319124614699346322912490907858167448513011752275018489335475499809567788410407522771325854562740096840404744142187969599908730612541 1.482676531418068204382844459154614906279690751371702206987159917750964052933923270852469977186980766486421573609257037413751612421784812016330197605623397675109003527530370333247026861137797670712730767847148287495159528 0.2799204044635672593333177448604983193416264175828468988680724039954527080088632487839395294878564505452461402422933250962895070177734290778797698658139260288136781865049141191513769526120754917989423983319323684145253166
AB 14 2.594942240005927375362987636314787156069045138113527464370464137783781903467888519360854310251081163384164019376368170558982800354338121252083819369764174795523324333786847394428226091401610712855322661177467845121530250 1.037272569948501079133784367607154138620352979285277880762267899157193271200243102977102536781912049372568066629923037538056381278831260395073466990860499314430165667267359123754345328058150433218173132730206296959032214 1.557108639569901106672577545198256095929225138046346590767505345650080773696075089628834122542603188064454200617099052467495578076062495548129797154142727009467469858376453322682511433283868632443705930028801478292382583 0.2777842297036993838193019469538975331447926039881803069313176627577509094459865873307620936480501800457903303481024303362636291736484100331732591953258078973773269396685717789855374667344944749724842125558758456452887843
AB 15 1.906988043944018266311390727312359233610905857534829194856241662693242554902057572715880874555211883528441913531312333111548242790909649346774616144255954360956413847643913115321363767334611193695849993108320452025344025 0.7792556378679703510717280127042288420345803839666152529174189767174433393901316322816909426599227258101488644981574081402614816551924432985388178966864285694018406456233728359681625067311269089861642833785337213063185741 1.626363056786890002150003766829069617508659480149355942629851733429051265906024221336877924709904478929819239944923071577210024152663005549826371045537484820605306338898347834716326147869050048140333745975486438640302438 0.2759326985143520365907323499911407312045081406482736803652930994301452854394885814540780526562528466729500731349255868453297157042050787092086202946547295819582204020933648284845509684113146693762908679143534252357361037
AB 16 1.115937112991438571312342804573064833067870760921927513027000970859425631656402414458063524331060520391721491333922820431920656452686144996920405436681546947930656226172231046516336743728360447479903045228278428525866552 -0.1318281229208819268752700269228965182001858548844087792104912692486863551384340402447171794401467703485065226765882509717606229830980663434535142655544789851680857992038194642549904907918163477393137220917926183375602990 1.691115666741681350842502638882806893921307068042009839585243913842696018647264069537782563254592303917594792989268388106223627182769914538437534625246296721677079635916253276509613047710641659403307539549778930009567698 0.2743124809785228823597006653449496929403943185035326515099988434242861264875256389601328409774456825797906531155534160930291140168739594178376655963528488730756709880561358298141655192380788332548994596321052390884711264
AB 17 0.9229609179309673445362590696370645725769138253350820077699513473640208169920378424924124151093078172838133507137949908431842451894523096097193243605212292880532006648492979998068609606411726286934098276075009634412299860 0.5670066084166098237866083908381239990743131576169698407039351521294243514318150563116586134021826102044080061295180259119930080927445750535186986707414884557001652450073267098969234808449138383132934637223476847392379731 1.751917742513055169475295997518966423042217389099218539064709767939209494457854711056759282684773741095479330628041830846202216780817927198059428559622761426583360393444349819510899898091085804154707917458228947468139526 0.2728827844644171369425047438032800085258168537580866246234263616681596648373523222441622020571095673016734651756504059729363469774729811219275902519613494585886615648089450316475809226268492912775528826335007893241654632
AB 18 1.968414908526827613775363569716360458353819413168182064193869778370327927067685167371080885750965781923997670632412402330941261460131206300678796561951677134667071244493734774649625108055338950530369271175415538218238604 -0.3349531917032858635174142442023801811926839871767305444896891834552086884365741068730773422818052465727940730946331214477676368289394513784872806784864528042066685947591544586313929942129711108117398808767847288479759582 1.809224880119178037784130564350802663425336606133447412446187212992985439069418658011879798335629777130446912182509653296110866491480519605211846518491115651522114493996703917034691069103443901623710160849578144300831368 0.2716118743851247533178732541714255048728379058069111534681128703030598290892210181463454197636306634606948515150059995279296978478935379042988361839994497099003452431926911634842941729904782660486426731310464350513666973
AB 19 3.019056141949822846284285679092824191314071066040120020287519895657328800469252073038037010937774372336088272496794187110512103742903727277938056164580199978028727320176875824442849069732909481144533318663222456393229684 0.7262848214006854777602623814098192927068531863617845209659580650441431200195347328733723865050032721831513675924835833439800632419189840546275602884219257488943625325859912826744574117024718754548992925731271000116879193 1.863417977440652055058822841171232882947720433081214524808612324806848378333653827562517673471285257789520484557363710726491581988843007941703444898862258883424135235108172447190440252503539659084372337268232799679806408 0.2704746925335596914217990766210532795144769514989190233431924191271616811236451720255913845137915960765639941104405606994942300680826641605496373711258950347085770574823877788786943751931944577477003070847998715468960168
AB 20 2.450160528893550843216245758842744368931030825295172274151181677562260586827340176632764438612808493034255443831787099536640727743665510905940535016536416328254599795644224473605074601826890525723308241942117431816637997 0.8583509569946211306544288005834510742174243109754336025396903586291715204541683964494341611854354618823661683928490609252699883211331400168600969308606848511376857828683222394694384548839719951261875352887739756561306297 1.914818750837984655224886757756426101711349061490440290944599111544516155693538814924866410588902551665432742028964413930491576134811576550607696787840459434990029459130016724016192293414740968849272504879141187209713571 0.2694511892597985540779553055791145647618744551566544918636905608694198362991645126972057099338175563220953440023181550498980575467431195056967874026449883041131554677730765959850652868139444040847594648662105677179246322
AB 21 0.6984760730756864845037243610217700659385974186613067931159269375283644907166138156628861254351792865197919188278069942349397606637513209970475676748274699108689373012294369605900083822821592063738429400008532632006681078 0.1789393457171621558771882613047225755639451509045841573490195334076410122006660004304318545359087524043402777541259420081930597888098853867642498188105568904288340918233678610195678257886636755271421554876293009933581623 1.963701414530441413031128129639967275101950083347795021225545288935086687749170108039258571023831311867043583466142393616199085942744170837509223941541555483191122061014682753301323917530459673617265264555440629691946406 0.2685251317755878674114226641885412613741190414651626761897348140526415332811471841039713033779660605339290280703838248696829448650677768235511643647796377413051255472304047977780113896848152579907478038136922559359139690
AB 22 1.505723960184755805924060224148310862490234870655050269068044665325956726999993511640572083130550599725575028266161080150506838125991743899075284966143146605543514741425074925027570472527949921521625766372311670405149438 0.9247236061909780982694601036999878542204969571072476591735999755457725987078850016910841480663550197763437971130233751793132343282593298813387318559867639827358497856047672615842639059956746887516969841690843124545122305 2.010301609579192469306861489861094505624230435309156987823445708884700364927716685226149481741889908607163272425138650393593055075785480859968838271713081642960673382778602872924532811382445545508919675574439561727822218 0.2676832372242682138664791189009207503770211810789879338669464782017173459894033306786870377609509260298689784592431900850762088914282552653484810365335251275907838261599678280139235362426975101044531729480293083792297065
AB 23 3.377647961604969681108244858122973882779253586690891313449387256333742953016814082684071544497582364336285874639799670042199081175602529217540727838352930058026089724378757316388590248557536147776647766467329843902093886 0.3873783529269675362260819743870718202179422269784339104675213384389079844537985142449429289015094479797784011873558492511144434114070253798205291953033462356591585755296445563268925645729784151855192801289680092152666800 2.054823325876368658879979083557658307380715816485392746783894992113070395735034366597605077861591551049114072474679766841727292916483718358840616746879077666333964248686350950496605793895313862919688001311696237687313929 0.2669145317532376896838218168399490998806659254069866786472602049963294671006616393387884477849273773808328606769934083294959846044855555130899758569560345733144973601035509773410421199746023095038081192068258120914828558
AB 24 0.8720386157041892702599390894502877307983417507583409443212389104601554326815646570159491355475753968350804553779658652849338916969349906816348804687332756584775487005906887430427093184203574109493371180206392429594275108 -0.02353956289132026857782428449378713476813412415814233491873623186254750079591582178261682567403008197974794736314639914806394153145406111229933842012310998647274539999458339958209926961224425684369466730321230492358829606 2.097444335923636516325918331867754451498446358678972533051504107721935967206708119833605539257647281205879533606517338740020299635806281726867457417622427740572717929584577182998474259542516564612344685000732179417755234 0.2662098697193697226550059124851935437953147279460423734841043508206024608513025658002240617947030061247546248931045611130446856396586813486721802487995857493325911586125054606075525571805177721697853331356621982644753581
AB 25 3.021736007182115232619703874766382509384963521367960758765910093150388483022388792516051212092556155293734687395271391351340364655035265800838410322594333635932481817732257599813415599672341938911544077896889120090969658 -0.1437391459128594704789210456514668975531810130744831283910793467313561773551154921267408959117681248079355800991202994535909714149069179439258871650749050244937953951647557579100299191188081927171294558960033772096200821 2.138320509008217121874284633073632603630414961528738819479294678559901828226296018533268869524270158073862180179706113829600209328230283222177322721220787170926468877451462345099427229912376811175259822489849062562326830 0.2655615682198983183366893171045361382794239141568476892081446068476192038681539548825210798253046158205138013748258932671042570933468406071805327708701980076768336629103904172118135287085106603832559651283721061085996955
AB 26 1.692618339787516094516822517272918289484822259731981595447652064423918713696489950525859566255985041949184236942397153338322375457187730844614636026334574850091473837090932587879444009676823667751338521351688740174069066 0.9053544772939169471054711293832119324645344534597827568647710621149232132484105963273062990309542565659162956316748289242280463704618316208488131158179884720818530010470693621193039719841621432815162745341511213694490754 2.177589271971582323051923912633696397305344474494720665355197215087917327643173661476153933210822339916590466531733763371325672668463445488652367507859609226547000548765034833792779310505314304408234684522338168349067247 0.2649631259185096542137045128642928097310181099799293457942322047603587696340747688461105485200684576940485149444440806025796885330518339530693848872864244072691918776411537131070712765403670729410727364234423128867510005
AB 27 1.382462831627199791062242699428805420056522465055961341002377514957539644292654230870193215181924284382790805407502438454410173564548063008782638309371468844342685291340483654573082361125248063514113526628836434850768726 0.02533097019616510974556865449415968870830895932281495929553473951887607739325328604420063132419032574027063869533755246756267258074678822031696229998346865328669258926912831282113089603782370852407078153073563310445318819 2.215372411663678961745752978258037346402373588812181042999483765213065283479169829648861136615789635040732819374299314834437448247063556972396728794741439285599100541948589719272640651506094050499056936239164552645592087 0.2644090043245836039623092440850607523154727311698533420830197148561081169603180721789079576299564838928593443444933252831868937278815490502798588043577260842239450416639044906994205264006362450418150124457253042377278709
AB 28 4.053467564434662973621221948156363930981727520688824359756969784620776761150592634027623300298063949677880496311912293778427343090188892443710367403741040895665447134645906974644068835666460748582300967078476934734553891 0.2945117897010217394018388800107861806456178003603342375913512901188223689505614568049440590093730721785819551301401613309408384344490795297455045423401786748936734777239899784108297890886736251909489531840713821236873301 2.251778364001116109840695273700711839445967578215360605727588925237778532925835755700523571964289366861972526927493762517070037647884682892729054170038956395597293391539651979259935470949878306250100851581691889285098786 0.2638944559203902699232051253375426874212716451471962798105245054958343835589419727004683745446508231338640606920589600611170625708093068668952049846522774826172808586079564347204704823778213399238975093887825890436161559
AB 29 1.604524549067205310741896815539627344070627667285443060217125970829597425534223957878974185554953188108160465414852283473828219853736840103988249408010910000859213766163460062171790657780648375433704186172127064379073364 -0.2114126305301201461887819156961518630966376414873476051611794424150325827123837068914689283030492860341693108772598696836410812193731943007991494927096250725828542500999804687584749221915372719524093781968294617973969907 2.286904098611413107717804397874648943512546717929221945525958648912539837006148440988446798659445467095612171946995474905908989540842638435545463288716116548814354407065834546685349801382341004863834324514262939720842981 0.2634153878335478127139769021456727214143442104242174041391900267527942530326074190099300220608171400535224692262742955209981888742871213123062882344828176711818439621347905023840020429194946079402130694629157901751098099
AB 30 1.555978677114247902120806732331020731937825592786616988009721585290476633224816993812068061110917746032171265817673429874803193247837262063117885885207122367937238446538416897483981291502861514700253885713678834006624562 0.8239211634502147608580359939125772550082513628002281845931696862564066895477256195673637671261870040776594795967876472451951528431533676372745296319866287013098170975062998518248966085373660063354176082337338673378257299 2.320836681953727895100774240242870551437798438924162934137663747439489271122511264850330867385822987155817650353911983479448972858075175968479319107492037450059551124494239694774959844287649140166070111673708537388363575 0.2629682527645518756377889914096988085957796470198810197724633974380522763277323070730327170692410037205747473107818315573523597320966059025697174999984927702679429725188350828767831537264402494760013918618194353276960635
AB 31 3.028377047907496497847782679560257906197155797181397161654553149275578553425368838069128750265945486382685156836308824239401342062278408979191774071763671781445815874113902788082838426304586009188811447764250341881084046 0.3418244918152552369764530530680112967684126959582491469768984649615316953186332885366402421450535826435285365059690925849367160906377418599578112475058679653789722671961027135334582364292130969530021010483614987388173797 2.353654582623532581143874011285163165461323236294681887464897025850950483023215934297024604751801558969894346071321384431779345567452760306174896165109751233630690610075598566286568283839574512765691842946214301263399719 0.2625499610175677345901729517954428807847163899057782762676233668944341047504743306318771679410569493796662359746570197063047793752041380855046993534425331617577470811069256946205424811858160787503310077118827637807699213
AB 32 1.973347182110456233292479234373403724195092068728672779274092251185492529432945586659265484663719435352209824725483090487996869520260729902213667162110217771576328865303539732816602269781823803835877548124581087437871676 0.02922513233447069734387289407416682923573895049028950371588823758359895737026963512008377548507973622376991722746447746367416337268332988502633363882111069011044585925829759947222199335919855626524643345001745560891879810 2.385428768280886554819426319285149841090239411804802135029906136186406557346766178957355738869123565237967381243688750750403325716987381890353609861495003050991837376807577420562086005571489106619204238653850138557333308 0.2621578090199420268391266535342565933063740808789512467279057817263033120383833179547767814776118350849607336936387123887056009154125651389056521681812856363526598338547064732309255767662059765007820006113485589140372570
AB 33 2.152405635118025468203499626683186952748321849347189151101243036517937394026524692202251881355541566009499436237358368391974949879262157970811696356141053027939506183526260531757966846012730961404409077589611347304664244 -0.4893175134942638198032516344268968271666869456136032909752020100740717038902189882489159873702062479442032792255424330005478392012934324423026621616109909954554192060848943500901599045952674372622390171161451198559457351 2.416223632915452917019680452769122059847879169026232823007803827876068687536118135962050255357034048985400731111269619565247722113495241083460965580042840687320036486261440607015252530329398341640163652682315383430987502 0.2617894208341008033320002392842891606799958347656699633928563974812936937923300895581280361042319760845470945992948183924629895701992477416306486562570343425455274035430682700775275163451060001397182243352859244303472643
AB 34 2.906800669246337943850199056564820136195175358086682470236934363198192885393480537479732428476436890477900792628602564356671887176882377336965354526625606091671049854700210006097467420731485078799381269273124196337452516 -0.4716246501916995625486487383630233109632188596415787737406343688545409790726576989324380213487935106836790146174464897675813944782792097365353728008740825442582379838630336665897211578720905108750073942765517126846542938 2.446097785016473262497137640902216557515112161722167754571212674716366446720004412007512441995425847028311642642669616976903488865087489850863435555748183367709629110542482644760932656202718166716582889236618871041500109 0.2614426999878450921755425805130337433877094330066176262548070998499466660428432358830084002573766158591499404479664326576390954626646153819405644906150307167830511155556141065550980331690868474562653883041768645125266213
AB 35 1.609868578587824064112754474100917674990334799229907810583408949590464535771529281554926351530267938157993151586834056926368819863551916088664271803974025366731080206216533432102496661054895888027571840659328004202386777 0.6458158247845881099448420462539696511728571619826260080350613526672849377250122601270756827223611340303190129462753702188376164942580296117174862782826240766390567815802477250765549321706250471207839393130846425912803020 2.475104720973550841207082824201996827345578423647579266470417445618773849572004597029682772070652538368567594346459045782644208265052345877776994895166927126708284021081218370994954137188796854915252965332441734080368759 0.2611157895600276726007827871498742198291985138595117287787890404798231994773494775328599813947936849031612474469850354087496442496559058235314711015552157522611983495708699826387781703731143344266954851312657380869614713
AB 36 4.026915255889511263529761090405577789446664766124025739367786467561071831331857244482403279594754452142284303207153523060445798605637434374045668322528195565786245498688194556633656574225522626545306774559653617492687193 0.03303535883670411156459923589189376339886687299327402989014800149777288611463769734060031138095295031306639350607608409706563095172763305010524265401358603553724417565582270823080592997054021651433183714447426331508809291 2.503293403208203874823243010166797100071584379650645889545802921268291894654961665623815965065436116407376768219046641386113899506697046634134761569448846786061337004947454499088714384516519789877468918109343609517958839 0.2608070389168839913258364912771279484123723379675385906450125277332126388387351581700509205268748230952369853026642875593271626680830498071507110642721654461820417402840644814412847707271681719200107637492253525730680196
AB 37 3.012126071573183474877948249975711790765231429832768263315671848249649796438022593210498037967506830865309529933883725374279429701863374096420028076378917936784987791110728908037022752378440176726783182970534512949661369 0.4670861046402120545566743492879106484323145891548030582697469721245963634225946603694862349794049478275498309053436856039865681344141730198287513680151963814390756461677050545774753376099456637897349689304531685022079531 2.530708758774909147232063476515397061440016237753797845459359815599106902019182080351864247758761179893058137620329006371647566309789319042243345006656086329436813642107946951757100031093063794516285713410842070325260014 0.2605149758411447958748065058580402822671127505725964907510554617119297706990487264331489260603431658856034252473053408990112880141665487228775244052281317007065182562363186039327220033829843692768516768053666623665919108
AB 38 0.4424414674911377129024707687023074452442429808751491444465570003333445776722513087847863352746512223237792680600556428848019617629792135423021136989866006021490954784473056898020640694710360676134571660863724990873660222 0.1899266712950872545901876219292637567726127514655992763576512893575610535116747287801582938340263233721316828953263341909298262625126428667261881741891640096866821945686847315190383447866859323826915200273530705968362094 2.557392111216473940595973487294079557299841003056943494780057374544769306159386153507139628058526065612438605973931200143271395658475620595657244669758536897086568054699350579967162416192573902119496204162665546203696283 0.2602382830607915632223081584493392463104137902940848562515773701858515846180056761954767077800042835041421067945078214565442971766770087728536453265350625791006356950793528405652334875497884889135639234801198174949774572
AB 39 3.298410722713386106751848718707765508715409840602490048095598596684507486319845908839056977268483498506968240519901351487480919073790682222983656774627231842298752430085028691980436529582220198309646260696635228029065884 0.09030930385752081621014998679634912205951851355133586452145906996058226609496934481397288952858758629806959652446462703586195023963300534146595856101557848541979502139643541849281411827691934279700861052144687824452893749 2.583381556122079486147621164195125408121140849213722223131003004459442242280029011029253902998264488345744884692545020562885501348480094439701576606292030714107756703283514969090006461962340933710356936807214930872003748 0.2599757783879771046371824983850393686628350453233780580745789179160499321565302680541923783573057861638224546606276497250536834799555581962416947943677326191508167769836951240781535098663923906779466760210292371299969428
AB 40 2.485308691800929630777129197833921820694603957775236706634521100606492034705603541933720408119622602686650829067313171103212975941877406338665517501221248611779203043043758236105699778265941897006767076988285841415748667 -0.2711759763120978479782640319058252705489951173599414315270927075696852318674023129884634516559188131931233977289678840287654750361776568288594921524750669509335264223882938486443024609439252865064870300125222412061232222 2.608712288975685266873619988413749546265425181121285754611064554141884239007124084237208707723576963736210647934034157251297038836236294210609858157292081985426399178728923565793485498483836163576016328106613434622486737 0.2597263978364855493029774030094658156410601597532575064199268514740501021432982725796384722443765838381208635443446626309155046703769603975014541043499910759522605609884842590479191181761861182568333180365245242535411854
AB 41 3.890656096753383486970864236588345577920701044715500106050309122141734684859889460068608440962108108901458002953910021033302436768066414389964748023975085105459258498970563351802186454907177015534191216344109279098546630 0.5540542588558464909415503643193522494919125857374406936399349665133022461398878114251134853829302692743040326153137829242848639951804478484535020347962974384793540496930700135880004363674796857744122975123568104550766207 2.633416892391303423350527034005010753824345950715871436432665712759457479009932923099801614944420053053218589501404384812394283460536649608280574188732718958856549080265964201262166555322867366463627513284345680566996205 0.2594891812093175965433786722172365860435130480272551099836844025050535318784779713536988629618158805745988219873351174769637543437082743046168119891725318148271140855052246927853971429637223948101499447645075842188132498
AB 42 2.082725720313494340983448658288772800147089212243684280290345360122610336302050417024777735056007702377708369092107524821347821861970939909490614384347497331667503142139370602800475166249524215087887183442359692748224723 -0.1922771796624295178142146314228537395255574858219949908717258784829939279046226129054095136482131391528560298905962234124308530661305805429060583742603675368894699154046587410253361639330871506034868511376819373373610817 2.657525588629369234734849521178390226195567897662379424247355257363273101463596206330242822310389367633175994586641012092796949714817723137142745362251373701490986612240817324121985578059820872171849202612904603005166432 0.2592632597448035388819345372977664431861047831353783428904961547356761680407236574045492426796827422177612533811091326089874538770928940449732793515157216807976733821703588502087187057821685912186997975355575592280938487
AB 43 2.359144960343099542010508618060530176751892765250367817091812010376520545999748288215891055219860898151336869030169207775853073200650198521292691640498895887515865056057135357686250348807022469669683283202794691004267500 1.004728812802137702172861013297694879828072788986834640961230104528649646619073892663132991696081338580346453867160192180819335228685876309065983344225631514225102961685767436639931446332534639591025216946786822373600988 2.681066462313541943317444804559462084668465207414442695591902301462715395361382625242167314514633786101079188283843291362154582257271233162890478514729894495606376269419404539398758796922984054554476320666234969844831174 0.2590478454862046516617927398936486199811862303302915047958389600393557299911373393894297079606042179608422090993454840748321944528943067146681232733913803849906157483263793214234075545132753374314346453058558557971100234
AB 44 2.659880885294595333052269975006484708176475276991103470866641684809532169680997956603564631643597428812770109707083550794125229823167636860942672867733020644365582991920953429449061179274885513145324493568189243423410619 0.6981339005550179186843255996694961895573066316514481599279541444321712332213574846831679255072758438091255487452467100826385033668803485340307153189529884969679755058387093079051890026523033163724667201773026591643227526 2.704065657472483853652642791029676192677379758643117377982874453572088225882007837637996064937822522984303523541986146850271950978363957231814836092604171704984892829995329330691993772090421514050596085883127080893449347 0.2588422221006660192944442652858712959275450570380189999089864208305858410401819718111235206298938209665237852539156978158404562692852351069804258889244036231629157575653355806348903838650385332215828786180035697417622150
AB 45 3.849344037983939411103662968090671753990234352290705218229826663059802964082806604712002330647897250078636928755400103232751882364617945925968375692958597576016276497714731391927630777804734654895556417887773673491508946 -0.1403034334059051907083536674633095667180259234575603254866413066047225840313907498322034957363338086994600096349947762175120247278923521806299165240744024111330028616451950915994538165384393298327897951551779930151231167 2.726547552379881839935242377923138323541951874432538773159907542680718214577071690328743506226765174250702522984110711610347715028070203456905816496671806134764501445033618037396830594976345291265971597262463545250234306 0.2586457369221088071841166802340109572238604633183062590542018294206897003721026301990376259473143568903009811085264788763447436899984740916210539136899439760700365578981800001609766023339037987196386351889681806870932084
AB 46 2.518084139470226103232429824131405679528215164456009018733321209278443180625571156829778773857871525586706323160878176788362571439493524071741891549571776576756078943997867419012802600474243099367068778078273388279677625 1.050614539551682456325550318594581449460711806369026398506567892319328922671252858976849783310396909137608847495681137815237247064777291393290836445979054809143299417520403784869890879208893621236118175585424736981795310 2.748534915129677288500114049561918486104898995804148220838588935371709797461523196039061478133051108050121360797716385389015549247585184363275377237980518288037087059742023875424337889812335869594365941267043593482080462 0.2584577940318439978879882515378486192690882350710561720149446949987866250289604060625668663302980022346033855900412478066960918486643768877227888589722257957429679405270412259681561666270180755873819837576750637706838401
AB 47 2.025271654923809199047577808847990679729004231090330447296708379580976101853985458599815125925993924774751290394175609880881697394039065175617976587273956805200244573053897562409483521694523542002956002835091887775873095 0.7705977998968062423042463514974871298952966281649048408960702266069042832596662628816704629029050712779230354060720905539404743487904612684217443944670319106785887829138794644822470030448099645827807377209571280955630605 2.770049042439804059109956942623169162715065731383766104151441802157162099896717225567648670592465995533129527920629149658049792385295185657191855333605617528288661141288648571847545596412102079780992590166806988353465970 0.2582778482223800467169259516471942975966336975745761097448660825697558024225742721386637851027594185031620398747480095151437507635183299949117464532898867202126040391237799782588737258930347287494906989831237097391943116
AB 48 2.164134237919509144342521456601732803115047852878763607484174443771662459326407216067329118203969127687581188499948564595657118354267235495894596313564400696545781603472226104496060780046774604360479201511538384248769388 0.2482447716824445245441413538196430344494322551807158300280378819735857763296683374703497692709757282231564868576926638952453197979391340904986945562330902250919293590025770122495460533652018361248604521836190880946584776 2.791109883809073502087062651167602973895746862184163122713209331263747106769410761844467887566534944264681075060499254315190526817112420652895087327490213085925999796869264814927408256327943214928500369484214700505688567 0.2581053997156466510260805354648089353107502453458918034819726132599519954491840863112547387726221010945327970161585412294937845488016823216240612703303945192823188379287933862360259854897809434612175306157565681363185349
AB 49 3.698505574343800948687023709398522989427352247868618762345236910903327555566650485811852959212745566082153205268893683102506992224991504162174496022860396517541393747052239255527950576290801298308863983964482246855741297 0.1886221762812861521681043293073727398414249098030552112798538219614118804434686226712019587966955419026867058372274829246198342116424861645844630236245515754095496427337931440651211785221061865865774298139940512102838157 2.811736152844215710221388220479893844796268255042287445532730940292166011887735742349759427108693574634257354594911307526203907229163328388961816578157272276028869394843582946934542653211151073817456057074819064155420642 0.2579399895278779821966363645933419311036216553550532104662209857942763817529177821966760175135966025750813196872432337280892905469484730627516108056219174174348243061579909294772799129899954970148249824674630520234702095
AB 50 3.660378338563806444970271373085488738537459350751814406117745615479675541029395823010473185798625851156732648641153297284148002806578235690942179227550387790804133412583272822081008375952614902962812277062473253057163084 0.2163841502161424831041826620746483697018278237453393252810081847908696780944792944080980930690691280671239164276017868231843445595735494175435993149900487980724379113182200298804429321984094644119228665355542159002198305 2.831945427316347278525148583502811976131845998646654884573007939911078668266822988134707701469561363526887961639786770542456918767640286115901883979263372983276178752283368125694303633067660206403952087558764610907785012 0.2577811953906368119045988055867631895699827696946289507354532865430774709365262453521974598393470181454554810532021839092012902247042609774486221074229975513187755409167238792695767309782118891438225287042825310632077326
AB 51 0.6717981259604376763128176569768670401157645107226112592514891155269036872965460352507935216194154542617588935659174469244088643498095895406698715259054918886748308488184265132217488673632966234618381461982880611886266350 0.1307003685203434709888375966309444718237948881260765908842063680247948962796996380775341461598959840344327117059402211139916781092274631482608732145285110576637203260438247473994444749768728749639506026021242544632058160 2.851754239289363186342567219036100333147999183890786898103448544220563379387891920463229556968444468829515109695431188493249741393377494302065682129215495650262860280069760168465204098413966413342871958646356716569829307 0.2576286281516575995931483599362564425346791334401030865221563086392839494900274963371678391138291369631602865434025615517711778073912549998133240350522200609949265222388048916287242770161128524933478000534985263390422570
AB 52 4.854126721624716196828549882391479646783551021180937172640057185971394353599077609553034939679513446914569860876430902910761789858921564891234796000214727915157955655237465050242327370540189314589749877989523774950335174 1.077186827678264072946436747126643302959608732517441006056079367344474625306298787756665342626536042014748215625306025344184017990884853179653977727234242200613708842531777634783083967659529442878330754020828241011027680 2.871178156479759149022102853511436313138535507436345398178784012201769649230491371091890425545608986872392214261460958478796681617048761538533457569977815351637879197603868208324411511329794185505776124744166954272290462 0.2574819285909265733043514030505351196030655933208624092910400617408956934575078426554965819697082079734264879092219522073951112852101052024163156752507389628501515656038598516407357033354202276522636705300066193700609154
AB 53 2.031217428130430567073554507251281276791717790666142340235767502039559310310675493008631535905034600495274390379996302246032682192997082851215523222173656970974557861473700345800508883502436400747050940059162949556427366 0.4021554099265853831815640178777063691754311140654266350765204570854385999851140089841843366547405901381929206992669402701388756945511906145864125379396774238515814585179804904921614760968670805725774883099552165246029703 2.890231855852369831738499039060351046926180973322617052795104661220970112986331468187151568206279996226207459715005657316655481567416360836233369881149510152308759285856818075504349271889651978891149316327482747576437322 0.2573407645971635651513668051538238976352354442021279556641057997926982670174817284040313764653495423288102829803282073831116786799699428495904373673278833726037851640189011323004045638106105951663424849497196546933547218
AB 54 3.231470653613308543412883293924814375325653625006754379967323593067794622326031436111024914890935967155656270661445700823317189442580251424720605406245824305074861123432284353980722138735532445794944267202334004905229528 0.1726015380925365708832400978752425213216812788486046959076151386968678632267696711234941613662047109739274822014689467330770024994365776561769853244233375245792218781525262078827607709354901496382128021484061291219696554 2.908929190324736774858506662583145887646753113980596291374622748365382831198795383431624303631650352234236759499604824521285404610309315076797850049807828845453906672490816551578187616353147050455310651329162489165492400 0.2572048286579929056313697790966200720428861855063554445292342500779892099850034836713030276996248555877919571888832307843136937546411504828866806284575208453482827999678112990869281858138189471870151012269684329025290152
AB 55 1.870026503753060575779097737753051387800155816323757553487029846925169524017535752758517453285575259875138073384172656883641821816554676535693486240676823212815304340679090839863331127280568952676113120605952270140493489 -0.1410565949017845558148014052774538657795034320056340345991465613338945781900294270640894989691347959011818233091905264876379030721122142174851555065021962127004161769504979643671215356773089140810786216862030422820938843 2.927283249340446133261636324678470545192342162459054547620775358441825156070140752209029800079898617309474438532304095019378748227531888212144670900049361525107147013241986814091415715998503650659039913520041973141170737 0.2570738356238842920230071903099034718596968772514885441212895512298452012425830406425204258960744799248556415417114357346666200955228832901343930541491058058012924152193633944834851135415718770629781433291662395275148054
AB 56 2.491972156588392988660031558445616293598637954208198393280358702199198680052347505439039265272387223166656050900131072827672128583183186364513824053996916027740999216257778364251336854119646360171112825552072646453333429 -0.4746968166425824040301615790733806339057576584527344535469428529134726353187675982290805982367689624257118545632994941926584561863394443349491418288899098032713619231125511670528504496385427706031571502492054211595067216 2.945306413975645116086025451663653025552474683800761991011714437195255602251299510225704165432151980201319737422130193236931353938033134121654858487403099438272474830232746163075723394177982215945137836982999200726041906 0.2569475207116464941187574566384049414390605999568879263968637328025634330071315762095705508378677200519016839005983908145406132747602993978758494099941063836947359454655794880261476277731771538861546572147379826555017534
AB 57 3.896400291355841906529029318278837530246174298554565255810292309724207461647747700034211295412043181602605450771214101557334617270934495038411890628923535093866944037568130735152781939267016148920428426687048279147283203 0.1743947582252475045473430859568214963187797456539185117758414538900657087500802954968579347122062775075538095701497681463398121756180669255915174761322371753182397138539691193542064761853538514573955160630548115123723713 2.963010407160462351632975283450258587927785832926579088167544901346771637381204480913740708386992296419311554978003023308580405249578701463359480063602049630650038467883670016397172031862659642986352495898496710240463383 0.2568256377180585339117873023878337463587160092480902456364414758872501439196066061179436162360500798439644326359744509604229241831706931590935446932660286585291069819541836136838228185550407422215608962341260609354970806
AB 58 4.520710184862598205759205974532590716041610361267702462642156842649294073104832699775004320874589222146821869104465234036865254564010216584918918948321374817294558317795712873614853280574467394782308052552228217534519908 0.1100142671525826297168942134478907222304377063064368609353175583550095309210783076134433685894358228224200976398826618846781215526968757834276531321668673872719739809421173600618871551585187736373977834191906933267339780 2.980406339526079047628888366556614853721738269074871048721921540542424850560901998392801924452943453017497230021788514937333472320650636799169257407346825622643580571611794454603380210742779682593713506478129725181305403 0.2567079574182797525563102841461012325497205995106131002239068663273362699256697406127142456760251139466921108175652367758896725759838752666190498567072064406432455261506487313832969928452982699878490199887176705964725518
AB 59 0.8554258423500220801340384371124264538084342470236279743768435609493700875140886426324122082321784133156253767793716102759180740343801774017837942272582702492865857596700928032403808483001478362121422725151018023771589687 0.2054123427385241530890546638645256278739033618985781874899098931645278714464247139419861285711052946896608489776779427273631754498408696657404738935860620740968663560637450377852804331864146786316787469037734348134190628 2.997504751326949838081892327119764231394630279152963494294648616408164223773087072822846741225816881240926303636478175836962281076744171572241189130256013537135526495260714997698095359729867976999397112606445850576708811 0.2565942661271182092984563641936587593298872247114071784634376425060217784771161078393170285064002958925459903182775387737790010725200656547550917502942730688339717931640484059437785289890678057527913923002763052242671252
AB 60 3.126945242499236869920810064445597876403685769812038127626995074497024638768887412071876532731979550764167113193595151673654980459981750492370528940312790897315060237145346991308298440914602021528016387464625020860609636 -0.02866077796717995365350314649934898882637402258188140186002910730699744117776139872925758890786386689954760467846444150408887397939302551731415785242963386049642829691311656267238812117000202297533691363130731554076004958 3.014315650834678861190692129467000378602625037483667115364946824548043525777153550450271285315753857113520255462453628474796572832820287123309657022185542542974277623885128612210800652808912177525132893529279463314818560 0.2564843644041592521566091841971427761975936672927191550291872039386366966443815749001202117502211345664034008633744501460188859757448228394722525458666641656650011394389101990285041482947799433733166935528561028056204931
AB 61 4.174689227481884931887632264831494582769521018939887914106284117394029221488621482158816501583517735145344205613972739958413258320210067981610631489033212713488636165608939254114433434667751716946382480759366047873470502 0.2772259306554076543018998070575467070433340378208999556550924956482124221744425907667412782066184526120765743883305690114323591717050699367250755018130447804150567861608443021857219940929734408592669893971307153943751331 3.030848549554086774821751659044469316864987180100762657368395178135398400445545649597382427953651490360770305700905877261508457828682555693158003805784089106417697910041939998952581329980771205455686067812918781342858005 0.2563780658862473774256184553650237658314428091075392048390236193817982374971240252147351611146760039130723016207189527749392055438808109591747084041568374517305591174876398860535915561748966987372476108301925389396644294
AB 62 2.120651058960162974221347234741280777203600635266876105172826163952033971956677223304715410103282577926428511025178801660669460545217435345961226849290614547814107208496060742923802997103848960299584778116841601273806611 0.1559512008417461371101718384890713179110549863141610208568097127740676361074307417722971930488605433493597484833624154593546917221493318568643352723158013710232559335209384202016394457791001785050659209242521713936593470 3.047112494572027698067935963989558192579543901323329883120315743241360518924844413142476046036060008248298523290876925505442292107830673969233455347119226346240715709667055174858308880483103200451548909716033495732750019 0.2562751962329441801500891443189384877374032820599578503060985386955927165128924491559330256445286190143301562101315220450622472739732450751297084540201033381642552853644430985417427726930762178757644648037256330433906550
AB 63 4.580914800259799154443917423463165075250714880514872882302288482522162497176539691509691935086249009961614232043437758105313677193895403857718905646802701370958544943057616765693616152227353802207639573398746195240967833 -0.09408382447719697810584748350828543135849308572119894604253044765836382083375937132931557918285065840444164689776571122287721008518061044154615434330577229137175947428470186957633605415830906141967585622744184021769363552 3.063116098314666382200455602343781771967985655780008516024265720999876020876246864678897703556098955501692146045919627579246220574422613680519565654829424014827065808375262861030770512199620880103137783047081535627379400 0.2561755921724106785142764676276870482670954775503838258354478828332467502299691864663837352697218573289102052955093942296093138729899303572303838383330959606838883830839320179461282877126403913176353130508216037798754924
AB 64 0.8566420389507576745686517947312861039249108523770070658692343143834828668065372242791423972368870669555480877615810350393073610071511549861219229060715039763337894549485021182209136353468776415153804032897955652524820832 0.2968220234198871314156307694578541681494974431441282976244227708612256734423269792770255898568676899548941761197606755413449593114377364257404508466934826737703165548902697687984793423586533746373987692933636026710102069 3.078867565958476760487318644096181364721383193098392863890661794264505604838127641887679340441914246660890772921148588939084460021876450912332583314232203879194220365275417158860176637500488865724514179173206538733448656 0.2560791006367310974289326066678881825403980769133067485857409840467735304062078568939220494201259020935145938165568969507839124797283336576123368053687685782402911156822356866661566097102064799369309990450545182094329790
AB 65 3.795308486570663655948459644620133978761974546677818296941242203286397780359142851304021289199301754086987759550273771745748133935742698802903964244263381345696981387732135029263682209086907222696344329738116909417675043 0.1305386668771078736294568222968516004171958299880328376381155794648775181411457809202111439649622613167953028160615631484838269612708128620723210250145300959661644159774395610378860260263760293910160912682589728259061131 3.094374720713558130563758305642810712715455291612172377650057865375370194972795650332974275772336859696630465764699036486710941778045695832284548401866813852042361405248449246795048409438202537857948097966707578497515441 0.2559855779770468045333966854361095276008916008983021365319689799103931610271497848474965722869529725425813829687052318783951055207526088581600312836699609148247356867383038391892965718439033297588748926227864889308339362
AB 66 4.195731658398699524596443293123742416155924811563235554583100255169399232064097105797904187168002255056627101206141725351493687021660408526468169326088761148072780371708644410698172993880886677632040570268068232255322951 -0.04667262302535023198249033789134657196829150489576065300324899184798348357081742580553052333925878664059814093132335327020342457200471521477352523874876763885780644508225773457696103588665506044984827810592559272536261708 3.109645027174463474189013946831480234473167994815590074934169965067710117211714273175774047591924385002417297843921236989893684567579989424308902502746043893133037871824692160338130970278899114638336308725670116165757856 0.2558948892500364096439978632651670467446025714138825994903578862803222722402201203563437307316732765392148868734291666543705468292349551602348545665001726308132538317282646226971278204807374523245295688625649472663229596
AB 67 3.410690382614620450139202336100969058036147489904086214169011477463042733942118469956280717693014027693406131771074484800070472927161991723504795995054771293338916918536228149387318280109964410432061502887834266876871316 0.3614393314187052452243873789245859035297221739108139537937225729116913368354884039199386032654291484978112020371075840489567215885167512963876536430925396382253376559746564517910570209238235564721464819396626857131029509 3.124685612913153252586045368708163449667476538383965997841404744651323235250139949733605477331776241976866102961055234480340682393065484246432197161332215290255861495787980403168086834041404505938574316870061288711279070 0.2558069075682885691389637191249906950634198818582406497658782190853441484028158458779276528945925037952461690499881161531232827513068694848404706640901738061555801570771528570741556568340689793247795473947454577773248119
AB 68 1.864678125693006540753400481016385722183944979676782842254082618070430117895095476609113370833251720682803070010941976028528754630841612651508578418813193182199114672873284554548178371570743419279029810875521926211452817 0.9156164612070223297533047335953948163645880978773199935744643020089578755103935185523129580138523812013596425761482023685759152169086345892800617021792598090905188945758266016673212017968680324722094603220868872228853186 3.139503288470550580693949652324279470510994385627950993513798628520763837694738146855324705114512036548486117031771332094189975742474880604404429858529671393961079583372730839880225415962906866072657884197933482473033178 0.2557215135079908342244005764566840645398820164530210872049346252953124461918760323838870824202801927850880517703519898057307382117548344990855525126155831123342375537875610983330280253235299569977421970836443565296943486
AB 69 4.041939157219642308455336392385982645130319002697756562171238032390189240904846608327850478421284981487559127334090180451445294084725975540127975612566971697304011807734048979279001364189283886405992144247624899911201645 0.2698114119328967487948480413930000136780731614436856768949949049358407993169468930932819280879660933961870825350886101772031727330297605953150063989532683791632906234658622165768152602931221781883159613599029362058154503 3.154104565887158266189704633071187886545080402129489232321203944138572428788021575021125818374872960874987233624576353322785694538977579937368335877073885208744300947536295584432862221727065546308530704048870470723483402 0.2556385945681203259382596563237660299768015356644635378478131093816528886852092294271063520631733762477474549053956514936379445810059766127008923022159265739359006623356698077405760658730263560225059428040325570241828577
AB 70 2.737477212065727606856882096854726746035035981766813091186709857727625408969307742253549228052783635496351661800966218881899745156136851634466464757733729673260758962076116679951125234572615998015895198157213409407989889 1.114796464156975696595582820681447782018113412721312040184210028179264450299619420950967495176019045441334923783731927540007138580538659278734438358651903743507679006704187847704157535474689582278622506868550832249503687 3.168495675899029473660626885992874923980650190940430381852566693044279168436419540387949321602239462656804556145634435325553851994960408163987892926072842431009263271015453888829136269986226648253521379877492965838073448 0.2555580446759864445957256091510327944762890857941607612923095733921179506865077655119008154621319189151489323013413120130313390526237204596027801837952328317220977517933522559729975283638510436476330292895390424189707980
AB 71 3.309524262762602421340109004173269379364645189210882336218891386720413155159226070217002101969481769700315610518894260442710210470833450773494172977011211591122821376255914186866941164988480192638271603571193430718037281 -0.3485721129908373355310325516163443196897903857970463778771387395682464515040806936693035832517458995359455371241236189594520291139857376989104700662307733124083173812807509184230253853834395889047552671345286917580438390 3.182682583912825549901638862903348447606138841993567932022220006350440026465328786447782136667948815401147938854087565253436230814097172169538224787502507892815208138132096512958115842455610948298780119393108813607372622 0.2554797637345560312313702836692174609179803520202347841385111720670930003049036324657213199939243769179100739785982215395627841784231383975082799058951134988847961424992696510561926153663224393091031165815876465702773118
AB 72 2.656446244111345487635039365563652953295826580502340052560687679220900321167981064849637585793041902533161475260680310852199675161166168689135603291174007895569768216960344307436933917199408327277759721693121192442737689 -0.3595113157312102040857140359960351239621727633260379639450666517449380254285448519688217635175068502762347570673414263844044776546626363326947287779062696316323071844116403412362633969953358086537956602837506468652748469 3.196671004862543732474022668017833765382011249259318035555877707432533390257891223425661279928640074924914416460646945099530347033158755332041681810793732959277040318094751178694344848010988356055780305118893412668549968 0.2554036572074990888000878807306691159453767018418179083178254926640168742932078419350336895873953130684444654858509405930209830862499170644686750211945796494866458609955517617227657183006120467202886855449730620339170696
AB 73 3.274993867972490341056225982177469040903385784979206945367786159423977640370365832921040787714911180477695615779211986047367648368091372938815214062586634595366068242867731744671702589347321004031285238719594302651779631 0.8857998655316488943198800409721529358482496223494925668145959429886264773220682451756523113901669859271333115254157474596407053663006784350624903943670230445210190644346039057238691722923610904798361994336115005474391551 3.210466417040579037375397172307499685667301794233373235948314883900039051567638987746905945889281916705929691351990289483414437664085616297171637925304981709731351895372601977765219022059376705699498119258674276103607354 0.2553296357383382746863100475512097333195951432066083043127744741894344471023792598010548832421556872502818314120502238459194143724701791756718652801480691894134015667579884693016798349427591092248427193641500391699472405
AB 74 4.673909494831804994420963275078472013657958578109911060198622484924556027476797739888415891846702965766490310122117707474167664203929973478727109764488805295571866024316259002573647943795602843708150754483151767118607483 0.6832767066248617158395038904771134547738091780651483457001352346001830526475018186188257982695394277012143626518309917777895572186322680792044058882703504063972203388034805915918968986557190900847839325456858248395977659 3.224074074986947418021578962351794186431172259137963677081043658135762964389339509777044526136827689912894870579762608226525891077032826336690399558009980375989179537680867124963900039986174729329296344497286001974381197 0.2552576148004763502590990493671561125527241756359230514812121635889364379490878619688624843940881696132955846425495448237232671067675442574652089583041903272242551824662411741761650172450352988906064042058790558218359672
AB 75 2.329102700461107607690076648584869812632897027320846230372519140482200773897371604262513612299533731462707365166308380205973574454456530151405085519673045279572986921422640815698034368077990552095500089122025329127426541 0.5224090460636121063256264542837767493879833862946562777741186924336200283964047329944916529328581797135894496164966693156436136089698628215626429674159077889720250087004399640528347270381831233280665741356065680719127889 3.237499021512610470076001356722259381385054693799417549396265709533835020894670349005983999144626543120273088547190349291638742882327552771341577982882391018963775533393595686427875342080015816003071312174495440891158484 0.2551875143752198344117832989602564629659411053331330248186469016953402958361203847794037246108372245101212178531058325864729244567547644899601399370313738461268699203286025024506980110533223694884792844215183521908373430
AB 76 3.478467651510935315050589957392264549004083816413445307058834364064522390137307100730602878457509888271025681651985675420310050058269174937755057140813794953386317465985776476361555365688866665285835766136157439605895203 0.4070811910924190337024966833166102007014853317454461522502201728309177401894937386921358656888207168682171773745756732092633793324790358757952310566970173667564511363215645571891719564969307481353020479344937930891691492 3.250746098925792048984956630716367426308214628803437943930589789207894031937125141210334426160132372811028793777676957746896655359802370580469979723981193747342399897657690996965612477164288810328293968547085643868552901 0.2551192586552204284448104283834402689375632322894166640989201981959464748886129826160406721904921115299249368811359660416460030381170650418432926945801862967717212489295372074284137926598223491698640179041611052709889417
AB 77 2.081837993028828036703603734446796544831968017798536555989939118039236535367127751290615167386968968790025754983002318158784614413682682489203544555597414556731060591333545704102839771158185235983247210571146326190780849 0.3268284554388123695815279264237723889411946099135378325008551227745719849670918177060000736020961608681010256398807816614966488725792053772089784973977733890075225586973270853491121106562651298188003779838094696386301799 3.263819959523865552930218737189388452818795497319586761567459559668444704568840367326186491847132808412524767444316263165730509369714518132056632503470067952779605520773459199071056273248146255497184780295983076928541184 0.2550527757710236498365853729067154044225225652519877970698651437415275956844072396365363132391393537009390228982846856056316983942043154966957460287690773929600719155514858887077983640357390043841613890480925771412913966
AB 78 3.982534885040726257136146736902809600552745613347131215197653308360008116527323944123995537846674081908610423887621362013440365441540274119509763849562424050931185127054031675944365514103798628172213243962646494855675647 0.2818870229729809359021729044311706482498063898768092984369313546537085351342975344191343873128754495813599844640788074994126140178472188981943728570933219465282271249075758144040309976218712762271570268542033141732065505 3.276725075407731433321523446591751641775926029490109478489983182607656118838654509911562718728969512636169959312178554472222573964183343734366709782905920461031127187673197795585513178774879609309030415560853369610752659 0.2549879975386510769134806187396257513259957350112993886225584222389016317015921898729568114027662796853123342439822128137552704170246051935078737449722121103010679920200403263674969530634320562613738535382137318718748792
AB 79 3.976937934494188631128191707750799314969206835109233255242899359820988129349055647614581420360805418882197342206704562837417815947062514962293747331262098985874523947441735443066600439000083927462664754643737766942762719 0.6725561924428587433891137827958979540911371053201805405564267899721139068214693096026432601335689228623216288571162778560807965467226771040456927466059589716068364426661787408161507168571589643341235510583225181224045356 3.289465747670522815033045899998043740958275290108210229086967053138736073832030697052942486693709095803389848081950403082945489689348796357444437338731596500781664525236423115041840081791088220276548392336570916677741150 0.2549248592263525769684757945809939574620340896195803553462934155516269220146743570081254970971728512743106702281000989979583481804483218103150103140979867492973784500672348376078901531185569186542243294729647879429277329
AB 80 2.471959781566005033006796155704058935258756342502546865981503353986328804678536438057676798540300135535933247677352419816365328659305953970826467970657957373004162422855829187582681564623965574216205799412204735352633006 -0.6522135915531031103586447837267777034906464989372809634685100935475777463669971020786137367173857904091676103022198360355242983447897820717294530067944054562762174681586029351550872468719474636678670935102074060076749663 3.302046115007907464763930600132801521459356147374902131589712881576176290448844193000789493874253575591176219215883967949804658954520278107970159119220200219724462778633040391865950424332760157513883157795963010436864923 0.2548632993388512409560067581807496270750887547944175392780442843542222447709200395562773288857129270694015557385188264636948604571861113498300387061867675408865960764561776504180326977050958660902250769269122298363595659
AB 81 2.841934950682894929640673553512485137115861881701557054293440246992534947852852607212591222260458375656713269610220986165112760195406938830805271991950098785509674155748665620587500257519794481977630684138068139735803999 0.7374628956590823815664566941370721414458986934759000961488041147534560787833928647758122178511167130174594263200953356156650948163380924083030170961687406553158612299894362692081101830421496244871166340559164678858505490 3.314470161793139409960661029313752354996112474838977743893347166975702313229854763863424135377431237109691358631703085111488904359002982545583036123437627736932400460079307371685135462861194097193331798185299287463932618 0.2548032594175693943230903561540028183711292184987763357294952667418264498060390794128714792387149614279030826149398572709988752994020488170536016503003590443747782827450113438399810779984747028117872764994395769370102081
AB 82 3.937541132553016347337347498211154841054606266172364459575847225261764625266592947035337555380122942868210096666265606632121072594744173396202004887021662879073670874132391384095569200847737515273124226427199962867821759 0.09477109734906580697100282429388893934472823956132240144529864885205913471738439989494912422621074460176389380164135680417680423174557129530021706125192770539525051604544941661833843664729317400981788804644792118060027192 3.326741725656302999459773492935651814114176838351219961562767702534380313793918434398954014103586948259375794838372942723776886440062527466242312799036041988306709214608118279935036651602990250417872856884052094692754544 0.2547446838554715205253334599050122593984948039606442685877063735962298844953032527291493060989971086840859968391770185300949771651636438938475546523725281437943900795464042696353541493159832056096761652178434775367060728
AB 83 3.276027724541369236704833283077431522869476909821224270415686246511292382361250259084680638135300801579016401731907211322587492237409412162331241205652587348006464780960580453941849468172191932389527425670044247257949377 0.08163461425549467978162580016360367322137724550366043122327413255177966645964569044978538734839728855584379555069197234932461142410082459702703485877495331385359220582815095518588613583195018622947691101667694389622575221 3.338864504603841931284754064841550269769874904316657921748738647235760648624981229281699893297551424054031916192128030867739693842131208095286506076507090564072858609052207934815008173032352281990314822999792082020436234 0.2546875197252914114512620787620281307352171489219591323949447525164827070728199324967799074521056159669722299058936562556859279958178312543109255331238215935884001470671850192441008364265917061545069052888837232262667997
AB 84 4.194424560413000315355596744592071793174691258366078136662658698076537225680689758734252740528007603564174591063563627917544895939826966553235335695941943313586755907770712845631476106357253340391721288835663937542189368 0.2276776502754405237095621863592184245180537819347475639265866681067030307819509680990123089302504097438678931634125779801902194353858780560315122880642126488267664643239140403070871889692998952199636576291163642958071248 3.350842063711436872433709161598811284346953690818083996571867248341813036380060372051552632074596866727965016112706330810398170952493668197316619044549973932011688135915434248056254039949410965168795549814393497327759713 0.2546317166200282506900175848051883521146770536800677830457650231059086655704444235546850590252833125185481054275680319032802536568750334348444501562996333229862854440149693673218189308254821403399094271582170565120646683
AB 85 2.602532186853298001822288986691769886984690578835522088592841529013322280212260662718493316041619759489333583432722487887169292586466356957991851503463538130539901851337155708801604492853950841160275997372507725697219422 0.4994449318865156836753009814865718617179970965680048783441359202684865671561423693431219248991205296895789619994099565887718618619370424531579737200436910808685003597439621844558851319861246179422950025531678182836744700 3.362677841420553487425445655669202883462373106465118032479818347960291766882814011421571582819684392350667561413989922960309594723188078768266724465728495113367862336752953870608470686132724643826832561441310883774553656 0.2545772265047012983797215153822312786863015443370224332889619821838799312911593128610474366191078554505380686125569113404803919253492390313919796659016285935363249165957975640393044002979491000728777759532318765789036698
AB 86 1.622913590149193555125103265728762413720886074900103352197203959536910659823027520715466116561723624301463750865912504852232494436056815187401137030917591255019018664938649228568462356410790430242551281247443433698596700 0.07269956256844968483928639820720024850547487120569812184152535770046735782997789678608491600944327669759967751549417003306869899190163937814846475697877715194474272049633754386445007861923624279768083022263107681367113773 3.374375155466497718330566624713249820681147270502375144611867399813394471705563035275223703664725205026818384974872883375466988273417093784225204957909824340173533217262798809986870805758630655527340907977693555058413786 0.2545240035784468253880329275662735094807394673465393408624324566831637998655801219185021521197356012744215993215392444126565560418791613283021169805727009097367802598428697353703936973815506936874251493462512275633920705
AB 87 5.421642583718071416040572452517507263023186893563534271309470641524207064307014525947915504441392473988190885373403616284845743617030373413967263318843238631485702759256629744832698818446846060794806230674039481465168274 -0.4468697782370493246185610884419890748263443442176999596158644231141249480538445503464286960252287801097092039710752876952773736990478591613507045967956214938268276266490026470553301051930725301970834113156605118657784410 3.385937208463560263371527276805246018998262673652956091085546646674300984687707510172836243545349854188921581911468859491582807235676521206042366889902526885412783432147823815020542876255798925444671002588778949547992629 0.2544720041461252022210962610175103491065214823483108335918325590170104088983037421830345140198205398573496806023546990119060223680891869912596597126879693497069541546798252613478291849184025356474090106336969176375925294
AB 88 2.940168555033553358638071248402335337209744111638909474995925281431237962778420212089082978030948023460562974579670847023211390764364090883020238131362530038620373593089586915833277259670267247986552787432866236933025509 -0.3597731110988954824732468461135300437929467268190411882062718701518823459368779592678225272716825881536339703111809171373709783356996684601189842864688410208207607102558173969900779705123169103362288842996794278482361550 3.397367093170783690167524550919031302540474738204358690304138139407416357560051146957852624154932538336206490617702709194388978448331070212114403520995310713196904539198026892912599294051054281024036634983220724265844267 0.2544211864986816889598873119882164369100476146852744246467284302912210849972025004334289441811592424118360624063200503963116929499419594741198278558099109400109510077551101953219742381779300896416248111940728848985232614
AB 89 2.911829583504425057471290077994342166444196571428234215089893540324393585971530828615347738823415386886694571939448009984654310315361758817770290486100801029436393670484549169318558237797662697591565271844618379007347338 -0.2909159364573401436544187044428092362409355429171643522080879254208439607649779717393325846645233116010937087427149235992830303845658788600668755340395042476842656707490401374731598899379545896395460745049271944572246792 3.408667797460022480313896115665058636969709829725110723875020930108690310113754998969179050009412652115450352822736341289276998581146050739262136282816106657996373576296412390598819072708824311915559762209810500189344117 0.2543715108015724647943062664591197820605698631331481703688586062173670578159357294487716400591678312542916941123645755820931918571318379334643380810145050509526794285654224333402285347058581206431410064286851102243561225
AB 90 4.653097248866729327894280162734451713558446977360264211796992676971923150223258910556432843509303730933585675069408624009557494499620572237496045585972032383595645736604583870889284049135354629505709939153624790030405590 0.8650242767207363005060034384884386291576311624605579221288405009459077026712764603358117941910657276321274120371431389045797800717288569033961908369691292164323597118649364459074018228671173234615932543061782204448820037 3.419842209006269872021859846082524301210951309224505047832126533019984881357984088464762960782388197163957463351442894079578472817976480046523577589808532067915231702654187559247751886087443184113859626899929052256502963 0.2543229389906286291592710289317897195379214275227403642810692985150091182655304012409379719475762587558548378085122585632192633886246736080076401957028384866331487136833161191077396991499103056378290986485420247367217121
AB 91 2.577407747538301577398959602204444465555718448070861212663618018061793814009613165882812517733920605113095160560401750603000775213811708221661400633271680979867568399188357858051209214748542953067379020620292018073890808 0.3771125401698989950369163819945731181287635496023381541305864079005895971580490066660463843358818050632763462365849478032478966641043535142885736534870529468388692787695838761998620712041159624414042208881680974241577129 3.430893119718679049492412697191218671930260147628602447747316092990886333898271317586991220526616971348687574194454974100286631596399428811985981074449511725718538300949034773098537983096860555869081359950265395671801130 0.2542754346747860481521982670351381443946316411167986651712359241262037289519209902803359117310152250350173381268573054288368301311467883724015330276561051938482468468661439050765422087596974005198653479408797860961524626
AB 92 4.040343939203668889819524966225599525007363650099855374067383453416818024146366266440068620439226583560055437865714027210616021502011002334241383642318694051922097551643381543925725812013372887244458914865789892581760695 0.2913431606942797997279271449141743467807588420251583549529933568251286106674566774509740103502394515385223295841930518223497829378203005699171810753024345974149864095794604557733498734383009973679768122654988150344016184 3.441823229929295240191299806895494566221703261891535787146919901855835266641244381051714717152379467372906040090320737654716943277651508531667024715634564598553899877540247928357252885565707765782015495910808904282391233 0.2542289630451586675876108751369725534979887148874463832653647651882038414028146040910929873461773725493866645380633737835199729260632365255596789148346385323042258356569651853075290538796679452558533721579931743529232480
AB 93 3.307059813621640662449900432165509567197096776312007193581547022628077622350601404355544117328097732557196085167082753521936085616115846547446555840043758657285023109922917320012077067045716076077160235368803821562861055 -0.5015724886268636388835594503249155665034041906744164173723705405738388888786124002287091193772227907979137622855418040323175250253548086695438811483291838652990072872403778235461846849198359656147713406698848007502081799 3.452635152355226442751519692797563051506337133068272872844136437523082784398310189146671341561264010987728152847441926239802813021637095916638784785972762065031760180945700831868647357897470306754509846896212133917956217 0.2541834907899778476876600115778414046558330738246896948137408876775887748188523391877822629969835963049639605166694093751875578269629517743335258616701598612938015019878289284384460461112998825566342653091570329044248137
AB 94 2.547194573180658633445125813657852853036516817760691802006653679723531075282972160839496091580079347687758800608696712977628669216785425255016560044027899180334507361312196256125937015313422404522979839238785542735890386 0.8693850548661593503584283475971731323409065800255579122571637914797841625179973419528529628937777224695491785976118077767627184163429460159835819873554652938069538261056549240364153721148319095671877972415787892823094007 3.463331415848802048802895922288787333366268855358960244820612774151387487850915205106790672907016555343336290230614286471486323623142293062861701564915003010841582801266789930785479993536195548820654343295080289924688218 0.2541389860149609061185971113051906122703487765059064848576573375140356902116736365822414738472754747963775453509187109481470319899894209668897547642849382335556765967669113146107421986089737765209717896979451710524782389
PD 0 1
PIV 0 0 -3.210921224671442441488340346052950396876573714679316885047391561109132465643310966520610121708514885787557478910390497516641733072549191793916176210220638651930795639794555136037033950014323502335343805246508236265282919
PIV 0 1 -11.77721063428102145477679071695239174696186234180774093815648523259983387893195327656140979874159479964006704290945441614029869501053297586841272748130250120906884002367063392499104453473206366767123615182905184014502966
PIV 0 2 -17.65222524242928592532372457402913572041445767153836448700789476744219438211718168614404964073213036569190279222213042642991619072007600084514431161228161403570536564442271498410093055196223011875731139332172753483443420
PIV 0 3 -21.92659599141477063190231565724146021631008969351230040182220417661796402840085207514407638610472189852053594510822314290247008586555773486958531377805270322108392497889150315763805873522568380502630284969803096481726434
PIV 0 4 -24.67116624031097101543995577068657590152799505742944747285992967620235069659357031203332202351442259536443814096826663813168265676067685590618967163796702300531397931779874871034010898462519896528356969208333204693046694
PIV 0 5 -26.10376144898628650170026047543997309162044418013878736371978278761614967152949778861090910729951143292392499835503055012148206257700362514402163493502834399051054597887807574732049873915376096324768342808434933030846585
PIV 0 6 -26.59674750256252322576476972533115106508240149295440894083230123115149910412053955231144629504637032022014930158562841392948333546987051514726876881515266767520419842633291162878402420636586035068366709944893882836096570
PIV 0 7 -27.08101209727362549114272492304526522292450331423159435087910593062246928811625296797108039632493644556658849660638737600207173677769877693452016056605562083123952336008687359603259445665393263041749750895768323221876962
PIV 0 8 -29.91924352970049266717429566488159471102138298043203082030704056964894644595464782409596358868817165170939769001231846378691697762976636939332700751379640943414421618958433972576181820785364321580032878149382635847193461
PIV 0 9 -29.99216629162455792270334900419999602241086008384547750720831486718192695674081314918993602333227309865820667169302688097249849275105495614518989193610435568602918364174069635366168970316494640087704269624810940994221057
PIV 0 10 -27.41829798426360874998442250239476935292551033962563791128209851652325876265548003817102480954628289993714224297752493296529080874515105391542263366361753540073459991576022847686276104228100933793546976000535666398058242
PIV 0 11 -30.68146812773765199961966542804855674557710967676163046059817779036367857172446340319178622051038715694725643654489608863848441938851302900289394228709415720608886426363213204632031158319078825354833678040879091777984000
PIV 0 12 -29.95626054014813583410194695732504809667388588180963787220204245778080402731377698637534996600936711840475081082873138613904635812515492581673432918479563957038402670556518660898194828088407662747861884005447163246751371
PIV 0 13 -31.93011473792090087067168800602809702664083478950873007997860261636176197611740057600872318995105964212307753852116931561235897296596974529005121945254096281078765726594803797246201668808344637579181904099584455654821589
PIV 0 14 -29.69065539728562023232303670075606061395419702485910757309911280076151968454402325844088278388180556216186899762352187007385955533587559086898754033184914533030803370873851052899959252920988878828789119200900063933036349
PIV 0 15 -29.82765278260944143410044516476913908101475052066679969826231182466767166210523804877404496474322716641455238108977121903685948990575253717689914924425160632239962186649084503526933346441579677609726121598009956791458620
PIV 0 16 -31.31249515005224132214571196621667024435974842671425902771915731108083439446721179938712912018310509925640538486182780202140243202524417490730339453371034092803424629596569370442413243865159363788583387019526599981257555
PIV 0 17 -31.53481632720376179629059857218392030834546905966469720123030387503130102257831788476491773786023746750515262481066582240400670227370042126509502131292374911969575629640336585553231360080318069970558095812476646736324000
PIV 0 18 -29.99197992978383868695552437476555440779089609873924098157867771056983705551020882865764593058863176845722444150231620024350648171088071473608442590562778303101073708794400889962581774349600165176631909706914212654724674
PIV 0 19 -27.99338672845960017041248081338115012565603114582245513262656352446900084696189957517714062355380803784176229509559958784843324894801987816164342176387580789331228423437916940580511249536388735956821647190119062342821115
PIV 0 20 -29.21837444238583406249043328524461116185310784727045303842221406147570134178322239820020344034309954410708646740814529396167287697981326481801344068885193994586861866822191472309293300380567365790416522500847122617244982
PIV 0 21 -31.24825606326818550537029443272770497196023980960500292165113375798628641737407571805251778493040677865106827446939376042777211659138278420662419844017607291192104692935005189800186559406508018499330507246111358434918016
PIV 0 22 -29.74761175504456184084686723113117004399098215863265735577010950108778095995936840768674865669146431583694811709464346538695678253998652664288321916408050279264306741492094678846811043238460467594640761169494805202267405
PIV 0 23 -27.16546310813348884786854138328290417609610445739097164801770617875709696106017666549116036756354676563159062046629013428600427149973711930047796954712641612073078960931747309062996705856390969677025444342745924428762607
PIV 0 24 -28.94877735274940267894967586556374403020369250889188530223838646861019564635330158689115103851124734479110934899416615639396250685026578934168052593918870708240963238019099605499973983800790458700533527089534391442574164
PIV 0 25 -27.06096769019844133904509965339879117206537168851517308390125470771576904455083013970462534462185706474062566150482428829118888192892304854764107134007463159187089432503736657877612616225791416245283302876608587964668616
PIV 0 26 -28.40272301411644488659309435379415223150318815840602966512570239723660346606543454871453902350974437476562054224699380817293504342527621780516180478238755289284013001167850607768983972500310740761334946029037049585487573
PIV 0 27 -27.44266874538325685595472228577208712348643378655120428554979825113719330300675864078174954011407927212213036882302994494475145651187084746911827263333574622436323076234370975599477028439497341613858349444469989432570619
PIV 0 28 -24.49543873935526756953784063410307614672201903351270246860047941867117031531236883776046721832197780640818879677384912198703056517812749825269721843299786619856906895841894374710376809993063060177874936191081909544031466
PIV 0 29 -27.76130363216559523597244547466637842778704318260352186179068083493620869099398766513470873422048207160390341795384011492756832194888328302507875761333103811283711108596560071526610209450807541178035055275375368398806269
PIV 0 30 -27.78482899522724010560965158117983141748146864348547627083899634250151008874502668699883232765945254557197595159418151718572938043088054384216334518666381829439843350089481231632019567405272793833041228370201647578932871
PIV 0 31 -24.97796742119281908111692463830159193678933002198602965776015360437494299501083487750767519204394355786014987656007036871773765281532724917550465049691870842930167700087898117975608371913477057101784436590465506322639574
PIV 0 32 -25.26608965184949509342159638024529666448081619422933594699825682826548861998252288783530603200433824280897233918220848542208089563335920916223313637945048689515802569278955455122705919714548253047709050860520953962819807
PIV 0 33 -24.74708458209164446756184357465239012591426849657884481244732472962474758845041442267396924695454018338819477219897199337810697917145693954721854766171104646324063323591612673119790169839635587407338907206921108364873960
PIV 0 34 -24.06402072988074432638352286551133960239234659896243130857617131048187094421710675979203230948782122934940552334408166877201166311974381375045613907650588023444310488195525414879833203569015161588624914971370803484588177
PIV 0 35 -25.30818642942128133397830135834454140837811765767259286109989000910449554530353032066593283166448387339598012023108721602751141449924740787348762246805366732230594891359059563626291726191328361039428973849416340818608660
PIV 0 36 -21.62529201724619419349639404505990622179828425549081216582334193369543852892935167140274162275468861111451747770021288247691641239241549396089055065116945716396362646474656217149802879781207108080582786316906657965427798
PIV 0 37 -21.94295853143930667741651743325742450454105627151522683824602442135603584659371942053468061920466254780904975814350555581852286428462837507970955667894848929735052002359467689037800418133823701127335697794025507566230265
PIV 0 38 -23.78925233982189648119000584848063677205458983652984437583098186004827055521991995177944815836644566780334537873455909233541787210137651990538265905827903997809020204410238649992404851845536599739186241843946025886066224
PIV 0 39 -20.30199241656485051034931961413920494347260277971515156529154099152211083166666770112071497043001729063912047369675550242523979445213911823938143328379086134851676255272589357110462454245468341365778876263252495790740828
PIV 0 40 -21.39274003145148567517461218696465605348020330830920575134751902053648128074961351448777293533399932349054171369206305904673705750327932333266797366127703372717703091218304901492474801735906694090288033113814283614459117
PIV 0 41 -15.44200798085832505061429360325476590701252313649542838641934890396915648750538170601187087867703600144818373264997799062817916996176942084274524018558659721401660711422380576997310741090372415537250927905787168326960614
PIV 0 42 -20.48019764968606151373515896224975832688157599159047624125152717158240188435145128792195166540189527781721952498664163312039291999081192192303818596237838227462975288506621741259167723656047906237756507394422577047404959
PIV 0 43 -20.05641191580389599213132021122041267435403393656249886546733560955572028546790965810501812540755120409802839346414902543978357527971324427570606055179694572411335951979597288530777406256611466202601622659819727246044680
PIV 0 44 -18.34798047770086939299794945002340718658582587464000007311337043239319741917298911579942373369574621855703796757297832433940345791130400184559878724471853770744071501089283272594210203768161973583838945643845273505570493
PIV 0 45 -14.94347581845290197169639479704870529518061707406434665038285546840090920439502346845083505098411019999971259538350561122039737739532633570885628994716673764852192466389331825049751551722267002136652863029221514854910119
PIV 0 46 -18.35135528477832344662167502593068519890343932056919288687636191990034621048914273592902051597815347554417168383573766776921743189443484326592720504528529570735435636254245272919937452073589840853731195560949477356726616
PIV 0 47 -18.86140929701139329157750984672089940031256501291779474293796665272618454629078219004987177628844248642954446224220677569492137656953307024831980749762922510577733681704933019798020474179869824910839150709210183390752959
PIV 0 48 -18.86081285019706380801077773282727048536363675545575082671349529171289750810894839403750079940308912100592414523870772159691218959375693284630586403506865313498155211344166290034548736522813444620140755536127539125662922
PIV 0 49 -16.73952030612693155365030014003789218247471480235737619944638155232100694699325727508947041846007116971995789341906712513551455741066597499411751340797329235891741709585460233936696662662067084113388979521092165366128910
PIV 0 50 -14.94915761388310230964001387045370727219373131576808462953962793201223899446584588782943103761085970331445245779784963395704278346875776729010783518790995374392939306526560803293308052238034562867000226890759979718186701
PIV 0 51 -17.357134506152046648890321021969656617216692097494169820996082358787553582135094547155174038621045575988052598802410036182349373988397901679565232959756366040693350269192477322092728386933393000678437046271091644752014
PIV 0 52 -9.850264147670637772303086692472969941767664906702523064137257410381821530296683437899909336518013975609352963112226684103901377479431036653907456385114648979784264605993105049857767407690916498883664076146088280658
PIV 0 53 -14.9418818705998557178330330121495667236390344130620335588310834804216135704481039307160715081483212595088078895437094260494246382444505600797316069553115100179304694103687325892741149675516852957365611646018976432
PIV 0 54 -14.3511616893254720394757738769985845114299535131789946118367180242054003023214087686313878368653922980593446290195981974956060073294893897577586738516669844630613444862944162127620818897160842875941848498383816
PIV 0 55 -14.65055797084568323837990263026699014391056231388994803585002456308257872036333674978598368807583662701639542499302188099728524575251967675830128055211331456646508644381702627742394034954459953620480890712737
PIV 0 56 -13.34237839154834318529623664778446833861799561800555707747382329740617599079825988006521365216596972900108624172593375586508412900751294308690761149180353245540186163979359275542605264089313826162797963669
PIV 0 57 -10.413052007039248000794433913558821083415751189903929360797628167836169095555799944708892371562818285587257496404790013171124579599768363496081359837716622317640914398550291494928830555684932769408180093
PIV 0 58 -10.126332666825630237023252792550265081479204001216255738478562777945527159756609196084264988281429789065995884444416910770046599222605288162754281935421759940874893081172392660882593984288695016321867
PIV 0 59 -13.9006493650516446725062868135972990491697800960260986019025931101211581417425567053554404503727543624300942485420325049805011159292199419470983086870855323916984827036920634830958683962278917429402
PIV 0 60 -11.3968814403979585529738224052820163770290718857707097981501490512476206652067356444691445972008524547395578951263038071850307390223588994820358920292576148711910464491019123864666696160594382117
PIV 0 61 -9.52054609060639114371511404677570104030433344289680261020817787443675014392507234269863382155993454333091603823005035690959163801071194732285401851596192038568899963530904884691734774727935659
PIV 0 62 -11.323113627550944350210822734157266385005843382203464270572310581685836707560931028684171725096876040953115555619673023536459583727760031535467358798356820239307318674955768422289311228642274
PIV 0 63 -8.639459846576094833378742174794000820265128643619018040829508758296461172328431393014699115820858961480258400680926744930495799648086351271431606809110209103073889048550005151511055585657
PIV 0 64 -12.7042774525508420513420961279239122632831152002889631883209039535167584326740802482734115285952028387872622791227810367651805145130239875510868965676493644519710281151107249329648744211
PIV 0 65 -8.73083692896428149506446090379494446738138040284738480639071276632922476962193850633410847313954644313383516692137671734113982231481490818183630866058452323189267931753393573966779424
PIV 0 66 -6.879416977434288170241036469619973284782815338179655713116776460636920246441612045086637214404301693728670362737511042560177072786111160723691544279490444321545237012515986579291144
PIV 0 67 -6.4592244689189957303747493678551954966927138074873861162488006457827720056147932539178030587084276742995445396285869708035713813326865646223019258829525703431676197147087055286308
PIV 0 68 -9.72687125522395126637150235885132872003809124791996073460262294675159227713690514692573388057027684374333390401277053532490602282712957065630630196139841139976740181839308669933
PIV 0 69 -5.086220134291924530592428387986617015728482983060536100724007668704311646242187290982733563200636290293332427188559622834575353952394130057679330139408836549300186964708948135
PIV 0 70 -6.7212847304441692171895352935969598464230656456136597057305737142025558634285942804101274760080308297245222653756095966360374247374314894913133558210091352209345873534683931
PIV 0 71 -6.22151621054360030602763898167686536273197119269136758986133535299330761811484050050455944467234366855505576852126739626276330297184142152412349552678922557727286190417162
PIV 0 72 -8.171347947912065567262776171771303734288062057467444418901028525981172499309499896664009494806826101621997622869414212928576062045039709352421546066527627080089461402642
PIV 0 73 -5.32189379669320715314344556141613769663804525439551119686743917867561884441314133899195490111321621739998525069078078986810257793139758970624146955095981701244294420177
PIV 0 74 -2.509314567036497886106355408408388908142041372688773083216248212455144260822944244513391375599847159296945343700725591496276586311687716093400192609201354781668221834
PIV 0 75 -5.3835881737308842787991677081061934812722561355430903038467844709101117000011700116908918241933990940120946122407531882132765634898902334804483509245159902984999486
PIV 0 76 -5.30340039616152130110212774332078265478180606865128193649587679717794180808028621994454891730619843004350997977290764143815319075656639954244157921673680167920497
PIV 0 77 -6.1622503547782273149943215242521791350944169076769132563080893652915135797599943705426325818853583246536033630343201448073207457741133835850149844289507902231792
PIV 0 78 -4.70467713684155393104540904359729380457268120248896430985354611561919007698103567142616606106361315148842314599169371460904481356936164471895657269569490531712
PIV 0 79 -2.4590236544914984763754163604557624581279204463752555736710654364116023827772670946422193053051678731460886697281247971449075247020979407075220529564201633158
PIV 0 80 -5.26689913336786919947123226306471538307781300637239603157144863413151647197755123649836224237131227204266965088952013948725009399303809678627777832175509571
PIV 0 81 -5.139842141290188602751213108820759113653512073502064686233712899625761632093878340818296004431011055220563761108333723275891922035863981908816243913510113
PIV 0 82 -0.679743627407853886434009377567400897767915523390185829283603884372153388155663554188162919613222693444015508475161540555182879362946305778703947245254870
PIV 0 83 -2.4288691537367714206889852448198388223159086326392408807569620060749981526982777872344878336848348530965290546682164406795536335514897627746398032557466
PIV 0 84 -1.5650203202611225696892555445946096763313077717282551158753679310994315734778781819953131020553170189112272549470020616977320802398504656054174036724101
PIV 0 85 -3.69841271951197075710255162901483513171761091894606180787398141962245114288079711461445533156109765638059990097684019839941090618630709418609533784324
PIV 0 86 -5.583232961548254843664198580565639831055455339707018418809249822183044959713341224249004780196495826374678586002440556919300178992763216459621518979
PIV 0 87 1.0656705802032207665845370180567210032933904832859693245080121381043108407360767080207781781455349918414249297570993499222741322702820765869267828635
PIV 0 88 -1.27755743283925703600318121857069227882194855474881456341355861304205058791491686147495571227477101165756366914197832009490603200994675864336127575
PIV 0 89 -3.6565343633852194634079720346110906536504223877833155633944398973775125504266207660765433649109235323864266630024054399116414797720549054378152865
PIV 0 90 1.15132463516296755667881799441908220789365604691412345743190342628557180481561859961132321123200156879736363371985154726240899750531249190760021062
PIV 0 91 -1.539583980523346395940314141663600998831800079981362222368488700641458308388086991301028955063956948432573102732490602947512552481682873187239635
PIV 0 92 -0.56208877542657950002063216554825063318224868783899340398179529047143975308769903393115618827876435923041897165000996429716333743136296115362375
PIV 0 93 -0.22278099992018937422132843096041811033534401027259455335128691418824906205412225931975144736832774801455388761482497095295812243338365320920512
PIV 0 94 -2.6962302670494626983106082293455093954149607453321492223342768373944366756656455564572500221035004578741822631092409169781246399039496109189346
QR 0 1
EIG 0 6.015862010593313818504455749041755137006470176200168951728588922612192247211432968394656899040071043306232304878582784431781068187142642179460668084464333009574025177369377455884727317950138078093416076187589735238579681
EIG 1 5.714079827174558564315126946753368046115710885938171745651117355040516875612056938187780284280478142086628990459446676305209316495288553406679608263682451185853882009669555087001056702092105953816250703835595434021189189
EIG 2 5.666884168401556201486218580770107255903986398914651404781945695346173635516681623550091975286326747345676482196461024289159395324861944904007033076509055734336588261770862988630166086973816803638286338897963179349530460
EIG 3 5.866009680296567702383914429705719215409928097091133021879363687405046190861968956507207084421434489165462600351741338646560298586658194499209219174833656375730681547353970705270576890759414280097442813208281183476799494e-90
EIG 4 7.970613475001868875420785413764952223933196581807856356441416326469130847461349985467862747528404699149062510854435387180682725188173340020175902493960776272782226460118221411424686950491032537284246452283499460661380816e-82
EIG 5 2.218874293829680313751018998165619421395253667181238246411175454110222594598192988223655772587143098575099909450193129503409018045728986988470825304202704408996984357365101074061684869642578663750252816903969859503697719e-74
EIG 6 1.817729802924108805612799444776821525918023568517421413033784135797517472256420400732543720035010660724561123434882121619045514348366805056492004096886631080670259844978661927025897912550939537421608223034447481921227582e-67
EIG 7 3.894068413540779119782495400491042423014925056086275638033479784576609053846269321918191198620990242838163117768812214357321988298760670781175578042332786252529634491228211302570036825406245848041203551230955915099112398e-61
EIG 8 7.978771607400289306159446846661306998985129465668978369267090552131692468486875418662841023627337524892099899407101090218835465942518079007093645170080748222820250244511128157603824715611856605026270770400191133012329276e-55
EIG 9 3.315470836242258124028848775493948180130272860735505916073413373540650516475786235547639383317408185698842668586311375332704965280475336678218810961203265605177488978960797424679341280140154659789898883712176170821306471e-49
EIG 10 1.355978586809048411403101173192895247844079618022790991947148820223978447465549590294164475187362018606032737402875657150601550563368382200476068173999459167269699974608500571061431654905524856108568390813546982090542148e-43
EIG 11 2.069278864490867060331857677157143521007496369791206567950446022662574893458530457359143613329358655100684691632547384745545020572222358795391950357191230503448307986962738393930939560434166497730692501231379843344817585e-38
EIG 12 2.500440288094798019531258859985641696148057107606249335447708909493689164505410525851959458741079146871487344383528349121928345802266373082369832321919904996708971605737608552263254057390766033062504025876396925909047109e-33
EIG 13 9.633955850137239815881002270695702657762840618294926765855688933102036414593933882948735117109704548119832548662253757955284662433492512393663312656183210446759360167273814761099956436189303661964135989782260535130029656e-29
EIG 14 4.250672251267693164325332777500682844737538943649271112915125999108177252559575691539681164280508459296811848113950797641749373488963952655092071157965034929164584696808136320359786797310009130228967675970754562036651373e-24
EIG 15 5.751292035931683763299402385000535120020713664083890925034009848133322645301121860355531555925554921017953162513771591793897278606914930989893454688250719485198112746528939651253756800357245924060697077444852070731247310e-20
EIG 16 6.851936789044819410682812250097519311248698619702417601018114090742968983015823338900652842604109015215803895501527694168396263664332656084838088502566483744594134068075354456815869527602870397537611339060984818663911860e-16
EIG 17 3.785267001052214943455100422305536701040777212861151365104873396229598298320881805838320647559108745629476629304387856064944069066343459496289935010258965097873527265719747445552240090405926635444481185358260437970344124e-12
EIG 18 1.310322732748180061181744214620780529107342814263779615461624204153282873388062914495305527305501867559357620691919141862886994051411503651110134477850512562859131379323876741005689464934978754854369139447006778701934284e-8
EIG 19 1.925611666569334510153546814675633685746974129276380761909266700829242391826676570308618995297933342791888597846134059340501798538924817503776887309103424281005605962777477572891934400295705414306219269209158600916008173e-5
EIG 20 0.01027288671465326081222589657884978632618000368356716260003369244725665047873055554546010077653944914426267131269234441844704138752873356880980127896217183765854215133372032568639056505498132988426200481589744602932178351
EIG 21 5.464396308190600508633284954979075773940594031544497461323023678066663476988499299147629361076881915991357028435703485693016553140014239663222315897030699552450334590839632090600057039877895145275104505740762302376214291
EIG 22 5.276937690639068755846480923468406993459589292351846822038237344221697256347328321640372405390143201948787668527047026047943083952697421352525269889561493568801486915918289995057508261335506514471923771164306987108637027
EIG 23 4.903806838838921076493825631137100241810526287582047181935040872843511412606794818582154146650305883024628111354033107611519555235199206240881049930594106058992680137482733401128384156724271064559178819860269137742847787
EIG 24 4.856428395044090703990153530038811464961890852678196150409355715471255915819781890663341873533726766921030141829549201491056237258954755749519016923869563960478931885492965508941265647956403671566607083389517469613202813
EIG 25 4.742754366233548774131821013454722800693896665060650169724778720412496723833525797541224995413225989459792070052456867176355546923576436882938145079783337394727223737654240871311207712349294276336823247153412300319862332
EIG 26 4.724837532012863697373565931432903727394688768418471444010264947511503655730984632890845893251536091876888855456573745518796605727201200309291723627239705371974771925629228197281334750912300443213869815618233948509190859
EIG 27 4.606331500246031831947551245350818216405948413478322460061909791360328433249663199949385495223260625026946471645806157695574513396097532351771399355979159681463072189742008566333941490122160694232417350524250063735308693
EIG 28 4.550312293567526106924407128122574960172270951421676823796669733877464900758167988695851065068569869665054889063741154822240568121048287617503098655882886630511344636603266602927287439942621438406735387313859957469290890
EIG 29 4.507237370772923596765533880530697147010783974900901417118477854793514738371126744293287552980634554177764782673636008305578906692328297128521635096656822472106744578842880344956419193096599716549047712939108668650565269
EIG 30 4.421799823581752023755279277943071573147010143074284881393401432045134568120896090440979758452865828784229861588058385348483105802371192120316341586588475399133534907839842483694611519220227516059637563117426032321939810
EIG 31 4.374954406846744186509288633779038014256448315136030595705925437752699427401206457001046942402794053062457860277764953242894782263324594396555742791506957622934200647632973090058245669794728928913063496408520320538820463
EIG 32 4.299204739593801612873220260378633062874535936445284607695684037120082049245563973178451184665221808136023860043741775206983615772535820003827819181685393737971945073030882347300203726305200125674363405340472545676864324
EIG 33 4.278645961771338062120574873156724998989518010390079273688164464129300858222121224798825138981911444923345379961272732946847517071653419325886695455049114927085243651653574630882634878715897835057874279443876181412398385
EIG 34 4.265177611301663143262680168915441151767734684344687611734053515370228813023834233716602021702258285690786004425092704493870550324670598387886093914088665335015050098372181322373786439266506588480295834655474914126597983
EIG 35 4.154087848831583074484062281727716912452993914559912361909037887276730513458488860707966360256286408694438816033345667559231926657799473115386287321632725431283377651521958495986978440132861491291469270421833504315404544
EIG 36 4.137572717595428083874789243221050012314177739610474096804683057028871793086162119328520010128386814789610550650448830191738382451893644010111952140229675417839890022322828180390979189871508077056276046166280807450593215
EIG 37 4.102740211469332904340109884510463784501286125697933964539840492167568503609261237793153801141577016941188660366860398519098018163743674744815169293043348274069325967462256228946544877228469533220980591697332450482353672
EIG 38 3.989775096360476421461813465142295152872358048059274227496144272963120489918962995005914182427452701981323875388744897755335326312969474957487212217279676065209354248786058347080374195296077997433054859487052635142333189
EIG 39 3.953275290020267990727725882362961632165758375882949508074256818821535112458080795084958845417437057321817020040436522143219987602226250057087384100292460893976374670279551797294866003925097240129428783195755632249521590
EIG 40 3.949782247405073299712703433224809353968720242255641928453024067837642569877321399860693830105536699237260413419846958902139488333109167017293217795526207242447279697261623300888394979785176835312907291669887042863180873
EIG 41 3.914736263496621523793176989093449662053218991366252726917654293433392212955413016458286294913876367617895371943835616809929548126872963997336624199696203991882902479276214051594386658791906652532308570510021201976403532
EIG 42 3.837120163641851475913448984970228871179850851192890483890019043027711072892152087490258710236197478975598026273875328998637721943321581078914044168968309253514386804268604721290939715916835142421196802385207818311689116
EIG 43 3.821666575328934836468734613340607932756913438064583837597064868514553292028176999852815243942308342705199417762444397827830279846165550387636673895349075491303552617333057216372906186433817545280062446475500770367873780
EIG 44 3.707732941339762200752965737922728036464103229026422659380358053319670830188125337649317060288695867606284225762208010956206200124441801140974659931008119156132115201212635933858219461219477450085316613118434881428141424
EIG 45 3.639785218725703666254433662452854704507243118172233575502427913481483591107940777716268878304992406389044204120159449110050771752583150822696139481856339014599917479125019210433998708418052214410595230690783729575287104
EIG 46 3.604357279651303914012188307770043685214067013668841112225645978423456717147072191998810016627851930235819830171986853467169371263890877343437870842515448971744464222560780120505053387419584431620697068653983501038612535
EIG 47 3.584939357990818372910736994813878037135171188452232143733633939933337757878658765538237968869533409044941224046565084390406967297673335412357832702747838647020632526376059222863739024264824642525296990269469076557503094
EIG 48 3.550201508450708238360893365768784026275673099689027962367326785785003237089382596616148532061493875232630318310412584161552169863353799646241506046317864211492465639237227729894664886758228323409107422788500682941553528
EIG 49 3.461960969169892721732841146569959632525367292344766055685780040284221089286073388945081902704175794383184431877240018513852469885642877309035353176217528638595686540521303458755610180411355696888338589440577710105615673
EIG 50 3.378423504038705903418680178799645763107069355293634362128561232965137810508938959371141832074911185491785097313762537514317150025006549172332335267560790873954043634445247436793461250333843504701708537320591102932886082
EIG 51 3.340633557734148758010427263390825753417446632260892910102810104005684073355827263603668677014251204708894232378376512105244963433925812705179583917324565103995670471393545632563031338549774269259838136985223707686804485
EIG 52 3.303491968010344125247593649022807022498852552460090143908130223937371947182918799702543976324764210798249480627047759909290069267556771598833772857088247201790034180265633195077750441710586564282825554478701815943094497
EIG 53 3.257754857236727328295262982847975410883999227660296174466434314759284608485548265246102724875474847218492907740968445348273972251236444164086195902780863266859496164839261408394335400704495853094900559550695800338469855
EIG 54 3.208235574405438912324961332269222825678741584344728497438580528510813100029124140178607098529587712346974528447167627247908562055479173416785618104433387578766723652024613510194307365953071939529170685847247148098788574
EIG 55 3.190916166251791747913898798645761157454968697226911830183957156553891574366281380894773888169309877612958170926905569121982678117651561611597817404331818343682153954513801994554396217686067790113917309389873563861941801
EIG 56 3.140329453449214293259536279643178926503517723226359414340704194492533704554666726978814251674562616490963177994913855963024337400736100104672501579984149024432273327638152507557115314657743828394595471521724368694063776
EIG 57 3.067872359639341054614752751859405443709822432786038720886752078487104934223240905976695724119917475258859506604189650684723089823808807239319637835939318652514968131554101789394623077882821125057956471729546207771665549
EIG 58 2.979394108060430115987385849690213073652073208096581191768868445572180924867290361664710144651878270800037038659442198782510863033162633819921964731027603977860282474713172847334005187574865094160976580889113824960225567
EIG 59 2.936457175039169898442818071370697038429778570536401932390602613833570515295710372051107544888849661458741420723017640849958710358945419751960343781390893068275021083478698015708702126063302910007349240521133981292477295
EIG 60 2.925718868056356802058965755654930871288691386620072033024534956479817227877011400292753507355320137029722959986740045789238888139708486112081177758994352680948753648236173781652903074376307311840658708350931361176034328
EIG 61 2.841018530383333507818415302173150276693518557084292458102280525772509578442177042927977500745184355558903209520472245122304341841533251690368941370516331112369181857422968806121727605590997546729373213808931130561867862
EIG 62 2.829546490380916429815174404625907353074123535792356794398029699059935943590988710703319982674712442530585867211084585450368930353797472325837998986394946831377905682485332882708697315757153107411313460574858436626010295
EIG 63 2.739776988584806020849223879819897382705883825184425591024023348618351964567262991193787097379919828151099267962408371628139020321169776720301013246130695471102836049631085561678854856909103045805028005102641779551403438
EIG 64 2.669054242225189287534220656543334130201103370928041629726651879375773478584305746231470273736224286315098695161652153829395545363355882179613874661391925632111255084407037721897160767713689245900071138055773935072165130
EIG 65 2.594194076539103083644617928534706457892162330018579468013287814042499141495243560037081426565746644630012311346047364700841141584139624231208071382059171167893363682302771296756258577315052429674657167322162371939208993
EIG 66 2.584991791349763845008739640988746865626347825887041094880696936204466160404707393606351952458371999819995586463695888786981094073135980645277674906965692225560019090380473613688601592443219011276645001877525552093460815
EIG 67 2.563046269905644488114019897458453246407113214952459550110001317140237688250077746123256490582280003211376078566920422690240650784604403855057040301560950848196043794803183812459599519020552761930699051715770263883066113
EIG 68 2.511545900810786842370434043223372820012524068669140556328170343896107438026400002369885776626514760443363382951370278076522474021129056610401099982357791989558082788238951824081526543512255705137983147513969780893283596
EIG 69 2.506001003606411734356252904547519744425352998909060426817517087752230237252700498161169859253433918574341957913896301114927464836135395540414630409120416664179302845832300524380544985152497794799621891598317625800260183
EIG 70 2.461676724118251485026666937068281813223374430335448176940123115380224783908815578619004647517730416018254271457632246179331068208170626912390815681946006444436610003660918758066676995952239444355090332800025424524863523
EIG 71 2.415620563493740427061231889436317044605439704637686609843025669951450983716792424475279075930836230927799332122588627855935635918044115738469631014253109921120910582697394687601465051331195150232471546037502016120109945
EIG 72 2.337207023583379752467284124106985490097653565761151029325511174467722631986617594279010322616635954937766325873366846347792227106155307101560053006668391967323850619917552633156743139591966218044485789196260538294445842
EIG 73 2.290809316706161479147752900669336568043057927543385375624307554029842837042780707116648065095558246516481985098149045448484698665667302319750291392066177174416889680613618587925505648453243052397285820413152745764618851
EIG 74 2.244718386193433637946295052566307953874911256057996846613094700595625295062583231559309347111853782456090902949910295763563778774562687048864841583423755711904249044653530128086818574321834550439416458351128220975837984
EIG 75 2.241844612677613347764507788068692382237205956024927003456147848645059095501493671141423031469978691418530044372765675277734671749140698715374371212841891244335823832232293984670215298661784158619798650671494529939728465
EIG 76 2.166921972280235102047752111973489120492992877832144530846803128516946696313684366358375017973785598241957854821166594896447840087723746726358043269852486011282835912574202265749505029335987419752241138734563693365780807
EIG 77 2.069871165268249664766874797333468213316138800735349986136450133743382214809358291224669777828929626731572418342107239318339910746163325325813690141255001438337747623696917246428505357133576055005050882385061729911564778
EIG 78 1.946690262021551173473217262747617412358708442267550283293849452598791839192254376054380464102678839275833126462799858766989020428732159062931764392551502426603425069824168225931409478225851469800420133754463176187474756
EIG 79 1.877835475550606182554390443308310726830610934260225875296008696865299893312926425660973728923038880536871390063733915284227710153421315378856224393636487524750618679788572814378834620224233155750099829963110199723204543
EIG 80 1.795673568769981159150479133530411412305226395029760595008576186407223727568056157313493637188287370590983144784889043657205791552080880670286777030677026442884605783076788262628857461762721055968124609828905001279407034
EIG 81 1.733442954276401235111638077173147718800468696295161862960736795031233424953040687258838211607011547150912636250451033467521341369952098075381224271616975966936609469910307308358013009691430919807966422727086602501817620
EIG 82 1.604286451533353201471224570955252258970347026366417113142726371074162684078848246087234521211252559292615864216909884433350981781591701705431008568021273346861815999880941663616839193549023587209669222340240109053651973
EIG 83 1.492556283650789080258478956471821625133155132247986249386171042208077253763797345305394680858546060102791560205333403040930676952084672880669114979005799084969803263505859995468824540325478698936381825686067854071419432
EIG 84 0.3425390467799440373203208778790545054885435551800324238302518976252167388560026975692397428552938132936654622941454089459149183127535397110142840719155251546222814268679423512146748881171928564494303045814460207763516741
EIG 85 1.313261165643017422540786359910488865553210904668841966499652388842731922842065155550575904247700969948207070851177866755992509214498050267748128063614186489388473935675849349500212076558125607496503669516410973110210209
EIG 86 0.5091832460851709762835145321264927550948332705707549570522063989636480402256361164733990640017301411233007952429189657396159112716187284141708257839044589841821419900270998984550526866393119059900414256934940639076234100
EIG 87 0.6577220414400160558235926017173765371315240422395695183858395596551418915899465185014746653344799993506179509536069006467615944495729226410918206633723851505493959347446629563887116998852373205989243957667643228591421748
EIG 88 0.7270508404108049700473760902622036215760782557979665542669649700299413978699500683438087895439020559380712461063405699358595015769875179603634281820135325174280074147421158065431338876243075015233191054445566425940828617
EIG 89 0.7377659275511887676440040682199932122943134192954090800986324573117421436900927540440926743703678764395224997267539065133115959981451216106707065632931990416979512075465404585553490819026421928773732683877242086836762152
EIG 90 0.7608969118250809396043825378404027922965217089337215388695940733286551386442995338103877821280546426618906661985568752039844348716585562687889906929271548993591882989157821282348327672260695786256727690954075688985516152
EIG 91 0.8192161356044483040436486103526226882216051573506291141391462888680629711179181405194170313342394245906691912066939301938476708122072697009000604849125628335812324286355059069962206155075359990088354045499309237184439588
EIG 92 0.9296584319893126432840541612131172700980895199486573614353753831494373340972049697082638459461615324198143484191118449768172354801739870100908853697770767681196769040984860572521342387418368869943640795946550878856135704
EIG 93 1.068801494167853011203076140038385966439994956457424279538633989130111992460616428079148751113125607254964377762854299710529061011512376191519676839740365462272841383586619821151287273544399015330513013385665045404863278
EIG 94 1.120426273349297589664673761667475260185783200195368957180355536775293746429495069701989644166989301523189940824353794245966792771828958478247331993304028720944167110738035929346926582435747185613477763751946326306265555
PD 1 1
PIV 1 0 -7.270083665187731767681717887355773303526948887951055686976345857427302187247886742683427408159235370406105385812743928687427451445362471624379556921981455676764396022644998819878622200587638148008941758178120717880684886
PIV 1 1 -13.37667374880113911872795778994395680598429427080239875476528611301003997904532696375952496139764515269671844676951721076556634289332153843594056172041108584672805683676186658042924663097207576273713068652189119421374101
PIV 1 2 -18.43124046246966593660913954891011751657976061877330921975660317882057407184977674643579259343650966219127487085913453330513528093312525194496909015125148254773079053472205187225520145366526251785621649835825461733401019
PIV 1 3 -21.65933210749236058565225610279323623739091660762949964971603113681134170590733389205695005173097006717749345496305918038672417810046185126457339084259217161864474468617140937858323141546443927403415824596855687225431826
PIV 1 4 -23.34559634487803006129290311296914287606916965524850053818617758772159542092826787561732731611898753744501018403356548122111623337329591510712847036900716508050146392037394788649344434202744529631738162127813695251596171
PIV 1 5 -23.67135486307580576515502193465737098126494598198576405596694166113265051845463192110333096927490423882187876443147636773029608550218507661637720586249555267140981579641553673653739843720331475031074682815625707230986999
PIV 1 6 -24.47559457760900887193078212619900234470844824188011669160729811265046941644639834794757545615093582240397411831763617535469215860507244133784167830613304042605453020772762654970327207161752182958585325923730183324375139
PIV 1 7 -27.59568925072240971438811190144918846505591524636691227039824568928526077487614750696716475835994460620214349199831084571951442336731445416218370705197270309177073768050034643248180388456265840868143661162931729101378287
PIV 1 8 -27.68443938579383656278537296531317854704960688894670901189495525542543013071768657772361132514310947167946065738605815387761935371188258188562027654771721140478860403269471627308210708841793464697945453678264839929522732
PIV 1 9 -25.05143684570232290158871980151991914804869383742864965925548510827019322784143453786045928872624756385214167420115930230768715710132429460735851834850423878355345469223076177532964252522948851276234113269562171249843926
PIV 1 10 -28.34702405408073832915929548691188920745137419696234069667013153627355171242070090607363775948058877028380891790045224175894588154134397354152390363865304346869006854064945448526813610331982948286348228421526740703285752
PIV 1 11 -27.98743423045129468068604240906739299977398980012696831749642791713090534370200704790486222280734980041003479782699672993378549685428861353218108356177524757946090529149078064770753056106249112011834915086161371989709631
PIV 1 12 -30.11780923880949738208424723476313210916197811125259661327233236654449382619713227180633450925570302387041467249340882774732821221043279678714090344464049812390574714515705704584140881954370452695137598091356501988421079
PIV 1 13 -27.57404281700224353667415410547019588292722939919753108500387545263946158966939457022317827951351935106975586891259038816487132232445316468202444800740518932809709721487667147847749098991350585795713715069614333818629658
PIV 1 14 -28.00513801533192808026734785216208268233432243149723308591960643503238623587246390533589440798338466956880855527768501195809342137522213420373476306871614885704738783512520264596442251049994830182104951976384959198682788
PIV 1 15 -29.48701103700934325174083687266778144948756207938594614093283073608515624834365181479584038241398430204142534269095881343626340124601967621391004804525909816967312166398440822870091173202100470493851589801642882491551811
PIV 1 16 -29.83485640145559624520256788993758402830240132096923563021980368636498444223900615819053155199381878745101009500394861061509320104796232647427742440192973390081456879475460654755630175113256956776992542314828880792621061
PIV 1 17 -28.37990286797349765857517109093073236103508013573537458222228973670214339655389787223702856937799330984663556245998428086301261526557637451727881250008309515673486935996241798730306635555352951012443956922467077355240881
PIV 1 18 -26.28706950231522351736021465723807471135344960885037937704648285953324198227515058055120593873401833884884994132589747483744837853448682782536059908826874740216338769413257197391413411486394203922503338841017912128954218
PIV 1 19 -27.43696889999180909610687157154028199176796366377444608358459836417100319179263165091758708790011094238595638446182360273243576773433687023273301045035972268487591268839468102237150317495683281661554780800162506579450342
PIV 1 20 -29.78802316501420383214426711521360998782947928751222406844238041666865191603434239382271254241881711982864792831547875389458169787615607709549964293140712717308301515508013296495524286978624682771947172884519440227142185
PIV 1 21 -28.39482244843751910710303014935131029735458012693470650511033282505740772200618125129068449265754915779180229955723072145920234264263888524870389313056693853159991292532044613338312262118857906702165996137139556791352297
PIV 1 22 -25.54546378980993944935492640986321400017205381752647192303015552080396156135642060359629143786652153489535503989766203989448870487415543407426304658498674441240378619610373166292839095333953006060157654329165066716722731
PIV 1 23 -27.61410602252346833581818888501208310665060034539212383362307983353100258189835189710066212158079713300917537391548149666002219758300702737048886331390247262447459632685754481081383732589340405409137020494927362055388711
PIV 1 24 -25.60487942138170997144414012144378639214763433939609671943977222594721569272945740405885319766481149128306082297384751232523029571142289675136349903347974084031391555329353967050499215621566215892461436913828047384765469
PIV 1 25 -27.09523391838057887167740773742307178042239144245663664265813857622115551444704798928725765284800030611351533900979429206662344823695134187232055033571883923732415170521655822476776828161010594965704786724096409936835583
PIV 1 26 -26.07732263282127264945607276096554160299618928683696329011253723017307595461259305209761093575321766142691671415774062551800912344726332404508509125347261703459821277592930385366535907269541911165510404767486529188409710
PIV 1 27 -23.13980494107933379414809827553792004836317181471022607941402925587625204338438284183348825304771797855840182289078132313813244070534440090011187236695188177826670873781734462719163978818390170902058780682090793860052503
PIV 1 28 -26.32509668954940214103417927186869653526346894458261233733793983245769923526273047934718726105334995245411783317495527061072122002681922028875834105083367601464590263922235374940096445144680332202009040337610089235233092
PIV 1 29 -26.65612212674250699573564238753857279449954154216745273800748065628061302569974843620737633945694512766112683036928840446300246628826368137724331099336188861222248116661464669727410014063055798420978446137763418397867029
PIV 1 30 -23.92769510886118002489606590546856894911762894613101066354743071919052847409301838913522120053027161592142985204072499559289493396453105359950762691176977930023407909291174275680939410638011859875194476867957780671991245
PIV 1 31 -23.94252958124964579807205456659354481300650709634696312624849793818204790075050754995621814275075978762845468684632262037454918911621365088663585732707812205887505309961948026874540483238607202351756224994175408896778152
PIV 1 32 -23.74810018391764395147180349551405830457870181265248542518393788163505899742511721696411184968699164077505708768117622027327701443925089278027790033964167997254278954722518663579467745760469440458622620025198416679707624
PIV 1 33 -22.83909162210859652376975822504285477108470415314132120374645585342001692224963010182226531687493220676802888442781439439028096937003708386730095435238765373013625110069762087392988783871309836880507301567403650568931306
PIV 1 34 -23.98538333210802195952390843299639272418649169141835671104625446292281508781677624598952587507623492716976834161785407311025453629552086400554667930886958463527461479261117501084916949522746305196990609153668370654208915
PIV 1 35 -20.57879245415089737546618140343238998415155566693487097946509367986545101865731692994168164502318175532955782641255171980805930374314681360371427059580467036423317835664225643997244491044294169619558301238252027010242351
PIV 1 36 -21.20484173752615957360611403714328930239916595106608802165201883033155497979424159316228247225066219168672059590642317154822520942513322069351076485517880627362921568568357409801967072529876402468952664135628737150554848
PIV 1 37 -22.73925482083376544899342364273085143999144120429407209525823176970127431702868500302523225904197396919223167381112474041939851159371421322377306969246626116422088601903908381693254246135380790324969091148438454868710331
PIV 1 38 -19.23127916695876609036735061454170829463100222624359058684207512724279777216997691940813138687206978449090714103969168533151354908804981121091065237867468884741275622543377414006413525684417984901782529484212565898173789
PIV 1 39 -20.34787169713143887871217236454364969200408196711701531652474368660007077615117835363247306191315682783798921926491391908519645454052947949323917603069031499145759927761170482203367938398464358686753024854009747105240837
PIV 1 40 -14.75947374149707254941732875684098579317294726086205584726193738286171812491192750684713468637031165548705506225855847092322060204277258164285149048842192454442575704765232327841302906194126686301239895144853747173660104
PIV 1 41 -19.55578687946330429384326097873964316469703731960914976746014848886700000643240174976176624673777121222368451939688458455691267110190699315036271179273793317890629607725090091116707200157658082374232479335572635771677500
PIV 1 42 -19.13112433615278877130662931023466999180231736708020015269996825456463549319999587216697352869798070688794834924800894628533312564904633374077729970131533422304234592434056236599877787392816941625661889559074890330763395
PIV 1 43 -17.35561576070326355636595440241216058104637024464057534459305229772710900425982296871809106800358379993976682617384206260657990735517598219044729483018154504598994987340664108079355198022666963539160194230985672550002400
PIV 1 44 -14.21350685766586902512369592619975598239987349641082852783734166534388012885532590933365016927227234939364411378103571723329308115443125108459191266502176864408492742441497947997035781519481498868015810536536259337245424
PIV 1 45 -17.40255866177725752901176472479369572159731579738699866819198153004253317114874077194533478830093883434842095625275770675026620169923105893071357277694616632226136972066337904101130921322218588779692129754752627424259172
PIV 1 46 -17.94169637301034946245051091248711367993111814626891231681654419978095146700932397706225124550585685146327047431194145238400345704621890361166408959741169438612780616587926071238135163605812190668287890141889184537841954
PIV 1 47 -17.88353984049934825562484836135763357330919104179996719361389810142188457987667575475109165199365304370000265757891199701577847818924969683070332118574561575718488949229218909000956459622862919500803570748522922960170616
PIV 1 48 -16.12255599885080795430078886726251052313974084349537014692713101471628865307183141090429296112686806534700207034497531990113981426583592557087898852849123951329994078514800315577639802021066969381656846344954577609797163
PIV 1 49 -14.46174450089405083013962859893206766209270980768509992399888460025388109962813429754695432932951283839168170492924053965637049390804671261374450674023886261328796594791084598581804432513946418630574985023362482740217903
PIV 1 50 -16.51647489764928970804581553072273029808578313977670273451281320521309766272476466352549553622345193514224218291563855993575802719763277155409224800674498670227008736155963061950603603566612931551276003894837813967709740
PIV 1 51 -8.95946483432065174280167284714731965926177730603673624639212313507260616825754627792333588447997665075613596344717497814003615657800426847393638979174248973610756475328610738268695094655176450820672925791045029251912634
PIV 1 52 -14.272005744923939551442538014187102638319231294814163962110839739233555674727195530584723046230376666127410165484915027855061587271456715953295059360009921754695267339817586254223246018928491066977797709018290618431192
PIV 1 53 -13.725213543635056656012147420825327027187520800808662319189669620290671265004316277075278387271709785489086307403875660697541871429727827606471657762470201628302008108480402807765606640212427186742502643454034247335
PIV 1 54 -14.0297778483943948589713152754160360047118551991853580131223925739181623119557579390157851567784492819964489297487357987229984722693690825949199324863306326970432633658316924446089865844308233298555956441643029720
PIV 1 55 -12.70654832006137698405383123012629405851172727139076529923462276907985828453308490045180442199169005697574447761135161805017508163847142041478192329160504365856672330633016644550318986925385880859327085963728234
PIV 1 56 -9.67328544500034603498754915245948451011112396608183115116090692027367658483341680288919858398349772676423635236511552150950418506413623379414976450183199468107781366972163764876100451608342423740944059796420
PIV 1 57 -9.548942943574138938961769976226897275885735716073069047724705887802667923715037447438890770598842101931947564634434073185650723778234583159470787786876256499468983970602407756091093565515850432847914665604
PIV 1 58 -13.214567316473468524333442107238466283600876709276607591434168686774501128927961518937679959716711183865793186902787455294377720506260996454016428130490612343606545853859296885929349466743245346798481004
PIV 1 59 -10.8028946635054716751089217964766012066523140107660365929128539668707325957593204132699540704877997052399077142869683301887024086378782290691965488561792349518201611856430066306495050798075596260043277
PIV 1 60 -9.05213407703667100944910828714992535740167031562437567398423083022864893684675687626259461521519355558119944559173435712770930895095856841068154957631670457087269868118833084780359275824902436924824
PIV 1 61 -10.53831190505109847395921315476397350458354548321574044850654350536869990552338412807999879287599025876100915978023165629466471525581768081823876138467039212660765223661122590487811031367305315170
PIV 1 62 -8.146080976578575737268253037747449805986688885609438069709416212052680096324872066321448809176053790809286509270669642494525178075555717835812340920569616608610300511470291170410070389178221801
PIV 1 63 -12.128271315962536885240563015277001639220287157408597849642787795442072047914013308895650397989326822326372126353661111922090208715922920247336438438634264792275129961767762160497339270475509
PIV 1 64 -8.34397099192756361646969848388330526610198123883352953620084195325535212092311860630689638960641870629700115506224413742375401295856234917867245214166307534541167638136214063377102245701787
PIV 1 65 -6.262399593793513236693779342795109819207589711872186311203851859294124049603262309317285064983614159525492382978861823305171687561891351349939794020083993935523837471010876682794132444016
PIV 1 66 -6.066156983390050491795764717372458885981675950045614295537161770198580071827032188787402911230626130256015366977111200936798928782223246578515235081203174994346487922715032912577433981
PIV 1 67 -9.19880536192017650775204513249090808776187160845088415964176198442931053085822541403049877214384700417011516713879997167876225472175642913693962953086228047630863304913516428662237244
PIV 1 68 -4.767863049563643986992377903574450073568159665446244595125732172177046443016614258853043453372592366355235870036872638019842184869793128078863501137185717440291199095723603322561701
PIV 1 69 -6.2349384693448779590718271467363256940382786273618689206985593927448645408576598925040187142784679570066345352108177718126298822298194725877925667894817860165174994707883866885439
PIV 1 70 -5.73972612916701372258880775394485228962324038925528929714764213427511302184812379500030810670671572596875429093268065411711784530876963385290053066509139950157980639057772971966
PIV 1 71 -7.752071300473993630925548044305635028350582453339465357153717229643967085631081605091445114500855218549383881730575498761637924225488921179363716490681950463621173316783744804
PIV 1 72 -5.03934050716340220130534071629884616755037018512032129856208017483642138276043704724503121361892165849581956399032555679714380210685029905607151338725590994138595639813926597
PIV 1 73 -2.109242244347776864853471278752926173838092766576181993669306301507705429176885575918927529319738945126858516625242253069353967468566104145536803087814494453366483311216238
PIV 1 74 -4.92284239735410903687229910021424188606369491656980222612678660639407309531389950767820835926906389668682116898786783216700472980654453502932004146992479338284586498345810
PIV 1 75 -4.926353270577415260141129376805810923303652040221777261605054813186029804494792260682773409224053749153442337960286337519967022212939259896046436299020699566135671318671
PIV 1 76 -5.7477903916321991698230780165007560742077256155204629319073196507145426739848704368675510585665388413929043005109362104097303074926297521260353055966463108143671614749
PIV 1 77 -4.38235035992688339673210871404148858384842719408902559322822282598277752088141520551346658617289267880102767632177599282426762524221323559149222535788474319388724545
PIV 1 78 -2.1222428254590817091703893587039063948924459045919560235643737692965854005343419373209506920519551922680698471780871156831776789480807514031759190794454202969934979
PIV 1 79 -4.861336125177393107769665369279410789605504468070442422224209832614161756125089670345277515497273218238526341796341666655569601964704498373069987599319806234920185
PIV 1 80 -4.9309658690974389324685860595861230790300181021113589182425434974848276473715317894795751442140538687672734585377077881303301759400466242555802911702771385115913
PIV 1 81 -0.4435095104699089377922568312040128050646842925895198707263965423931741971234439218742880577348370722386787068104449916869891865284876078247785327644094371474530
PIV 1 82 -2.17245812048493536562297438035021643711363783364139635501912301676796024525290725396454254678637117117777563408331914238864486215237021685178831590304219195975
PIV 1 83 -1.2437890451700059182793099253022192792215358351525584350422545015280735566362662161989602349420085771317135320003311352459153245446979309663435693944652383108
PIV 1 84 -3.305923688983256180689901718685081720781774193942130692003694878207097092922491288472187647448569619711773958924143766818465503046367223915391437421155317832
PIV 1 85 -5.2301781776851812913089747243828335350526660735437083798494094049812175474668646965636700476953844635254017624343258534968721451131218286714705099695339565
PIV 1 86 1.06763423351841648300239007551556485599462918060524267354932377152995154352982793329612778219165833954962471310498859746196713678368032513168453252080799145
PIV 1 87 -1.0134103865559713430674108114627835077354716050662880141665287093724556487514592835607374133593473764896310150244438430608320532045489574751847575245267727
PIV 1 88 -3.25706519858732816347607114509898214534282575279252340656280637916953461618235198156288289144314696463433635594833600794205177359285294348016923136992992
PIV 1 89 1.152525930890676790165275682151145833450661035497874400228369775046507968697262695705058711179753352210033871615793884340657322291121947651721430560682764
PIV 1 90 -1.3228155411275381508683074301931053779987341033302388163768833894766401241096546231754811056665988679175044973515440026719160482263129362704414857897917
PIV 1 91 -0.3985029283901490362934528672103786960604469540574578883663064142166341054787815238267808068636866374783104117210106592764772476318065718164882732335453
PIV 1 92 -0.0116839283531794251629069144031290049804451543611515824188730503636376213416242680342420166273063706027114934013546182881437310392242694614040810409846
PIV 1 93 -2.41693124931469557674983052840745897141197085197920129988831965378853556635762596890870571677297590076526517784129486472036639428754237405359007737209
QR 1 1
EIG 95 6.020317384943267952611484352956716137906768008209880289840750776688865030185719510874809075903856280563194135032736376196307760813569378881084508058310855869113443969706940425448142583958321978516140755740605587174528719
EIG 96 5.706054990020693653308839289829425380288570135366942789958837497151652326585065046787828033417706765452845644622748892025122878841163154024632752911643346666546140419361847745379347146545737328000980396859617033331633859
EIG 97 5.645895749466721600816719405430231463351794826612995250873776317128779977150538563213324466418406188070933004012267575373961077348740629640088946422422099338597881742745827572681625551918193026572624250733576392998261309
EIG 98 9.356667940119830159706431716649364149530115720461664612524082086247052594138283286458305499118726182336704388149935175464391838395902434231648774448217299776885419039971511313405366331135144042869229814819089484837288474e-86
EIG 99 4.662944733968121128632380713583603541206370925675396237752327356644863567527634925179663977353096977348140055366140957751098187636135680793914660466324503582961168703785284587159686642019418491355924715754691376961678632e-78
EIG 100 8.082348940064287076577938964577092769067210082364358814922144926175543087944582220378578261077022981457488284581976921133573070065271813238322629358436882327514965537924856912998974345889548544450996193050494895729859439e-71
EIG 101 2.569558101637478329096542599857774547418631924031412319484222476818420602275576022190792441061384430744270583351105418390345114994112443794733495954383048669112650032341134898887621072642374183895715941504497752053717140e-64
EIG 102 7.037260498797714850432338906262630886397540841151730705765516223548204449565173868558286866492816779734050502753405599192208452669494262230111799133521550206836365601859306554074108278905861285681391222473318254133846143e-58
EIG 103 4.884993082737907350599688468621941093415986736460177175291145984167928952008955925702997778291930117654678257461107853248175965757667202257736436263633559817142425789720846780582070393232036421759123224914062196478842251e-52
EIG 104 2.364201260594536160942764378650381516203037980688350494256589502388760416800436999603074682891593856645729428455767489185423624461036550627782537416820806418585922815053862725872064820165005270828604711146660842044381369e-46
EIG 105 6.316723260814363047807717928869689722039173544059668909333336684055565146030188790019662006388007727810274043184440746609032974220891495233185851010900028816435446016622295104127526320150490707676303171971631700950587916e-41
EIG 106 6.925681573361224232608639630221106968443024635069831214503946697252717812999593973307010433424403828933134242705137028748120481022060342631054806435221386313158964267201857992453360183335475611016140758936133717822701859e-36
EIG 107 5.501110516728957248825018645472491497537019664710096375451834764844700405546233687497940193411258928543977692057309087863454156685273924938700897049906469237552810581316341983869543000829736744166528501678823584025277101e-31
EIG 108 1.897589201510518692904508252552210930920496399825583332720197806349084332383108797382499582576321043661493662204094499405347088053751624253527253929176211194121403120170730476579449524974171487830211132370049324966653603e-26
EIG 109 5.359522972873073724883957975595620947804822020975801384956863742078963756988256919309219597153447450992848702970106691930019139723535066664772864772519264201266564887840098150572166090003575688859183293816936200723537524e-22
EIG 110 7.360966127357781671950721510980508617250049969640935470291026069581026863450576701324918973657055177338018025513096650098904077100332066351306996977785435748634959304905576219811181539693889770872165050672960884446391139e-18
EIG 111 5.790640977929604200751682067711155978983113587062284405633482348786575160269210112954994766067360149841472110734212186242818673862460523503989970024824169720690410480927912695407963048429252813387585501387303075325016717e-14
EIG 112 2.350959170237246378931026683098280621032761819002811232583315017100602814232428178049606030021374536487108554003472199780777607791914891609368939820785339509849482647716872364317630291712222930869267007290504656556582782e-10
EIG 113 4.503944153041445854711082380853230630060592685781092815570063232752683450553796416909706265181272199576477689334586707243933773922641142432178650690832532886555041235503060102998742986804396974620446714714937763415834255e-7
EIG 114 0.0005453375107448713030318436494786832130302979130382089312170191099743128099543982071152604795719427054427595968583331199554402049301468832133500725652544741612513792355390788903127690682330132008981856521452878962374961688
EIG 115 0.1327304205816320077142695977101150061477208902227533793381958114244678228429101768323053348045342658320466078335599916445197515356921945372067347468209906525517908041356798542401485862765077112434554484874539927062434009
EIG 116 5.414178948939147632585384767295623537828118640540446895153221677300814252694218799117361990797783439693622015047957299720222266398582517727479899525970692724712006254878715310258597388843049564831416096868797889584473707
EIG 117 5.219220898304526073263476291347620288760331460888976318992932365958737985763930259870267033773938503985964152611460894725467368636333314207459809681785276021995794780658409502442184641797255461668317732801919085202654253
EIG 118 0.4276285198063079709279632700873371943001539981750723895280643877803098425013694805207660601816085946293434543230867589119294662942871169151059878272311967725468004655372941220753366684112648028951097502696658189551610164
EIG 119 0.5312694602398584674311049944339708505088211512098492030167478284509454372612774030272636570732744662927500368923207488319490732341927071987415775228151866118548623985380974141634995455358201211141805027438723398166825961
EIG 120 0.6830661151654360680683874868126153657181179938413385953087767670355099498949514540093634413805556956543468640208094355226235344539809840835062967003011429775497184889963416514049022381287309481410323071116342798522806293
EIG 121 0.7371444115619061963585443041914769968905778937177794822582136768988257124984963355757922031122955155532110456559500226275852865393339383629245356016781365288288423539175954366323415460439786389492012305321932025895022841
EIG 122 0.7578773810534039393873829590957406436529905178960439282789739958994552776949727277026862066822802060871125965479363901914995550784640663906841590901210367244485713062423616540743322666299042711221988584278820986033862075
EIG 123 0.7649545782377899094533270005042561890269691787611165994601981530507063688429339898489826574408773611963830619531534571650523890095403833391905588752807744315741987116740206267386001252857903822532326019589886633734705459
EIG 124 0.8663063574159608899450261882927895634534684855476668034028541125717455171930776211832129305068263153737984714699734930505685152760705534234226035662914940389061601727702586443932599318832951061016387918110321527187454148
EIG 125 0.9452127514968517949605257821444443571760852457904099982931593471418826279236795831073118717329315668477480795489250749753355817823285780790302468749115762652467264464601229942082891033207100093245285595414901731476933709
EIG 126 4.908525750940571968495191151727081836152456934375304897061849059986251815664204416376790846173596376785451477007566781138440704969257189535040658337778023176164915494600554162299178512922052609714172962891863336497966166
EIG 127 4.842306907520100690079596890143603160725800499195846426971702270168835796400223319857992353850786294276547175920542937439426892052422031743988738702758916954581005875303145769923085791860775127748352187116951838006170828
EIG 128 4.735679376054014630798691510095870443164264589893015293764890680247612561346769991438719207045556326306811871853778034767146134315016335302560501351563861714830911437759499593014332297422936524127503331922390707206719329
EIG 129 4.720660790315751696403433903230670089771482848791729184186940106288890102180275677479259219789451790330499882464335223074443386550891863365531294177969582693022280036741598448248604999440547564048123616844667253986314263
EIG 130 4.607196962385239766599848934543312739362235169636464795523890400077432457236042855731928078036392299286205590869685657718409710125652519668403759833288651902036929883265492778754187003799909091051136652058853694572197418
EIG 131 4.562925362958591012479913757417721498192097675828595843067387601412115199731864308673456116183537446128885738403631902624945173686631399217467370394676809532318524810394789643983820114704445185124374472714750841006925773
EIG 132 4.507855535408586803806755645763408228406665952841484718944404679208400927687326767100420530779289205281692076261513803058572822036930375939143094820812914378558384686056210868783728769892198813333122285583948961481112286
EIG 133 4.423914272728789491923227604472843497711139153026877501005504139693404467056216183735337067778320175622243782166103323816990606501151023088404609614963534030203997661318059570089175498206506769184144251433425127145198497
EIG 134 4.366940376848225730372070718523803121281063141977211581028588825461995427823414288380994071160659663409441011561401236033827987716734967155455091709980631355504795343854294815641609145085597241063716526292294790366584582
EIG 135 4.299131713033971471349277749218194138772840655964881378617291344202032525492678392568631905246452483412269769058804868047884013435843332096652271751903825393188844795911206232141138493597597846471874172516173874558531586
EIG 136 4.276518190893092936370185385189924748165137006172357579554384604673961156920816281918308251161885947953879135854009762759544515997508410146566453476286625809396114920529256185542634362800813788500027962015527123220885281
EIG 137 4.260736281192062528406473159123821879534388288985919425517929344394935702047907336848821393111852194922572558868208725081160286023432813814858187763752949970311223206473456201866133942098282117127330558473200061009030479
EIG 138 4.150835243608366299398958009459863704228170151770796290628598336717811399190044765481209413170968959699198607858862910056181243873968810676594729665164972175936080503675618864023485782792995787374701193493258859437708014
EIG 139 4.123793398156294375310372699353710898383311816564535920856669352446589024490339961491007572084477224138735149416391556974098135847762127501449146280308426999645745336312253180102707405412722567387331047997878970831533115
EIG 140 4.053967792349902111902451431140870803174125876144716401831087679657335987788672978379321907630320355415167958096032436740469176810670942064183914531435442999968359154353192812473104022832927334534997390805682953384708854
EIG 141 3.987863846401488687474943754128326792429743843092264142656730958287816361912521220575459508324136460033842555400531394013278760564137376688111918129811325135484276830483484933744342504473569529094315565658360884992686189
EIG 142 3.949113596515412785476727167767504047983790786949783626645682609765969753157998857643684043928997453636865117168127212601170830198327551209036978342391777187703557277124464378977851762284730604172546545798470252938908370
EIG 143 3.912858940378292867006435109950536558982692523798749928556108955918908515923469490394736942819461783302396583290525555795805891775930895824857768916206578486662817484519101701150544932891262170476535669540932343547935671
EIG 144 3.852167309050684654163536553422955790962745773609189327676276793424404546377075447112068480933037063001454013164884138674930943169292720325065594022682605267598653588121556739501308180480145222003249459318865983202805188
EIG 145 3.817863131852715849765995669016940974237010057954338249559649254228985982921666167420983452405090158906452324826451452716302002920047798080641419813664897691846400038043141346036664044714579657176960864104616768003601600
EIG 146 3.783939694093448394914868477386277074286661756992210729600894058001963654037818270294165653005892455048108381153370281281782196691715368806734744977316389809701081533456768949913487450130672549763265166610580818187210690
EIG 147 3.652665494453871136099083139482254269205812384702832117173832223850421859732809057704888295603206741085009885983326270391521255342852251824068765619027358178964291601898376840001893936701144757858461342869862582200540896
EIG 148 3.639662635549135559587060624323051392465425542491915076501459833901451085074403507266389879020620420963897350806358099249865519054209462695173472595594565762898997627893889846737596645646957452161739262073038749611443262
EIG 149 3.602611811575325681285336863625956119866381639212694671996077882444143697909590134514796490369685461017861926235490026024724288379239698730333531946068370869810327671763061367834014422908436681022692678692284885034264461
EIG 150 3.553231632647073318168579426414290879282820562921499397404317692403718579058672342646761114917163963496531558347542982698409197334841639043568520002404029165275011850194797556233413293358071899673842188542907259628760988
EIG 151 3.507094627955503886012292632892734610287133353733206123816065266493327824098242711423737140947624925846723566332598439673260238641700375727193005532454183753914720546299110165165587468044746731248327635096841871637759310
EIG 152 3.461746985589748614189494218195363570408747634030909866646076576739061468688722482751009125059655860261358358933112654106543844956800511667596448036590748385905800927768659032460072424327481636697092365636724693821652178
EIG 153 3.381397305848349051737964873573765840676522487661677699312912132227956709508986453750926934523993070647105800110868988955508994150115864885622259446853723433408820466566306984940018365027208407417219007526295040568677476
EIG 154 3.341184981909115594133563485650507055043320741643881380166743550112864647348948841248682711278864723287161774639322373043894336427816724486041473441508864001350055258707294346905511910940091643311120588102532034248305298
EIG 155 3.301632506530630594868576641629235247620870403498502731238677542068430153861078204403893556837427528691296254222515144676809231603245338209731582259453013693784884474015010363941641110879516915104978527452937367322964083
EIG 156 3.248771841512210448294778731578967805398287296664080804931786170113066170467253342670095298089137529940412852777180672983926692062471188958384691995584641923886690722203746534693239322218998859149423011891601127277295862
EIG 157 3.204961164655754174521016810937246444154022840932549299367664225002372451412775634809456314929905336779762012807560759355302178580124552307565155937018080758033523318649652141594380775930568834604654200681893475813419397
EIG 158 3.199278670048674371982777112983929884285430696823935577612467999256169970875482512449579002801420981056778118554967365554778131951233828885707827257876070350411674957994580524544732706152952234730554429918518415639844142
EIG 159 3.145868857581674084508947453212520622540636606125202991593748032100320072697405451773762346360868005025041571004985081670054530299600033914231698612805420317012142232907735007204623714761762149842244205381530993914626141
EIG 160 3.079471757617967646509060894630552334025184659176111256140205304227614263388463298106402708925831632590217648858811925883360194807757663979312411807390818803272330438689716025236848337614058272389377298436559468921403690
EIG 161 2.968180486236951986859325740378500763816979897415475319531961688858544877488508698868995599732820940840347323224453096379300065363339659679984790611772390684495287662330730344188612279608958500405606788028342701729458296
EIG 162 2.925373666848405279223751814470405784372767595284521546717824525310646856506364625017545377859410581227377130827433567247214842490194510804637089711622135162557646615262233466753799599977851595073111492222690865620151109
EIG 163 2.929573049650973308553014388707749216804174952000779746422615919315247933179961262274214933673033909843501499425716741047766100927063611169957145075173234853758229859766044248995196367862183484821710460649864039984644468
EIG 164 2.842562876694371750685634787263844248628154358732882418915884911560715853366278374904647817750100823523040976436653597276599438280651952114450920833629566339514068783381997188601054806872072523208416213043371605718387770
EIG 165 2.746864159142927808668917345678677115645820451347841068951661456902592496096796894432635148874645215976906345911525465381255663904584278643009266744304930945932417940961831138665056765703736242807493954345494474150391636
EIG 166 2.736485087120847509078827916590375984552535663580403236961847131302650073632502470154140407811836077828465649695965169894712335132458009663654595521569609374563270112250330197540665536718792084614598094168140741109345556
EIG 167 2.646277240052116395783068717649669709129706332490296555281481889061846028183275709244851533449391276715897437709290707426292432319453961243149040647260656187537311544864579171278762312673834515745418629715307835265129089
EIG 168 2.586544780682276334235292647729921260700758845645627344328622006208259029377973429275846305294111419651677885518519848831624446932382439246161752957145608303937860978565804344923512349399393234851030192062336814214629710
EIG 169 2.592530069355798145292718885174326084384423719875520312622548702506998090626734169883855195834263524318155880952777924506371795490830217641056964874520822253978717708393633046912715963839563470051226056787883694822709249
EIG 170 2.564904751333050036638253627988319365824733940834922871517958736887059990116341175888801698999807390705593003804531941560803832058194911165382839137866899059454526218245579846753898810048766653746768375631493699932612003
EIG 171 2.512879468162523874361647823215312576748858890015361741025962212283316104349820175923135912372630253010179640608002737226955901376850756026148391693527147755440921927796009361425394539582479692017502383470098424553225135
EIG 172 2.503895019074601373608458854873757754613247804388955061910107172811234138265118022996070958498760488284249964064767329645903964128756940878894719776989117909148312507159622879862077879262143754947889125401421748914359896
EIG 173 2.456514353621446888920574283605215370323520094786194954519312829414881904662577906659826856639323929901180919703848355457448845941758631698572920385781896067323417405770305419646926700583076116396740641282108111566061341
EIG 174 2.408449246016196351150855852403018369703277873559556740694935868022008513798069435340269971498509320316090493658045190043710810393446606160183535997747579043333808346915003736111811967957906637404233620295033835465984361
EIG 175 2.336799514159887008954263441426210695001807139065123160013952158681006133383043090310480873638837755047022291664167005892283577538286578668488795145542220735954229239269338226134592729096666701953216122964358505086726743
EIG 176 2.264275683401994582807022826058460739906399361419169622804434083870154955090857090733839497864521848066787067897863686375424906167894227945090650881531055766547230686671931370035778413821945587417379221654633242775224688
EIG 177 2.241220453719153035796812012399960033573772288984122095098211840554833165664329025360767180788856267997064890190409891275541835397871754734967010873427783990298035612050606726577280395582649683631278707094717680853009528
EIG 178 2.185738400556274793664589655345193167828298424052671071957724473030692551585076502853385944387494831792292128699838691646216480131834095228096373864937285961886362312382061233655517978733593440309086628486113348698952773
EIG 179 2.089380852090315242320356027556618501934194177632309200113666553874836606304577127051678438451779795470732978066533869570402099664166466103351788173543869690575500301641962002960624663053485993667086314715079930979246506
EIG 180 2.000848516912133992378311692894453071701886644375542380958593332253992056526477958714414410173793181090837913981860034337890379838191739860653260546722758155024917116456491242421979764035559108672247350318689781415235797
EIG 181 1.937148384656772447603932539792210568365716886022880821359505156064485563798866644231486012721088944633702703273489735379314520367209708096266759345451955499096255263139452906417683450914275042352053367232013923278036652
EIG 182 1.792512087895329570380693702578414284281617398695789407998803791326811367194621943155345741056414718714488799257351053529042427154851063241096272009573932112429137241690920023642343727936535597826136042699014956204046006
EIG 183 1.730270262383952138941958308460540017813131128633501924225449562463477635106411874047766108854006471164008945978630062926887898578997900876301763455908479477084873051174288892236952643157380770402650780892809004189807728
EIG 184 1.690456121841589857330005612660171982684030436987184496212989908170137573328123885934135569288910927686503599439666750919059724179941929659486001589093005849812786367825171428531383348840806819886004124672432233589654320
EIG 185 1.511904052038943370071756170284574216698750244988849952774604832692962725214338461317433830264633824167143379402354732913318786953815384092652553853028761462373642477661463027058110551389190135562056809299083394322319953
EIG 186 1.478468268110882853741390910319436171978360438326918586480349319480262914910251096098671839125183959209952102320946054818834076782815479640021806653325583473118404382896352252830591490154306795342385236527325073470868021
EIG 187 1.112277444618394317151655130005995299027207388005297448130333666714578375021588655178811813317685284581031040943747861587190630790957970657498892415914137206303409662605560363132038873710453602351237894368489269204391743
EIG 188 1.304589733129803924796232692809500329101744112856518769793396093967320175726563994236208158066611280482974567669606911491158323368781637210457130654382483783882461271986324210394444112802155273966296348837659071106940737
G 0 0.7556485064086680195695971145524638515807970897684486674687570716375757279754947047390154843201772851229978553012898398659993263688851428817385854469897802181187414023816101247081847263162643810321542912964928692164172962 0.8293929572608117885060447733634415531683600965997820762467659774469395630959880699170769319966375576537468330259205050055398263063035303709376373484142268046407510162191777882941330328384227526967385154134032558962102861 -0.1296968322731824253102113586271003394302434440539807956055120353401453859087907169757418770521446386307691511637279656474793333264020845485475972935601897328153278758066510942904724618851509310718911567652272903867407125 0.7773923669668184448299046642252727801692164513563898207896803001643866203631725530265839680165643717511518841698111337315092846264818742895410022814012513477744373532185833347876538861498698304280118241795720018972206004 -0.4276435535785127059354236032971862691892908092527104635030012923610758476278882661090997994126834120213366493921380526526602097143919533978458150413784882835110762413857960608917209655549717590813282706241951962779996194 0.5999174888905997504286095029178119705655132495397616430065245862179667200777105521048975548385332325702181091206946529398584614008385201413798781181341762155569726844636552643619932799236393804399398050639517827209878040 0.2366652320698839223150561437305534257854179167230541724838597203965209832974216704118991266233577793353443791776176251848216765083792037175118766048281112794777386834005852102822042717750903329756418041001817641982184478 0.01564642860006518221001869741746267589681325892839661311923401850038334364771009866228418902729712201933669121560569029044568473210524499894173135649462758819417027129329477953549311930340787318877484338964990052699889912 -0.08601179664625658828748673243903174849697833007766400608382214338980124605808753407416787292159339212244722281333935084758491356566603032945385401313815936434538454239459961693502493312205073895515907373028649407388917319 0.4163001353408550050615264481312972492868148602405435191760367021976456494944849988479930111425077568287445195203680932023601858584469908619458715570932899233283099170351469099570703442247976150762028284694443610277041986 -0.2417278825548839266645889137192612218130787145770843243790860180925755706841442154520083783177140809362447928127271387086768472012361175220626995125249064184485353671956274534857975769146509681252792672223746062615470130 0.4448183592062050290021702207765941568583072413013086482708358154253203671130527760956578055847964826097380945261231517225424615704747612557335702874059095094777573204660632516602864631804520461243691378461259855674719805 -0.1080409922757992256783723079009086050415613425335448433448963900275291674510905950109394128603546720617582295978374437110670526975414279740946630339329707468603534387566285762302694427774590258562616966350072735923175444 -0.2279267056111993179430223477278714839117301366702009867449446087519385107892523369234099398084302678828402250790685273120057535677000508237335548467076962104388632516556697915703799886384098206419041515592311643802336836 -0.05842542937805613247341555556438228464275689102388050473516807997858909090595424787376234110041171503089099494894521120194799264795995711541495409539645124331842131188666174805750265854816818646625090754312990452084881302 0.1624314966004753164629347318139143074812578776833858236485311559113195835960926324490321344933848146864880904689951990942768576155545403050013357525182317236397141675008389597702774269646137849133734204999757021780638133 -0.005899079525949655349099954364885576752678570809565290683810786636551285543628865041954334912277265738506400440027323565353849182582786864002529193093319313485403928127572337978660950295773459686997210201897627648039263237
G 1 0.9966538212752199201050351862689893591372690168026310901780764860008418204839203116304567112925232834973742097820718745215268930125154231200758325699023853981964037909672310777581791111815698319817413975021904720503268879 0.3727357189409326009802707011921237931877777446871824531946550084026370921124303418860560792856626703857153388380562917797787786810593779024202281252257256951580182604724836328122284637447910153705387026531024189221076999 -0.2669508882701121828573328711310316225345993717902354552664158351737061196912468315382278045039045062876197288177233787088452511594650216846266796610287380690620168230431569850095140105127864830172447612596667889095588462 0.8441943254377854811128778621964918502666473035083385071888032849510428542472273040152636314036351286739451414100668979023154578315289125721608597048138220815533319396390351140052278241731181996734428477289740600144580164 -0.6619961164853102240662741864510890170732401337383442303109869160504613950757823879444929450661117110268594035822984969919198604043524968932494933735423298716224202342602514126918399706469256294318451760523035868260172141 0.6462480340211924250384501528306000416394066313720035565582513555652688771224833391910379662363588561854003763692853903396371946755896579656255414844723399884325691317108042167000737174693653083865460628338320866003441845 -0.1004519290608720785721348364627968329541581423325528235192034442429382474878875637220385320367295018855692821399189029102109136032108045267172389130636170068185466258329990579192716482355158461676380139282060577744006172 0.5117450900946169457656833256842213198524795095666650343215265034782265051608645267667482096388792527554967859736624312688556761380642662003361059871965840751074386182022305968775638991480484024370359821941576630912225329 -0.4471005313732785658088280603996538445637292510196696618810061194084039929178268781857174100594059243668328181287467266117121516845453780231608036119265140428731410633213419829016874145359461001568933700247783099032539653 0.5259953804052904131700827522035581097163688460814652556274770702132370559641912213306497877682277835097107072655786127234573147409554032992228298747508819002046632374559774970136855859290378220525139442176031975408879024 0.4958093602223979314070216752278050593163570936654524816671428853993335295896803513129503977001632437494606135674791041213317951485511928513484413376325764582815432673595908585087721836518374026885165918650470159182849180 0.4180255227589843637889090864563244423380748229989572401735965017533376623326558438671585848383775753407410656475571566463925038320009622017296436887030030258011266678975910157746659523717685785152962657765955406272649569 -0.08029466177393785305321203108902403714886650680807873821785590773018936012206388994668942850001699076638915595225978894983257693532085849407379539387056424710749411278314384310007422767554804609105969013656252246440392301 -0.1878976118899077961721595841792582176656349354325954901221013057486383979896138811241398260941958467873263225473730537392359541893399149025053227361166568310719523725192659132334965045903672171456793224540083894477227245 0.1407181526182011157465659113093662575513271073382578486986814173429681548334901100735926103232238314968174408635242867788494587400098740197056221803766789646761657442113688786929315009174702670244951549176186157568295542 -0.05387886126608563266812240531076700332896404622922495015583489175527510550392029653703780274510519989856750088536614206649362830969097187061599627848133074339207670706369348630528861931377821528363126731364370256501909622 -0.01410693145559512405768020137196010373549369681327833019332578909340607235491920548014578534953462109587996510864178192606153624843541734281410887323315310373579070631608772034891309833274630987673959113524582570484469513
G 2 0.4165327332482127676807366373104979032498908621329566519641082941237257378162452824890409550909019920529664681211367346662286520506398489859675307654686911800436622027281320278415765489922526742199170572257525773726823722 1.036026355440297704815809254483877420838633647973794404869663969931122825964714171671117196966034471073585735115479177768070852152105331847580042080165292281380878625187629583580090546483550083295363677472725419294333807 0.7874841298755343033507225097039243176593803587325322616637534102005381045607671832643887073576944551789549375473056077117021487962513218793076367961713579204327457268582943500552571181286037874441071043917315228626624497 0.8524571156319128616011468810637280205494925155173566314964175230794172092120059116193027456533238835086654476070527749109162087618447370543400947395144576192193310635141493735183234614552917184842229988255405404081290994 -0.06043747333888213312608126374605661767945771019587232917123469090755618006420107211318416652663805929978112771609663790459859617952830662506275645379746987995369102581151522780181786648598014628893298115508531014124995903 0.6839254043572887020820770039371315145652658706241316025042724504133871065504771324805250094314330378054577939914431307901138770677110747741093288206112948429953822399441680153237180393897001792670402825888520321841449127 -0.3769112099854264601293417158119181347268985309600834886039524464713783229152431978418659732769444532621693860181710028821191058632134299878980741129933105484780556512071095715875397514550455401195428431435160254260608526 -0.4613877123673478904375340509514583092584539811521664868751558434563390991316220743915913518875279263694711234815900260209668487517664783787589620857556160379371639570903739734349330794434903988967155999352365982299499030 -0.2484690311206521285244437849261045670620429003331297643714901934356549599061433145083354342291202586998190750290352951823122736492476952663908733597829326326450809930377773197941945975571604592836419926588974445621367544 0.5125394722416271366850642586373663871831415790134720098931449611572393903688929935399634005658531836124481986055212650851140766527216278615247717164529980870957104001288988089633287356604705881167793829414411695923372455 -0.4274656467500027338886867629209513538455030862553948286667035542636632911324255799257060972687189034836482143647197971631882686865593561637124877846971974988689613366676932652613484632901874057426092633625355480609436128 0.4654234520690971636089412870877693501780209715322746459473473560707961670613441720372918989194202013584806510158204239432857072740705610549604894303551882342957049112675160741126322324904372718488258055967961591013654546 -0.2478026590095244996303404244272135958481553343050286174564781630178307520926810870237113554838483119541331140451550331120157017097011776713290087486052885728542653069702140680583259307469132070768708378684805778664448261 -0.2589731768416610379559651052797319616433842662915298617902728964931949221456898578297646760293531350874381306013461425104723512640222614459901405914190341109133861482285221003903466923452657243480087765301447794953892310 0.01503915063379802564860905499160755162147406216997962564959399201452315130419878968668250992600211634889729305572027210919548210542046370797919472622663476698122744443055181874812853154571270982968941388279466112322727673 0.1256443834356841059518420385234138397444790724153172522441475917955937604908991292826786669632702529754085415877990991241129031294015626172412205885919741267934508889926360962725575465523206952371690521222005356612827189 0.05585983351193161963656250815697153682761364921717413804524252137922023794247869682594775621736719298335335901259287446367670032688589996394917140571259632349476303239860612309183833553887480431102595956823247650465486646
G 3 -0.1328045280485485742913685430496242583978997656541422903209845030755580770305001393045372573735755462456475119020696121052756635216887336023789937366259322003564187510637235186252950733515850541579773479906411916545533189 -0.001132195920010929561818196942214881762197440808685137242668238880815420216456272409740908608558978780290917529868081162325307940603212705924875154150199435217442233818040856067906812662399401469055666102010813664000601138 -4.337110851494076327725385313850371627446779136425984993447066931556486684811600241632297777978656283370290132352432582200646382687627929400680745750080673188140855828159898476811519122638936290675413893056091532683523001e-6 -9.796784743207070780309367552740898326141268454408759376130962200229109298271980476094551654699369883976902739722501822699806246984668122381699402043077419833447196870683842266605383327110306310016297339809893172296625359e-9 -1.432158238384257571075294355810505572201739375731508488832879763823690034445067466401198163508884972515284473925891145919691326447814603260558314546125113704264271541017481394419892276209579726345420206106381396849578801e-11 -1.396516829926456475619524620278152459538660587630440599110520475702964474735991215262367433683946405922857778719165532732789955532522021594816551721855168616781145638268616696484250510209707293252572580618146326147803799e-14 -9.072597221029651984171212696610340396463386368842679647336506641601067842866027765106694853475460429486778710528219517072545252069745543671427021447550469857399034877181162139932457143884611058550732056608425116481996600e-18 -3.840502856266550534439901581705899237613233336379770056495988540855966704881511433140841013010949516531807501052695420574108021388116335494117694104456066615028306260312336418337359214101211251109959774430507164618389573e-21 -1.017011847083563954545156884447154541742812794212720940023872029105534291553210717777077945674489320534507719744567936946584828646977746530913407639272614414049242978140860051198934488789450675928398822915518584996183904e-24 -1.585104463473591002399966478196632056059583923404672418408737729934109125028932858126922693146633530818113378596047848937430503580419786292237530463301540095114894856158171924570043327788498146156270115005349328370922484e-28 -1.332938858248153025308725241150527125943439653394099004271162100488264162562489921671227075987396769528597054236319637351376154480404171448869968857315087302305946228942547800037321181165783422443246865718880649891786911e-32 -5.340947958390359423753618432479137883048607212253246300128089129271673058989559431038311947234625346810940034875310821261179648266501630698905352137429816149815790294693524140639974909656524931845861214038893291347248973e-37 -8.492617103906717984201671594950582644853788409807522707843989773284423233303248506856138351224358145493977720542794041565652537490768088352471580405734307311520553323834319874450348593404577253911047781672224924584186264e-42 -4.032067250149878555236388629368528374353236881538409608389554504719090456795995784989274113244589747325162769847615570669434242828662962651509551608328023004296841829040323803995851824935929648061093929450434775494034394e-47 -3.526228795055036139050396932812546507921911219165034648051350628504545927568188877262603543942042879069427986134378524538895588238380071207043172767720594808551562584655077609937580824610847714248308782824763687981476566e-53 -2.201632391848573856717115260583258410318605076522938434986231994599805150819955209814180306921981920996927304109736771597894929395430699119905798696851105483759351305575642536762382318769954460696780014581115191414531107e-60 -8.354155144284034162027134141235033841865636767471130479190614786612387772759025024691851401082322794064869540813117630511182820530474754916486099271712652995528003915891308872786760883863904964349507328390786373525005958e-70
G 4 -0.5995095014568452735188172835803658884903023711757542867658910595564892283555432451517541997787190375584035735236648628159730464610274000259587874359171260552760750071285592520289364577959603772555879974166698389413770480 -0.1905213072477667505467567545962282469746371218231533768412161854103891749297688723295709947353115597232550343309170337753494679070908171497565375812330846964516665498176643253630359131799360432653172292484433593512613896 -0.004364154667183393605879411146714362112959371340764824526891758936546358145162588283069783965342588924111980636673468054170798263893935951402718066429134661323660593070474757523946128488642506984026508261905472561195684670 -3.544347428410130764738374308224901355827923445281081824850789157382235454244227589801129226596033947134520970883783999060785796692760509067977426044444728200059081918650758385258672320971419854978362785108967678762724054e-5 -1.438303359346739917786318450574891805528023598827859540412607173952982320949244597594082897997358914316520046311985369952153699243411325082477831440725337754168582523104146304763691637609345751840726672531949824166003241e-7 -3.327021151241601862684990216130316972007513380927410494082472217573375136472652412189281403353863240749612843411122330355439107259362561132828968704444871910144564097626170073025790941048410700407510608568855452507546491e-10 -4.618837556296293618452830009722346837056694577541689407381807684658201242809687119020135717346371910867088821258506099144522437032717254403986387290044595206346302465716044083663687806937388161865451396416394727755500386e-13 -3.884359136458796478372293688481935051338025408227920218223913131044205464535011855774907518174934473803365417828703715430652514862356430363382692375746041076113702996225069579877894322567330459604419859567050950993587202e-16 -1.939973357963893508410259853044554528701070189894461441325522718938438466520276254628247354139541684208039275223313671764723638074367739921515472209856110818144641552085967264476372270766434522632759661575982171742773239e-19 -5.495815867719258134117195268229321307063211341237622499161545324215516036151073895354187535916368621928382186497296868266293327082781147943557903808401715118093503897520542699150565745912903941874591835703079112332547851e-23 -8.193030049183825173543489429803639018002607307680456241851726634496260401069384660726353370014260581411139230531028435463659231150721060217211259238267801067720434943341987322988211512589937081552721009813135224095680940e-27 -5.736297260992270750110524984556443285032425254007228165962031123488913656816552608530630172642640984602157306527490434209447671872417023867728843206611796397427102733243364803508549804523872558135073919767065573756324948e-31 -1.587540643056032654379021657778447031949302470355650527683261865565950861932995676766747129261383826145950957080429966147194612735592905771707446920654926395559385090602523598332512595577927247617482389385456872485623915e-35 -1.322950448754421447289039862736136176967045448797044055181782289957189640489373003365646827398503715819027593053949434417428859486846169699089500717723713069207337589267631386356470273482639225748441705937338547789619483e-40 -2.084187447650674357701069727957180333485833925567288773297675620878774235492435383826207716801395766135074771132356488969398395049945073085290722131914463514819943145568450446139753426898272147468329176652628536400904296e-46 -2.482140804972633340437688180441861937675750939107288104250234051568059666587418034483199099861541130282254105772292947555257836610784445255420502626987198908868841143201221676806339750695353563271984122615404378864563658e-53 -2.057054368418513795305387998539885594953482216253196155397254255409291823390787155871359826163520414302330048978190190643645677847895759761858665235808191858930994805152732546910121264594879743812138843202107287439196251e-62
G 5 -0.2867071054074604602944270120234626576397657154428898084853367390002012069913098839769558678902641109937523487058686723340512083192271708570594064342560221252284623201058958495317736467545581499997028756000697369068379961 -0.5119922366510139492871993685429771561334444850898980276230662543001242821574659913989575268432749356764348876358974962009575257472109432093940015660648120846258540004356904630761812030486604471050006245788598504589223180 -0.3022997965964879607087259912453344095448010757405193227713274927144925802141940225436427300889062186440393969790664701980187392665211499332908653937978239656886598971100425260287235953119298565974745961380828812838681829 -0.01295398878932961254087759466199625652534724787042520267277587916120804684345380098640051659680356620277211169704998170173565802681251827963806152197710565476608281355061848695264125380754995759846442803312097570020519803 -0.0001768062379323952142393222144142803544759970001091016388778179337178157956145514232180280723541819329806220193468665748178358375971798383285752471098552926227440344387655334218405137147018878292542301301010896772708394284 -1.091359200044834505581441727748206055328201277965380308852005981400294921516598629807692523231335793395587432702792258587831183978002690084188148271573987716222179823329102680857313832934631445473866409012133803940218188e-6 -3.509606913857080493742968717507503130089645230737353263523302092643166183606593207831637310943098432254379152509803349657302787164327817535908107762487110537754470349052236432930132633308536177034630924783787897412239972e-9 -6.223029244517274900414730410082845803705685247107507329792282731549975078568038993758585077634183089255884655262629737254716218424928532175385771447080366558147089191340438162887779241370103218599170020082597027471337807e-12 -6.139422438423726201734617637435742335575912637063078342266390500366697220862359723646620342656996970641127553466089013338861591244292620482930327698010108087011910656388459232530874503246312495442990668540062712070913302e-15 -3.282683893569428057430820126798685347316101991491345624161637638422367095259450194938537515403450857161930511355232411711099194304249305479491387679779025118567205943733822546932535555925505913090302265151820310744623904e-18 -8.956158568967335796877715073303049454879094115235960615298580375680460850154747412922245333071623866995017267139253467639618984020416738489602585872475377618052985260087062717549605120482600519080224028835579041976572775e-22 -1.126602449384959009382696053738110072921128720282878007712384543160615570871602218470415462954913873178182621171344404113649637787293030577633474694287015516817392132746519949118561440235428751697026002753349661517725745e-25 -5.564866776243066835886625230666969625508197268749641307542845366180871266520938484954895447409209971260232866904302515028910565382763479129967695714436652783920860606091732303082838868357859647826871590615967743016205153e-30 -8.333320684517577711404951443645089177270281255562876341556497917814281259384586591230426832961265572235596882154909623965532581455890841469222550694118347614322710355035519151613201135359559072525369211277392843058496741e-35 -2.419513432950242589672006742046375356506764841331129043112068173955520516873593745999160397132762321007471880689150763505428621772967601624204305626836127383634447202831117148331711433915853106059413593906109778172096080e-40 -5.624449979805931882629424833128818322649683565421711992993809053145547894483434645856475382695001410653278371114119172339919159232717921361783372890288963359373095868710873716280792662173714904578088323487896916353607033e-47 -1.042908690907138090067649970574377257979434874386987315771388916993939974065389634146697022445394333740398936394468321615646205057785929653574374499103435089599877697304952442350863893283780569794608594075344775028867363e-55
G 6 -0.4749309190055374987258424422784272483985242083611883218699203956780951923814658031601046047318987981769751584896823216833702328393931247145961338514900627056445946022442731614703990811952224487747512501164079740267164088 -0.4663810538329337948803612535259321844848556273382892186713284427846170486911605164035849020537939541069643603458356623496491596025945907141277444385341430602155808727480399764728925971278909740290895321934507548138151317 -0.08275637476032857656547533632159753103279530298245266491694927975810096212484393655555278760235795202118047613530682870143874881913518783386989455727877643936620682945394539924667330779894172985074041760798446243500952944 -0.3881865756471499258225142461252700820256222964847296457520174597925880339335272136882986179219523150294564549541417276938364444679591821813786194437259059561957754215074301361524724698992139116857292329687541288301700880 -0.02856517402546262799975163509714526486978603860668571725659486157775967940046106845080154553028532067160129685623288905077785303598690801025712045993725868713500975485542444023290993317992433206116243899070988284714213708 -0.0005868006718218041145841329952637965037106906546356193630403557847521463275729260981026953342544118848841716475841960479131116797352558824944122430148643620726611447612866024356708616303059700486082939548685301796362388718 -4.981415130260088640905320708660542079017232076026443400837086395635485248995292648140949287950097322810110924654441256374458019908625510395044377352541851235928276126660651215145556332392237047268137028409116757491890972e-6 -2.032401498607234660409365855562657585790462257884486225810098786557909924969325480087005958782992610119464708377069139843946844570811829776145747918955016491764988415249867697398084908156426804941895186832570966711048101e-8 -4.219219078581654677892429562823631602789386488393377443383565349090280448054819348028099444540993341964336038659455213798295093170817267911266260281077474104536672079177131637046357480078086071618835193743984000172852253e-11 -4.468680675462601747813457368699539568669392913192998910575502637986087622891113392643237589066032682231817399365126969699824039745672205219625551188776419731647125934641304455638564901981114699043656332183677584160274239e-14 -2.318861350332289580441785276210121703593461832587629144708239829811985109195104264371717560523689214058795784980908939154267589478622162183030013128354864079444314101014330949506155356768545370178828059625624663548124554e-17 -5.409433137445681480765380500540134967830837623578892857660196049456844836192061562671452100136992174152547535168438198162229437326165373416192818620366326980907464292778512515090630181889540429325486044082736646025509889e-21 -4.898218505029217549485912096478818706645441250891503729353177513273238737517524096474182043412363880381151869708100099406248340956764028809120006685668554569430774085437338350022624563447702790053557931770957261890447982e-25 -1.348640609009331359497020252032082181917551729462829582430848061187938874794344354336693716137536727944741004029699915884780830278416240603164585517713671963677925819710863944051548892272358670987550542140898268777135993e-29 -7.360233174114721046097881995590730283724598446099967805440916465324122993638499529078666451624932785747695843919203133707664568162997672623759627327468529184043480094465528495315073329917733038448520389347012653225828881e-35 -3.396410984206004309639284998509860305736009613183237347277014426252287802686368064733495123074419076784052719248733228549768718664903709189590067521817130142024922858099322355204533982658625619064339230140465188050349638e-41 -1.429581645003729103334176934437669414996943616847481040537071698014213184598916360399678750744073188465651658049007562556996836285357223403996685931465141464856089700918050658648048706134200066239439354794444715160043058e-49
G 7 -0.6656277390924754866931941417697411648923714014870460768708130664476700517075896430980371990237091261166812569183439115623565761557222413852950539727248656430335525190187880473382192521247720237536925638375229720824471924 -0.5054691314649715640824892601225604451974704779860937162116684000933217319577749801960679703696100963530167032386577851963474446338531699620821045675222218633082511485451805041613477095557601859970729703579802958245365142 -0.09389674450517794418514080745438458033566087599942479343305927085057736294293555780020614386739032468858148920517365193309463445887802591977050195245698342017421101344398037118402897645422263617083450259179270802150860344 -0.2406844068873563163371429834320206582945944706163557184359886860304788314144448863943660549272946484385747460501743065799512285682228322657814395910072062431802402453691851083774587216509816829712027759633214191008472098 -0.3920281603470686432305998991477178230720278335073710563982769376484972407414981719991818397781493725694979674049013481480275850684938812557022481151645980856634153135303409451456827811221660558988141568021781457447786386 -0.03817269445135842576763626612247388604944703799614669798077334773120930563239432113120647932524987298441608662547606732326069433918223144972294227554042235362256491980329515630474553194129127435579180655322423931780035411 -0.001020852583735640819048736399554678870768236776057282610278115916189086473191870185861551306030627383894217336752592671416593727104474610094204650587762821710725277371959700801040725166947228149120033310547117375375579812 -1.069877968200287539194929456302416710228915090813880111131072295357955615544678800306088972880424271228737421131735357038627166480657634736530964858839903886236291042860315197580363758190399341141617364248316819211095053e-5 -5.049870269922294165806820903538431742305266985090013165618658976991029525776850129002448364973686639947011697777785342004847248152971447814296249080559704839879368390794579819709063068500126216443146773797856564469166078e-8 -1.124144000753707296929121540296491793099460161605719187402135454941888010075754675794331513337815867220456031355690710003105073698888200901639522467907532604728287949047850278313588427744280587193826562186945313828992862e-10 -1.164744492056267315582241498312417686645974532376443791405248153752669793185418874987505462106912330293251604201440171215324908628755408797201999785485181615367080235597969725072726812120291330702369430959411679778080576e-13 -5.257024524558922638111507134941366296277797443949051358531025774436787660053257928145607170343321022775208707052871660375476602731502646888556688097750292800262542912025624496073342659950950707930218809245898502715192403e-17 -9.075373108578119665575383652017575487815450937084513981321004374003374203118438860897185595103690749807111330207653004955262092154137208705538965011967116182738388167140110284681157218429770855215942617785568793485106007e-21 -4.775269502795667227301457421035500609303385968580513080692859714123746608883249063387344656699759280573236936067329106636020706868195328708566094883459298199330435038683202691283502097945212761075196577547109074765214096e-25 -5.102470041383775598457904858720666707529074602057428148321040977096965802286984662028643113612402358762442389480889185074228797394546484708444706345704978387181597426012118428314753999814797159046785870041261573936484697e-30 -4.897452634025743218052121407627232007015449817757636453801464191917823344703724486278835923331087252445258799051747724274422376015868663304246006625054844697134873259340958547203877511419231717798740474725863463395359257e-36 -4.970622335200489187266635386950820914588668930506568980309240162977228345053068492767332032597038264593666952263743451740043262612454469927283312999985436302960765961479735112830732818744124723216194922447494481896746689e-44
G 8 -0.1969994632820198368703426106044490385663765181810799143271825884951734721435363885106724847604159106406876027834642689312170735376377954047490240996794507876459560979937050729460960391277090182808559835481899321293709193 -0.2732772290479453682786881772891810391630860377247955517493197878774125383744676915660063017546014666717743776990193794929647171495101508259717984639977961171248191867310361102958755568137592630689800053433506040174027096 -0.3104379384715486442266243184673681199674985669310504409857392048654944631172235340791899199459383670496387840904903839982209128455839865904799915441989498332964835172970440497550281540452804500682362129493011150600222456 -0.5138635780714290874406597920455074767885334477316860672063355606312676143783836141097014679204903677825390063873616425413733104798458660989232124206493880828281060662703923606419614972212036981112808164767004639103859719 0.3100265663715263220620279849057175122323393958594786145849254442405975962432121487145499542650508443104316684817155627230602479916199704415102867722934503343988494714993332019270866155668896461592704606533610574860788239 -0.5056619293963118025195966293157734770175272332229340877887376023735142767975116613684478167516112502486315302135813986461411245126032580511520942374489770942688033115421354761656229637990882713127767746496096847778187209 -0.07868473437918499043252022900732448114682897862844917401051441189414511522954875588221244887874293822338580545522940316287911958413896507362939348973310789026500323107045247262193485541115147467022531261401834903938230761 -0.002749979326555534947520421480768288336250016869618492091203116078314125632117213695846232713109011482952696169336955726426969694001547770042312927331327540547596020009562495710400486972978223990662771236248569981016933488 -3.423319736286660352389106763642792913652026670117271648562890013147608043969957922704494030905063573235730245904702020330445751097717991438048131684343915136392343172167346164957274956030061192645587839259668916379236457e-5 -1.764938026943159381998336631257766148753861789231638249989981857919016302798551191437125145887402208758708225517366254368188602637166754070486676200834798061867112372573336393263969129655926398046058323247937538978055566e-7 -3.913271733586992225169001703720885174468312239527875585957342934649011839665514326731616733923948022284849576897112237267650775867904587161097421974324114512477451595568846691970393276457132988910447478080794411776013148e-10 -3.602155961012742987045090024507446670501986930547109021385925355336880474295196814360383043080837037773506521883306137804019960081014363554873823548491396184284151511840184466105447605276579200523921883457965264791940426e-13 -1.236573041308710196970122640781110702346528843793785992965842256739783513427933823310558470554372885430888848931779434807513689864955189920697567489323419033035262082108352069254590219418888282485116890941790473435020417e-16 -1.287972810745009343353887411797481636339150457116745023959928769149630293893330690718692268484285052611183392522998924577074127715527037343781895285111565656837061906650992519119380563772975339377931885127261755041135322e-20 -2.778308450568165402150818138835265166967820572609379165537353094117047134098077197695921472763026352508759374488497751248462511191663182490702297895702040089636073945918718290077637356261160405828342334577598241290798989e-25 -5.704118521436667575486113762642072066480441855691942612520817422903431266039760529788317143224384326078382481345665763640648495502254623951550445149869385206648571195662210214387679688334378841592412026597800882103308469e-31 -1.435480878732711460519868347429305392273668147486299939041381855172594910484541071377920318183881506311561773414626989911707527669247352953773216873873492262862605811898201443650998607683051412813793092478389248884605240e-38
G 9 -0.7500286777010445369067038579772703728404352192333787458927504145942240414065043435788009226245008458718486246398715510534510694970591232703810100768770064843373371671776790962392719966377916190432993747247158402572732763 -0.3530153870164787717911904549084935463713501525312433546478533828699090993834001720686135605925732748953804023853898714778670678447008974138859121875880696360563321062848420075127384870611343444516673940148135028874999411 -0.4201962286782958932458409036976219411617031189659610788530009385560251105049527199741997658170364857557539920350021167306707855320786163479478932337768836164044931125417907870993404515975876258406619838330237267475677050 -0.3245933250582256245945790885383481855854629048579621235470287221285687977604856675963774879643332701878779219388838353749211087494388925398156612983687336144464981906116838929072582415933484451562473549498997430131889941 0.001903195945468482631041472243994752286816574831385611678087272133764647385645458569549108672880566584541934493187841270476399704163445706340676514541876529478157893333886163339469937919953631199894579715872818461924646295 -0.08116457282239127730219111398077534116003309976542395038456659219126447720190993859368422169926704249546809684262090740264983933080708396103781795424231991946136780557596849773524604008044454909558977877255536254197814927 -0.4626119048950314788654522022559427324609983383914175878526931787409478440005177115085610724590485470773893697834545868712020816055829382097465327233801201048919053334049109895222215586406080339162072717883471178793416431 -0.07588361596184139343728836669893212791293275030405084874222316086189132952960535750489425750741946533946985406513905916135224420902927704494354085073229005784849157763420833376206387655079036922219042264360381601026974389 -0.002935966342990787451256395797157939638223002380442984737220293516938600439518132840000653729434133780948742413385974462607878500250661084604419251273863690336216153395432844492949022162131647933896492168461967246258880951 -3.878667409359956730281332226678509147513438965632631708331764158745795717869912418308687467590101093155466437092530243937706092162510886637033681977098445299026752969263022802859521750648403605651806224379452675424084713e-5 -1.975568900255030676510405745449513065552559489729454205423833031270390895219714733644939592994581694248041529165822511658341348720819538288823461585931840812959538026457025951885869934747058368800598084126183549196627664e-7 -3.915469785308421929693542243393850619295543525798102228086215496960024880294251386702628791626190488077314739564051926704410489283262022725808518069996257088149649452516550822405522871285859067987724921241223006110826280e-10 -2.794206445639824673303132684536171081229300009061055814979033283230257713861986651931222963007033948662078464626494448009618602827863283153158846395865286343720775334218052651725127244549663052362773892798904963877903222e-13 -5.988077620264088487542252145060201921629848098193703503494938184389079068710466276634848719509642289041147444568813228919044354496658076452583877984494117758330482022362310046558037505201390547159000852915230299741368442e-17 -2.702925376341573533866207092858237991788085777027176013874868474380817242796730533859708677563023414184657659218463373152020367794625800413435208172732818430400564357537935452472740271600323880661350888534511008253641230e-21 -1.230598632720825362005185774944456079195415083669991120867544648800026027362276956277423891408729548876376862392354639907183957872546141903299561387075434689538324663866667308539338674833449951208282687404218500375738071e-26 -8.002498068051180256385005394277743842074205091180055103221393915845873515119600470830661733025175776544756000592580896688107743786684347443194809884078705459735885055014631814141240465905331355717798948684471357613427294e-34
G 10 -0.2064480083396477453814127146229135014801142774828334826241950514588832327698313701604103969934576417401077668194602570075840762290801150357942030727810289859842728428497231036806358402912336308942540064236436744246793519 -0.6914662517068088909884095289292366159202022257765513941770100781037845183886186950894979273118396135260234956541467777547701321842837925937970827032344287877825756308413259419229480000041461111234020676367252602824866791 -0.04277548222714414654897502154033808367471721178032894581619798948887108393834464081880757372906775387102030432839120910490229071240637348532744543862751668256910615768853293857328515972891359910544262834646781523156206038 -0.4662181562753224380080769774794233089851781725653740992730764134667722158894046085947778983682447832138759927657282006336168447236413524795972037695095901542718454636333795686139642045779547282815027799172675435521163597 0.04404571576000724453694183101065554549066410787766583839879628812996328832197527079874222925283229304265652717464879085629998648253796312544246419147633177014103571784044286014466853910835325993493181493139446600807895315 -0.3887427782162507906337884618073639622804595644489904429048392835526060516321528702099980707772974420635767316697652725894046959840460407321888162482546661018344497842530021119786719141420737634868705345263897226131383264 0.2196982150542426655917919246519382985324061128178847844733883001388862004637277968256894532825940393280863540456094913183673336550278048426678317077611183119721644674653348664044307216469364315857127153185576529682853761 -0.4634012902282226169207900830611338931864797182319259938789660582009884784231171482722682006187037772176831726561915927770279044533230185834106726779015973078148423722062245572095347061494247339155173139094894616959368763 -0.1043178658163678134413111622955475958173598550769193249449965666115567747644656654324005167964093106306625872905057564660853756098410741008243936772966463026786071557900599818213612168777340512366886277434810197575293420 -0.004576281765688261093142248330542806720310461037135176137357242454792442209890807414739493840011660942083408583529127991389333028831088522480465406465180284403458394283501803882675360430290935803523576137734503279449330600 -6.204554335698897282723893065261391811006190226948661348137351713985257109409442763127077099844428052111497743570063750343256516650768599595824730363502071351005918740511395285681939535093417024745081056387556240400708430e-5 -2.919745206424917659809837832234239518284029053365025335709193025680073541523436224297837438788839883247945506308397304284935710305248839143083020214665865599015455768925692897146630736385550334499876661519838186682890872e-7 -4.654702223878819455388884239102045874953015246770110225546558568265270455451234856977391261865171938480900994826569520396531297718720899832179971013813591243056083811428192488822869379971924622940463718874195120697520160e-10 -2.174062581466272399658842077213646314263898042873086276847311697427198348565965366115187500033379838687964292703157922722668801298388080154594188725850833951470110180552798744092291951996483454668440192222897676981321465e-13 -2.158639531510126281061323843179133798514568665825207308564011502395462483478280061691913718161630120316325681345800792376123763555242042577772395542980685157820586686071857884629846745395898073804461665218180421580876340e-17 -2.285162198853979992480063626228693812751634270226531125981788687753057756362046340726825050018193379891842649717193643558654490384461176454156977518841892700443364980725875113653483442118794095756421691857126869074407062e-22 -4.039897813243212879682203838074828651870611350818832391876477299558742604206822913817572597149699078209454136821599535899759338134782413888661578195649680170997053428252038086785487375059796533529146599789799857214529107e-29
G 11 -0.8906736078726511138289102681789884760183631506378120776444905215895233436250603607726406267442270802538112292544560724194934781941371296077232392752483576930931933553340166024170038752289735452625598983400364032087982208 -0.2911159842583546409905739454042117421254726209104964388920029890889102280052935285576748099036513962181678626619581243973672068525035877534109536034930397256134786237308177758905329501002369591071048007667248391729855544 -0.1191268394022453603265574999688338085841612995029493827974420905172070920955690046961000746411651928841164034814880593701606032237970634184869831570549726627891076463193989879465384813324934070917554565881782998863679909 -0.6902921891072061601226924037765942734137278446226391248891829331569062441446477322761773660098778126552383441826876444616376912026436058295203113516628236031366265184742567552836983231925555535819239509373527378155840610 -0.1461794355704059212187520093678170980151267060502274802179986676854920122264901685635860986637777706177299722176124536018512796121313414750578627366123804182572359783812770379379248936578817698146367979907902922824054862 -0.3789451146139113051935203069979140341660784782977308316220172493303032061520333355228831612510651481510855978354183996610600833275930813203770628583730219033243269854168091446190800222829330708497257570554928053475305446 -0.05454145858622894219897210944890812970063073269947798135473869944786382740250336430500821718969892990788423418565155477442348635495437888668541802216483695376070480985430814988889812950948728238437139849946366206108492528 0.1283949035066051226325548178757572286014687517115512388872116774989273867605993619124834175685606846530942610111886697886244213801916267288841547639047942955553051102768334613291201832096803705875694846237147282641547507 -0.3594970834212551940771930409796680150652809657638226030266290015290515126678803456688523561200375858042744628940352612917047596271494968122361431342610909497824535306484696846593771462101617135805368597661554743781916447 -0.09264418446754167129406306773089710063874633881131211135657023201652388626348808236941990058606690339636846166833148761416125620475313523614904485159999060482893673610180857830932752957927437108625620091290073780550126207 -0.004215885311218763866297495694071321182840553867957561362420279888217328064248219018172764298457701974594910143676204095124171564189503101466782612053579503048699581986547528846592469756422216710308383731985039799096915077 -5.370838142312561509721673751149368128733060737018143591366627629705252994260085526289963140787120801387928583140108364597216366718344468727071251029317330482683458452147472497818324465051018176639781135734416160485480172e-5 -2.085609673635697422945690934179790432671545876376104521266000947694520242950753946126383045226413849983142592113384979440560562891444275767307769692867673604722483320957039644522843244487645010478085567913652775090390124e-7 -2.260611058066932175281519179012889988320808602477794288460834819793459825453570908063724138617442811877681252285358682380147237162563682334539080101933313903013936988426428407422764641843507907622988440498688490974306307e-10 -5.185656352402119382730769854041283410539089949919711428785598215505482580998916154168810644622852975504306004113999328010345542081939268142159081718858975552796715763740135104585244029475847378145039722551146033169189133e-14 -1.330583299301591872465965714809810908621038872663270080558546831146379468153397725622296195309152455918181180143351687900519171952545766179827659861901285519871163596741291496088015304447451770784195990533877565697287313e-18 -6.662538554238875033997608906490083535783755806684835153401166758640094009332397927712395832223509753533294900081160771122531230723227930790160095457294819868510896611303708805064524918993558137802260889956540591926985437e-25
G 12 -0.2667312948338627804791229075746885639215048743416082738658274881930453114153705626298860322339012927116905650030574428347963908467577499294650289340358868101896974734394873882439901189766244132825736075239513647907389115 -0.7031230904138072201981232528134212208704327244620730760385417283480337502090311038130498435639995979861171124691369752815180732634663748977407599378572244510771527663954318791565928228076656801836060090671330897782333152 -0.3526621303652184498658807999286087609730557582180241610132661954337530870684215187040137616551265813592896675824146814026727171601809427143849676649605759987540343788907590192947614918694143498271598164505898994323499311 -0.09205189064523819926146391980704621786628152393641078973663978251267678278754957188795289049935788582150955510182705850258881745708819363192830239998475803053013536454605458655267538354822029219791832333056243603114843999 -0.09921271510103386286818037455252676893318697512590225660294111294072207879614850292246164851943356058786426451833517690918271275326589400823777263545847678811706574773612261616637841037162941001347064301958610653498592718 -0.3881249614918105232695827252224605298891155013175754291141398375418353754262917651538550390553849418057978350930053749352007005812641440319785888760262595449831493427693263930596014802435088978478696046917780345177649353 -0.1399451092585617379581751247029507178067703446114769350598494010306674650559826614636022884317052576424569684822826750112232791697485404377262845604350699737174828396664036567343167250138535442851750794668682993792797891 -0.1391486508968259667429256398494315163427063840669577710670974932651746274682280240106852668677881723039838146765367981864478830092255015833899969996474682169266578103005201921950889952608288558081749641606898065517551255 0.2299806373039694878284528083213288172396779928379853174075017446888857293276043676619980329303748146425120237347604182205732554472494546237811331281394936240482536219245944580507535982241703233665597380350777317236933765 -0.4909403119359395437902192105928310153374478173828979481395955654847251228424132695064577477467603395782114509086536245948107434024573268799527923228428621184486099085098397630883686221215749286907195894425559417198358117 -0.1270891242457659087206288077080935146588719804410746366121503350623149237407748649641749801000191630592502060703291634252698796959036305842302283807552836253284389701081065868369601435045713330459672441844995128176294127 -0.005397054895894749994190694558214689767295651391282813733769889524241790314588048528354901479971648661415755384853647126501367205447966480368182051493077102470539696063843247097722252952797171684507164421402084314419710344 -5.750431509141608411881503834733053597586716819823065571158898517963745939566992630003765841289552047022331434123709901149983005511097015559064368293145847247276546261502156785608594206859221396030428204596881208544783918e-5 -1.568598874930624674410685552384595765149432101954546283308492310540396864347695004183201908326094933298415822354163795359590608746558245109037987560010313525322294285741967343098328570830099697649754205372769305980563859e-7 -8.843143286645481674418760099446638242710741241223957137006016278926820364298142306719332636703964490399285331235946996086102422951631049222175106344501487797588521582238828398614713572068413751223195571364521684510063519e-11 -5.791024520361623263110177904035361014547882252832223374664144492714939088802059966180506833099337444947282110723192883020676249563778710159005404109219210383154490097273121867631460492851289490911462711816006117982678059e-15 -8.604141671952578542873559517227579685415745281097649546984799212875982527589167375763133283431816270646265338641210275452661074143657997441148956668151608284234391015719192883155430721472860392779589096362761002769733763e-21
G 13 -0.7935597740596241554276982381879599239556751191003109295686093081643583824181058311694947077832852216053344986276110106636264402053020576867940420296557152376421420229319310731309729834219000658398164033391371161382236702 -0.8753906438264659882349991594815156303043295991873134611455902545672532746561106500921128539030787222145232410506409621908642020983714941923732538262774842362801710634793083802335374060968534222105197030407550688831269552 -0.6028217629640000417635046113307676642497954870477000971121301064096079905305652350076044287931524340345651939066811923862038212925902676749920418218768646469647851196657552718536006905049263183562958380546652081636315649 -0.09997260899945998443035375496923810346047685073689897058361975779313103594502763777089860414631808649900445874345837327548121194963275868027581887857717370239485242471950044648650091073050569230096702466793403378077338841 -0.3233332463001288488890547713419198799352630773289996967202155206237150971706149968686111746097686009068332183896276494129392642893115111261784260474835716791339572123707915960939448108549317549342865775928057558038142569 -0.3483586812820915818812948296781686361193322791830664584316234974703458849174926581831246157558787230754630475127076814529453724168231656283023256577452029807706137470470086668412687963977317746676279084036329358444384415 -0.1438809659919018312659859468503270768350454324458133944880573300995821633715866301348712323587571191164758692756122304007218604968397144360098057502577153926762194156727617269995077495078321629794574428732439390876101573 -0.2006400169488423197074534929723578368498062311095394786025600158636647134252700642521889480688418641470732558768883398962458283174677870494389142198790917946598921630298644572004147833529544668873011470848160141780441347 0.01389516037324630459618330730077704478239175114581669304680363341409338760947695880574850645719270260180387321473104002958940124875395743557908679241779750689207304462651748464564702742640094399092468326795680120796659066 0.0001739806519834001530029225755891269201177597549856263141402438161608785933280064776630817901027927924457604843829488852927385883534559876124314485822580070141939083241962497247461316514604041202437312928765162102523742482 -0.3446050968209173437744185246526414966385852984305454308734880151563762313809748535127741116672934305970688840988898784070267370432313565590831057626007247396036445801512145103827025459951009479166966968354168905151777262 -0.08317142771857625881631359792506643376598298733095059709815462080763079854738367186467121932534338767360877048053960407017508583935117148692028849728313814304788885256568355696130477806134488758837968062414415551184542992 -0.003070274537555160851513166795447666978703491775181380198754249583199155046290964557542000185559723577550180231451014122040338209150749084250876824132695533843381630700993567474207477478202832166998815444575806950003527528 -2.412007018774489633684148468357151128150045523413517224754036308491846645156439437957818671004971036537441212889432474971193266258049930150755941346185574777528200756130091439168749861936414878426250865754919166170076040e-5 -3.656131953069651846005105475889999989485566831230592534690770317576253560870996012879339566390340131519039913519893334372364767583561864737855465556744853968801676053501277291793415196953883406627846118224777118335612627e-8 -6.530090433136344477230258562478101707723198515574035199360237689248896049359630575923205077295474806435032234450089563440840576511524933893832408988498106471799052460495296485833025561634632288290855317073560778062992456e-12 -3.047632962781740379943308111747253385631133243925344948151150893029383955380574394777811131607491287811555666182939146854725942462543777081196319927456070456550743110168004985297863420565510122177602408095173491820008141e-17
G 14 -0.2848610496949694500284789416744278624854369924166833599900797681394776089411780528521682803376813836471655615974937833509183155072349762625334884252352269885257220441434073129607484565625126842332449063054659271908639472 -0.1434482845726976151471837748939985596472096694166114134350184363782342101174567319923960267311857751087031102855195782978355295259951956848396187683305390340519230586107822003264804487595940262837520148243410089988596692 -0.04292523519024331683825676639330371380393294070960674491690821961846623924768002434336598171055079773945569708296248414895761773164046695042593040845537496931583270170945247761252615902863376046374962590219803767758146065 -0.4759895563119716945026621200989936061987563944113356575568583660459958482514737574052190902367138560920681969995632410090991002771899795716553802904512879311618582780115470374932124377136043940146516350912911390550750095 0.2671397779294014484424716959113186579328115018567917521558994208921859892466322895383972647734035456710092516128224947903170913773720460803195851791494472342197253727651398270940958790552735274720322315676291679716197927 -0.4614394091184284159775572852913075314646883458685912331335467851350828945965990582858080199328852536954896175272813028503646588184717339061410939438752090755510026507941963545873204979803579525844866143112487457755467952 -0.2125015336255551756240309000732781400430587433735116859560420734121627590588619673387141097636328280634914538010809435565066152293259924125460641476543509578777900816431398472319342089313240107083238231225827711203853515 -0.2282292580499987557460336679957266158612972275285858300046240508873677371918599468080483662617485476833378528768366708850333622360596341548521225559698606172611715595141403393754351394722444765927306208113720060465765794 -0.04102138501577896105224379316969687277299785511716128902032477431291954073867921177192592383214676165358123323979756590834175751582408444345640012109285543309436075821217046018337689226159425918483729728327183422685647461 -0.3078010892135924393003599053463775365735828900744009597617635646794340937948623572636828453501373507979736976051353257212411197194306148307085799870007201918365096816699650992856257749735030788183733234276008539305617077 0.2573921450804250092457830756838118341898555725467622855527075782094303602005804359838188911118203044180736878865910410530434333365690501957699673847521413186640013291047201446120975809418409525439611928706763880913726450 -0.5021137831548528312685305296236744089210135630855213575192259019316366973561189065611400191045187317979934375442567882262816357591895800859670211958035033801531869693878598509332044876224384875375393618543361990221158403 -0.1145285052389719189614038526756994193810343180779844553616320758268790479981647496322517826640035846862909529136356809684371170480449938216102922683256353759973319161150228250397169602916764709442974129212843463175580064 -0.003238975896584356364132649026693193753413705113116214525484347868749303569987734229935450895685190088616055291507959385821209899519802248052715535666793934135789468987547859710264256386393087014080415145127712937819490535 -1.501000447879620190081786855954298655758084811416771950229809010206904792353939442613497882420240442426474181898127011125038675649531153671858356740494028817061252425373331877455041814885628895277801868686731609164140770e-5 -7.991806231408179122081719538582528695906984873756281390926697552169034826131225394958881330748034198938490689747559591582166537810214632757287246458123701268379559680803368228926676454280411988723467051984343321714302441e-9 -1.251927305881414061716805043552711949114195045465420846528196912698425883691312326454790092973057790913036577706607200141126003002775004352363377902320696373643587544891454870472799312728270834214219470306464751557359374e-13
G 15 -0.7839213417413694563688999701128573163618075842787121943703475414292370165162511632907107558411071034892413675233321408582225106730552628626435973030325258136709152227530485734327203437532494508776291316494135338310803362 -0.2992638357898743239529436131727431757851523802164453695166832581539657070096252565769175132173690946873463249214962324034367160451233911031832271253473088743693137153282536927191846468790313618618251119245658970562039005 -0.4122882019782923024188994869516150184112002936565933293055814154555205854776783857492943951433150621646634175002041053251428698990878257999735511917152548854589208392420289843927187715412120326651436862123789470892025660 -0.4855130837026622565147088883141427749721661573961371405046813823245994202205481059835699232340147998943327100248741092811048078025453734179554990023802708804150334872648586995029866986542040889015796292018667506781049536 0.1952273389319553259013203662181318736833460596636169390878124598347566264242849456890433287957554580287025845923179477908131387735661306717934819661204570641555077241756477547833618888996197368871036353137579101662660187 -0.4628219772292111014800337467546410937864592983560454899236561735385489568464138017133729453863538294284026682391841245300987784979145799232844220779058283394417068544908986168522504609828049493126288738276613256423839151 -0.2525603350847477450580447824616515559290489077238921754333096871335244551555975395299678050912062634570274610402220297892677524882139259727831867455698594959705318351904965912916787176766022893255455295289144825447068742 -0.2622834970556883342792234682731597179005148205095734558185141617845042259907769873127640124315799902008870345351335735118679212616768778750988973857598429597880841231922919707355509725346136511080982632749600685638934455 -0.1926114497969117513034250245504204550694264551660141940147420520842395557919704580504394943206801482503341307292332179460800545601884503707168538032294495758668037375468307084781601077249107937655835292478203136507706298 -0.3051582430336840476296026167460715391159015009835466848412849100444274047393147117507312379036997679629587577491382831321470424871510919099072107561830462004282832549475536837003659647064996299303612985771203718105942429 0.01608722362342572307902258950982626132355839010341979273649194649856568138836815684705535469884949190882699042549998958787296905382373679473054964638907222275902389581498718906402770269390810651732475102925824108722563054 -0.008886208065386368912475434364895388697659141273349505735065500051448126699976225066868122418843661586653968301299250862399310094469517823318607843773525741101599689092114594964630645298307569379750584062539991927629415892 -0.3311501195377959557332089715647532876003395145124172685551942034953907677864400954682279192051041772613674169432282674092080316482123776311698921825366028040139385161598276667050876416357761160321943485008226777900145927 -0.05868001530912061160604628036465976005563724577950865245218127532365828411870548465461764529040939605869699737763118030676832850791180606450536165989259108068803111623448260267812261897199294790548056326048799272476915666 -0.001075607792310595147962193145491815152386115699567701742195870893238624973440964175084797160366244007613887905062531224036042570326306317209961066240059215933048771840758500074828968926524180736956082359600632700087512373 -2.024518525895702035757460284839912816984062331110226411937234110752452600654231701790877558010673221796814685857809903889732714689985124321000003219400448447021019639405009038174722032015847460516167200076890160592759801e-6 -1.239301066218652986679332145551502641607271132224304671266060830547359768884790603691829044474502557416939845773722505359615965471104962893188933345445481949908141790563776326238672583212978086136362094318859622813132823e-10
G 16 -0.4325915693277003471150980031974793875178206281166851759324083158339547115468569032010184671494465457738439879330229434071406842124900380431422564688436393942084917815110463396275838912173359116257350740002271962408834763 -0.9330495252401638120893097470110079196917092785820770223013403071315197265469503722607832382652700044616300483291277358101001549331497431320400314972158590130547232321432340732201694768204838473531835657370634179001041849 -0.2268501603245925553183063881084847347271201643652579604078987171737796437269308997886715563096629431611998656515318283073201920956416779023123522772922056253827442971345394363613314311951714665902880894569108038095518961 -0.6546150498834953837536397266757210351582992373845672593013353214159771213757988489677632956035320002240183970351626077241466780135725263523532667402184370466074815821785130471325988685523400148441069007765463207716593509 -0.2482129555569582775247786910721870740060737345774780035834359982580089913965578366151881900248161428898001074147620406344011546010786564887280965315234066219024117463592226001746291708882092813529124980820755834153000373 0.05961654689659150058128221917291046872908457251051951670813211011443044288374355426534020143944520509354067082358393761903499821582930794634022866794323213235510027401347245274340830457210977081895016665057299281875862534 -0.2042617064040758096077341958850697150239045686089152705180998296502595629314813122880108648805851481687099206197951108329138595766579468215122882546238656067912567911163790967082664387806661631013413035276432398146859792 -0.2374849932811485955064386585744412525018015158057999635269827067309086880683761517643549479287676298169903118921963658556451100444135481302980262240743190918467612858389927538968633439779003996732437886715155376335126096 -0.05144411274259873285623708080960496337583617579622037972938752020581300748561067987551487393797260611599226382987391994959274307909594680575252498691435751423397771982552020734883870023908790086284319429531862597971330061 -0.3321127979303349507906806757834183898155364774559026993679183734739737834649592951810701670726121703135762879333405668567970930675323477420900366649168985022699068700702313072804818800103949769045708350559233743813451032 -0.01105900007399228768056987448742255856908397791247800131832217705646792761370611206597447905934432943387564655166176428870141062799145625618406936146984251998662486728329983980382295333803407176744515215315168664478377322 -0.2653401718021151833909307074581745806536185024054440258963025624468333303356812043585021634301003037422336742897456574409174728311310728504695691426527794469712092390276281506699736265243488781519973906233587600671553500 0.1914849976781890689532379130672662324728048954200557897343914653158191811986019528872234236194911092529190692795296397984973329484406823443983182129719608645772767695020126376537830824526498847631947602904387150524717449 -0.3244495312887888649646393611330419538134471378704077862780829233486079165102678550131994298787346638923503719393833113854008545357299644362939769776138547740030588195493602321705000376032347405737614322873846293761988463 -0.03993193851789659678146968463421213810302340091391082459579965704998296550377028902293182030438541305570312914487261167935721423468158244621424833730009086716767702669181635949723959752024514741424908296534517827111076426 -0.0003265449103525774111011460594966688840436899483914312681599053984782959109049503362486999201768196586466621130865991599713968027073306473561782247724871450090384963383202553916233085121305267496438398101746042839823148128 -8.832821212617057841491452750355130066147127806945422234585313446423092017471955038836779776017115738728129639752327630201411032064130246087820163624643727867340621811167134134718555095047815550640337840308929351329227927e-8
G 17 -0.7024350234436613862217151438340678197094166946955573208274560021280914728564060211302843589661095039805862997120971102338230608330016646288116896767096635859087496487941342923758293567876112608225274537598758854073591299 -0.4085500850923987558277468343862837939657951547070132604331493476686628585294521201295691352665881660343255857579274867705637458070382440094943249821919629518082331515159494603048866462046972051218923289106992917009313577 -0.3930395109892216254922794502377566840577159873091479946708827937478806202256380423527176241663103189412795633870036914234251668390896677144969043064894274663564358864010927411960844338075082709681455608306078554790456897 -0.4469076047779519846216853451578338313592493355200843836144820871552713292732419095132194508179290031158377441176447591725867223226957149988357437698051643292673672103402942572249321759516732000988061994840707241849350922 -0.1043221651226289400145472345587159980690710464751211577753456258834240804170825200562091545562548297089539165844609528967774931899576570012764625271744472685838865813095290114247639042079464478263021167836807086199518799 -0.3360848349715071765061698784978076615877867037426474959782311830261095279215923803258503381664604473553519859671386501465509091584916214449993439209428567557784674363106228467393898536839128655644481444516071923550027935 -0.1876535346145899100883355013342669057321296795097256122778319824180162302255182339204719761784761825837108748315906043372641218235302946382944130077541854150682962627307784408909026740708461412234944797716341792100680796 -0.2595200116121178829512078476973450425081859010613397926045804501077431599161665718499125303782122126834672341459080384590357511647569438119087636822870343923048900398837173512167732942026086883499793317286379126911772670 -0.1938408035480214668513890634516526600495627875556938953750781422960392111213358046294896701176505697517775865379436798506064470145575140286879928580234100368880360970613755656495299006095250382178537608245838653333011570 -0.3465759129446806361122973408577500406873035503922239696519503869299682903447130593770612372760725868221431633182975392881834035069329713497561142681270517283567899713012048737309886452085898927755718525025099493325217144 -0.03235067982382190414623838854534307025774743187436540044118564561405693747034236681820663483168052291429200976137716587388227230570108183547736877388292919838948095672249837901773107778814087711837177870394415151619032458 -0.3150985309009496161567697430023375675349550807810696907312666012279854920823716550526244809274315811019352743314633609730025436777790659505757919110936136734102427115324031716160528515213750873590499177304486002279032469 -0.04713710078195819789079433176497193221779285011441123302382282349907825637187180272087017716901328282156915503259569625859368217063743699212125331831700305778123300278426791052769978133873720932934273233926157720301296486 0.1119282660837194437195171709086882653364180351621080369738528118567208750458256140291480425569547342116761052265317267109423790832527352670733247348399491765463635824388271758248786833317543254215136936558093261203474862 -0.2893791371818363071039767548440538199042265488351065445527704492821527665676739564865243260436874093776062015340951759501663324788511851865904016010394701735489378305983984976486611911352385840977276426347325259454252575 -0.01678029721508122279096130837006557187632145507200067425477127584861098687342954865663319293830047229750770740338071841555621476146572123622534332470111571983355833999468493723292980120967622277188623133274744064801400966 -2.511796159229516281933982551067619141406277452262466866610629511336792186516693680064649424296533899720571778448036137960720655564686855970140448519010664858628698694991355398180698905908217790480268693924050201917255681e-5
G 18 -0.6895348547735168507327186825982628424593304071294543954955078904056863173874454503375713420608453718222335763776401801132202388550780526513668920578494031273071061389070797217355817006039953791530563418676655453970918577 -0.6403732568080721502795269579838674897545672490701979931852946845995736660614983662578883942811475961515382936547872946034552489212885536457189263208039317975610900948801487021847703645666473727975287981292582419417530011 -0.1645299082367589560674176880664906592380259428273966945325404004216307084446339657093809244406507487560021717574948575329252957248716796360357920922930363584415135383887886875842193092590016066208726170947588360232045066 -0.4632221170646978497894148176164148845749902307397729142641279567532200671712666945958449670070753462062058442508701033667575635220695895751463050412335584446669239240824966642235455144016277777878397863578538509103209587 -0.2943911588789894379747799321978139420532778777415683570495567046057387529917784876963280899084294587711397457372884580092484921915162832511273675824798862281171749872372232527766499189708444467472440778927002810331581767 -0.4596096867057144742742197020011552512350983447046875566657697758147191510304805567294901964342105261167172208548453483270751342684410449913334335382275729939484526332157709352541716070063684425807142405945884077495748234 0.09933111848766320422793675639289413075739362033980124476885635621020881241685946280063724600611456700016439280696485130873804681070683501596648946239516583282085718851044846311437777422804648025110223634357525995754451204 -0.08188197674874197791382050609547855200183983149619103965420212034335167806333945713086364962535493935794404247629448458248390743743983517688840302459948030517149953409664906986163945088946461445105114495391377245076498111 -0.1423738946101167992152759447524198262328984608244200211013964243287160727925831803017664237633883806388344519638522541456174806485332337587710383098852965050189575932285521218564846268834324934986710649200453431462522814 -0.3528339504905852277820692634014911522788455164172381577734530532131441400744552875414250504642294281899829788081805661717319552764067227287716022516329172337668049469419907358862398083240007643446861087745276679951360288 -0.1589728355842714878054769304932574562691975933818296812134909203598791558125157233391512475492719723647315206494506919813279585134002542468609599528146665357043302193919708355949353361976833611821843974601744262355327210 -0.3353463991508161118338210927708635941282048016234090823017406071274507772021037612153236814321564176875268406311995812756694297732162737313449179549312740786093806871558676948880529208339748680866069730002925518858224136 -0.1711471132797136385155219427660743108196343367247964619666152420891437991583845982617540081381700865165578260242146201637055639211905464429922502049864955760671372513650972834031183907332275015323577048021362227921627930 -0.1060951904492993787260778658522871784897968533237237859343947637537915014253561679348138197292055903375588244528860404963702503438696157117587361792660726417921044897806768359068417144117003766850880877710732917027063858 0.04482052382557942601658452166208548500192006684697427337668726006019528293792680218725416352464289781800333892510219513502201411889419757734382764951491475911759411365972899042801734538507704442910080040321040318078799877 -0.2414403569610659831038718967834128379253896591247985138255846311424347762512761645164910289131967767077298483972744140804039399886819025080188488060370926836469090303626016984650494099259410946905367654027271854110222064 -0.003317520912216740633864752789456694513949867111326100046410106816119945949416827377228149917754850622627536548728983533586621335026183468240853635385127558515849107000031735846372638177721023158152112922166253203021459092
G 19 -0.7322500285859762844460368193332844830500143908011254907449943079386427598286761324434832627367770201896163117242872995470783482103053929602889650748243267879667143813143817933966770136439664254018734867328383385885137201 -0.4649074384213054730749051096714657950611750058228659123359304650996443642622232900378291875953216611277970897356398767143885744804580754550912513655062085322596879650870339161307179673607729409204961003190371544551325514 -0.4413930237315387441607822657354113041879238323937222080606918625105288072428099921509364614435473712023916206773507086762410613452894175753791871942809871140244850780566868065234379290249366089954282167472799567954709376 -0.3652608853891459628944967459135700999066152281308831869253013553094059671141323087815493987521200986725306604056748104028739490689222174633491880795556708795850095947442183265711545594001676370719308045565238344620489543 -0.1600080079347086686611358825104394514414153402310255305932681971797686771907775764991795028165512218050972046429719037951635951043424642116957206458320974940721805063300012427679196225003806848581785752547739660060302402 -0.3906014436240274609047971438722553663734548549922425432265731510899663500448801812314799403055552997444945296830473988789299930630757880200842900762377217856898228968700805129213342616686248516805446111511533767582120315 -0.2691899301007694419961306208061894043145418064898910550883618377418089057752337470719057660253963071989514276783852880216990033257818105097689834602934821291543801466074855302038703740920859960702567525055537097510658264 -0.05562302876705992883344379770084806441049682897656522794531076872166549217126826960489284703784729195522460252145833108088499672512869695459755105446577782313649791230432911306848650822539172817008394936091541906991189288 0.08103416432840875499714681049246910579999304287469093838493782610364653386134932174083818483391465646719937256676628731783226546773696145152512143995566146544085452048373487605250214815761707750101436849808595699896361235 -0.2781587074666236745882608883811657063603034721368374115985182353895534030590898578793293490585187852024290492456785517722529033779349879587929820996567002265553984395553518536303704867671762200120520836722441695493899670 -0.07462753478695735021634519995240401871221071904040762886400578821665193426613167386355930684454129035676067145410410380945490811783911341902959546589593173863954191588417318165916086970477754054109319364244279669017687317 -0.2820385506033984916000748132000433833597541227331718820832342467156261530435862549802861851080765524389542346514666364676097792145655179210304227640371309932519825237597190243895478747682332117098302977612199442481963612 -0.1044129637696213602903561963311813651103477407554230194333861635398876582187100669728120460325317489143842910739147584908106620685605184383089874947045469163805191939063419723772422423197494792644673762257715766855078454 -0.1403202001414006475575033004814602263902944302834011738232611573083830066658399990085863188997075914261028787536577248520247810252166324581248627648247987357479258836047139891637137940945043004987526993295682640549995270 -0.1218820944722514443076698839013382529332156040584852457742172793907422701316136528832833208091238002666932217456818357635573140425550293263691269715398540048368189831647634436514245338486830045667514345125378367956264008 -0.2765806777195072361339744347557359050007198510707240493703077527480116158499954805849415552335083183231522559083164894335857294296646070485265747199566029144603735636984595026184861073808220124420226093517548687218006756 -0.1048389740023245729352963686199030604624893418215056890725250410231207537751121306292624331954184956920492060696804195190343247074531483869530609642845520070058285493038979868948675653766848887035533322245461092840528289
G 20 -0.8918909792149044708205839156588646222460159839384105360176130230455520199602663528063552939741659918891745591855122278448774929850486352351557259534547024624054705932810384395540301123618034880634099814492153914430347678 -0.7337907622921242862834272766562849300023096793547988667285926012846428542197148668731438454403914634781163844457178242142525875429456501366024604829915297314006744518819439082975682348862649545411194271261785800061429545 -0.3531922715790412858597193931604509627249664416059047268605277260287144361702925287817525064578684638481746214915971025122456131445353088082709044111411263619825041988724297485402228442180984359318454317296921683029043227 -0.4624052705508280393385751881388596079901611052321759838550715764920668197008047080793999539148796981230137482713864542523605027169867504897688150225675183417227816748738096505377694522551906079133251331993523254517613813 -0.3376348732924025715295535421397057669513676279815826233284563219882685234692374965707093423484790356293332607438517344315008977858454022869974336335110330641681094832289154473771921051498293348130440762559412282370977051 -0.4389017006468972396963703427879962792354950396104176781758362427778661508077915976355028551103560268415431937234124577867287124160475088410285912116589821312942697213956521524156881793152139603444974777412190074909017401 -0.2484680403998566584615320487514030079635183441406946869366449559960163055221743897375230126842889473282651699736740339256509922466260716875283237974169457747977709233751997091186878492749933497165036224480181880094230381 -0.2807062246850312297478850054151139216624612015364448744475312414051830508297739199281991932320186050983839484369934612737688308686793778148540103849534664678100058543280103363146486880009172100472321286047872433953050628 -0.08537065094856200475066276136046561225198096887477847267543884888911473454962475221042438814263159739822775472065156011276197115445685903565449770207012969012246980387524683747430629510304437641135674150270746452665006143 -0.08895933551253415312671051344792687597762021614145996007129255178028573424970059170185581472718939130661085461645502876968746040264317776723861278052738033202949503761852579944371766788110077171745633403026970643880265943 -0.09117380628583984483996242407393292242783184601097110793542229562326011881153328368072198138170362735166918805474551518588707577743789307791927497905193867605831546215794774789009647189558200315780581952970741001838908727 -0.2939801695492964423025325102496136508971872371248759076343261079124114639480520434417250125846016496851500271806564493311228991684612448042073385596766070278611386513581016037992233553907817171450435909567588767898797905 -0.2097520547972307852094862455251351336260629791062787300439577786762943859116327689886463615899465537580917510953922296829223009305225766961530423342502594216280582625123077594248920496110152031150382801749093922405181258 -0.1824213741639335318536368829468021392971707573360373281909248212688469137706157492370936067362815422054740172932388435845327268612308278976145699921208061261570182056328542226672763191387110853565211039979950115458784002 -0.1847175893776236763194022463357995556451352977144560861927551255917618703346517290677792582274554518025430847403025180587034424460545115336437031254908941525543321188129379944211952770116410111735703708469090118604601970 -0.3060641737663349930901030001921238456929535699638855900404903962649589479903737683366698404320237085788631533339533600883154176539439277530573231688182823782052727142934277068234347507336783807780766686663953101037279541 -0.2430691236493158355930750119520483165069370709527199945980006511887061335948180847382569636100843792333314045050508924193793417251711077003746762425673719258219251843361842437498990898624628378834515351205866579150713007
G 21 0.4839439514216230977797854663562198047524521930874103527315908051113051783819979116888138443703184231901529291017408562870362823826583958768394133923114137101688300889655343063459178567803477679958335315478346998037128074 0.7004186170158392063355800474120988735887177164450012127738715990283879014642825878767670611170550270915014010252458596578486196365018475513381312664262352959637377491452542435460189225917907838501594926156796145208646891 0.7543083690909822262928588106856921107242839152942361004389903591251985591642955580923377973323538692932302918948000747844739583773549429136141048158988229253161581538894744533613099275940916347596971898435705742433056378 0.7930448997368815153127543172235359798160494361712486127936031881966527672104321378970406598208938722139894381596988780485994658942167001789862326076144583525794922088550890815897618737488876430460375445046852401850560320 0.3404235932725005378925921354892596748224596246904831501089373712386127892015176100628815139514905052869405029772690182046452927529223957718901687434770794504996330571772562966714298613956759164435196543955438912064843809 0.6520967375140223500710036484065802333134492566222618155924512592099697696062683950339437884628266868976423239719498127546189873997191406866236379614363970325305728429185001706461570015681717116654313361695130502623840245 -0.3411996222272353462602504265149335109310130787577176290724220027307358878635920527756222308178617991199807791908662663945844138036927820672809055668109934545712274125509680188086031145234596077795028939127375734861860053 0.1039831478845145207496646045513362029096278329008861934365637613069000052884076188373911893284076994609455290744899093073892942683407548024680383100982315288714676825449098287258277025735735578210033386083801980232248053 -0.3317760074881327123997642210084120202158662554026892969204003165736040727617420621334864958818935839519658745339487509225838865126396387708555539487438357546683233945478915153484071448257439876334043290110499914272492563 0.2407707647701816813536509394506936884430788437529175196688211178768386978196189674298092054887872206804252795004500374642658226753464478736053468664582658220689359587867243933095641858103619425377266302297689211020651914 -0.3137375913110771670667305755693086978620266493983198161805820586496432462208132994303964481011172943587306523313926651460724333687637006858813063138737719243897940895472430608502325866369274717618700713983770506436360995 -0.02460339402093741929532923350224332908721444133394171278530112797263626465570781404608051000463492096100801094543303922961425826113872497054139358756014949985108402904593756428797478286623420535715352180631925590323636278 -0.06398073943012492706404692029195384437479517419016413122252450847540038423544399692431426811028214178915368711850884637509913432211634904483503208675163937820164854041584256316633778647190856383977507932341312599308184665 -0.1618219906933790176807439507241666010820784596147780290776436492308539516803856830009015390755503998126217961910591333537044696800179587168066614126529063613546865146184389515511128172260477091697131167089599542323278325 -0.09630899808568549403930353828617212922472152797059641663709505597770579494196321915117989996448527878275768929038925318893529031164879641870126261259041848442497493643576729750987887525767005989659559172745211888983349230 0.1239231206468552649533191022096966549171286104806431962541897618606802151776722778064491428793960834766064772011792225480424071159612817411954659138402271654350943514184931115588114867092487297424121631566296269831091483 -0.06199418485778223115710902015848579025458351727992922226370931828072208459192540843185363472604912679319444618357430164522419997445535395315184338704366074693610089319367583404582711479331767096420039078774007214072436145
G 22 0.2412677320662406868418887795718941493343940976179928211361697550825846109352114405260762349281606986540037025263732526148105198570557416922916339238283522806745993665234186211896544431452032499517836586739069932680704007 0.7653330710862128377599102441417323744864488417007512096532236230164747744843886295749333864971506739866212596237359158665692089712359559747929404429605902023046033537344341027145730751947694651205971441246531116275973024 0.3190489727040499104321123689922334136282375482768343936785422150104565532885461553318416330499009163343508609292352406313787883335872783726523101430489822564249636664145344932239009842981444630787731664558589389996989777 0.4335358857484522007717003731026218243240970068407693541561675489902971423179286776110893180009597344137520070657736024589693227071524895974420392487410738996272438602502006428632619400982583325933986167739242728361787066 -0.4631287315207912307839603067348150090055178290481416097054294968135338236010860050826547454167612609134562482505607088694498900751415334972475902641332053488873513317177804394745277017730386864712928310377556437837055896 0.5201540535059264205002889138945519214447816935092533111516940197281475419833729760008416081295697248242207343579396619973867884714496760490143775498245206697500395957452077842642168039082017440422013879656378056776854868 0.3567963157252100248279672915802213493626798238356770722956236091085402964439361722546757785213886104579558267946829597834010661402745204512135628390471375438848418475086653619954883262114338017382285351136951209260188986 0.01674501131867904909802168519140650036434602840863642717455266351405096690799996240011306967015051298678100715282584302810939647936594216450432326885332438692579093262324296303876916985355094937271854661592902774862033740 0.3463619866251131967885864235525723374158490490772552453182994933598850411881326739483574281831671682351471324202649047316095791111225766460738900066410475167884099952595840377964393427919263838579419600166609495620827783 0.3568400892970970603065176771467655541033145398307175509007925467012827716951594477332710216594616760369464266502334958576044686901855877608371355831652783910021872099558300468688567732055053029365787173819847005651848319 -0.2383935266965170534474963060855978180037918888358602382537711879070514761482780745313424630753683525885641563417416371558753559452992807522773744924128659057274382159250162939625812193808222753077935664604777743314079319 0.2106023161184331392069251436877440662620561399129346354895327900256921972696908877419059344075427443502440395035272420733476760981465858788553983682388710269100865147471510756945501735406662924242981760868235382349437555 -0.03721538402277947697057214369821942939532471008995849010889290059974529280005013675212696888325689019294570787741022162438389263976928230626414013232057693372636961319463986800921539425891563220334622743407386938558547793 -0.05619505276352854205888371690862751053055365767691918267591930224657013769569258760707180866133524367633693366610660233233320802544333760359200161514863295039426269426620304324374798866470083649843250646574412504497877722 -0.06841335444905596245667256935570724405062699893371571809189420420383772807472597508736070532206040596153324686592156782893244180043202801037749587986576915515570723428004864523671197384516396488288549058077118383544857457 -0.03487516600239429098060035483740146524084983125500958664970353349733649818368112899717352561033217566590500761861071160323901294734235993399903418172617049446473813481634303926800683122840585022951886474372471922846228970 0.03138879196209694704734038074241217718980369986546276709534429834601944188844100475459165965408217715563520942135801560033831354125579506761122511347938459228649287584397461794578999158020862643401888956697116811936827968
G 23 1.209510438622947083577696756554135179731884338671143951418001137274612575348623679635904376223355227784031525593774756868098465811166139037670073237488924529615496880720864327488525546830732059536582539605834595972788469 0.5404923836223396651268047907999621352089012530149151144756808878199109433169100640907427591726379101809548148985513128741079294119558648325036087441459401733788321499060995940909387534664751042942796258399407974666807508 -0.6865116964344244759432935466413956748275832486715162525879138507335065885902961823800961867784144553616975433146053346745126042983827568417473966891454418252508185515935523470757678595027071259137497588924842303149003155 0.8666499532275344887011097308820792800128933039916866245887391974407101566432145548973940515585425308925735809797796610246433523143641786092679640980669437075816849371875188729566158880865887320455178593321212600837824623 -0.3460561429689535984771075232338460556549587163247991529213580134942989782843042778701659452050232395049210630155110382136095339275758221529540349387060874704862473412247130763581482833715198672363983503367065522485199916 0.6130103748619459125803255982470658524620743903638742250552133288088817009774652766931559085630985122567420931295260298551016964527174952312699345352793039249982287442010939321482304850919310634416309212892608385957935620 0.5157034066830011340001744785968476675708108031525976533831141039654596807334525634672483607483894685211436610382996025692032638208003971148605004030635988121305363750557704291964945075903155425416180477236377003519111960 0.3169286934546920103552014409155171075357166479014722438027574525359289379764523819908386868680660342851628983026371651470522879364541832419123500548829396622704571840262854479893505362235788591914052214270336033190443226 -0.4690500002521983155509042238588504604355796407584665580939046700544514875986774813139828618837595464387869280244639681236795081321969210449865793675217634403561673827620591050665611485080003502517155534885611566238613573 0.3880997205386872692443330265944065310429619832805322986517454749275431965420765978216638191790140927253350812349577099099328016975252016655659894458858516180013405678761685699370221028282843305330899583102122264618594857 0.07596285243027201514938991681652762925268059906535147705690411865766767167111398374940202789272298783430159033241348171614630252552568095787229069571346872027007015707449871565306096091049691443550455049902995464197771373 -0.2029769502509780429852375976462598643215550934139316446281445342160435117486681879144080817218184524427253227636278689585818106529505762510684111848564469116226394576781373360318589118106616913978060962597001521558162239 -0.1741777414910249694156038422264613150587545521099052168439664794715055528267515111662293952927358067567146489057142592092073477024159719075286192636915567099328884228781640849803776330688277036732467622728563211079465814 -0.1294236757997283531985609460704944112097247550373865635841039252792786650731505112041804355230269941739350395990158809723935674237248036538710757952944421308712967701221022868263493355549240113431097258838509778899522020 -0.1104024121244363185214678756705679013246850599285979306826449224421800171751430063514585018406070256238694028844619982663427033784263812624685878490545372035308316920587781363523839978671708513642901359393242688254499363 -0.008371332573162395645956513133658297983227474681254603169369006017885341886879503912782614359006732674910290813291580595907233362600373234114699910939093912610700673844439120723168741270947413819192254878022841041680832142 -0.0003959877717920333887735227588964420281978371673886034282658261061277142570390560646852616665397079618572265026960620692178604720000936607534855506686623992980932856836420827478892346247223068138986108329490517974807560905
G 24 0.8617879499293270736553155717348880659602375179043573371339186322625338341830990762169757556508394590510230478988671112269775032466273665841314816650109774567479575973157975458602790481222045471260346275031118953476525974 0.5875370094919171386347351773272875538885734672579864828383545254080633684404079787923469277317403483315082987685524877980735155356457423719019846953614444404862830048912394730037585335795667445424157748047482307111583711 -0.2642739805545740211048791801814460031742569470414298218338170199486342432709183256242079912543648910653411147090965193536765599746827208899385046906804667339609730937815067675522481069186619531504538581366287515778062702 0.7407693499680994249142367577663620512133567607139039124433075681143362694651414272668572845965607798832008028048776977203292520782594718721343014699974490471083928458400240666636989088979357301895863183808220594869072796 -0.3671833550642592236079611765676073077618274637062936032255569677830998487810929391552273190626393143369205215204084766372931683322579996212117428016695287516377582265556799983856778295928369843823201910977683934773607104 -0.002236989335395253139347300239478248716279048308412481034248871229119149855647067402384216596046089436629848816175605147534268473649032776991568131578827343407331709895319000356449876231288506007824725213492936438438397713 0.3571075784528111192791216735967652050662319142827044657264600956677883125983450454433410531232102963099594304169148975193701876546558936728485282878228357075897425284131300918810557264253798179988548122071821187364503165 0.07675344358181928023094187637611479355948111510195372778931056742966669234606796141505360877095356100987565358414480077255325206739067735252034866422258828571935818698025939762086005195194071975974863181918223849067174213 -0.4083451566790965542321759985032377051084625381694034905578268105518775455997366013201520603616624622415329860670191878917677870710352578138667371549411883526319855796663882004263018389846464365335220127784440363168273262 0.2581091187195046954290846091897459483666173906899143841255268996724224971136133376104511868480608615068845924772415228656278106190257289520553150736387459615052576585880020107555924868185317884072091721221849246528443266 0.1386677097604501989001681553711188987409745687154249897427413691162868325411361698294539225321232999308839238979571215823553648606531876518541280987978210672879874640396453151973593106074898200203004265531758927138041257 0.1553084589883236840415021633772848385376853763451959248430188983345617524754521011526946377611733393083547949000386483524520381347034883404466277202451830171858486328517352082748883988809983990813268819566311736645595782 0.1303538088263940281737624145026802120127067769844336071704024945209848036640452080939270417270217293490641890501910588126236384526354054197650172380386833762066508154074540511529069242887913055978455931501160155549153066 0.07775505009487396696379038016213885287575824293729264418863908061738974298517543297649183814551607552850571276130366668263175637953619120779062433644614482707407532590549215211456597776142399822779439864719314124116142164 -0.1557376022399836878332688725725789277594490479566749809525806459720553447217269830913544155094069618088607450024860783394316557638561168800206863693905138312012398299097919030761819088463972776252770820330859061875546315 0.1349839182513085050846663598812573365112661058468286392578250930882682158457206508299048305323598685431048971307215088859501639411257106559161130003268417733536165857591748598717137495478746073732524903322427192896984340 -0.02577658290318354126525971048234679697553980754304417149786519354767192956078782401382704439532353793882142951577536743846691424999361469014466508851383898901830051472926964976740171519575828257708888288814914178231450692
G 25 0.1438153049640208993785501382787823411856831010726084715458535812091298749407089391514600400353978484524313083231452830331562845025321938331546159117584408117220673634577356568615907336282265268676836909944623148434532133 0.8197834564903358579287637297005138285554034538611994793753523570632093618385369853128035022996922954927207111368040654625217753819453105114183486390483031931002083561749850226846782308753132067827356708334016175168124940 0.5683973826440074939069665874623745702120056953057920962917416528485987396995031705582977839032129563041357298632603323562542377174726860069681228749812849151370623721509981985561645564292360599172142774407085396632482411 0.6679930469877655056202165950810671645568505800195126899041428565094110822428137802741438386633677971289569298524231908114727099242755450772323972275795434267285452640158986630440871256418265268793042918607501603761855623 -0.02230896787256008692445809160531044527607398651990200472729086637969427155725995601880383026117348843365946209993599268388281745742825934932758370990702727766179133264204101852981825368238639274394209602596067529371887614 0.4098966485724841494298554069589501004048255073176486796804902425040830205386334934554618503023290196007865459514680898172715480824229771923201046298231917287299412486184698011023079465213457021857353556731403990484537800 0.2124015211459468874888587012752566281553807124585647398680178439122784298660430164448732527029504935889195595211702234557203964730730124215984459620042221784864681398834772429684837043062859793233067551519443884498886968 -0.1403124929419673274492267512852775101435400927138030841813396248711558022453787040486484988815766605410771368869671331858103448935064864860058403554875024707064688297946426000668539247385462275736589678023605789633594360 -0.1851767074314381338223064195534828883878090121001568479833637472595654607446751137236032187710928405408372720584178586757126113920033014142889288867750671499709332040850129405252245152497206413852229748014001191342596667 -0.1083854362850470040362450825924052614556756969753017856617857094800538903622134227349266304211777753009732993506107631454580034302555100913856409222946560889220259074429217161691180988948670168677732444529177267440026374 -0.1793701647925423867284833741278660682031161932046621873874629857767222841332680950466895055332362987763014197964525389029450167326111739740046196429718767677078789886539577176900196423667145166657896259417489216912154795 0.1527758178164096723511241952217736792061412290815195278402473543645858426166695872306216107267050793343362521959201831721504662810895351133645955327876104993282029860521504241086816593108227438125375906581416942617163622 -0.07586820371936907799667124464249165364361138424489821062812246419643020949384338365252600249469125097695203252841224372512826366470222397804786723390016586772164520192449752953807351850940240201573808048790296156833286170 0.07996272649149569347774819057067625263879430263062435636929643768158715041258749173688523732756859483259080389690344868706545529573196351164984351252301421061011810817161860184386322954769476582788311764264783491616713037 -0.03280167741620761556577647829309767538689484507661471003590567045459520366760084517561705376818812969572640187959206922365275602705102111977435894725240998449000678825192215429162710948551314278254850747516315140621797342 0.0006106468109891931740473641914399759458579681189900503351771154007452919433920093013252091239188019138374081775833993194936818461781180389878393294445218273619024647132080791260196026287455948556725395428162844639476412301 -0.005309198011889449702125228360068356497939587338160439314631026206983731638095532706833490556495549584419755179644751247648260134003904355612735244292296412225916475617461878737334488153179587583848686394082835151772359869
G 26 0.0004696588654920945120197111689175065235651490529132942542429245904500202505741921264236125967069749911965610861304582594041365148966066354341310029161438987198818513919471605872392641743427081770914820069249624450843007897 0.9536677088462572379821628628156166917360866434292974096397827439931444397258651628106182205598932072069432686290797029128547302381604831340679823917032620651304265734808204953740708131473414472390178718058250926268802781 0.7271163654845616406808831973329926332575470310722276017631023975177212664057903495362875627667358232065473078411841826753870224791727062691933736318175381676021714259154955211000495393841561884596338471874385714213487363 0.7144930303270240415671334593535787556066895994946309603068722085997499213718541927552053481328743889804278482255428515120411237463128064344588092392266220187665840654548169845902634938419236038126615079245338388964467493 -0.01770065587645788173092549872402792300745318815967562689343687201885708350717979482236061766649817855261440658627605653602336592603160036225334550862716790408275757786510147156261196849250955918132964320197319577968098768 -0.1050671287623454352041716982423498030631126080005285483248378327471713540933438508679279049886394515343121327411043922270002678597668892971375765943178773277230836331144081681528257368163159288102931173206451493787991150 0.1858292823208351360952630300508799366106029451525730677868032750636167538686485542941560023224694951480087136717233114595519940829394199176098233846812434204428509968320948261623608476470533745709568678934902117312572558 -0.1341304631615124379567909429707868650643939645327943522054549949435173457000204529423507293433674707709997475176559081321640237418959429978606335249211663271720284374958170603360988629076473750085738648997962740983943867 0.03184786183180789865578547109380386984164618389471914784666788620108047423405462489287232508157858910914993251782801627928151988250361497309227258667651639984073457975914953578379832885150480512887356501978857158140606755 0.06515821052493072030880608306518678511968177206324855901136509955470626592412872959646186008540944604053221287497169085750417154590510330362752118959585457146165143808215785877169659916982930258279166902800163751775098951 -0.03424550678766222731907153467988673955659920687441472648162442094506328473056296427482210793661374554832180656600359273723118268012072364720194084692099850879736977561747851052553921131678153785332870114486847907043563951 0.02930385365104375207404941721926967191420417366545218706873480139723760340348539001538344884149698957283183135573465278470949755896497951644380257366870190283566729115710620530773852324908216725867783985958275676617638985 -0.009522717294829518983388183758917077585530020037935825208655019247359587925107439034960322910688458756394489465942886083132429830818612043627596466837215840597914856583316078089942981809602126527892537266905324434297184165 0.03262089786497703270353650472174128579908268021778917131039423868477001387801318642612399096300927879242846705492756202316061094890117782193771186488157893111156697678937233939812833942485368062925301550563164607395869810 0.002647732934439622955306927409178426716417761798891969701624867755904262060846981402255235303942084660272477800093565440628252120369112312097003452669084214863750745892068669895647106725921545045987472084321552142295622121 0.006107008453484651378458379286779142255063635862995798484036826838460185470678743988365968992769350772602541330144475709555656829129662638449733165647741241567804808483674304904404690528845270487061817195585995067385238735 -0.001920032441436750916434212748406735566270165585751496564592233104695265843260902786042919616138787454039975577136644933848982449014785551214168067584852073645400231622354936963772650217347143152813098402984187578098523338
G 27 0.4439396784418665149910042096781868618264996597791052024720894655775739326755505081608026162018881258910883553350911466833047302189722688101713325790109186514007444682837533928035854401545321871945875692951563298796596540 0.5732718179030122700535067946721958121149156610540908870554425759147178920731176324057026140698695089705774653709199841600988637659666266585586453467342649449215148989487282190789338900152867767460149776132550405686851264 0.2392876556776978383595235950803201061058026327435330632656807786622340919396711201113903925694840108654755275896538207951451948180909429088509012092804874275673914593940225125576784103873983654243954412175208312082506001 0.6069143612118320718993012181746843639242478154993970726228218478981102836780973058954578457433981805506104101172932507164912752687498613104027104362908150019231910102567345199170959670773476338688011456685674410344366597 -0.3065953081298029806192947854581072808034749881386918332297233897979951323466637508189954169325432596982955597629208406063228979998358873751701713607910112298124169919392139401650086395334416146898266220401768784944149740 0.2421209801152309985129904884806441677991807996366538593882828004716045549191314374061520977096005092117070841009309039990907520863945799159563971121669601502433584204995812194440862640877525376833696604821646238511944810 -0.09704462459040417515910638726874810528996645722848612745096475200082780945656682616669837825072243085897971669240299394141921885849630674021815839324413698631035631325013650337209056449621019437801309395952717206141031963 0.2660656575577982219298879981906172110788190040290090295353765294834137116088070481335935100570962570868480793332671993730384624451240644171857229785039969536393272956469365386613706545801143352038949165959199076410269076 -0.2025035004732416846963832969708865100954581296975938744183671057987940847246894600778722199741772274425033443791870744199581951022776284405129937178038101751108354183252752623490463360292123335232306876264659639293621683 0.3837916867660325352570704436405612046369195330370130342780249349469279632217389563247774435524191993642679111862646173381958538752573477706869102520953722069025860381355976759858350798480400551571047649433101194028106542 -0.2021093309285957811645257830368048366077958726738823632895167369914551526344341626140815923774667734206646678301785539870089194295391078945486819375382763217809616134372667848448352563069674214515781571671840211915663078 0.1348379798673663166730827545460118632672984864548189578828552878604462128067720262777897266685362977106687459059788297792921591666353204176964614713944599845570146153209808337289478467857298713563486931050088569177263937 0.05286232030381854047634834940314743296224093774841292542168549303124871728310217579198031896395543537222738402087611102394159563199816829639399484107427096897267215999591463430263011539471722996648527239035482641130205380 -0.05200186318547377363759995625497500734133215806046322878979595202729699496067204298713536200361115231324720633365614964601205934818615944271448269561600175699835849185886211901460431638281082562861938448906422892990436620 0.1154446660365658829123853775355700265883581571570179173372555428697270582763053017176437380294993796590495290697517254609580497676288117715485249830870827441815531060083196162256589233376509276283028881067834216292172807 0.2611100616320503230850120508548360085879621500896596114911461398482321322626951747186296727495667631288538727404476188239375850789830879809902624672313338768734069364762242047676166509680050442116740333167245065747814731 0.06879606350412746584323801348733814554305482562327800870644262908768377010102141330125919079766867867864613036971775891793283806158163828980569585063626958053017182340393117106462398036946060428568629339337882563201416175
G 28 0.3142907126792365223927900653566546009772913464422203765271758258522698295090747086663099915207014312323091998737277863112507005735978849318824113064221292804253062809719408882299111072664142169000141526414392485439121329 0.8277963234259425254787893444526216638533980867979750419540934562358107709518978785175363079497162618487052008024441676174141629122547583656933469546798987084190793643315796782071750262769169898488319733028508312869044747 0.2374988531492339386294152853646491594179550649503626437924654115238700784647910190781640085135569208694182586865658541266555760947795041318841645932574289789213568820596572739532217024523960605086533617527041741107011020 0.4786043974698655178690381219341756385353235475939683845013954453717476457266696159435655467807204561308235738820033846780673858183089036736594795675811969112060502505062904130222416607433345200417427940225513203446351805 -0.06740600365040133757904211318203680787826607101899460160150529678979768453895440952481456726528278524555171931356747280467379003180174727221362269180752712830558722308551284481254731339935015521440585999009542086196465856 0.3869353837056897987352293095214886156090430374441121085868052115970469540417536343369153204697698328865280195596447908894506611390520500703170284629820057011366996090669712861041159137786636708297281123353273204098280530 0.002050596842973461933452933248231292132676216559958347960555515516646922782282005736516396691846676289762611002001001306067171163894584251284548012651727847964613097283036596199579763835266028529726699747347212198986950224 -0.01097214330075747591301925124668902073832667784022049447016780102249378301589878979381420768469903690895880246558991431069387093281089306763011784852207387632845470007169318480039989666882234940614536439866772667144241494 0.3005243268373332811643422509317459553568118856768382586158663487249145206671374003853854950843985524849725210591479461122307887679385132008194830135084448822251169040811065143284219782568505496107977187315471488550730851 -0.04203905591403990454177489039886096020919230979086354394068797085869394766402358481149063813927443013547248816426568694911035227750744222052008575606241830655585730331451736841460775856737257365045874328585614225372812176 -0.1820514140116109949280948388153774941636191677963817464227189133933551676381535354231976363492795810823047025042691972828923177024039941588858787339566000217465464156592385700965291277311281549199802752034709410551037762 0.2059035538935500792386433039007151157167765736615954505506333316070975196872623709649942657063949814815068736985178045107049083289512914411383535939575216339412924562580614912696766139474032580908422764479761062982524489 -0.05928074453165145813095125180393583513188947010083567798549872252399995410855998325116138082195664863803028000044940704055807557105963694831624644617256797195804563938215526951423859015425097349088092803799252294125394835 -0.06129788408818371733633688258342477950854467246291740792693533906811932228310452762211106825099070035464525340987502724245094614009976341113205471598661098721097558483274249114339267477936535672701116811714057217096361806 0.1077565440402570881506566690962679272290108528854425842368073423617260903083771553732345182963591625936777275082972237231332376217175926303299995395012659787674226892663006522202252453615285216811797213763608331513236957 0.01162934485445914811864888223645938408844128779855670787048454099894820257775474621143560716003133665542086820004868770341934107774315302564642899858862735281218586530685268916900453767525355461132389464307627638912793501 -0.07272587459233107372528455011731360610389510608758709295806837101185116834075364873649269029053631325615577360922030739677144464885221097635002390677217332802985267510119674841120579410079151757991353501854281380245712980
G 29 0.5505199962624519468369461920601575980657850053575629526628757616334463514454956989506358165491906068826015079821360333045907199728465211470877033844191577100579329499767732451985425470916099047326948948958983145833807067 0.9849138177445041047927214685330044832510710600266540100585065665679279397453317471360599642177927696625754635493609586664418588173165454289911503847942757279637963824711362833621628288817547882456321933636017413757963323 -0.2700953590411313512281395134814310049526319215209865239815196549823646569508138130626440186494477598054504474691058251993333976771384691891679915384602472198034922036702146097049313001010891664069824872634095072148265037 -0.06179949977058748294317621611149938299742583995771535148623574242487390964088158123354247631979952324180454719775997902630318630320167179509006148674907048113264148326576134489699604137044420174097321314958064638064460727 -0.3218830682048908409918974256257796303659413364800610267316125178498875749165497317851974774335747949409165150086475424671277513724623224209503995265262061280041552459178051993725002200043515334339358689072602508271584245 0.5853926651250215351500957967155324170813857577752890292345686255677071090564315893176400617160016093966760177736019183791553683229892912450150367369891689411992137291265755023530385491794753291061732139620939788891453539 0.4017466283314425030425655099910804479224408241198825349663859962271499847224273312839074246085306413346745954214776132965941685225494322503839526600928357099822132938256449648361060425172526822513622310331491627486727193 -0.3295855389474760021700475088017682017941642048771094884068094072729594072238133334820659300524492384061773488598054363610419383137730877451233433724270341858155679755039939066228475993987361744659522627240075480078851525 0.4917483773640749987045247639032039037128990368058567093522687368630106529637043949763053902357027169372805452541337079138055660244979524580402971360841029216023953620458559229106776165196096117124474015398494125211355241 0.2628462801604841339427190798117232515220003933386930457379249874330550998536629101123911680678696736177029835451158139672528262931022915957942954819218477860798069985388053724778916240702520857852045335655381549079765561 0.1351323799692845929182908752854694757795477077895493496955690298940561458558133958457598863101089186621499037556212445397333905016173338922930310342705472531273093665186154519076396778917272009183538849076807848482202829 0.1263277008515705848786566896362573003721803982156438053125693236248578152951759675080676184485363817133143022343303369182082421510916672003463441469901228632817164266971606513342234975625727393022706944460118618729680985 -0.1185533015681621811422549511071907522499575678101155717699025447774743269484844334416219826247945842170409413990773794247697351084953517956735210085808728771984398585372144145679084474947661845918830316509425679923232565 0.06306943308970384108385795150644541386198636312752832601526572595121561112655538415089239190430380093277382702662339722980365919844377161700887914640664560204706270292096970695861098824847522338859453739165956743216582370 -0.02290888277127717970734042463888367564290088978426818541691280124265966605773824752511792959322787274659295562264514001543768843070237300297800861586677720091283310638543180247519918231298961258659797529135178077193759621 -0.001239624954084258404196398875738503512325373464513854765107689234031921506495769792406378478738610597008996385895147230696668499124566945574061639793139100475238554093373263565967947795853799715754585190303833956175742144 -0.002774033011428491155460320809367790074591131137558227755776271413385087880708235720934670556560104121133900501364294005076257566579973938453826317971327280366225892013341297333575542799955714447336846513252429468236870768
G 30 -0.4168444418651041829538844460499719969976609052615848134120655531977643357586780669849181659353648493951025979848243220229359136479274045126655695715455441046098302154215753389246396489152030651311619927131964098962934091 1.035363789392915647976563344783613446152327220215905327228792906355517062175644193300717504752106448073432126749640548812231156938486599298161333782419200858897292301123521792949078642818376064495948491537908831386333662 0.7843216899883992986791905243671216367724950120305360549573874948358925864698122419871896709406296320073935005744897069641794528405710352233431806150271416880805074251381455069787827933757532336739996423584869177741928690 0.4120084601770842559557569261708576463936119775602527636724202098316846091490110325807240183679848319969328600579150088453350263066018076433369573616212754237823180584957378308533650233706329996185701808000183381467476182 0.2411327159075659890451207055298918935481101459244873092149474296528431471086463568140984507844289297439480518758008647823832544809399982856382585484009767503159125934623147036703797884305854300214158294175685241043901981 -0.1062367897150326538519956621973074574234561128928121158000103581816818112117454846561140785930480935811188682067656168262420383760351155117966883355714642534931150849664123973206365405829469111294782674733909003344986096 0.4849649155752452783746452378827815720519305196246843541783495442122737991989290882981422458334176809681143328717420593651705965547552340813832415782710209030894518823695999906152387434125582179827413967916377303497161382 -0.1635328581083088766365841543415977109952576100601507526979703403937533941618430494825692713768839918579600265279815750036159029192094388325896351619541528448379907715398293857198869055546569182248051724856099878258592048 0.01747111644522687720004839537709645734656374482455232306803894394939034857607247453371584742687108836835090018860185205885992939322945396259004932551070531494046642245977557378166058620280645612061515434261692802643689184 0.3228226826489399438942848541740125485079763235030171158458313084481487780521673743246113329615321139160668345228853235886260277632566565856980962526588125842973690145231977296487693250136749379682964962632759351903219745 -0.2028928090445215844890434771249443119363438157358249748810420117737946173117447125419955928629820788185595795615702036803113276379454761238631400813554906288726462886244468110405313253126821038302241130696898583745822446 -0.1690938776774809197618754393879369145072974992065438453217829045019496390095674322232983892171864460778368327378068611036614877929102571980156704148036461960346873610033128779178885159883989837029236716810859913146922278 -0.01342495263533889871863203647720918882199575800610360279645468198635164201157248948005286026848988330358740499781349604704073254616596200504726213246705557018461822736466390208116054215909149442894922525954251049718042103 -0.03980228664392684050386741820076305609125081277337274101843199931129600167718488240129534216545013622435083356945504692248734365855089707084783045053804757858221517318008340125997415527448938416650502942240961051639125167 -0.07081160802083960422808034962254205995164683349880306511527950898754679412567334563284020185794624119405982006305869532145553576336178124052115781112375968170145899826014152122582057866601090503980558912323586272510240813 0.006185493449639073120884745459338298066727515363598007355032930849571855080759932726820804022706526303428317649371988159255006470254581011996703561881362490698114324371821629345656451670069164819398184786227263543794136749 0.01615773380136991836036127748275351715608954974350962946615487407341410167062659478715526042115299013051203170754628856994279960886815660838690014740044866388610303772511277046428219730031668351940522238916583256079013166
G 31 0.7883236104777590417707089695706760464918382346482559973766281310809199734920177358365628024639906163988930942234693591581987324720965769005178969194263744911670798135503425676193935450058771750987540328073758330694090376 0.7437002872386722329778053571994009168098209588071620788585282585361872191438149264356342666582058161443157499173312524294801699525880278056014708449674859783382274490386197259657712456221009759385604734816908296957952702 0.04275127407190927736841328167816851657075283821724886018275373141283057663868071847342121035081594719653964046822022627570099686383310806916690373336708351345206744529537043381546863736152189805824379440726681742205307571 0.6847166877166247248057528905457325495209734149589619658836630194274872584852613409959535706011308108387744010483266147130233755492963293378021532383522748873157088121051424208304088892922248828076192646218520657419963997 -0.3700126982545394437757802518292896980696941670403944009029697179505369347605060494313628152681996813440320690434376070506140249213902223973420813301837432679681134752207118375077353721515282406092479902820100302329811346 0.2668546423531676591523033013055810178870070994975948863857098358628168577828175584316217581948690745183463030638080163214741071843714512785806403388693717634071679847719882266509952306586594703886385724025711582848454137 -0.1040703004162270502805332256545188596838125801668368451303607233580978057309397832980848620446941883540008016508982428303887036936112270914753537924368646104809010616767041453727587312754031505111576666130853994848782622 -0.06140269915283919273236405804344593180354436515797841167829851332415960324967618829052526109347973193944382374262878852319181237503828805349601128556047156893647470286979584621169513765628966472549861776115812420881242552 -0.2503029178583419427779036480495696801564084079548138179624245085727235251515141958772367631664445384980176002265376920459386450911832055434355547884769843909552269574378147944357220367473844200772202106059498398391341625 0.1913131953178591725126817612022392162775855606481682155657311615866066207295600793005538582685498770729843404897313151979593571265859692464515663158015078073222565407037276543428704862994945209805449736982333801208644965 0.2119116920899846484744233336147148107008555475846994580041121989772125195351822455825266181059355002007770268699349609608301081029101106217312839683218928513943500844157262790400936684760441209475464913289583796531360967 0.2438644698952838915726789160749565759327329017870683886953594017393904608130660000130305897815543776794781939192208829277427064723462825108074289691504415363138734499246967545236685803618342333179596278763947353690115315 0.01483785610443723916561101578243099897454604915548624806191429515100445784412279376049468043575041793175654096672345112629953492366234446132199795156311284848947877920312949115057855239772496525304964703965290886232786522 -0.1321938198994009515834352869576931916301145478649615611962969288760769533508704249653607783614843892958299648412843492710112467452084800225009831617941499648393451471539400173599331185417476405760739611109041891339910572 0.03371935190500053181314956401418712593054788127619852151666895385960977517691379281032504483483048493955338396189316271446266404364405851668778837818245185823400599852972959768796393835633348841590854281543833518991066640 0.03135424344852893596252646795708657388795908432697671910377425725482225981014955078075491486913079476768561274297396944187895954357726084806587154594880699117762982593043981020535922295660173358986033335197171523974342484 -0.008211393783338832308663313720936602905441435476196560177388798382200963896070597917025550542874996398887827755296241736008040766980724236621528926826459666241447550297051569439383969535507753971420090826742504610689558111
G 32 0.08614657421918138784205145602222770655064626495064144019454481722054172757189641095949689773676533889274458264645830920889551362594361797081149763220926745574319954447147374755963216991207025242932847785394277381093030855 0.8063928575483710065279153346701349099778483821931584787844781220905656410731113157885913372597834845338373837909380792572833644332236653319269827711352984372369480842330459629375167271611165023381350396493103720371628471 0.4171464665833365244343927826225949658317545922239794079867462773344755385504810336128767091704543256327051225901765544837912428667433892241880370209317639327024692159809955518800579279103417363213287497201159711700103940 -0.01812432706296143949414741950093156419640294889758423293824172001109336684730533887627359529869277988004593929061863886271072928946535137604267046875478215463688632475807598751657839261036342822690794079290783278714116526 -0.1261950632593252514500444439762188190860477025366135154020348694202845769422624904173722781536219668818420166444298824910184895474924932643897514266227337733063562965188814214301917765446006887994833124234935538716434989 0.6273096861385052542077268039157803871124423845275126243544860586340595659621816918558762224416371664893177863703062547765706362148674466142994216629605199661620303751188613619221717388479492451817525032959908258072027827 0.1980070683549242563165282844246577887273194561428054930531794945281493740150828469353096433623615996981552835754257623038109349461116237539739475187123560460787438708374475913321130394145375062943803613883480835221711307 0.03997583803042441342139785492366964112158366394350411119983563598131835206171895153803643483526093767740792080347436431276749046625293790445940361716336806365973279016335896412449389781677983977735530647674922982103507357 0.1081576065494192193305975997507414228646281569928775779516297715626397800713374276069257699130464563376574402157452972914211676353341599192323660093019159883630864229559945147183446169713003625736758343801410280305877183 0.06037736364979480110126574522380970864103821737839301058746318547556278036695439138880702836537454601169543081281489491631431285978951708251070933506223551418718617445823341458712795679309981758517746256486844602938114260 -0.07492647027065348672303351825247907830917472862132306264793047037672129753940591597523020085861531533409884474970992854785198934736806343737438978886705940568777852217415243643035397835291818740613417460753766612471996268 -0.1318806844196198704826468441140181356210733121567643265807882825935949816116863199532025535637210575209982534584154643959309251647731416888109791596273632031363056963600506232920682943378432088455161817247416950969731758 0.1464197411736623186122310230009164920889846489749289684814601106191904972865470097473048500417742778051102627662179328958648075656084079344129489317243635483070820948831833603698065350596768399947759240343451305077818044 0.04895927308721077542042433851129611629073970884200343489894885941358078186963035746165820227247493972766201991804644295949967161631675311920779734826985995812071845554931840519323092690347042930125308995767614732050360663 -0.02868020557332708235124346375980548421676042118680197963318158532208546125286376290353407468811687036116652371727917162622207290090166132867418306490681954538499694937548109615280782370944497474588777909341514632623750688 -0.03054024362593724882484712490386760332978658898732306806535980378265765350570307124784753372009357387015644923606337611518297316346003399717409356466039667224161688424943718519174679394243089363377071739576544999043064096 0.03570100698691286590581975409442119951445259916390847100239903832440475981116053406762601389948528525075608481097088624300166856620662706178231381415143593962951019666691762018499382163317523715235501461076924231128176590
G 33 0.5772040521079986588062014764224440746514509078129964294676067584970848341789309607209737623294905209980560829244109337732310794587733289112744867873881260418475488650212130858970279774422328367054562258057130435722896086 0.2870732162245265851026196287951405028932390812154454187949211475962251304969834367820850203548872390615466823656750113723078053651040535730004589869185912663252995806439982609656815185493144847457995002369932807980410641 -0.04706058452478199370088697024112380822473713491575775492542715829314538928562170050723304104214070102558787869450464243212837921071483735506259647916916387622476451504924278445419309464149094621503461691185536969240892060 0.3352691091704539047628217381577844706181334210662183450699538024507737636370772461265831458304138035058355230756626349808428854361564217237121667312303312881121333537755429849969706260969516540756247104180110122202104525 -0.1866327382753318128716553669477109148763093592929200057272797066423355462685623266494775636513797868397416246304925094185577852614357377057747173584507086394123405744444568188886666881351729826740352684161398936914074231 0.3686729900457188617289463765682440251615576379616017935680624142748427482801297066388946246627073608893003128391198025502471058187417112085035720280393400798065032876884095291322623652830132676764902114571862487085706544 -0.09491293917393572262709928543000367477101616038284690564465194435328532676176590261893644445342865791006086361145944894325745403540587838695430770653583827569679589698066278433884539579769730454185912285523667191963755083 0.3345170805390066829289966746998025197680458303153618053094124133324233338481738609432335195877374735983612624766369559121216785630573090490596485583211941292152091611137124274858384832905647570637061922745573340086301251 0.1430284636534453659726391984889931695613890070303759259690365693082914504174145193671896183859018506537008477344012562435679377588368916391773655123147969529402448233303409297854050424966010393949094734997823344256433839 0.2725334787355045273040956515144434242146529577957168615948892170994313295113661673807540124010717326525907144533431782214210690466823467173603796986777488345256760469412323914757072576571070906744126365762909716992399414 0.09630000890579824145038152163186661503044602460815201015023442272403367252736056976016088015041179876122597733674647172559114200253811521074648313232042049890920512277907892507946171165376071467465751630318059067595871537 -0.07492765833636352390521604731555961298302118146888205031318154476080803669221207944207771416335002336196341258103189938277987308612367654064837142813706297174620558069275848264673043664306658350112587105896246327624464919 0.1318970704685857880038786037062647728560901652318490192043807281849562149024876867307169537980832677886771203950386753692468009512546680665642546824668027043115298443252104717500767143901167004925278040350138477279304956 -0.04576014565432383968349066275538787277629194270240944042276472570066989466206116830793965585657175488344635350911740282755038803697081846649393207479580023110919554394991932999636298528841265938820650178265676883663022019 0.1189086100325112499799198371886948586933455055682665418088543414913851309449996007633316897870220444962935559886672333435733314461229301459783249748156136339954956857951551687684959205307810255071284806312852985049007857 0.02610592978672382287866444631673231754563626006440541603752769923311490396275127275758056103948457786820570272666098617240195986701254653050814166787630274563615509944778345361522331818013064340039632250526218174350812021 -0.04945722980777913196852578430630410482757350113008505566076371212794420958826182802026686978356931008715688478037183933095410340802054140976063590759839389142872076738887998047636771293134234916424992914366797975399096639
G 34 1.057390660152411692567850318991532197255173386201696123490508616699773656849271700203650231400479284882072516590619906874091824582316905386867124994554753425056443193842479869413694276916873708049271366401707853212084046 0.9545111308958198346868747416089567658940497794699398471141306883503479283369255811076927531998272087422821126295374282152624034128580239764240807291946140743597515760325745875592218916284076846679071050232591865235311142 -0.07077709906557059141934334541585840990149731270937961149316850482196423839029054416764440192855085107427899655556638123898787286722759442014100945371472928041410641422739296200408815099935900572559057426990120200282895267 0.6139677085541742588305459626787825161971847203991892893198308568005220657673057380347142501795013887851430251779603218649160252628301191105139862424978228683898036543163281671503393633313378866909667781923363033326357009 -0.5446763344193061402800958564439197168321087499263517610948933385696708460809609428669735595643159513763200034715649386785127286988380351325993740835796296667042446215569498903134272918638732951360308174010424947920880355 0.5478225421354371571098912727156287446998005538034468268563176227284412752665761551018567214703303526992376998838845947649531527191459505876437973159039055092191562996542707193774569573283805922242492048475278103629633018 -0.09820242003466390379947619997393364145996030311776001849922564366161139176153241768877982417042133459763147309274752326053968092834059861785214097710227703417956298117166880171593646611232981295122222685334683433105023020 -0.2947967595652601738799804527269942139645325804756774209278296001228126171935609796115082623667360429269218714876975021321843973670158893984722692665067265623792808347121258942307232772858500056383515640790636777863761856 -0.3368184332132782212226632364088735057771446222844965890262502185609441488748823634392028237003306679985167299635949676697624850420270530021332949383465550342648693614854895617044866824113189231664314324387273763486443232 -0.05600209726494130448239371275532833470470010140962600128806652481221445600301310898612732192140972542178727268469415621199936425928273144710271589187541236412758437705213489684733165239084166446848611943071360038421553272 0.1899317550981164914260746370991732063754073234912755592899706278575657351119790161309000031814542164173472055871562345478981222835539964804970156060238933677756888103647531186112277858294626120253374658441293998229257654 0.2349060488129174267169226188902309518230610066897250690159124848536574774528557570520093603161045728621620681400754767720268550747303376071346688977293417034043706165858053131666351266320009120472292883596851263559876940 -0.07060083765785720280549455470516143900138077783602987000713264532910607383007870694794659590817936467482958040611801902676197650809393423343082574415964835255455017591264630738960667093718713987330313982370001580651782954 0.01120313848238114456209645156571450168532514980402369629255428094760537519135213122759351608879445232804617044522649227745026256953156308762698491785719493534917693247520450898774069724713171075124515515050555096556650332 0.03808609017155751465773351069407713520164761865408100543868214799270461631900409016041027762437535644192729400784328304844004273908950388693510891555500678918760744386921025878964197510072834146662686731630150639730735181 -0.05355201174908954392455700517260608614186807313533262106868296174873524863619529541473956699936714955949263720659188392092411083784630945051425180162285664081032571678041354408614047407647046502378110845023168318842867558 0.03789432468264658973353870399024474831343635510821254734465676338192069879786278145271055249462759148288347489469181213045477011184778544610140467191925899805182952378993988063528324784347186838291331915865096568068409815
G 35 0.1085189783046868355643020962900463839677337049673726596047940658160102560238349374670622025253830897758727575617012264541229716461871938954684941937447680232081660303944649728073778375718529850014169232547892058697105448 0.4965967098223074193687228023084610716553770243769755260146845900489179177026855650330670622578344129337733984064857109092628520941101558356002733092097252476160350268846211525031718977956176812305429436221645544532801347 0.6847000133231397875971936869519486787703007846259143328390846288435720459717642269976551910360635470679453745272307660978978880122016502149447725453203675791619576302852234868655953790429282007579383325198410757088669793 -0.2897307204871015094353793604436679916454954421932970973729400074115488248692201037630922014561688499473719407504089440465526840424204769359963634486949723342085774302243489348713795711033662336273876362137841394521027889 -0.3136651092034749595811457051239952487726526156906927333244809310915967067748277298277361556407370489852322273854300739462139397321703643737667904041770332485676467650603873533488609015637459996524537773448146603933773995 0.5027319581933364523035490135907854997183462351543497276404497012310764746161475220718221442067807975762664845259061312785872112085493707732301036546879555803526779315709470440880085990178603528928934988495501518141233380 0.05438296898826456526442575107671267705905900378556107282172323819415641420275115019976903285424576425826124121407286474541592209013198787635399668191574829802859567414237858353181816191771243510594187495880134460409219262 0.1217475662582916356468972235145378779525519957687677286492950426730219317679754973294659528314479451567687166743790089608781124277817326705790939706826410376615333397533458701608139842479526992292918553669175303967632623 0.1150135798804328875808903064884583644182287003607307901252203203806493323310768981950823747286019268060447665449735738982944206307881544811842408011512901750137767141263309619108600822324515814039924455946283950397517934 0.1964217839790181298150772322591117752737324759668169328440483899715688949877590686669073753668579758516165288154523743789160399543999434621823427308872182832548723188169526122943074207770314557921674731245438275761823604 -0.1024631473910691352575230027876043396703721188989378730381265495192191369075904222798728289534175035984901819014778328687701853775465920861195401443771657495123972405577669778489618819364926670218462792242159926656447133 -0.05061163771455016321077000476477770346862450378121573769154831166025099245239010421905212546510160027157402090578915902294018945140104322163849783879026648797256231963212665812539278398423742260997760141325583290143149380 0.03616685851228132431897274715775032157432682889189616399929192778792970271245000452613422337858266704032513458772050072192374183906415169734952637855559015596784545822034115375169006301307567245025723617950442703856771130 0.1223661527267782888393095823893648751090714918185497864393817259369806734638208592352490329823193846978815221528156844458081033590031552602720916119572664694310261831811481185455464246025024084458259647633236840693415218 -0.03535042051973368581632731298517941037195070476891360039047400032858692291409945937683515373323776691692778320901569460510434743754239597641133161127524602094146920249273709904901201627482734489186928487266402502901487732 -0.02260047373517196922377447160968504164114419301588948054302469663378015389157204132162982876710692564930339045472649700990138862463802602430747209105587770220665196839560727877808648891367587128435226419249253541019967527 0.01066329795714393097769451992506771063207705744590890928756958050921038260112730833495680722649153292171844613584625024467969170867635785761428904196698629301709035811577124790851535173530427935815153657564372322133722916
G 36 0.6640898922513453531339876016578762670357623575537830021767071366751311652958629437899115657966505921148673404583959597545219501366044987203815550470367764886586735017159051592364991876059200584663476755256572989015589759 0.2681614195043869431605622657667575792593441537358801334196850672957242696280659705071862873952453721014175533561113457768938315163277283356975226218420317523023220516574224357272153777017654697163840335675572518280600355 -0.2431027536464152478768031523699930682031389049230249068409494787307148982853150678874701081150576762185050872888191149839847467754730454879225027550789545908802445490348213308200665151017103888168211422312658129365450876 0.2604082221054850145070893424851320916746631229344399549698153640564071398314313790453913780732340826253137579789393411837586390887156040309340779957714863370527619972565058903009045302709459777688577969155302746664523570 -0.04401200277924652691827556580714398876833839725897776752620108772607080543206856199502170597134454940385371358469738859897482188991006986660629394398550749957478057928957547820131936297550899367610570706011571991403036338 0.2911929986753927053199154128715063256398733353816238930644536229043198959539575144951763297433076069994301292837539910086611028453230736831944574992758572475644306555072950633184647875101951310668425711363815738189408116 0.3163521509379538526437790409502750072954091482587652720757754902133014524839144803645627482324953613237415608680597745913924837272884125567561132935262394982689623654761822221058402734356537741087589131712700828794345395 0.2949364651368058472131002349405770558919791883089066576852868323069046814806973503530568116755007098800963316149701591149254376895154192252270386483071149616411446570337708828813745993461722142769225841683398873919835664 0.04160642944788404997364784343408917895418468215462872314837963675545113093078562972757669196059626851870211147384243326918399058285963246441304345280331455805249056679141873325701860298064942952921414638410801696645658222 0.4849502213551855614246810565321642737066913809183833972511758058095056367555911342174885703383908428353430497674415683959501931854125040986751580512354339043671220593966700628613540540995702230824798800994300133539198175 -0.1560045815558565631759803589025990055037066508480605500841473924663668231796967646435095857370203088896732792424940497770813536438035777651346556143679172005336324900096067867247709842682548785918677778885670279812721797 0.1130041683755336590631028748722017148877376289022143823484263787112943070387784944410094383319833280200980751123354869798211679844588157563566762075128271862998230104352364451552889029564554620019412675103223511038139769 -0.07952608639143340509544099829766807649683237355380453918894645694371336362034032441945475607828783401250141340477925776662791198699374896216990183235354926470248691961161248575695489612860556605541768289424725795234674863 0.1665969921676980319843272968584053433760962282672236163163731787725294002318206839574035711347104512628639192323809122848575386086994898097575528822198556976630303552137015412364501798670995334801198251538277084337394206 -0.1318082166902260666519974644522216923480387390501429250107544520972542268070931370883144799101054394976532346008994221696174197439058135996276340661535207468431180114222091841734985745573455586186150634527353400918188222 0.1065251642298810305284598477878412868716858042072053760645539840201902577775381724239565156376147961466252949200827918272435847728228324599212510432490973819199626517026697513469507197835202369367913813317058615297384205 -0.03233348169655291583143074694853139712961736032277974612012183960755956768079179340886298925280475809402065706194388189337666660315279671171482214414801940566707605795345238071080755003396109648715287406128102854140997584
G 37 0.6246170445151967395925820514900423077543754479928726061591286778360850523591111786280060550497770405257167988636466914786462361614386664437874454189559815961428414386447686385015552873413456109834170974573669634956138011 0.2512507157389420274272480203250768072368352200143334677562034433169966758376212235276842611850274890804993504769709165283912725090588323768222576759451781060755868349679389872655915512910122321743143615824416231319910273 -0.2135544543615528755366825488681000607762908144000537108369380595015297219643483472928681880780685892511522664681351451456837295543279839930867041522346563878849799718850354442919602459344732840454004985018087695818066028 0.2891251251706220150766339391889848149911488785198509239661113542552894008406289876870456493505144854246892132864803922265170083006201068078643046452164380644069151597086833497391846958272489272849247878976248236774204557 0.1261891136798860487871027744232978284308107921603788822581543938944081399303136886704582054345877662652022579288945342012604542811948848796405025761978492896994548632048726194341300786797578741834692121029918652454247634 0.3835201864325394301243283055195878038276093421871869737734785518478754669039102090283678562796373475858453549566817301436612849453604006688924335431458363375562905431020264775833344238701830855069293379094919553898993988 0.4319073627576401876114702458451745185872237123397852690973519895547453381976938271892545002710304036037141361456273978081446781981261176420740452883222757553674892171606554822090646056179302510102839610393223466322959622 0.2030049615375099668684205809956254030103607535762107594139868601992171234450994960269066177647771645415431511298437716689600922681884696032672836000349575322811577376821844215077838672771977192635147459075462975579915291 -0.08356613158747525237400884952292607542716721464846713862764491842251642280513685888945222210971422274395239271075454817806806291293391879959245627977410220350280047980281895656855969151591937899573359294831512445875159842 0.5520233628280900147226916823129396561606603857449971793096994645575191137226211569189058440260492379803010533106533327765788822957442620453060043987004461175844720562594059301262226987159887630591470461891236140940813529 -0.2805771440385121906122010766894020184343564046678807210045414935794310617521197085024853612452722543941693272935277257737025341233221522123696932092300293797996488313121941807617872372026332179064894104834244674913857936 0.2319998954601580930596669731934930725090422693955328567723883808207731453924788393932192567631968654379466852298363872780342943110770198388716128029605141460178061022460141627928359484944417910954918782641566205930313462 -0.2081033904998271306053996060486471377218378516303333909801467386279405134498633551245372966372372329297125302448607625546010236596400677988746820152632976798694563454744459283675305789653669148202655998538937127116157638 0.2425699402043876226957699095182997908904380079500747945229335417454526173412917435809126815084773183626573666217824863395867616868302089491386171575301216259730904355241444532857570956507333005478872634567524485037639748 -0.2130366691406420679657141190100559168011481381312837338983248811947554279030520736861334733447497099268421975952365390342181553595958294393798372281231384551687019555453220569000244676526070359242174157807074876777344683 0.1049317175475109972615772603527489611932211914819618833259988625756893351824755747701776325896386159123573273007821947752587408552639431973574851806578040408227566501836588620603749522502287616423338717170973870885743481 -0.02091690377919268369458857600054415957707552703520180313711221953414225340820350484926231813488116650217418245736489797561639101320636831489872087300490365143116600996588242433891767245913677606431068318980225749131132992
G 38 0.2820983943373044597880789141506224687821804934112300822257744160608448463641870670658409346476699883072506994437441766234923091534113245435987169353077271109274666861276459707963051537654605630571004215440958055120359934 0.1481410542701361551585693089117077214310168472792125966210913896420141730506565514416925981259068081551612049774615927177830428260107902472292508349216059118539689816958607452129058858207966306150227481537089325717856668 0.2767986854300938754874580536334005298738002537848072519929082452458078323627483501848825341214892050506324766059501609693170438774862645571943395280278517283339197838467455561622330178822891472824106685584941060037865625 0.3547364724501241041935784911110262924901698095782239874613165678602019226408968104183326169404990683982769311996727982948002189415128036897691315722705276533209268160243817778980421008438249232621421339056112573905986416 0.2398456189344282741200516805243067368971381357890947700532994008390036489063549356159957248266891188807297102008049544503243287200096244279339174680309334887148035077135439931947586695611854092534126808170837187589039747 0.3645079408530360608408261401498359239669421548732350978781588896907318508496063617679296828074992707880769264767423991309869077358273759776614674367238140836260201873062062059879731134917375943723950571173032607834297501 0.04210056570153609131254067268227902067819028357517626446068854705566066165522790970929990364845125966120499327166229997678055921699965473569866947888404773146405535851839218875258567729914243497364966438237908166256022663 0.2098126852499620364452759830684397221307955410635783636939480969470980195402562562487489013727168979114880412739837397180972414963389906334680229379221274627481807198370357828909219264407499251021343194313763382024209811 -0.1086396896176861723180835350024523010872710181186416749443383265404010395747236515471051663660848251303741738515289829452218780160968511126209519566796363924246454148545734323977468570777406243229221584764006427580603085 0.1511510703398801105566058330894874076194393286234396313052243672153120130630761992417267300425465159926530714857342385234261226973273432327499687720156955394199550238947963825031625166122600790589506827005136035305413626 -0.07789485249996546887352272870431013331180943661693197232058808923933271116582809333784883453379996017640066717225541504379887757587268766799886166331025314900278679889352154875747331732783497330323166710601497047238614826 0.1371711109493488694887192417885366465045661124904982874479459641163774065488205204775798033639816683077868765932433397300588028988083747410355360869062257854496181082471893735723578667445117111972100076920633737344967042 0.1590123434931337414648752857606343613397734978585019924501736792709539785423061607111209373427458127386664173437427752725510402596681160166776604963088507747184721924311597752498205811109742509186010690593834521204254136 0.1135187646000092716492245480366435933833810814081323342604808762912393759174858156527655560746323217811708636147015396872092097131750242379654771166406713774888069614813228966266717159182539889108071455722562360707962168 0.09786282282314743767187630654786711764073338052256866119075097265189029644223532054756856723566066309195435254555339248865472047475231116450408308364513641422339680299111397601661747768439560941873280941649168216705926229 0.07890673602955144025524162861266693683002831948885874129058963507737090038935709872872967525637778061593022752894203963973704221218707084833168009746326845166092859363226447802382151990162257179607375167141569629795395400 0.0007301354487169087098249767666914377523830612143754028404699489982518126670528882464982502005867659864738333751158288478382139033474321242066582321005131515821653811396580828317367932818121069957881393632221377890201067769
G 39 0.3632996947971433287728915706715146763177272677780066405842170728648872832150631278614902587298392277934452147956880578162333368502103546463173896227692392845309434870478899679699293135483202497586088931134079171296854580 0.1738826900331678858120355921265991762378197925282758401059395321574738507653547290735949213179352125099686020835771437683754725711680425310860681310899083803552630243758042302346013671378555954384300343243579034958776826 0.3545730144126704222987488792978579290900942298909526538016013408114576105942351901074032141079024934387501829930461291700392517058302276707624303667580178329533567072041758256092545083235156373123989423000991205496316592 0.4947395709537075140265691148432247042286019006804363924776726698872025849369934206112405464703573051042627331476154003402321744430166970806468738619915626748152734471051629209583601076067259136936825938738217817904088587 0.2686766531330760912567625267726028358911378261865803451235739184251726966905032767217463944422703907734723390732956318168124809650253887655763003182461113517635907683712562955072578988441715577563155036599671018742827375 0.3172919606293008635865664569119676786093607395574868195319969088131805009727515023294854112513872032679461462176585422662647694202683844535968004690111681776733673237770263440850197780487110746613517277891977311032715366 -0.2235600931322716192625155294998602310994240542891124584824287738242268893164715288582936778295013075164427080263297678002550895806103729813450448134245040494935825682620796933660750971695902278433151711931683785332611818 0.4465616818094402746863372933596757224228946600792913045339479566837130301930417709672917873450886312623101932734824533430238088572431264226189024921944306677979921151342365996951312205934865355789304665703987009446181938 -0.2171791495798108620441155380156476764545001460701612689370422663269892167684477378965468421021414104611000340134437619625150869731812133614953738057350155797774060146168780620124892643158036000952191495996424350977865011 0.3670159192369491562858203839962910728855642184646320226701673146236037927676122708026047989238939842850652581597568273202754816070284540931878964734289890442561133906162885639456436433179235802456427921000279816075113388 -0.1782073435078482636344511460799382246792534114836830231026940741890289746962340606462880519717592702677443797720585687988337736812844233486756112910374666475201587416134315210590747494335414531493014695916444452397799755 0.1722189298819094946530649534997341199969458803404507999542111246772743046766719557385564282571464046608567927221925769582784411892935848306146372158125752584934460875778598563588466144187362961136405652035791735172811010 0.1077821793564929318830919187268547341044824564676115582501056435363120434716640223917564936391808311787421821046744131137950041158182920888141215260991406039878763423346378593331296254803281478919004321117772967446430037 -0.1216627778709287807398492655952267295508100946653292227485687941529864286675222698490063500619706545997479707178787436296101801728071022690202537128662137157874760506301922279440288945752985202601352941011259406486548977 0.2262050572802187903092891094693934775992993484191573387080120155677003736519973751031863890558116889057253886188156070296137132449227230203685064306895699870897543782463574687980783241849219447689215802652078406748844036 0.1517859450555110893921174296512704088089792389679658915300517646781259512671634961160765754668454575028406682098108497364215582382941571563711361433071867792666424374905046050823343026429004822275307553021997924150992890 -0.04557415307642071674157857715098993494375325265484740320892116929198361093966115168836078989230108578171822850803757501701463820567887805035805715632130296723799931055358366682813107357181427842591202705587394141811174688
G 40 0.1183943305559352482418676474388410785879342159755624882763795064513032858105289441440582269947377995939326551915816018503534958700315186765515558930191670929213416373990866442404072998896088183399441310089933993690668263 0.1735209704615707336495236911260012589127711076453943221547370449865739489431639162675429928738228902719808878549365302542444652984784072895665191104371974526523831578826130765613447044402771484054699211190534531666562614 0.05190031335854900636267974148267624765394925936242656363411360322819430359027773892994043722421903703185033668077337090095549607709584291855680006179331000124217180068605162927612535633661218957705517373044195145756177575 0.3780976457743157378585276373261848686926599291040656444201029331431614498790666264412845263691962495719572668148096611701038193675395781537851087181851162463443935045694941279867372761794948432137497048564237514006909240 0.1683034241522121315366861089420596662207183373668377007047116419473088901416623566705993309010157844172959793891350597643420138559040294569758697891555736332408110143430534336847997141815108697704153935520936682410838833 0.5133071967455182714448587314152657534008313630712473098882461293255018420468929515939769455552434114185896244142812773819643395412022820805878655352457775438621209770526167341366176808497085174834384625540569216526674434 0.04068557086920830439740085248214787001108404288094402644933265972404708568547399183255868713120621623021037416196040929801107684936517501161366418255414236562249632312558411714834954140178896091219215434938276857067827069 0.3356021397241175972173514667825820792559395229596515112168965616961678800594599850901786734898890478522021432469266547084505507442079926659388944794988041557594836257944652490173922826767460510873854276694215396798473259 0.1521430191527350207505921676400140907789875572628293626282020076003598753277769872092808296633438002214936902465978628088106516330176470324440938976568912907488409221247379518875536287320091240971554142562950223197303980 0.08953874174699358933247364005602549377798744240075734208311620702815011175773291665443039121078354514504220173319180075245171523996819426643655460551594139936844846059404987212214701835086048505079743674678836944514745424 0.06830935506106683408786831278610638084974916414433584771082028678566541386357665909387314775065086784059588021362012593768660382399595415859501296413614778623376606771238089205124123077878612547548815284752193634913140834 0.2218316558059557673254379279790042650056242487845966773068469974773938675440946498377191446638345862333926914860646376298656237858122529946930950046831368631318532427228322544927009119298552609940627032555061555594799267 0.2192689904116838585803026132073503784159543009441975371573766889435142283867988360726880444868968069631473813545955233706582433987784822128610343793349163199323795604978914796414280558923693854959662128130657678296206598 0.06692448527884933738752469521042366522375915165465828454074296220906930708573875577202938566464962270209066368386984657497519496515329956841081283646348902850479382300153976127557787063832185560447138276346783385213682183 0.08312554524805661027640119285057305546707641055689134425049252101475457757733474113151698633105587573283289326411953381662225631264490668929200344629143052445770408446939871794414152102569677765525891444297751818716288622 0.1115618710514344236969681994198477645240716669707529599559684958064746240639728002360320603793395781478080224072536215517849513924250637440675905203392498004717505390856767331294183895906828665299890363057575508864525048 0.002546730462806427256501536537594052718362773597211147640793897071151956956382456288836013516139823846665760247875748032517007407543622344087356423702628005405718700539285038438142486149646226184949202506251950575137394337
G 41 0.2855983887209208938722735750837324191866368794739803289753131313172675123992821197634832573354604777885698967078234610593202348700308005219190235340562651679133088887697088480697958268643803317832308145819410627868182987 -0.07341402661069688193858394618528145953278574268256221121817760451527243768631153877655695344840715019529156865725699918852290090025148482611622832486294108294687337300821199530606989461345690665651039730917514029799489804 0.3911363161471026155085664360002885716622700843769780815738273823837157376209944505294561023579394704389683258028517558206610419874025626648857443137199375873818316093963650015534319871212473210517845167980095061417577938 0.4831170808657597618652721741173348823145909757860350180091232491149748058290590876169050186479227660296349211461860220034333176472915524181837339661542523773472387077405489121260494522401555812566929614638757952280786096 0.3235314982337877573682275370768769895660033647865408343857430867165357991939962198608945139067905282420618088023773175486053414903883171500172613721689885002739248544797216557931682588488717739162295258254475774876280465 -0.04559303342683421133095046617895694457566806588947224636248939642943120598261589317386852291351119108407569512117128493088384817849558527300272691292573382357168700055935594414500309452462484657035581197851457704035857564 0.01509220109657315942428231234717458125052322288627935951483705475627921300431959007055437485978712575297116312082158183139919265372047754055771317144713755331613027486656359608698960555364609832196307408925458264768795705 0.4314848559879569278691913677562363755019919116134730315720565381378687510418456366694157504354005168068759179872955843211957336732263621136396586488708043337176849130678745702676998807131063662412646164649903048454929760 0.1262853169127387721638104232766952051939740203575427431570801958738043410541968696496968337457117132062696855308013337271113213466271093529632691960906685485242836758657836207321795864082269887629697602626860527283545685 -0.002215150198853114875016814713931901210264218511374915776054683950650956092518819200873857260126130555221123559720147588080632252703131320099938378625312084206412207867721109302850387306185789377253182900095233113472567655 0.1888310588340558369681900813635193397330880843845379065706822530834464912391975261884340876592678167925427732147789696770553687350262672978934176056108515920853767387740627207961309769548573612223211045108133345264519411 -0.007383634077719786832750682614378047771583711548436782906202674847139330309979754176994360857142691609226885854818189335869223470630845166030422687822341847185311367579649114544559573418774186220392362891694282382150205850 0.05212568657957264435142452404530315122070391757782712548044002767107612693611605009043346984162207669726458720175650565049291553851976014439139587102906399240503521597559132699268024780095419122247385758929525889048649988 0.1477773707759156624376778190276294275397041087211373344972713601390234111257980684272647721362867916357795298873659452976156013116688615452483185787053235456250538435009094772347333937031140191154484548844221435291143165 0.03651373076653870519897511629317268985207230756856303161515693686176702838042136612680513332572332147909849060218240058368821454767594012169577814836179533271600667948072860599169879916692969837096988152082008927944181953 0.07689136451951921983851985011958412501461480764901884078932408747904563709543760619872408578841231202342222174910213545795653720588688426290334037141816923076642824216076925240739481000127451507161407315218139073347834096 0.02702320783595801719942710721976746402700686450078843762939270140204837884160888391796934501596650664225926804304608813695640691135678481441397250492593618518170183816771486648869444813320620110334694750438917731745766948
G 42 0.4150944385923288729530600726127839976418614429660322270245429454434309488722234890734816484387226230347954481818951490057146331915827600330241442462449313027188692683574514113727200129362990947558754803185587285851021996 -0.2371735738849189479696474908147189274058139351047039675334090588837230520148337580618178108453345336961877316441611653228534418895149714155320608555920145935588568973680855878745275044419845403436878777336254476578099009 0.2114096856928550779518490485974980609688196295812674287643051011492353147295417170708536998858839136291303088153868619238461277143686081621751244808690837426751640570685505710704561557179513229490808009381032528118966923 0.2977635297592296087313380140924653779280534311310867766982170336242216376584723463773562107117870052773171755017801200508951825078269550697043559383061374719095553870683205869438787145681196140782907922675090744228495568 0.04458910477680337313321059419886419344809382155285958363888545734543314963768110237991528453102656048289891771370918562281143358783989718097073578991204785397974439746805332540090421578305910992330901427732081772292437848 0.5367461906645963933884095148063699490873991804948766947253385432914763885198705068240529808852352083008312683560294031498755021358481510313505575869822498986907250238326719435747648906958549880436947594366624497439095594 -0.2201690298598163554314390079298734182106074619527227646166449566902744294597001846996486970139827200944016647915950965652838028033501664403670227803973971718511687399517759972709082358462490987652056695085550178641142960 0.2886938063649304821463749716032253835376131906066286637740380568898973674978086674728396009298006630615094937815906361547624781068138333216851447606262195994413035690137125248346261368815704024388737003647468081922781786 0.2114888543410275462720623958262274242868023156365624174374737788830064565378272647273569848719049915999554990854837021196895554925496897637300874709614717797639395545845207827741760326780921941577355975628503982759348360 0.07713310120994687080384965713140794938537057946344541647338345765601605290038929164995675354009657004436934930457462855940682707307524681277172219852328325295855305823759016091009097316214238416873970293194763083672511686 0.05173331345033261865476052643739106643978497563015967075032914724276967977893150203992547625877332536374185323864684531517465062994260806420977223233089688390648721295069264692058076869908081843998862520980949515111313108 0.08440953256736210195794484243513971111269157143499651467204313028301865786980590844153218453613773920110320723250395889379539339679025902478637543981168760305135610703111194086616674639943394355516860549066234514273713656 0.04540138481226513736508964618056112225355390997198419663733291306315317479766116234990438470342891154973851804772129687154813152691590514582014325445263231604995788453337334108451764793365546930087856884133573223597447151 0.01643745032854361073035235324716657590814920041031471299825814465737028200159193377606154390210899818428668969840083352616014076060042234927386410477319927589006890101520722488731345841874725425682557433652704319248818299 0.1014286503650809146131882989060282895192680076252119669718430625981450959378453125411284701663539141916031703786718839625976307425654508544654991000355114703909776854353756170608676274141448244412173240611172449839627992 -0.01525308353144343153988958213524191952569750978978430408969955309441058078002981632856613620167851418671368833471359681890529922989564538467105299189843682050541644050478646140270943106416949854977405260379770176090891131 -0.01015730265311632498055357083181116575013446159812903798531785353487815529986353813928239421905365424172164712791700601254833623139461337051719597468764192372973192914044398354835959771166877466394557762971495214502395363
G 43 -0.03078035908781484958708959705540324288336964440600553831228775694174568645808734905133684529523396477125984648506921170125731250141779194241450508431889267927414862098266198673427327018071271649752311153975842262629509452 -0.1128828476485505517607116829861719507232091637236055822763019296460933468593413673347989628543447411543771600747260599238663553276309130850070036579448756302450048431657854854968892838053024222054800976805225921161850598 0.2727698484629291602482952776958450355590635131060594862563410123236785249111831214880334841204291796342246671966849252970128534144642115680037353330966076291814853842614548294878988780252028052030396190996874267803877047 0.5185956843326587426651861249880333673617972644404943997745947325679528901368020881943981592913158223200100482925338265763620706157272804838264608285859836897952323104194516109796092148637646779373797871407792071732787865 -0.1191369732485226012433694518656946527767843489596872053519834906255490359528167087131859747650596608955414706633151317121017956069668829378755782716906839687364458230450692477516311438922046694375657291390510911277460423 0.6038872313366696262902273089619066407317966065817214113616568265309618384865801339490340988231576210728348480527896242576595110283260440937130206892334362603036532875874603002429731332346325544488947881970983468758376135 0.1648119996281935622532429186134746964744230912370764802646147448826166777735831076374489699286393891499375367081665136712823218598227776233414006323782530926710499315754687599812275676833317036503985028738630882285322129 0.4459381894919286509870395825203073545324822724719617728371129220799815389704194748424486930649036655798860224635370322014720685909423834463394583928721671825961750163506522288491091811024862824650474294558438596217837964 0.3912765632421548194853440496973234680509104434259837185829251678037933110557526651446777665575849035846964929531465557822240077575357451671330769386056788667078420451257179688778047062462841590706371617082130211561602117 0.1738012421464144571928285186466888692257274712145157940193226483098641378236858388862789468581148032759391899978418482489343181982715865934514474801173709609611718869407834929553431477090032574251995679140854118439382259 -0.1194441288986184391508515210978471288519027400858054702618658346505459487073984590976761512386929549480427363754107246255967878055460808426625342429826542308182308660697113649751739548096734313989488239151828551590815116 0.1402102916281068999345653900777425097949247533623086694002578956549409408757427201529399490964686805872032831701344258004397295497755728983020132276540150823389121174646406365981871817416204233267876063913266792707577192 0.08160596739250260565996730919573895907584436701756224688813625330814953150293068630522608039963288385874206925298276455987506577039125399108742276397830339783657974406710518365096706419155473108221494219638696669608724796 -0.08555461172284480156924866511349931392242468433720731504384996629296168296828516370178812494318604295903981761741566755644096360809315526562971309295255639373910766112932182056207785876550789095478741326781682637402658474 0.07536578313671118306440571716150385888711329224359072496752496302309769205433783164089472718153377092267152901740861663027342352192024409272224132094913532217616862431618866520883937442852994068523381564553363326212273709 -0.02604717882463714278020119717254753076635416389565958714264554272493908845703331942048968983211986037273328787563158904516042994015666093945951089390670586396621504181324063304026213800566304628165957016738946130948878012 0.01082777528395885390472141523394915360641164389263244703322734518260707056814182039466596939120234817102030869708368028513019206659911273773010602329963710751551519549198647786520862386187061125889510299391749268483089404
G 44 0.2257366672040448915301089149639551076125325769437017745621094178225810959523119297433994680433048456097927670269558409906537926710096346597023980447920909504999214424944854308484518116851962594655984447216419787809608972 0.1644280064149111185908602921073624646069894083892156376598635262114067155659255852771544399494220040354012431672271131178129570270003995623289961546898286307033650962290087162390692568852149767064119090145929040846317407 -0.03224419506320744271912943710324658563429233267304443328535060785168110852985392436691873092653879868961345134684796137111128325274456010515498259945535210501091472425823020315968539504017644454474383427916011340286321148 0.4808607341015254226208403120308193840813083619226049068960679192310694627318026431447267721467319687950358264578223532311270573288283104774273865380315280779552010971408073790302966183344011707507343957668008105133579532 -0.2576421766720411966803395324133509484813511298590660899695967524992886835689526708696798996286834418466015403573187030929321218594998100494938458583944600986477697431569657456752277982858632933638435789377021894953734365 0.5242568103402700942153343275670081499408294344096902258964708970013526115029844193001866660274438667771654906634617105151736054477974386431454577396148745180137366087979989680860370815782668163168840831214397444323173340 0.2617403042718738123928270968077033267721242423792429875308272429155202884376405676225426542637976941645292645549114063911172040623579961424592099257157797176133221790093525222597074638217637702321402140148887917422476586 0.4778842234607081964696148333741604750169772384223907092380087149968542185194091902290385831307875791894131304767413566552975169640790816548556031574520551107595935391432079768754974165107044884972496139526693211037461594 0.3656132787034075325802028461703503621913530560409097109793827734366935408017051841996432470939669700045018627484330263563656182549833629345994141479653531855158538591583282064295163474021413441531365010132080872928911258 0.01536330569603344804214723849997975865298725443840828243156263520904227817221020226341674846562781856560147848415527551734583947148289119505453475313102086184331886291929196500033616332883405152184849469012499601237362222 -0.001663946521946548305846856413533196527950847476548039419971670271587406365446336134460973459972848502592383134270776834850016315627628652208993220549115830732904520146353156561364333849593303997697199516746738560328742223 0.1129889476922664523397403312273890100997020346659842531149338366188585833035077965240876733655733905634688489281831933982873579636893820070046902291648408801657324631655262473505749310558108629776723293769466844553513386 0.06471858965126034009588000841962225418650204183484609457172473417091063059983199726549837462974635341858903083195223635561048597703254852337756477109490281072047521777238647849811779206245088786106262638571974460959872049 -0.05819300816169412594529343188206037119199720058715335393219243565755496414560269108460758670325922855601334003409919288381424152859114951153932448637340783765094409487400393591781853592148801593042668602366430269247513418 -0.03220602970608543526951717019666845554152453603067092815881649130269551326357985880795886626041538283803270399965411379020835656059789857605172340421900316535821122128863973810880839314395955410413534995756517632867730885 0.008629961893865436437062003149177015550374991267920796971565880591851850725662011266278910098677724145391781808065703648618104490140493860762266602567602004687509485741411696504299508104949355357213865678370240699221847944 0.05429603188277750375787230418279730151807589289796826853078780859775177108659195680922575055723787616800131825554884451647068446813038713353608875541788316166553074154124647769679568506468778332294013488752031881078876616
G 45 0.6229714234282665497893141791132820558891782959543743074855254784697075460522562941579973143991864992695414715851859432698747680819106652025747295928236913158986086317390956768204874037741497168014086314989845294600315887 0.9954684841711988039921589699678506507669221866702166920593430804724911785162856999663660133751456495525455656963101780801026107917859220589895484727867100452804838999143220958976666083353703794306043053328602244178914731 0.4034548045706102041290924913636442059854593349989644365298806753050997499318202596279553988384832083068802018329907132081760840329022464980087295251809277987379162713341433932404915636006528718613884085758997246217313029 -0.2469794857502761666491174395275746995258232368936633348441019300996476895729930915428067884118121281321847968735177116778337272634468135527715925504714576069966747018586601328918145301436350270295915266227757102601523660 -0.1276805719235076458818521156234820016149579118711524846324039017225166696114909417811951616279387735296567610282980164473742392719368654433951341152839488527211429475878947275057793156583583042282588958812493495408100183 -0.004280027437662756665972198856277605652710037453678380344335350477388484021773666226268053824249656767964431559121611859134983855742777618403380267827744030643490259640246423861162476070717302950943432206847818321703153900 -0.1288729786482069800046489119224757385274930244161393687056252954696541364128576057254274165631169239105555952251503694433754909716589802860940896023505035692727209670987736250036541183082802666244135567233245609610049290 -0.1098527186159594982197609111277899315165616826580801664054892805602407471618376691640317418094438862107401318278296179849001315555388683592394982671484124323906276584716429896257465499994847453344594096622553358047836918 -0.02961315894674069577134878171436973577718430293869692528427249424579274639930287484347176901207283092251282783702435218584334011453778386245261356183715422363893794814260781906166418261146400453915305414516098565916820985 0.05348152865704157086198266412441357074222026694227559457614270150242652630471250418075177472302490919125421626309964512413640917724050920150590719621677553855103466724323240947675126749711839888349911622351832748708446852 -0.002155017045832798442436746225002517382016049600024562175204293653610125406542059545103610008962190829658380363943311986864974755657364379333327904996460722199971523965773151253839256298290973233427903565202606633045021094 0.02798294201174327465604804407755265514801241257678142408899746700485160291698236103978659117647825968479192095711702630096375678483654707640195376673759551314501203151616445539117569848066233085301087284270533689351169294 0.06075536720875523217816132112462341607348815081217901207724627063436539188836133068240789147224664090687052141382100985796164060163867299138468767254265323221272068861153761925509580193475559628456136006881216589232043846 0.03629466330091416703624053475566597582997281990305920721744269172724985902249279120644495156160519572933700667914549511412218005406113246331614196127057168070718382506097965577289742823422592399865689602075174042995224008 0.02132356602007018751841424393405974392766757000484761435672337414553935993283837523607998856367398064177571050220026889902999944933744760386860136910401360784055778717471691029858170563455785715475815597246276346484769268 0.005642025803507154702544580969036451489112164992531317881000201068582422518178708440018448648354328160075347846111210506829740055778779448050833994765336614963738117410208668838207666575477312648595347317466091966531985383 -0.0002305603079402530464470355343927926378042242626558237142905145600204287602318566285729455303903392369424437406460992867461936948937792560541119891210047951162731669259882648778307762126303339620091086007683735794654876182
G 46 -0.02351721404956934056783243245284598387902464325606227583733651946258153983337806720959943467923971133649696193173335841084473853660419913153586313919175524078791582080346256294527900743569788337204256319386985182078692646 0.5166780629371690230646091438559262489857921671492278877709587198370959063662921000144257316307163495038158487504966366329238009738198006130148104535454956218547706455943385742871601603579046052617529252117130740081160057 0.2945130578499251482404939501157622080431860644703212610540817044951404663392792208812364732962212569134288581815775516928017479925143934277129798241068755914646124846884110154317121103266157084068595708619470180915287883 0.5820240493452191787540642172362984192835885560807565821608219291850714306165648845519498348908484736504471817854248577723434181624206015662464232020979464423483227432859682382337137417002135047380224976292454712781657732 0.03749064669389444012285003909814896056292978350062479943564684296005949277081943532469784881266251300621718877299973934599801462207095785569335909414747314124086556335690703392609535859595162986216385631656646909150686832 -0.1797346364862089656665791257711299824137222543574082474517614629118505397657442087341838557275361414271661073352831081149880011580523220460966716502199571550200792846610891674450686818430909569924083921201525417933578005 0.1958728902138631381517651986395622168804607297886457408583533258854886004732065025324009727426231316436366030797392807250635720920179277591646184933067942230611799048687133410448705804828988588335655307689847168850548227 0.2270311967420884028149270873822998708976383299436604648043096633780859643192101998145057302217321610029917204896117590230808285547099197345129715821092203716872911863214356457468246056759742489139573887263730718815143068 0.09088254779396786465728744900958299897596097933811560617070072564272480580102575686597637687276569947031828166058925204044818846467780098431244066811560680943997427017951221336785893293903683319996256130975735313620560411 -0.05499810729574850001773353103293623125782004006625331948704183740516139230876457795146094729482401014699030566687867990698935739444661149995325702489392321857778660781935432817925946491886840848348082285909576236790542603 0.01288561627737972654023891839275228681722259895523816987895411872915893905524045428360021920244659900458821279286505979604537134985249822815115558432431872638686435296570191944608512651407067786281425721482923058462936269 -0.01658862710444073169815734930459550372629024240229694743350074731813137624510230172902425139567851213893376058363276481742668473120556057572761098726877598552334849526451257432559466635628540903800645173930308517530519984 -0.02687299355299115067697256369216041114652482564320879439473758010187318399484779798258125659459758100044949520728702086699139916495481110867340750190377461095420686299220429986214196002862086690583894689901575907487766090 -0.01472854828966333725920899138341678434967989040244139736962205987497854866972491085397177849148472056203093536173260636567140287609102625999444504245126156030137472962046791714286069874649790055139276135330217849029357007 0.002012143706203660946070633519005114103062589105073250474725376912775108686414686173812229923824892885458196222849514981805049304594104148759668090980645013716691683526652401836683730906815151528622161290054504257898321637 0.0001292382970238856979520638327680783141357341862269215916257565443896625108132112946992651390675778067499597542338394172925993877197551989836416402453106083004971057958937249722045689624512903270570317324212994564537270270 0.03918046135500214375653852749023795780664455836580169378010636194022187355518079104294288536936076666822555504839424316761773471812153009815965281443983311806898138899165702313650745290807284735570851153532311939569272953
G 47 0.2742014181059207456859240583882654003368394463663813136400370422568088890242870659171701738648179897831893994628180576282302788488593499264245225918863376479871993420400691552054939445509238841399229638394316741599894547 0.8149567043375398225906808038366058854988908627357319750906403872251441044631233007081832608054147109652590465215895917230950130855468834658518236235678901021250206936186957563142615006735578069294882274045875844170929947 -0.04279530101197353898486798094629807882457892480208731368884497108997159606440067258746323119904105705411612174212718685326466506726145214225284567343209910691931513340623495660070291487410886254107941043888409747916182619 0.6066969466166808671134730086347916271556188827708103837694932270780442312686311538303135151033083748001670864781048295908061259573197246690720584337576604065993103309835241283535080894717169342947170126624564199020468949 -0.2846325518375178234530938893905329119892286995857637502151587889413765696504577940484870690531518265707113322173305969524883001762695711649355051598378422752440164424592946390154650646706181779205458743574010791445293833 -0.08956412563337612981407535589976248950554569870639880027691255976665508576794443923199977164931700563033038778616098651709466837537696782891336636225235904085704675588018465232745083551447148078298346083730706007979682220 0.03114891026707588323292562823454585312029551669367024548473475002546476349315845105129749347077817649902298914579278428512190988612333709052880598350715321028512928651171936060907431784241038159896997163162103245013308172 0.04645976787708472537307242578233999669313562039604260517562725407507259181427632551205884068458057812463935893926494619722597964811010083268980847168415015041973968803104558255382406504623314275442014362306156164325743297 0.08570736325685393339085513600714582985615490350334682489415021196612977602045079188418145207752786373321359580799333130904202215867890504466746082836683352895389233440486205211591237363416327417181037519200841985153564267 -0.01322025184756255465942152066425828893258969708513787631568226028876359208015043437128251151831784225673283831126213921165456890692488285255588181310343132799354564194384586458176588514468264318207559730683890579516424617 0.006195542005258059920911271809751446340235342947197920261137934320649798675855060899114432499118761818398176839141116069921184763815110841251156052266031291229948621722220358090418054050271888342722337789182298454015575020 -0.1064655947994031486134636708547026444543222988987270318686812976390008130112121305714960340530575662429254355250220617610889744848794418782289513193634762068457501972291136439533220870689688788024917214141437638701096664 0.03767994833077455588825105435363927065598316045703547988151512018314781504520481157095997672708954654639898530870995569334957624900950403771043004553566515595107033686197997918719903031200372295450167505912186995545973632 -0.05030187756142442808341515970520805964473603364636581155039247793501365286982846444008193341941190990817201284834475068789333962674750858170907818621243131154722435960389984705062722882336387010164834562753258015788612595 0.08546853941790050284909736358873607988330490498994509671752768092555105907752748373136287613509135143846247398025755436903947749711289644184910914896967688967364803119967980784365232282881440225273747487234994155882267774 -0.04375074545124962887510650236829467555007179136341070996650781640765386011432007513551078077079481305988671852039623769134016278548830767960064054403956624460747844742525579091631302296048908637847360303033229401447029131 0.02453946910966690396700952603301740804407814808109472554402432869542347970970914217236971393196884176353653892665653442676724823483689060129896500935544192318869022991713268120714368047344082675621546782027685401607240968
G 48 -0.3078666780921163443633402073178249399811786601706876698348793281747818349856926396405019983287345864326234070166752240801005084155849986854939880843909389269643500279570375396486506146455264516481715251262114898684651731 0.06505763266595130650972328448811511781628845663160692832094407567738140798792517970792072667407351961159009499745855494576262020807129474849521239378520902197037120068835540148082838924121309125719458906692568085810610021 0.2971667117484908380884740708687105066040046886233887275354920908887746827281482833178753648458319904056053589919353391591645705510215359577217295644219950307265000891878134302892407429870195670270697620533244590966698837 0.4319143049097966584267590507974449114073423002215281473658362666387342740803337955888761739420626307406757366118440018502091297763674889121551343071943143503577007314755058662775757880706274525160396350049533473724151330 0.2889619295783602976804353068155010211309033195588882428703582050145201304052583578728497266569963326871860753148242250719624796511732908845145354350616593826363411445337011031347921702505040308850328081890166537847523520 0.4072655313392963323497221971543500139099194624703012641748510706226704535358857385518235676717827435135856118483694751206550376811329872190382873318436253299592365054579996107595782756120762303260417365188276319062329850 0.2967755199213212725321211702509172013388967320898983519705132518299521357602400607293123302792588200207114827021371494999887751628860021077490591253478852770792605130542169400141301661396958619385519390632987913481360814 0.09339488643010919402337384131546910567888633829519298575159235959197220309925010897750075320245125064387469859006766666505974123250307781816037488449849688792203528080552331444769771614998713978912027976446797347132515206 0.07544315142760916890789038360539916430677900872578779118531496338364352407296077230794624149489325311225642250179330684577199879392146429113421097609978922764296479836729200806131246117277708834247223736158970001365285970 -0.004298185234787225029914565909650097975816406890756255568721224513158629658201319863865786598232710468800475269356004968093715468723862228632249483783854223316288418038916234459415919811585537415300474955844423198250283903 0.2899654999053970282351452990383564641587752996244779391714894181303810542801741949496778178586125610614403661101413395093574052173043385108182042390242885700159030923914243731371414019213560529112855030413785353250313086 0.2714301966678102422089399078521699955062795313189554257636859331495176849601704152394383923495197157818644636991191486318015810709132741360102121319015975731649110275227498637203368685902779098904951783834096999710807889 0.2938269820390216305945869954981629959955846323321467897223544839574129844090761699788010725321849647019211969786039736857066551551571778029247215933810813842337868324787051294890657134511298125765032280124765274981064976 0.2198064696393589364921742791031613883365483911770661406921817587079466799257675020315400987762111883160636923402487376047918840338243217608447338485071143700563011496594897622702527874203716995137363291261049081937443721 0.1265045613956019915270948477367253288943323020013016102749061487981430722258199376304133848987921559640676411078961881698670800669436901216986635421191968907441141629392463937723586850741693452389199164039443865830141772 -0.03481624822780597933931106921998594343070104013365933613772400842940426596635250649444764031305039628091556255326733582766772127558792837737964333984003542413094141018739409797128322253374462077510627436139555495049395272 -0.05994155955539546732453387970865137263265766615364105920734041044072715250056097542669737597447790848805052127605312323542368894062423561299370630065376480242324800176689122971743058416930295292676325374461306705872101269
G 49 -0.3224890423772698853944162455305954671842475003227883681695989308430020906814360748659044264435376727910239210807953286531360100099546271073807721670728532963705790413558464120796494085223437372594400812585235735033778429 0.8457031204107723893141383336749287120617993469744547940505207276402539197839731022981963960037413802875190274770488818028059420767009173553631271113637240633251611756486855507878250026141404733389642055596924812602582897 0.8993327683065944698189159342897926078892586454840175981538026517172781464904536189920996472776442566117401837817567314363489362268322910992962782848936809279894880436869170764765813114722117331491735759849728021969571281 0.6157500967269010747530013493424354999923992165264482432733253993146840709764265493102326726069915368614865591081741452327363518071855836332435334717948507664378875969810745703084577626018944517658601395468751984156111016 -0.2309927319882605311261224070617019121540704885832472458516162590811180726374494190312561235123889542291819553781254899214892163395178189267393566145697920384585548714393527183132082002567404797302734796054462205541132300 -0.2550969260690103237198375398313299203608720058260514045698402041134201556135253707958678467996901675275618494416328648593485517503576914422208137450771841650658462589648073565584723797171759139602646901954297079729788614 0.2362936333586981789651632719216019370189685372544873431644223431509952385980682376175508829065210577394054656330366013885091890367775575763840309338149039818239787745821276657742761656911119913841316858467506132318562148 -0.09299957231040227052869136106126806519255075489934339708438900209101296764779345943185853873238930929390958277343717026739966754299421451409721313270184803661766352042190267342306965576794750664691688254503850466953690205 0.1549695295178188456167069525151240666474962326293124940345131670914111814838939010207897126599119793637998204138267740979932848448969184405732480649080949417994620563690300949361911594478092266586116100157647894956250523 -0.09053107311199875431005525452194030945563226551295995207143388873601369681835916408175586946949454730785775258399768710243891754681863917435856948704626093040005068823695598626690998765922127855526293947121937721299519140 -0.08477632377952614232399485682602433600272108895974172636371754309353027711038710641169393633722244907519178639889663954058110399361640844962190626439601206892129855531425515369091768253724208891210236391665983648052543843 -0.04153675515372872138693375490799334443875845903977216915762964355617255532161503436163270644552593221232682604294824687592258494707918342323263642467080879333536485354248469060039727447217586568908063083961909425734748698 -0.02487607409866931062194136488751727870005465346081537137975441639956863619294494784709073576156495139570247102932632420273371890020987676519285949797846392533671087824488740897445443328624979838409622809923102181904018743 -0.01617675354735906506707729268278897699228925752827983813480302682986174796188105977167694738032770741921241235505154589125168357535770642231280758122948061258210633388119105282472564231914332006163537005507179090964861826 -0.005982522776396157985365920466096499862843167958103703153406481179591896418567788641819872537934420443725109182866782055930775853315265152594894407234962632594896162767649486378782801667883219512970710560190971458588365291 0.0007791713192339954830812337698003719792056948789478083352935590149705145142267873538483673674134820975710651283558065897037172039558870695743380065266885967038220317894856748617683551758514075192880330133051674404106902997 0.0009141790124814590388218869860423842880378889051357043979224469994555011292715062242595088444400005449404888604828761381822979001706051654833064758931226883601268565408672515188720080135171633055466679004347801112931205715
G 50 1.264648941810946704327177859114230191372019103768081673444426234548370464606531728484858123077373629118298043834316501820717839708180452833302878043772769032081851700258211934200620790175396612006038308788236910485455746 -0.7597033207026730210126586436293997106992465909383893671389765527330973097269523330508194822036759118079796757191077100360805362388779154755765700414737704865251420674288159821761582676845045144174123041989153351797019439 -0.7108105662333512885359276281249336454153332561727792060024355411816846569416080546270913645704349085648736660490198028273410177819817398148052218571478567095075711903658749591876142012491931982908217614295968675247621090 0.1446915720649427461245435335356814737904859953965425872859680893206387300352906095152947331227338485295274746744842078863697613832723196939662946512892312233711424476415196041461241604353628932834889992189743700981950100 0.3416206040122590179416833504854790544903135325273056286632157768060525354057340900439017811052279121145095673382397922217086244553063451737649424179118242580136276173153055905210008607956409900405508563742853125304332861 0.009797574965567694031609323990127664065216288129676888923268874011005394780369785161834354954747011689221511549894032733035179316113620283300681971677391670269670014910751660221839492086260789852578281835509926857451692817 0.2378866792258638689672441263025331970985178616240288207805466965401202869752159273903287696028702342483594255795308103937981218684166460578485028810587536573563275580504462026973880079072954760773495040553317625511743090 0.02769815028723896808969243495513382990331235758726225065542136016351911752408787021214617996747199815537776848015499690646375142820418485606628046652834289360083050513567792609504060965757989890844831462466484237277606267 0.07164488347412154045389109761910266424195820841642910733208537345029919150536370745725473937955716285022949176497768051537935222300058467449251036502651428493301383215345750040827434862665856638654850521794539520066765642 0.02647441508592006633019024214416072660885750115391807268856515750487637180138226227571143948002452896473621961119915546874048433149549289524304928964490572139423185075732705665522934572379710764968348523629711550658682087 0.004345828391937146305063327636431800400795572010077324562615376670097341662760827715121943620152873602654610570620904476382602634517283258622622808464139238078789459439968526863404481158653722904516904236703737142324044761 -0.01327277954249574459933508377450859240164682930597303412592695688357165801725253863262468554260286980960028744857936615832835843688600973156299812216137058700566656702011840602734137470079828655266337401448235436841949850 0.001830462847906507429407205288945259291293893911333892608970564549087551528466412987680902786195826571895980462647940385979535486671698099959612068625602644550354216705570903649731242609169936671381524504000893190423705056 0.006699456450799239926184624451667298046980661135354795738548275952593523311679028315639411319088005536755798891422699874134820867343460610894310510447620463094378042493987542510082168722483206217716582212082144779530207089 0.001305387901198116892260442698444461904240045867900555360976192507412976064235331260134437752851134066246239126625908224106928884485947900759336564127302894071265224244416603108412798071246249208060662000114113249311389172 0.001042675342623976109880784064078923353845171411571892652116888222139671014747601319089405279244175505028200941889131347606273786332864597242035334896890677846692003063631175377658068848345730896127558697935996052633299194 -0.001143798577398741627646215906919567101053508952924673355625420206233070822072121338107907739822510743632315542215791768122868145792004619868363691859800919821516275338804157148477301618087853337009316248557100300453285478
G 51 -0.09532600890710329390957166123781773682144001282467563319302088062209307892919310934140369794517163414379408642541903960703427208486247896615339188600847061173998728756664807232664377465508333285004316803519714471726182364 0.2724210852105393290719025170809867142330776046084205338878980985381092525880238214925512354536074143148330586096141894963402366218136589889227371329450216756334649260832510575018750948467519692273922664858640988075846945 0.1833161770186145252612924174735615307218398937803289794104225651287525477177957630219551897136958145811598835006793364746906992620893627568758260766838181991170790938546700491168550617902177124895065827123560580019802777 0.06864903990407340371169276328143440410027243607303121273900666493457613886084583356859597853798724731627500900138475736221895760985505592554996057653379874016007310634534998022717467598934805873216979966825968141562491476 0.1993399704101662583895384910549711009585717793473258712087754525528641321729662137599115926830504112633770508434267258657269497566671942830381644718299325851173262961394326930099015472997259501259430197018595182283753644 -0.03345345531279483335670000153954715867130537023619103125698440332911244861738894343718576267023489084182706299534185583959566235393658588672877787500534094402490414921952585152486453007495060792821108338331468555770701703 0.1384028686982752521937880871356970589503194087042542768010206541747466877152574874849409143534106917046229559630125398652857751750451301115889400215807796179674027627368657989851632186121397844359529131467142174478324435 0.1983149149694002554333407567651598448864489582383390217683446924291893247499151686964834020177357256624786882524321054991171169063602569987788284743709073027581322789193730693048450746177102225509440946102700581021356390 0.03102509313990963804308368673489659118304172403615672655002455883350431713901232462368207887425836975914184548452840020936564326246825604579604363143689763286636637630362560007071489304503029140262794866870605087481880265 -0.1230068308711769491409529215593549295391587913905403364590975073419816203293008094505554077324275667718591242580649636666477340617225749555935054236932351998482777365319876980529045830379616661516936222150126056729537820 0.06643524396992858212458861131140914700529599456803673038156687319287174138143785021496754199414731467852595227334750909843118085242569508698228937907291373542353149923981149816856820624155777802151215619236550366040554776 0.04490559440115758056888918292424963940236277893813774118963544531348058007764653320086611142568275847409913406697305764082267874159029084625171680659611741515213655550600605247362811175355189146841118622442359220735184859 0.01462918022213304399959649763647427765958848838772259948678309070612839646832334595544005765138986603517548890749189907168079452095401276978735679114316400618210041290956250613017697179199651977449956533256699392935589336 -0.01239359024779040385111916392907329908986714512533607140030309728591237465849886542415198959416137296452808971308672956802790937088382637570609207063737093515234509289384364866371202615170264742334631430994730238343621708 0.02839549462264286114832332066730572437899028414024980378303487056177777400049774793104627884571691252166505362146265103605433529014833674079088998556653250064043478192039296061096778048083611541683645808818246478577649125 -0.0005284029059138488703131283518629133422001001950547068037649167367002385781876105240448070137490063377995505180496654588616401527616273577146251135170040499193439747283209003736649499447612764050278250611039657723751682607 0.001260380256637460191432336864689295540483269188444800469175052058701472346241551056957733537509516360636889532027075278097965329281393980841431917073712064922599543458909700167113428105291594147961360483877242509374900256
G 52 0.2222367833281765453909001750954122328751122504880864654631726008320333073054199999725141995469960057344358221506926869241454939588413869144741619484712793202341734095102425730967817513809801732256197665106611926360178545 -0.4229038380297260888550554954000620010691474079473081929753700423953409122627543750307001720398805659834081097791720942205324254573633945108962517623563250244913619112442977262003208655260390723599899102132817826130823316 0.5878405190050892945348328042158330743042761148603920220567782025786508392914178945174609379911832368411501138009065784772528626711949697443263994839722255234914160278320167619697749017779246723844614876248409776877904893 0.4860493127795655681556091521399911565499333189826170467459662441197201925157280803164277857585557325557816835645703689570279371179664722124523860539880858276163557256240355191566677141660926302644531347747873258876862936 -0.07398326246153384104200995812013553443151075881810497983635843218161924551858042989747557485426046555847989297779492995145029091987737732037207616645157424490798612452163086075281083000027516359148594752860898852745277474 0.1080375743728465881313723664009546830178617285248057114908775180327287647173328088851521558639557705755351378552275068761658644359741836620897780613177085649124116641073380542954328536689714681510868060416448072460270157 -0.06317603860306056744137928904375388879153367609693401968719098132712820935201040559313528807558158389897561190937390278041594500438262322671009065443381999593931445682793071645131062647657311389927084405047279127877509847 0.1669478750267152328075363545872303694075543449048266129276976473305128461928770801874758183454859157317293425707697846050933875757263391153701624233282050122325777056892517488409060482548205078419925104817441130151688453 0.02406133281701401118250213329992280418548375593754268937936453014497171797731946770152064226896421025034875409060494855529761115782030100483371358401169214975063288318766701162725549929915377148617704301514441065877420087 -0.1515229165787231749322890421570404227706599069450433326384138043219004916752767810808808240236797766887872393530761596453326824257614994705668087003632633174559528865022407998156061068451970751720208097113524827531236138 0.1150637889555637023316506695401408691445273114138615910643827646703610773645464435301649131030992632647740577583381047307851587869144655582414712422996051207440074904114441521541797148985365052026182852644139931416562152 -0.08483725379254554816868057724361746629671263369302021440753551860433413166949462483124061088180581876389556819708720493522302365617302965088337710650633300588570470068953436144526410512273533969797637794467562234990757914 0.05278833215863659815912736809389584771963375712368895390241986567540341086743954816247532150840644639916606559228240298312135795141491113696694840695115006493210352846792416100960104328803594396830102389449698427219365397 0.04471689139438113022518742569355732742083370065139503640126124060755778904590872609829217321882665377933063960089677081803526896984830331960872993689256951648150606989472864546168390758352978043133658374713724777382807203 0.002011662091355115724430013303078660772365249210429921467340485764782272848208377247181779395171281438984437050132370949454062604622377482197387768052377708014926384838646610100222288290080586812542746933597825978989119049 -0.01314819002042472345870935043044999901318670144042889602752191665163899396797670371973921131490938864109315901108978804811231093960805788789008691951401760982350059346080403293316113662840381516383310025139460070881012620 -0.007156949634571529344352163121542612931224766323451179153493608090948966915682302216985879717332255579284290574684326824303082308469430964053563101174734439906217604985443877066992863788759236200580894164777714814002667399
G 53 0.4215337982710289581164494841636861365316630316334964233941138182337779932984154374903407618713734711585218089460688820519306486073868742691271943720874396940056928720506753756524627757285458499886245030569362128580510717 0.6581438832688331845736522656184766914166172200489753660528016201028862564563825552468173559566459216502443553641200496671444850227215154392772404328856420077794880701765335930957543315164773527596941245773708986938964201 0.6927444878425708490487585623367851589708905842523370382642157023387936423863777093138509053538213155051716313684668420635875510951851067010161766743153397186378077474622212840460895679851569892803066646581033066260886630 -0.4102388281842912674356416118140437406350244199823171242657819237501150957261105185013722442976273856126775807890291310758752973841325611883264490990105694735555115304145990953306182554821943400831244594404814685234109078 -0.2294043244001392247574575935291621403078924103137723574845857267265744795494959429409964118701279629887340350497914019860205920764099312043219229326687366759058705145678880142253989590318122464461448153612649730929321225 0.4085795891780571350066241256701031112957331227160392615686606265352296505666661673637405397917923099697922704245943381216361454097215290665612534651091424065900314847120539042572449555350049147565028150770271614776121501 -0.2806804915459186808164134682398684821349796002422113195545554953494390664809953736021871468240867806137154347875315964537307153735233994915711168238591733712950246099608470604651452819145459150785166203025081811367008212 -0.06747725432494557461524464312621951353051860813733238107197450879956225217460744728399013965872622670960160518402604505275442094115767861970567086675241459955797856798194270475187166769108622358186318815558405758143654482 0.03161957285687207447009468405482301333489337110660059867922228365533762020162091673126386944130377922695034587174115750996611645341201258503014111788416465719350175453114821992664886364443308319916089920359282025490771009 0.02934284250515933223141648515488690114732160105904542410035798955900550745353149573307930547657516570722757433893601464245371594925461334082214139810478621174140947934154067063710888491805229561703316285809948122546446795 -0.005895861227756075912379649385357898146599362336673960094879805139215165633344804844166306455967499745422055074887787802954115052382058874316817456670211525481537006968258683378415137526379491178446116629371340126645042014 -0.06373542064849058644170853677881437518082837948337612047066389513706839662230401656372927748481065546782314704171105431351783913921885549921258691264799945369860809766776372938639289364599699481166459212756047191736465308 0.03760886758444042025795964096878677158331741364638366769261261473690138159940320196463362500897668362826673961308139967587686375919040636550193122585202242161803069349646385581118614614679815906974174018039248308938640069 0.1349740566374011589037467622766259849339347861372495892894303061567988289415491412036165446055581492773713524430821791390043632610410106040631917103042042342719124970811438059332375088089276611753247376320554336393634121 -0.03312552121561946979002320292741177648222997821939920455025202829151177414257092858853610737921626884176129462947905864343458995394238539393051062251567768397710776575182834730234534062125719265301327752908100892164109067 -0.02154668654394365625930156333667278090789966293609718569534817045458972567073621027386988243904700763193028941890490372376512795616389057664345330109794676964552203154950826937980685955230563031542916316834900776884366587 0.03428726949453543978848727237916316323817546767249107153137053172188677309078596129201287876152988286205546225428281766267809125173778375103677593291314118681028147908301254817883799070365381902511969756827089454548885414
G 54 0.4034288955556075236760158827663273731904152055321703049462844473206335487530916144727930532316113048067318766282272990852741544848896784771575816520135412397905881778784039650414411237995629640475301845259574080915912915 -0.01752121271495434100982929741474382478012898792458064960368191381572496739692866162572285343869467071870747989604542362541346476028752543067118939147014986649810403115766897110808268154486067968970861833478814124443900008 0.01883277246862597724260644212419292460183841998268620298209018850703236739696684793987350413073329338673671793448189101279153279586258123512101278327968533150948822961904306923374045563017500041554797551065869472447421181 -0.09008490907141471416670293776047529954251663799714920719638759926857835870828272885663009479678317106838993184072619520357412419480112876992473009023242036230378876973606752148893896828186965380903069175418890221411772662 0.2179445521902931406017935059078732521900850464387959187385616267972691304226933801708912981920151539867747298167597454348977675872052833621528384303671129793258090499994356399233258112699176448488586179394758247349411222 -0.1697061174684577658771195718424229103538054199358432168489239186460673024882096793027869103425412287495568277929814186649277658251647832093047672117895500450214873105196367481038776726132745405190140244119051107269356820 -0.1004678075122928157386212266494591047294123202321780559976657507665715705325598923695080206585650130049773004347796581645977042699121719036300640257951984743157156713935663786497225805352258633330959825398705717289330750 0.1612987192936223610168956097274704293660685820079363205043314176334713003977679577102638990681347645751669592402500546121069078897192019478840220915784462839090822698774638392925874589919256743661379445269530103987897858 0.06459419378616836785664703161937992245973226823310524764273347246584048023870242256725140613122439435549957926104906747221567393446916832719043355285962382921674647282186825085755870732217624098320859456742363806898159344 -0.03974979317867262519229436228824263884468837188954810394927780017322951528169470623067320854931442833600433142240051144200508621939359544378623310786205997140666035727926106606424193428324452729059946182997364468331440065 0.01410675816388616292612948258416041071226610555858099261383151746594820064793993649552468192253312343835348301987839673718322523072667537117977799726226988113760525191354743168769507170574331479938265502722313559759157769 0.1325564528432323924267030289509367220075067203150368017085500659783323725242023405925097460025438336676586405011256672201707605706444101449357700005777137557056881725651604459589768542341783323875417676958970364784343947 0.1365521554435198909570036949496856773159486063567314363639184532265904732447361603185266663178181438653805367182583897967756486351592812019967507850805201647557940110995402508035571324971385631849048750568058500464804088 0.1132701833466815948398459451159508601857571562427624323248697682933503516966347518371749716672507138761892321328523480150641151429944895231755543129566956907583339991568850991534127330722758578814838807818728825977778425 0.03866084894758259575683307184304028713122351574746236460045157730186135220524168076345887451234639689214101599584407466698416741731646183667914696645417520163253819323229912170842026028427674935761728829572040825004398792 -0.02694397591669328106202398343022619352006282050929040496270645247641572374528312329714075701718034432519106110677410050871111150384821497290794895667575747531105405663829320608578438384867144369265967960252786097240782044 0.02415416763343693851826323494472315002170600522686138786393297737523913236892328144860777123519582470222389469530799995515965542186693449634952859663708391274552864475670342578826867726563443912856789818665163433327186898
G 55 0.6908699124655992224814045155845188611837730190085258779795612179478102230648367434334856039088322445683186649653293941646896663772765536703544473525978975366000161483812886780062436416444296729603154265854235696762882165 0.4968562028137947554941412067260691601915986666575216681483083629335997114502242252668714815449230703990777988399013826745569885620351875641531008348736493984516598928659901787437427600047713800527733426168046051575325902 0.6303629768881636611207530576755474073239860677522705040145610374542315493933087735495305423468112369285952195635191230337134782569869849614816602527803416940074861531486559101922575341815920045455441007381362633221762402 0.7543160463903376010110636053899652451741379546505113286706188265108304238747255380808464702129243859048353865827885121015692463168235818234632926154651582080711329917153099407664387771572976116912743767379867196890603412 -0.8004992969149451876682694491646391804720623590805837089510982003323242703426594322031183193504337884336862224699338471419974347303335530638591426792161253503854233953352082109108266595281232449736066113184207219803720282 0.5513201845891550972160227409708867691472019849138530350321113237405702219495460415257492534539695398154304402480833589973559043063405523788418255093451674533598941640152564626274392711926707289166669394514863376796154696 -0.4306689421882288137087201085038005750644409535297331935667573406845239715254845328045026182941416853604487647525606802388231899063723012608377690900217408217018067802717365237866286987062365000639067542509075657711825692 0.4215956464799253107200044644114531933628574003509522106392972770488715359181968593472563072049265675983469424693560569936374228159901263506334061152134255170350192474435946915285945927716019766194757858038843921945732233 -0.3536683893093856610286912190754004367206527980527982912685405589966453636379457089931027999567056323065866479747567932382660111239742563731563873967801516116479116555821020908375447834215150291356366662702740149602707118 0.06377006770250813334928080813160592402261948551172783253262390426855466209359499512083393531067061418591786367223809130357837302657347166981399728003911060106037977365360810595043401469631218728903110515491827255539153226 0.2103600726238010982822507520514131958359254177269485877814603986717610493710652661057396247425327557471550002052004374876963375662554689025530720581347297125394867065719459907937142502903844840503333334381331677751551813 -0.1034850457394498860543624864335017841669901928977719545373779607663878429802397904841298102298270448560299391266740468786015695071887234831810050162889424757685076153528064990833745589860435754725666276495703643963140845 -0.09089417909340263387204435349089441513765945845388954509381328947577965378475170785535108576011862968821629326273415768251377156064278134317051981831163852942179839473823888918936431105600518660059004974351939076519025539 0.03735868749169783872227914712109671637718885376649309710764200333088248364157493639847437412125651421110579029211854677249688055285829138750757093093768174466852718053740463044363041720043544864109661383388750712625853669 0.03914438400342609743265541276830930541598340810913923258820499609584539358785118933656604454834024551973435348101246219347179033029997502561950114774926754435683296358375485797459657949089289025718302215481240403925868821 0.0003059922197468017160091025679675358515367593759179171951913822606019013993506096856954619834509240177571515681189731039988292151650247986473193848119874964027556077807887610097082368616026256949980351365798747122007797149 -0.008629996485776451446950705612014149215754294100854499252740128175731391769990097923779592752785379428026227619764088041232499192941607799893462067220418656644325542828677886228482982917709131628443837063522104164460260554
G 56 0.2075186585365000329008745886127092482834471794035655675656496751531165501862854355762313232572473289452071497615957542664364803873113784495970840699716482066860136505399363726748479307702120187531940972771027678412937437 -0.4313166660014727491113027096218626842003432849267762485984751981681087657829578401272567693471610204137981416559674263699520728221851529115177297832283353339645404253019190499041351665448349507328532954113882921047028435 0.6072164208307341142505269685146481391040091817947656054225989824096348487569662888136430420565055825306791071847533708582504330363937001543211451206843156527717054169343192271237285441231739147817237592381086590539204526 0.05966377647606517018570911914810334511650315148790686700415376377173129411473749826992620010985333009075187088874100482307791581388412656049049506153344992624342599139175128903286667609590612975505098121173504333975771747 0.3544366425849769213948357810611815218347417521942803867927323382625086716389737600590267304794105154924218650301531607744081933769658401862776227454107890203366940527082623842244852939995764886551115179031031194306974693 -0.2341445977677842239741251178727487368682400250504456976702306776613452437695083182354049718390004153862392355215214875964118994842795556737168781079016413876450324686944372523800184140826300665160864260216568623627637274 -0.03553980011959157289034177162871004729477131831931926464898770574390935539005667846728809698391210235675747570841806954096456217987616797138994833547073122664646254226724588051427602109131429650377974154114158031948212721 -0.02644009928459022871677819665116809342941372187610588920456689156319615299147465971982831362139145774521824157050390800141772838107090233623647405355916553395536452502303816696542212739276064064352468001284168661964080116 -0.03287908524929843078832172187303113697769385641734465217997124103543825806560252487369080448918678772044282354580129461893251686685910345564328392814863726599149128216895849310933162438727581905963587649316590974804960555 0.06972785672393564153190189842464117531969194145790126504870420866937501612136733965298761910021387892510342716883465813950275035289073003102605562489550858998951208122590827961318039860900328492068673994732117507383053379 0.08473471707999091839970845247352919984559095165602660837011464886191733723286013383444500956335953658399669356098117247803915291006031959192736787223740574902984298945935827457570012702754035709976799726805800485349136452 0.02608262568178580798859938910101030267432272659976297589619323302254148354653819529834655777589490130059425534908712673197695773709248339539400544872091263100991533784682249337049810245893430819064950301155381256442247344 -0.06160823464708247995725708919242765939397866432605244134884394267188495317175967655029215431704631504280709605226304275438100127610348200061812941314241057321337174697584138262500054713588138714717819865420089266697634274 0.07347366140816526457211414227652710993607138523278892849482712532290584140537525185942740384683830408381554476275942945351630915598598234505487425216396197979372131268287231598998191132849674097554210017469784668243142599 -0.03725588761269660426022013556315971441494484217110279265609777441730081008745464713289246314863186977135722706916565803010677140029660042182883577867800362788206371256346932944374808431550409840283671666251820969492445085 0.02697727345218044005707840932667930498592791348436413984022897576393169857366474979419746163294751454866608679824418435983200917842694850376122981460083414981295716066599325995946936505231481129403661248506891727410114432 -0.009719649380178876359978715194076070708555332444585822724178607423384080384862256562521151148861611944889220770683918073841518884780998010974550268868174313356337839319182686110284977997320581953587665904127765751575107917
G 57 -0.3012730668710816271270617752607671476313127228547301399443987982963557626875388579910046591248747585521605104940115632469644681315129715217285335095650195452049277604647874955252308864824548120006250702172959530484387180 0.2903865843935521427653418925928523045212242434414593277675761322678287630426429959616166306171464225649361731312782425420951630104145942864630298882037788208843228532917311264804923446999356961226584311741114582760599599 0.2533399727970157879508596807524410503560381696224237008260901219919282725673956454308142496742792213184565137643876011400488250758391046241171787397324627138938609223860350029763905439858980583067554912740863671205820157 -0.1331140448603188199121940202831296289579492732409331338973234671312673359453145364134725026177363371625256962273934232359625635632114021247164518428942844275476206811507186943799768008705746438839027511539964683108360805 0.4814134803318396524623328413208310742039567029709918067727470902517527223925595375923703677309017726440345383927092546334957055494755184403404872532306321399875567779577514587145509994006480571914812148412072672162337054 0.009802728877336598724890762834368863028133064906862230831286516695803835484753558239896094015628082717682233457555453585507110452528026149720335629692020180361989591701987730521781988202326418825020974018498397887975918580 0.1546474536997871980771915812119056624010809284029825258768874965883811239526546200781007824416861238822384851145980206519573229360668924225987570852517096880695164199844544128173166752325626579268252349662855732301402905 -0.09659408822495836844713195129764556501911579754631279571964747145104780651817200416121130623693066515548333101191476194998928013312964131482255135162689980937020631158167111303681037088551701679217634796100483977960797871 -0.1283665396372243312612385644397867933892512854407785852302353276204067843185785414549037142331455004619577741317355136402979414388750820261010035079339562477066439259251558374516745239073700307715472903777955778886411888 -0.03257185123776312612113276723137045902203844894705714065854635846459675209589116217737571631549680439267794286334146043696751140595193740948268449528329574402385645896702928900331099781527143208431612879080061731209864984 0.05059307760324384798309468240259432689894447358128011609366369741094089147201624506474811424666593152871291708077359322903326595887828343450413316386005430609743998434340226350997840593480215543319065958757134142878220856 0.04262493972455828905154118211403218397646383956668942927471983875393618153078600249671585481098287475507809694850535626225716840004576983945350454692388770458980205136983797674409856661485194169742035282368351240074921011 -0.04368961442473251572941752050021063260164247522009418714697768872265594758116923500821879309630168273051171884986506115115663083097321882906145298880947509184010543700618559290853859930486219254131046917678293747539658519 0.006260595565115866575002396602666140733019351202978595276031851967183884721077388126340733218516582912703298669507423306338296297451487841832269052929214220819586515475769588046800289402264085232430164716990971605546193716 0.03154523271203119792714342352828172258570465009201558779611773722813320807140069995523247871422355258400123149694461482309692288915312933729781884842957754194878415552401760454068672974448317494058414884343188471925742601 -0.01323709098776932916989539873158738484363574456887783855438928365401899587489822408235191651636233061172827774432404207448495538958291553480284012916236610426823264391379604177815189987938218267289709158803989380170916551 -0.001599352404141838147518676783415415371308052831396824808217167838242200701978585088258584512457132227331474869162674496000475256637039561470388409201049109099998928409645812448967533970704543251658224401766938959372410553
G 58 0.6352227514377716808732287384483036778525660997665424803856034473832340549959642995266414030469622757435343325030875237470849860359299682113505412372077928746200379654062021231548634414304872370008420968359391174735405534 -0.3720527261113518997333578250207339230496627764031965228893564706525117900408680313180574798684485810725554773467488818175700562132050118487589195637732339351135645415473692328378339490858702956740874613508545287070926168 -0.4292161911463812202280981738086927497361017549766013579628888348866614172485717787210913220213499941310071726906700615517611910278397586884605017255127376358897529577337586688389994536798240104083415474544382593667587044 -0.2620247182348458673954424464167531880842784112606297450667783215165990609127527782207532465094261285558433219406964878083638826522517244748128270652836518288700207774921621917550641239557753119543659724087366170754672848 0.3357770209173433298078195876884732060155371851972258450064939549742594098538123069388286784338825623033135926136609803844293006728170060610033417490112350887297360764447577338209724980120127493454575836820235892779346790 -0.2165205990015497733495075596960520685383566845585715676542226736358503960263007782907872387413915546429943886964083607161658445990076604792178978741637726626640225497606158662899939366775916176099464176458448099149376885 0.2621145984323951644790832911745427665034686633741676729824708459819082387913201860971418006860406583677734659737256436863046649000056518457217445936513863565736173844335465064288227799252802211013585437533320362139007090 -0.04387764193307550308525087657071850559414733279426625050388762226484761928840455577074556747672947557397520903909680135325113813034554435787642415581490878049559812483365656774006619437742609390907992839711517539469064931 0.1194387542042554039975245011746774469466543805505603595822666581661143395360522699251776485320511795979810742904020881686888681139572822531437348923284349303329952707101479381916681027092984649583423580915217104951573841 -0.07122120701995416809126391884743071440023074782864413054304049531824074173081497216064434103001848330872126589948191473867675658432878112438918693373972953656140750820424281460748104332615083377017123287315058757784851471 0.05171904766453351295058702339427309326910742779273220847943987518795561910415620719488114407650674304080518277185385942728818107173789301318523764271592374710954516146085279355796297632718588225840383588558613030154748880 0.2467123930895001131991109323060080608539427547005367791495186020255513044120469268535172195020772074260306441536476665391642897979436517500462349557669140209145658818308611944006611443096228973993558286230239906956595150 0.1464049867553129227554167936749933598857383354877898327280172940084633383583083846370813777882467312722503982229780418883294554536813958584304358391344883866070170137610672163528794571958457443375732100143367782410173089 0.1116232243450708975178499514904510621185004392035801681989761521334808750430041542058185190672964665683605263752852307010153707014376725502056283723146723012540701711993836104318558569390110501929270818922859309717540175 -0.06803131272898503957501886819072459831992166759849290778667887134991259886326303127551228829277697729258324654988118920730224584517295444067705669722313138404879890582587602539260905433456485696885271569702625726065697322 -0.06323207159648776952190652447195582587546219834276948412957426213955479750611897535343722897259873986392830224732312289615798643613065627294770327592893505497272300272120781546588246251124728039681570906530054479762049725 0.09473438985852756532289486439867114245156791248574352001065998016057395498406337378724927459724440150597879358939075914388955271719082675494949880798527267107594670302693477133381800108778220322199435712768445320575863564
G 59 -0.1855995310182694954059602769290723946082914181830777709273785452063816354868159870329565304781898474109519646666696023459013539116170746542048068146104582416079132532397607180310686086995124812813990777961131423158395614 0.2466788022376585051120849838900773961770343797990764489202750124800769871147490580532840881886691430260580859183834070802752694805673096301623711378787217024873361578036676273574097134797649518558290025304822063037679653 0.5710038238804617571846226502205580840430436037444676453800741861766644486389838700033617385149361135046079847132110507015126764122993772831002554388692972084020071131461805447183637780604006358902973802020688768065485133 -0.02124573035539559927216831575060085584370316587525894434214694738953570287072955281309574915271810402365259058187343498261040922620507635601244740745029959421597605987489061999260203956926733822505907442524195396924773919 0.4107951009723682110768127717638951705210314598360014596901874843395853046404931703131911382850601745277491501990781532194924327045872557604315477199736195264895173396285011079333163156170330897426568969545589777307506936 -0.2396482854263520921068120691953297597824330489708782184436306875365313621578785712576168091328865100812975806553353723999324721979932523873284056801202399199184018647070005939256616743649738103575306593255784768530295704 0.1482636447730521602676548402434776692701553724260813978269318764263881160280998713272962461565789078133017620674558049384264007689348845724168598379792373535442997856877115805969760648620511974730724248298717055957592463 0.3105602525905325205071685232108654782994244466517047579812378469206038888066316314194570331176514854313877740368933877131447618142097643226215607405114016132257669311964131925161446634162293328163300685037256150854673675 0.09448516805320671523678692960220342335034372919394588031563798933196281391481868011430436102969772916485797169842647298983378970317191711814333147388765840002623223078174967433712698285458416339095302669236786627551429013 0.1528142791325090002079286136449423143530178191777031369976353831245848917227144809127186613802106545986517938807737143476442377414679426431719007553152462541579917417909649954985830725760337776289395359281915484594135280 0.07083945994587267287113358937314456426453693705630050474844772022662670419011128736883916698230299056173887289669091585706740040838793302495528595439197237433730989096567145047438656531782912932735370155534314081869311327 -0.0009014555430988615976672945532936681342396304393787765170731194055447952866991922419835517302067586556538175181249231039975205485052651336158525270941482247070373710903843090268982995183920095993327321179764849289061928311 -0.07134128121227105876247667346475753770152646217589970097226558230549431845622578240055488957390689253363233161562859708205972329833080818004049148757946558456112256322486904555734258878975490902472471686951330635017359649 0.08185245402258424939791658322609174843242315590018599195929704723975075867489608171590957887894513760602055277287834099077608966181698283847805900198563944996424472179573032223230447654834198562723170287409378967177019033 0.02795160399169128359215738719184825164987132163229399838891769393447552377097050911516605795831132547395586750919860619237411073516880754261194036601087233956894967255680095889205276777353509486754676001808089620729230681 -0.01461888527318163901748050115967590544163048119547313455283426792808429331143550328072538597642530581067783665814359369075528141998830575935659499354928812197838106458967116241065185629645204493995218797412387266828224411 0.007288188899201916723383548092596803841326549340889646391615900744153940577847331450130050470016493461612638491281526819508781374738971554928812251887071747460168340790151741364714399854380178343862054193647260305764684744
G 60 0.06758893266104993627970291264163362609503836561985967656948691808791771382050434139558117442205329371401856776699436213957569710070638367292600496713893506637945472817056735616523011286654643382408940347458897857014900714 0.08077182937108020957268723568581704339344586582598279346956332842718362635036882885547895353318509018599280549569404214426060819459813465896592843762779723973142952649909175038015090695461278064122812065987474037838458748 0.7741482378834787523837146290407416179307701154677655884736986674545789536179650149624109883262150078732157300926974202984525189732013461969020444940242726040037483281769668875965879238179162343758278506650399094956255787 -0.1065792326992610427716082641635809479392810045515602846475934667593635113996100092012641703193699886629232565343220487745792986130726462795856863117528636576014848896691950844053791783510501005363385408335887698749352348 0.4954536244036871735395522926157565573320495891377101611390523013521573135076489260450964864363821947778068195300939795570794776801407623660896663842634521791388096105731726668966131311116446031608696570270105054730764864 -0.1597830194944833891618306081973766827320922812200765872236825090806943754778578954026992484348340913979413270462265907090102852657955003430701573284774987683711551036673982741033163777693016721811605524081316452717040714 -0.008957060229140501560390154214271742493143746659253218806613378566573208428893572442020466292097512816223291836899408687128750460023876164567051482596452168433125387722908132542526635875985743323683345281482103491893941374 0.3230892624066629994995827070841386210812771866440902743659231513067556629631477952756386903851363258101486548804379219736414867237569968420567567999662212082023545274351904343901078727983231085071525591436103600288091137 -0.04634568824287520932505803763164481515173171913653847744687862454943178059617964638252147116162086362391186610357180191736315080795590838277892799869238690270956017888316705528608045373865511322427172626040521407861425158 0.1759863215222846119561969334905831643104080158111874600730359815665034304938360571368140665689941136596785498766815460660264984148106359027635837972110847448043016091034786679637172019623380513651208037160019349946235912 0.05392045476656038137183794239237029223430657161194784542540680453637706751893495435357479710531312880514110747872158602347481387226096713665543424181511869294785358132333859971167930925983640210966058503607250579323008512 -0.04394672546004369859972594928916375260247507861421173723068886785670257316074018031454842900125959718879729164977701790330386562354862041120885076848686111478275609601422678761688135404453878109585281958542690306272714299 -0.08074520164032288577493658218133937844233635720363005951229185355574265481601667259913985229067654453112692092476421198893597765285358347881666043576482638069324275904031602705582243656491143421464281308355062396453375219 -0.005031159009556985610593630676704431683319237450807334376983529047636877802385147528193315247289983727042142824656095360226651164446593724785478008922251578562154484666624968411745094926917542437017932579521604678768031696 -0.01471215634050341737943867138282907128704841958439590990937267706246896060422338136845281124268030119129799651311285174700336273779266495360242310722846941974448609933619752924159208716214638433188776530493797009766788061 -0.02529899794722271165592671888764119580273003623127644468808055804628194236182832150058206127902799828412610844746403485737360504327177708528348972344571494784600095875960554981784178311332413263735967502636351258342525952 0.009204192290504913403853485319445020858882861825064012007775238809465104640342589429264092811083807577586948500917618857371905608665764433169038823599384054043632359598415416008644795572317712534096822500626031491543163786
G 61 -0.4140176580235575867019851447170667592190010434976561874856467731282456352377089571937860213748703117494860640382454637310122963452138073467802672261703434344916363484434431011946928678113900628856389024257951451842270576 -0.9699376201446462726546402148341896668207438981505705809365974698974012762779049066557725550076591962968173989572260765545607718632005169560146936298015221547276273282238583576765604311807660099403481973562824294204845196 0.4465024967106706029729124053784818506943321253451942745079967987422088019622990935880424057545890785305667205332404237916273514665936693813960432783061421874588699795793546921184969350803403014914911570240037167893461006 0.2443436995784887008352714257635826043579436259650250117669285752195660259731450476556518776875858606879903451565804380957939986507378051212213931061942495405878337845035538999400499388172644994630140267770873248598089146 -0.1084152351929747331756409664423988625847959789629785601685032021407005149990407399671451962817703037655835293893487062130409148904265400652959441503168016400317895403521578077863813060162639317024710214451605691183015225 0.1935080920043464783976904042591583835626099235780611968895120482114921915417258897002257388933169748891968528750984345021367327921660121103453463227416602116013082642325828311336452070103255211223082995307237669215555230 0.1890328376736187844910919678688933878508052426727827834607379732853249538800175099567904655949947977249635384380020788499548669655965282794895483678563955640283360584058178890217516388711530599541906490689947754580142999 -0.1580682317378737314986632501291863174416054443436418375570079859316814325613466563499777341847891820223619206837329659515318606278560419671414036578435818981486029440816892587008193156589905425534747808144925052945052062 -0.08719079923892190446416424470165511297966698920217498291061771700550747345268730598217537527956635036173093178588598174361039005718474610963606332835638417278270506313288328346582043201663121635706713128647976697713764258 -0.09286175234844853884314191268413555248196516398080552054563872726847637418793447219855151645074377931831588893128049876081180096078829010565423600979188387959632953148262916766880258811360721462062189382278768137428631774 0.07469268319656162957920527242638073891651392988048462056199829074496603654615423790211483133737769705733574978305330134299346238986817383595193936251160764062774438761055229270585283808700716508427089657494013472206918035 -0.01002787199398511885671712584184327475060667453454008244264494859792434507462989550000036484916119236605929346962361420350424373174155774051307746879944336665667153383197814592330613066375915021002784291886306883689818051 0.02649228719274318256784859745641261854580884841321618623588473533853037367371999502534246124908306891858215259427494222423371577485472837618483261427272984438649013575939273826106398730812830496630934480509261773444328336 0.03802488616571387381024385163938259301946257484456277282237297302479832072923617349599565444690856849869974525760860148079916396379101536129135484501236508985506768781971957027136944003409121297682035813350057657011003040 -7.271618201500189475908865511471817989644228941836815127961078887659508120679957741089364091683309243893380207788029822252258873300979277779015171357925019167972481842829198604597119103494448364885700367286217619038673494e-5 -0.02119383023659312948476944978053545887377541625277953229712058169947106907915916926519259426071308603850085712138944831015620035122454952411383525189383906255756492102235302403740801062844381427077761190809285348104943943 0.005279974455004058670559034823540947195533547666936959156861492727966800406660719230236477692323549785306800513273405366592158483174520243499347744139044164581791506307790372075289295080453536039129413628354607098097099439
G 62 1.183002372180117939359768659879777170012215291694308594571637904546535368463577109926313515504742521836938159877589563281883593932412967541504465500765343256897254375630760462605720747751480200540550830858261050429342467 0.9840232632642972039426523249343210488109069263163318991841366777727437766688786055939337426044335448508725780438220387474744497513416644870821339328640858776344268728048095907406299828052734770315813596987380156295781952 -0.5179163721127304371096921107987420703285222065971152489343339572175583440726370300382757788158872921446505164017548575955594022655116013740513068009637548092038808983355950994547459657770838673851196398459503681041079362 0.6026306545471069784780795380354902679430034214350424096048006631040320411002501997962832844777973782745768960846701387073683041377793043612852305318507223281648993097471522801053600325710414417013882675077968437535382972 -0.6252662800004205209234153275947022059135756375990151770632172417143012502029053035892704092067660128856980031629591132297630372830435475590259618400942191025838395235783333019271550428767103429086986492608906469923896828 0.3962430997214048226700532709845212075774421966208431406352043117964939300014568073787089171774814140898133246137343502628847028814883827671985725793634115273190249505063005053369503350102144815296488010654880307687517179 0.1994009628808770743927268391977986543789102867727110095403527104903933884855517548948907514073357682395699192172885927366464891105653286283438367033332537974507334960268971749305712901516710088757429262058683239051010888 -0.3119144695784986508019839255807385356259507649358278210157452371659014511353415406423153315323849198968690811474947919242886443435535021730376461107917939290254665955345794235760821873184699896854724280542008287128595110 -0.1620407158701621107188686246913173011226402450528590148487758433893414052652886043032752976451137759499436990144719288847315987702134494194799791300114644093005909336719089996361262619420554605209299822461570579377114631 0.1573493428915538151951770675085441050353174943213174208727387982680313553113536749939538738066247736694723380902320685786923975008177180699701325692104125264711586285389339246391020294004333977236155068894911572619553027 0.1770781005064486367622348313514923232446510141522546851185398545677341401430953875258938595765912553738473609813015842230413660994794081532836520336407801887179809804198156344075128837448225810697387658399507231836268900 0.04011870242796350248755730382536160600614203714768298219587821393510297947400027543545774313585988321219470260023834129888260858816403909125192577352585753177503410157994541504456637050661860846047076186586617098042423312 -0.07195300604498716954394139948299966432972072496317881082261364979636248741841973182076579638679149483333373515725961841664243363223479000602392703393906294749020637051222625948552325517622674007876596741448393714303962578 -0.08722655318303011383563252850264332698781638212525461846154046039402728183556507023781255779821254847386867777084127259833918070643365058025418626526104782788673160998602457196130966787309239644126115162938416826042172051 -0.06851303527238362910548387189815288534050137182214043049403644749586996353437403982479264789660453710303736254800331447905592523215580384371736724556761581065650330076976396386104275323724727342384248269671204684786856145 -0.03858037626842759048392157971496776433427132849233011651326990221068895684364558438918751531132046430770302270238393501792722091105408888685963537926632948000074940665246048265267339164819339995875589155108659780381905326 -0.01564082233238626116406832258517209170643074448520545304867559363097630090696140719905678717842358998998698810665254273119218205477681744399372512859192791878297432119867450855420109893183079165744017141316031160426428077
G 63 0.1110033178440809418022278525552479072835483449809990357653468085846868329481878986158304688291031620714784003616790028989026759629980622894328403732906806718595846505571272363177970606936438413152811289531743171769960614 0.3168178835425731771849604291857664227762620801263502293986851860490280244679178831775153365623377737244171239568234241771368711088540101614908951485189676342636012881158513489553665393073299654235042412288185907023484803 0.2246190374838290441965568129910779796167963615795261011397550212474793045249986514386196460146146681513771133376027743530405570689500806619648068879475327079509096753269298969042111590433726590548936737880893452365199418 0.06379020716280851613648081345096765680755569045333553058326739611869626153020907261229347636099182101396368003468156499601784663404910380057744934342227886541633252136906268938990247684985968417107446356657152149463997604 0.3685353922655091441040249931831841174023317717413661592329369524879941683086815876139447501167233894208543842426775844700527502317217580323046911309804832972975323610631684192141646066053178845533355792869900727944245628 -0.03414028623382869979793071801567184263551366795744949157035981019448275179306114869591915810949754430746113237909455987484242791677456066588332551564181283928753586587371660268499218454212124396625617605925069989976208213 -0.1002304153585013354799236317891790662246319147984747356614741071104677441610691035807405402752452659345277339973694693954605017320175353860047716750488279452377247527463429244136392891429278803673171990230524673102289839 0.2526257148021484518969765998361945970584836835080348260866468792914144454082240939920204665969978674255939634925994764802948196805588561144548958653815215186578790196275362199456738714295036212947336956151151465859264300 0.2838172844081792525914694295022198866084151480964965060621238054018956112167930884685717210785950627031811429113214498912347073998498259580852138879843900120045487024932626628486911897612596985977459955158919066502696220 0.07520472826392037644962443401474629371943858065820048605121184355880404024598754805777861912569893056304659240245881537028016829060691721050567641322119973921932578959972543108044966748066473923392134077066415282353571893 0.05532586913538798707210546117666439979026606337573166590245836903253878534986080141774476221477975042813931017718549951550218382255478861230519424874796586898003360320174717980814060326635602006665447126163216813498699100 -0.01482981922298372592176254563855619926957743922542874009720077256811484661959378732323523665425827977563337935316190762316178939316109464310433128665021339504962598637517748363033258376967418315693730350006327011098068314 -0.07932322561193293954714085157064991913235378772338411907281680431186845164500846556671152488644320585152902992549584782062142681748822867318534124984316705281344711988854947213989438645942205397023309944482845835766371582 0.08276979910677452543689869440358744218839604266013639051411498144148514801948246553995901623294424236482920184991246296654810433610827307224008045755447589976999176076049180359321575410809029462840486677586166706591207111 0.01586244856262760870875105874385940445237612435958460445238873428629809861224204899011366505276680710218282577472252936975429581182114011183146452879532938076659436442663964179555954295142142434656193043622367750920830806 -0.01623569976124775244648075452417640162808342418747987751598951239409889700900221994394950571264087599867045979695359680053765229989270430735568762566404089180133708763934730969252191880821759003501929602701698875229665506 0.001647910848316905656584935261718050566441414554164160261739761652223630321310826130267738834252573185448400985346847971029146257835019702432520935401435447707751637357272404659721990678073492601008878627108730503976995284
G 64 0.06938583251436626668699087391654302433193817549006106061984349829936879895224016638298320791214718558774098048195258101136018885967698018685459408390726438860936954515291698694871510418965585422939526589862796643800843577 0.7125620229346896623740414887378214466810052384093588992133415827772047044667838936519317730949556785150331738446920683975206136783819989856473599770788219308626741115378622379637346445006650535035153037508028862353747693 0.4116426309430059778955816124082458425417954902928617125201228943696319691748986195824183813573588300268928360969522640078938624076921188795791403797722706850561860472972537132291875208681800313709278929471208590891857342 0.005077095323642892245350087566770847297426611471850840955579657448600121434465802814370601893516679558999423688484181506750091504698153551382261977525735092606627559312215253723669978271070394115755399365882549864540910931 0.2704354733165910268749398867819761582195004970758503440423820588369241153840984686843687997328640468236317258362611218082613349136181381045242390528536760774145328102465732764954838890814671613958400831081309286434360627 0.1508306509155528129359539624386261580700760920058250245454538774793530690837882842559980540692719104375445962353005325026037588571481730641473174368146435835730170544994410112449813728969212697589599101243941773590839231 -0.06996827702406835330671438181721857571191160705261128650955513992872094919581906317039189271429320546736647943308964395650548938788332391713075182590419283406465234817372550405482490002537498592060356056693704842287859606 -0.02912847612023359485629292196969018830076026300353036497669996954659731035795392991973017376729895480592708740426956411212435746927304919733577593847521856483435294798839980907869643347170500208233847991749480670509047259 0.08312292333882648390545564278698966717568979689256573085420533195212184199417536114559934016068398814542018829704455166124166834149432198594414118398259981057395669390190945367126654806768827569984876438840477838742998116 0.01268344098252582049643277620746544550315703309149250120869738431724268669989830914831144939979064964124637668027012010029103207682162895018846537427909642845195512570239253643853888119659200886407458709227787804228121026 0.02342595334021169758186521086009702163345084366720257107904923949049931434246749125940928722080726478668666246520615313713389810514400394715691317072612827083987586762003748135407999962952178402437061658245497966582955746 0.004061439649389681234423021751265485548252970235950780590973833052978911444191260552080672131436325990367075220083760741722396320593828740301131160077780491932244206123581076861085627971374332971327464189421045584630943422 -0.009100924542623819639784841034545917707668705957053489612470219413021222637036431408602031689533993827189799355443626932344273426450999943468958256502232589665256569845983737971954849964958498978206131531005001274193783158 0.01841071555388324641800846430368506163013760090291728751294593285623135950554745333793209939984385014628151350127987279155888696694007533269575347589648105594076133621383154929691549527554120007273515642962169096156498743 -0.001207239338638530551526022989999192798692940895653686264715744245054218401141623384453609109939499021640271322452626637823682489274572164898839087139374196098078011393333490105686419807835827320626622381134635130743828148 -0.002837799848522936276723757334075082216893443427882318418948510811653628752646490611161871290790757548592382278954028566743546128781522302234924870037049780854118506205223284796230700626552114810502652378114569744835243041 -0.0004085795269505465542717305086919016428502222173661365997161082747908057168384099718845606389107601727609080829235539302408611048098277887887201219378973664638028077352818182586615328263275535304469064221182196303522412234
G 65 -0.8788457242132554997706538202337139630946036442960436959810887600426790865620297931428397928899175221332413961882866189333123736188377194323535256208605913238437087843883255883290796964614266672572305377373564495143724623 0.02507823112793740418516808990360719983384511914087563959047055223854050615615484367461417591403805369254806789449927808697626536171655341744387292969575482712364392439325328274517033668246903663734208868880409163764306648 -0.4437831278962473580384502152449710442134262774147540653450559756330649103772882299804834579058878800777090660069653324924170995859629961614113025283405593299826311909754229420554199811513304363997944796783714093789718923 0.3617882047990731130147009927583366749762135811993978260678941829036267700922645424960381849276364203821896575232979463531563483261316686372788949997364927499663218275174322596407513473184251276142522678782134577771507975 0.1874103848942406224507457702138988292868945760288169663015126224066940682945032990154583557028244012050001727089832714290048532237140489182940556148847200612060558890942511319462617003278502912828435024910223816470204695 -0.2163349688928308451701927244339490722452424221407710680822296180506746830812506259848748534438813036255273871859933942464971935102468347736621488954755572361733373719697934201937099411056061409368321968099585727945785543 -0.1822928623341846945487179426922486381222115978060407065637620181840252931478604464494786673783574831215254621673262881709206509700547904423268712870299970206395807265122623551141294218703545863438844890083893281500339618 0.04977937307918263636189120685404450594099457221907338098839598383869359900336009320372907277929066987393299365337461734692988716530921012059387591962763219391502027182574978833162654041210373251751968341010512366690686732 0.06188320320491503628702899450946942923130643007726559121530381253897538693481075421308568106537059559475649256941645871937317406035184006697015811014367681331026237705595087669754141860382807268974257965282886588877598557 -0.1372951603489961950661059646740690637278907214155976464304296179420406839245662612568455590138009181181132598210660246526834714501374573335402953647126634485226616380266961420121578508534914911962139228206400513371122408 0.1059553370258927092380584835084601341334519998075324467871314432867812650616372918587705770304596775821483870445997666658977044289252879885915120364822133435374995939152360397859913536082827578726062059773473453829378902 0.04589351565875636321633180934280531409014746211496613249038229751261015417802922764501850793677474065365892259275782231840030119055793323688188289856659503717825884383972295344374655458084664596293291503746769310339437764 0.01236785637369071076122537462860401428419779067983843216383368483638180686776123524345436737066083307551984778164243560466549034296440751758255849438266383504203977323406850525894585927099072793227090225898505481455637651 0.01965556884955508203118383566285559059166831130310511508105176927201658704234706792532579667049719969199687512415200395788074915798571505350545751662770430616732700264362271271554540559179902904888874231373317631259145405 0.009512227966565992438555541243816930603640610156686783078001777837489669940081045451453036759199795430761449156231354818634508153876462515662361270047633159505847220208664101384744445598578820606948189956931495974070375211 0.002838065034478188715449382700151656527122057088844090398740131845183068215471501508567251178128276756076958768420571370181950253422196616807806982511518629959082954854003635132120472910135898948010204767619656387918946872 -2.466389061685555620690414763013517433908049172119871733830027930496727535897461340572132714915856045206582769462455510385448939201465962412473362855456647406236779731548066529997183572857852501750351890405891861373389293e-5
G 66 0.1639410472380881527860699374404073690106584834506198586834212714061568340188027473429422117781275758333128938870108471243463097421185348020323805101090302687557649823200798835760634635363371509126812632092070003156125095 0.4412136110990376930310850473630329092584681631448426864542380675088481958148466694286125030376493207435253418481841444299113061014389395483565162466463747125093053361679738686099874489524404906254497265390872091996083798 0.1760914753283340089448048777104106762709375779789822443469919320974405404922726754457067578210191428038392346905635529444945873162041394197955695049334928376312067514846302886675824382149974743215474984616450837075263692 0.1626097413924461943792417259723905477245882501602428088813250084337451130817205061283139041346265612951437123788844021935907725344369956988737019745011842465603321370897061705476136298421064462291044679653234609868400768 0.2774293127655718046706955313860590533021431972333478426525265194083843273137003037425184182186686924888860002749098170866513005612500765925564081925924348533881020725577295760492985887039355907434046706812451837463543115 0.1266933566418291151617108309848688174602344211499471841893603088808282077608209032034006719627674450669931630509218905090268488795401972041479608437034783316665315699411219888871840628629952104477379740407890807257469916 -0.05141748166035715696957969915272559574021428319093638553226717386408956634044005151763709968741943202222060958477024060770530739226605681195760805955970597620581952167937789018018955388850533876615728466664949360964367098 0.07362786596744246381577763739541588431619090047490049933315522957978218249522746816778307627730304283854349798834538316447618979082909608414241981017917105044810941923958689238766301367379572426993989510774618388978920221 0.05206735978219626138034955966374491001691046544683952599758080258591546882694192911453811223302032337447171264047962784750516527481713273496213824770265197002533741169373152198114152837773582469562305848916652365457441104 -0.07966117853604878385369926999896428618097933452274790710124051918174944355711150447975444685771388335256577012226256443035544675837810791144125377559401634238485000222118117108849265323326033833196186762905828439777154868 0.03862361126650292218459037193939666975526508001338150657124483039805406679997587409469690565084858171339431521266863897256706656330458157049691437837415642378587947385227445206080063734661765592623666329422639761302271987 0.002706146657281471489182343653000486704309677491526414579399337455713026593727107565038459492401982720137656348079657943136158209364350771126890266162064312504717063868073660219442539001347507634248162083701544611696554903 0.001855050980315209854818722872356687328774986044298316029295366214621018009697107654687065328160278304171488900208493232237507099213631190645190624009688180831502244087567677865110920100687711110869151110244895261312958404 0.01391567062829699092474300420704751020340220018328213361586251230383555337447140583617520273010150835470099248671721232170518397603693866246722836850615454284463193493205980874146399672030478892097328240527406139366500715 -0.01243461220004741327336570402285367433554696421415655492816419934597600182775388160307210316287713049830172989398112094216302818284944531520875556864016890545375231687747289537023095668700852455528188843078627636898896074 0.007974658163968262346931762912139665768058969958298425708936312660011517690102851164717211608634522139055519454770129521594606623828173967387308819256002001308455500640060083368671195643642930385557815378364667983627122297 -0.0009843864722026063700001190740956205332474685670928070516907771903534587169625108321200393529358111760713439821145435714415406907886757491599820905784987467372342014089852361807144365938142419019655820884709417024180015300
G 67 -0.4816543679039139841641646074234273803670276187812106858640550452077429822864226328724760232108660068160742402371606371534378530407900948976698173324897120174350403674399199942118162281891284144166154491525983744416478365 0.05524958130683937163053991114411000937308842330113608274139281655863457729876234586689817693544952268981092699533024230779445875332008872597201281364452978684389513674945967463336666385687755888858419312786932363180778426 0.2235211611433623899759561053022374817467132453389810986776178924886925599500088948169693964891399203713799225410183723531639160888697399651365359951740551704600999082187305621589036478490006466574015660901882086168295540 -0.1709861170996160196845469324807884340278432763246960153801270643194763687056682170711035238736905132329936240912229731736421729030964099268059458594827865846179796318820864043324440253028070103649835284600981382581780642 -0.07345243954757348522004947140565188491063324968602710264975504406329684027304475117675717665834369243836070260392499911923632769459444213617336060149096984889423533618703901924946021158824904348610233403405189602083178239 0.03729841137228130291976189534377484906400447107175457175883913880114991764328391279773523811135288693369453073050458407304371156019236653685513848865386483607509742922254478629166935860441968769222955857360006541367832554 -0.01097163857215027256592654878437639426191905634391682226999981367955906948786018254240409916054371968179836870527743734204385669938241229331226540981658437310254669954233625294710469411465540134019575483743601984990590699 0.02260880280619288219926580657879741705865687632780320840750861592869492924830155529378058061226790140717274187357307507920146145301510258418637551839128608277386035500243280832748930206956845964320844207453758819000585255 0.04384733259814845222717492166575339162460900665972633495220863910704399646738318512249558618167861213151432222821530025019000686034226814579501022069852540752525957692613865855765029077011767886359822017884081588475591981 -0.01658035206435347836640902508408622433025592162305492719002555519608356164654790234584419045658024944288770006697521933340239877931898458805754654074868374136589586628465524359560139651494344714158126519787158134189585033 -0.0004134007150746987442640997577165456863857132733785203675683343074099904237065731225764018847189838606993926339514924417881158204221396512790894394249401344333601978552839924012888135220158943094510839699840059702427933204 0.007145414303763583989341271059296011731108011659778630448884102329825552600454456652633752660127715419659772091511447641650558702233494319854849568717564354244212549599206153266550223023754763875716601572145589063828095081 -0.002775868071813525964293612863068052811475196868870929153538777786056185382390646306176160690457475263857123922995819186208994742731519336358585362863167866007912062424930032378695318719502945992414367643478703188671214835 -0.0003939065777133807679891166675350638463044477208026178244484075585622648656925473392539294681042444924485323710854241322899823172386562126149980834314409808698092958966151587288734435438407695666963067095822289286726281026 0.002349486070626846605400490654205606485861385133883159731395498135282847309343180266667266273456150583947158225412009877420806419921475393709853065575938184664321417303392672003971130204589622777887819891409360514846585693 0.0003982135201080715038263186221715836569235812524761137116189509307017680838564270288794962342322961309481976908455724658930833164854877455616198376415490746153647880060607935726242615043536633144353682095923849859919332890 -0.003239952802801092972780045701716662400604556441273133154024561353686210320509026190595428852559495625317339966218319593644370737810359583330880038782747878482802642308290582036940114087502783335646671032692969775298440395
G 68 0.4705333551995265569432647064800064984939192629206739733372023934173708428255512258881900716811772878565190236993503516918332395449709091618011579481387803458390681753087177119812494752417996095479280854213778625989246168 -0.6622962314286827048359591032055222437169236655217923790371786459341856861736034070985681318108293231140542403955203033438396140696365360136001376400942163541227322098861206959927675108189118716094927191859921766045130588 0.1796783297126833418319376155204190070370230604824890756560180960480383841709263933682810602418729105866799486519280737433973208414593513216421166558631410647067258080383709323931391851266697664334749670373200993273182345 -0.4622267631787157907732545550104244421535860651655294690922832502242506170712966846096750447269721347980328582469726464666045758344989116124904045331170395064875472763404553505645019269002197742936895607074536157321403101 0.3228580503051769552832838125597672431634056148683542535740925499013979075212147084782138227390334827750659603900564727596635154033101870883715563681002288688053555079842998266267974105204867097494278430772639057585903916 0.2996847005001603695934347858439741515810662232979055278874195993918274086251436873868144583711880322269766960802232806542636763323817162236181027075555529012607253801914025449224740658244347998754011670008149119161826840 -0.1643815427823872344458626228660448719070307265648108871828318497171660406840050382998815077433778590500615080250108988978621744890563048791651177784138608768767491654275690341747631808251967893700491780081217836570340274 -0.1408054967839534558436035812817689897063117341895624881193285412490677497541042453824633846134872630216923798417576003034036001111847762538558279207629328141411388883025037071762861545390012000918542606908888705193142523 0.1320914354694805584311103075428911845890491798818980742290163292602046425260911682508564221904511433178914303215053366953047134125688198757082785898551143118189738266840527211641186848575534495809662793243145563230059501 -0.1319895976247313676801313467647588931365062228824982290959647076466729517792338578901254649860597435699844214432259791031040855047325539126771226278446249288217766486879829575933941485239656949451817542236669075181576081 0.02688896394897496452500296802507370914475626224511184578935775336202704189791947745024652322537090640355974191751729925583563207028017690381392983375999793513806201213089171460108250184946252235068092077154018622761493530 0.04415014839647020184635914201769794101868362190996330390954757360186016497974805421925791505438674305194591275002398043172002699356656247537308767396244741031693722568625310386138626974143248974850028050091033937350474505 -0.01495120493378513059603061703442437697795329853851887917435582049987443183361357104839458742678924721191294077845783693770167962058679234293631683627881285276514663951414491856510311908392443802113015737881574077682388940 -0.03523501630896925300657558498477072782508105561649317966320557726615570906730400246345388495354753851216688041542161022066522880361543361221725856872107752346761882742528165399582915909136948783727423711691433315732101407 0.01165573716056221581957238144027090234995272056206823361196945711357593239371700507709019706336744367950635331085982503686297174610463626623393552939934219300059903705655558354475162305393671704933978860559243879861768135 -0.004604891235433944019315233436978171314493493207218133390998505875205565853956768637815099971679067703658642157636010993628376324760756448444150412039490870971126879948042253198800445435722646526003358682973874671011509349 0.001484906424132045105294221951048644174350266175707643712389565094752386117717980417356275424511261776802845838633479797062273230670212700859383314994820779078069346373661114288241764749838813536251989584191224568063344397
G 69 0.4226511428287485686015573177791521097492032203384803340855994836672849711032527153099612309615846169444332797472487721128264415432402231535591716769405400847664618344712616962493129705477522697476328512660392393371705968 -0.4292394620587661388674108755468131660893048817185943735332637179569729120786134069989488263321892585967696686882596741050009804677082155226233516509007962815516841193890350801382345254806549214628782017305659437951774014 0.08093053972238605867697683020191927211609882599358868265715657378554604925903758620025921362255911296068672076853854950338342102056958947221346245116240773789353498415122322637340447095648764375297414771635342953481668775 -0.1464297434071166368497269618319527841625100744402874000071626798388156711331503669145854791475580324038870772406125706391648653140362235892814506218105079899957980918702555720332745723896878077597590451224938832656789067 0.1826581204668329795173854252291148550565886321978768596152300316982521860672081579326925670299531140722087135094285730273190454175732482109088887899414543187433906039916473534433686913133866703687560047209423356455855141 0.1051590901799053887626412621869906698330896021849646532063229877447089297628460139540328450901215108713027927352612446056663231499956883410342734326657595069697973124867663440701038920557408153210134684368739780525920768 -0.05154477664866953351643519572659407787304370778748502773242718813881046648548207652954593927105894969687898103360346136303977562205442273455437008631833906796250694278774982445197004697765068711003416740150146285247298427 -0.06312494312476318602128926747131884322428133380709321771667429596028194065459592392274287707066000235993588460207637096068324269605759627710381197632741950522445220845827499926566262523570553078601560966828800720778198957 0.05126498091223298361550641346952557047775275988945162752166319193221512288200916725543807427371167972943148547266026027569743233727917814123089028231470126988288002698329296942356790795109317928654407731800187956715542427 -0.06226685187361079801202774270508244505651939967839969192672451402440301705731138643227830386406029563910529297128437509978258001461216469360367322980310757816779918135751437968332329780511194081166615634462747919953746736 0.01607477824410729577907797560811704454901801558192157345039643849589959082883043968377164039551343320878688860959137579713147224612904093949939961502784960745363464270525603641967070379142380516509794231383489329183133427 0.02167432366680015925353799704814442787156122800997047725205006152098980907888832152979737728716696192802082420978276489667004024362912328644066648563922897036603188787525089301939825112410789565726308620549137435061032445 -0.006787149733040722661365106834854395460945983828377645617756560348617660078327731799885563897252846853928031173315124504288023169949952677199531621787101462577489335090814283098360778635286671932320025707122985905002142427 -0.01644494525531969118905523532221787004163956100919229406140472170131074265582521718471219374493003497504829635257215335875143602400624544512599891537479708461854402375880806226751404990207097993465234942085568691865158573 0.006161567967004907091887719441725032302180657970144353747084943539740172886472237594070836498925086021021570511112268180092233183987602504342042957818070997849260432026598613902836315329047116587986792130289583215594731829 -0.001538584529033178195245902075659543216026460954890854058213757902433333448824464069263259588288837412263288852393298048984648757016442108335214162692893583702477866358544821059049430984586098843428330194897504058217450689 0.0005251302005904907403643583908560332168990288564493226687109017267200589215629192907465672960063916571852969331045217876395473775192312594780480908889572056953463734378162147784127312628671319470742695512646002005415696977
G 70 -0.5827134305593428112059532676101318280655217535429901335943344255261142801264009597997634390206485705258140332745153639554221521986901926334089582989975893713559735935412767076786157565731605271648313955463879285054957252 -0.3449158338688866146535183774748561780525257349929879381580788661601020254896293930912370555809989927736861258534950241490102862265720360060841027265399292982630230030619629606236705391163199090996376552769038249494463292 0.01492028426641200932268467194475159338908170061766785568456478137097756073638505859049587907978861203153536757374838449709857307730972606619504927973608885817554199435281495155877266997110373981451400180237933112206966549 0.1166175049707905942659894596543436180463039710500028225851943185042313110583459725606605653449838352763693974852508779704794040959832972121573417087594762516361101459179502225372056429667270897833683157856069720201915125 0.0001289894105008627843031736845374486257511766337344917729524606697597241215913585001365010378802252192591741831375939487891099797470915180774590966866910143545639779769951110541558752587530889766235030240766181696179915872 -0.04423786496536964064018108833680611094235160943944026804426918704332803614490927771386890729527902010986712387153565233615561988699324084443852224597579987875197872253828218498427934346062191435756202042928157493665368203 0.02161501749716791767508633803940027496118496134937222248783541479340525784833512809777053669851349171715871908101845977658732041031425557512987809480430120176313292133385355847902648960455391860750675489992825898252901692 0.007259374231623912042079267777687758292303441914619270602433023755824910881807831854236663815866926768323872524424797334507045640300291169277755265930603130901445254733641935494626459723041443967526974243215172322561565760 0.05754022236380138886789358519640508565234621125678935540121373680750262993245163691499786836215046701531010202556376826986776290124768382417809173715824343016079632639272346683443371786222476142983955031027852406374522528 -0.02337900783524300761750496021785577864956495812523890717052382435130198956284518331469131305418421872195949309768613351984185886420531718804690197187657764680065684772430856127971878943631505057107158121370064419696998625 -0.004138152777069639270541353925942431983827555085108398898794749510889591584986480353082192930115420541235856040789896555211384132429403136451051049093486166627882928826749323059145346524689775123834455930640731583460516710 0.01042459342793127390124861581180977125908282445026269169403900945517848696558986885742048268325881663015569476200076991863994574785353197761401525327902894407653445084880121684342173753850999981608314849275413961496905875 0.004812572839201903941854554362080475716167585025379492405952303316068055074077593044249442468783060325982918752190192953320221829622483197165357265724939397311843346278682828132556223370887944423753497224028772283755841276 -0.006052085462916702633274782021756662483149404135905645569832366417724450289922432020413530541904434642109502326871886606396483898365893457626325601623501445532356445024926247626395483563213683142387345231699030301463120329 -0.006756955003394345492191858852742707383236499124993992830927888647617280004522188816745594948505529077360380517372898653225480214810885591563873826934105316105664841809201226694211825209432588240647304329737097167418071145 -0.004731579883822779431618997315541715288919479231438867767814926376531382062886138441063980630529433723714564856233611676577327604989315940309122695101951005615257739414582862846205416343745125136932249411211771150394119803 -0.002927858851584928645653601324293448530335349179664867820571794194455633166525772690511021247596102892174602948045905035592869493083042807791474255993804017117283403055421915131786770570146161395864343575468352820720480656
G 71 0.6505943523274670295050521835749614408258109101452201899994597239619774320620011939963617296931095346531092966312025161374383105246830893489102298152896376992935588678167685520764843849351556522217108759581491409645220360 0.6161685764010154783459277622139805580205237993699907761526626489644795474664739224546570639224409490222222087959507562917760297794196761235218445079835368148555445055801871062791408354720692080474912630531873514248632616 -0.1639522369517470058262485351777228384838751918258464323323589888004919904026866825888754687212373093495225922885331799710304404256854351839379876969237189813628946950863191954276672668904362091256639316806619786109099356 -0.07508784622931363968734908517957889810628176589420446555512372221045631303949620033093908436133743615497463450182077611440335055434732047773162250950468861888938060779698560667291546493981353933755652100582942381770900936 0.07111695736758320624979424758735549339088088562446948222545055739812445089929394274344769688147694857279206189269964763376678729503303533166251337986546429651201516351167023240252372333175519150960178224300462718945103654 0.09444162342819070420907918629036265268002126333607104005454396911145983752687084484303093803112393484644590384201042933411168735179387698588785785691806062403513396936220282299251715884772353787049057857838971594501962092 0.1675878291005891744920961321191468776234807317694208884240985242484135950196888376759288717919997901626960822692081711432323510265512818917461464484350640687585567936650092567576473347641964899382290171886136405459267553 -0.02164146024091565107667262043249275066580993205670133324108402109166007401939063705394135541704786016362417920624887206172734852975896632684036432356000446498340457828895167258898360183240101236926637782282492492389362708 0.1306867704975068286528849506919662622785727354098428601205769394363098009183385580237676757948246469290693704184618135606832710660207841392501288381430250494997656695236557335320055022357170332346416599081074820669645580 -0.1300521643833292375087490825020379546791853634160892085616743238697213174096883131133775289574225530249677010892624079491003332677551980082674152381696981197961967274502944074262286133621639947835745563127471625089586834 0.06120895147456073857457175817211316890517140120506215273805617631841912540707414759712024751416263811378463794798126260934764130896180801862420764593994257876865526183295124174632716244579259754505598094241399492823533241 0.01040062550822085934538525720422165474260246381184666084116917949074004707891746288341709973606230532699285063624677889299007162776093084500039457761005525395630344095456076009236252223918178698192422974911306338552123394 -0.004272303662107503248350047443385781688851435060860770097008131243054554878014558191497368592238969022136486675516810025881880260362002236550703604098086159093022539300623880943489132580049388728201879098267826700488297866 0.01984930687688529083731261878191228074512421198089823188588641231293742506176006143165249811895621698361316716595821552019691196426124712526554033036917623837555164459814413114203655937224895404724660524741773245449737955 -0.03098128517373488103011634808069610008121033006562015418138011845139377520927921428840107299001440948245468195831414086162529193373140733597271563365373701447839415778233956785570390528702142894705732057171737721482022108 0.02452357777122005213519011513710996081588539121422271161218794324055968605487843867539895600755392310966115304693657819928338955570981527710231378186190431413233189332879412450271228483083767933373344060491323575514220261 -0.008160548637317484029874269670662147223582587127065674591750278953191160556109928948509120994692532217190591719873084564147291262208995590551964367999312931867324121139533436728444956853235223789822188671857537196186660426
G 72 0.07572574721429711897338106114596468262404685840997396757777640192778730907932991903065495008186227068991448362425711859031555193435237223968010668222859537881676992793137256876741762571697118498342007794408732109702187860 0.1159141173422658717213864970636517990170583633985099542459966953016108175172592893445927756418155141280559498483741622781652177877200700337505208049847578267956356491715807009643755324560042099060631063502333658532496220 0.1384288943215512028610948124834772611429858650815711166198933871883654464116394834417519404586663953077841986946811886925806408313390838399916405172782347490464906046254735578633373082124805293468300023779514014453135658 0.2229020040591481430434323025249625349263810411885472024412787949516366825415058261018025559217940489714271925697822439238846197793550420654941195460947227810933933959904663728511149870637062348289480279603207402500183719 0.2085265312535441009892014037530972966293344624823357195991856821728221838473431712632765353053720398665507646684308441845020622087558158150608680442719168233665333337457146587727534592547332400868714094209639230626712489 -0.008567434981159943630105001366487504750178002525892709251194564621321101121729693207491486333549271419336320005995374751442065743172875381561525206719225701174379083732243786857203631208955121434081498716193284526562206937 0.1346340660746763534615405777066843353584162522083040860020358171988112378707003556047695512712048909498752319582628257801309088965645882560409277018392302144828280686115728585852362361503928284673804315944212633601344401 0.08806030791784240595079169339052906508392147719816488897886485722397223178900704740934479818340606771784563857853168538960890947814479899625639681344534011103841501049565746679748335695636259604144294191680794843518247137 0.1414612557909819804153226701565620567597239860954415817453132355989815249426390522132667045558138983694789678277170989496091726622944544024974698731016556650795457795025823832347447064455556122210204672232462186867241702 -0.1231414066848879765391998060935262144087722109870668404011712511890947902949849629291901129189755544423821093394563869880410503225956826007547299001119738682465719766110038672626426088428924040274590146220854985134921405 0.001148352613783274846427515287604335179957735432854448224961811079097922487834054614090262611383576525789679570794556245716512126633248456496829171638566259526370634414580453219024146328344017736045457312226727022531983528 0.03346450006389275930278976592256407995918568757674549113274609324069412679935529438018525542777605830604839052351393209660481376313836551904810799598276141882277911239333094365970311743593258946137534314657470340467123087 0.03567050507790106513368584070483189973860693553806739944137826094470403067247736055898452089924428340727861860287458713057982618913700449339393231319794903660860318364085015713000970241495433863898570927853889791128649291 0.008161864487315571492527915291535888487390369658245850482779947835304628563091419029106688579862320704850266096642094678200621825349474779120021456138219366410630919369660727283634305856361960137151202225701303096981326024 -0.04746686690648087432129677357869185770244675881804278552489603369103088849699070331015734053925460808002913642505379825693655074188437861588020644353223045459896971682122617575619532262551217044507915661602180108095330850 -0.01823298063717499115541380512641886985716996587677766552654333211669784115244505141124944328477971449335721817513140586002605315535241372804340238913188827417729870611321638331934450414145974374633408642850329809941962889 -0.03587699759297742603325452270892939575953711969292013055322452384409253145844139288881077202842362229271279823260315822322451654205104078840017942610794536828458783100612151722171860305520143584057506357776261111513025672
G 73 -0.009057739691311622479203858264356709864992314836173964072173731828519688640521132522442287264093477513942692084846838391886909123185406039365707771475371803693760070861516279946115661996962960864515844672476814837403906436 -0.05055359319297446095348569552620384517572182314642567521510845582299074973361282632002433775808162654819008735147545190314879795018756147504737050947653151726821878652589065603837311840579904375869252907996227347073503372 -0.2794293120709239292354110319120865993058463869237607452800630351314390815532541360917131238514944788994036175460117357971546370941948072725479879618610385381201414690465232306518694510807609334166319629594509631210088592 -0.2998338648960417653732582462590549379010237533417712674286460724100179513739374389599858645930565171525769776210967580852243583023563732650286564626841549207038495910055923112960171565643482114424344040624901722680918708 0.3193908001329502643420067574099901355427225420473916354328910499624415057456016309309152467583405191072632333200475462375557693074188604167816628332470643230944275102163490800783831649425956118430285164481150752779059603 -0.1329859313965242796270446312927404802588011149231080615518114509447840617533902598996827695648243948293950759259516117695393991527268115248651429626656813887221323656970937812753970220272806360564494123899894329883151283 0.08415560126749388016397199654163674292688674336703566594554419955074812518368116236064428147721763336085310140580163565399840638615175442312719726086391263086263994428843802984895135400088739931145881499773292824717467017 0.009311046021303170839696607521046497003586830872276505017535312597729513438774549468005145680825497268680045359146226350503846798222209977842512369730376909564387534714611896440529610690408536338505450696748273999532814050 0.1309816486801285649446833205136363065746800731945506590057196701957169530224906990784339032487069096026111829192029436444181974228590076780593071646483213586059357317955724205184485311605666230755350684914392747294194509 0.004716185403061569498242965051425362588905920650131633231440656704647963724882520220864350275380726434666410389781755231099023423923280679473343671686465940284732560523739790638114534861075136399920231675819363304733872099 0.02964201952841437043681435116637104390896998549305081943464566282313050169620196447571094676724852920111926025476131187859575858530205021125126783291632075850253835663113379115392228327650826438697506264362482089257339859 0.01510386430169276473169400279330349674899689468117863822064404419990373832523026078130774615189142154190595581473874993363846647600157472781646318286693451390342372268933741727473169529301854723931423019901795228354842360 0.02280637827555977556550930106915186267604092154904819188051306558480415805530391130444564356382361985158360546731874479630315351646691473167990604484397043335912025991846921399683243681301252060705217091179743249713476458 -0.01914730278876660673583057497309540630299008723733324653397914019534066971955364087954945212724233267623709101349122176301483757184473472063244333077655226805785453365031676599379932158963110488095826674018511881365038165 -0.01962791197088113260291120502084306256415262526063110756701092681832863775588858707912543455629926956363480577756754992026544964600755811817156570898575823801219598435270226845717332723527007817978354011786965560358029705 -0.008071851843712764715639490754091356429116548649641123587138281991973516685910830489957671779505015862813811788098906811330027722451381190083090925712634538258109748761583769432369877928486782039768303089016316185029169220 -0.02060785583564263520133825505085232757081382084438549255008182681064380979827265641833885862953473341282677924308660709720732190169811390423638982453700608511232031366865975042365913313617448251240746429547179516743119034
G 74 0.1271732823786653647949498040327053084735380426222905270444994350885730317457090927960409629417538921685842343681236674711968552955459345473406605501343612954827978506527100381201727421146553895909073717200617989743453641 0.1706462916554862401344878067757490021428135248661390644314411390339583446337733974929471028194013420744273420681401819788504120489648153711024854704219423385827991518259799818303450304144211121484163254480376491628442123 -0.02740380685101672779533300978687678010190355915328255302363559274359239881862566216617322441539722769710633020234255677036793409072578774734495976590058988495743126541032883479474218322464969660740391591431647277329639367 0.06635771413115297198839494753199191720760759889254351072573118817433964794026956103279155672382815239678787530712065390495601046740916691258549769490585149084279532238645663286690846253625724805213715332133514531123620107 0.1130456248708463235572728618575693770732796025971854939023200274344715950016544278642116462458785184609148254498362415254254835791227073377196505130981932540158223107777969757494476147415867241943544713917152291496099940 0.02472330693531462261875836041139600269623044290446163754293664084427473772355346596068578048717079213020524679418789644757512791422976921137790125080662480596042975520135361356416315247256946043691599116632095053109569218 0.1659922970629070509883376769659545566429430544163745034917514931229355139269643101422155589659438007182818740502096507769360967037132173278244844615736076435048077063350090442696046835884844398348997490228573206521718220 -0.003156031865937133479093273943655669858010259813206813218206374464403691751833840695612167517084189431354071468297559409049896219778918922159209094894559367816126292276016920582859882698387836199779238321052558591493411924 0.04483022126934982643224250431368151945951923016810483336340693261488800942756512754489331678475087101292781793619367394287866224482046705764499455418118144164335382031190453977640709902454088048743280394795572600091475402 -0.01001275982088632112560834636356972120054750986348561124418470888483686329589549745384584759898356466641091375405049545930652178838086160610765415666141881798942342352595623430605248181065702913377462553851376442522657687 0.03515220816698245107546024933651524815637673199077484516044677551261064974822142286791044162660390442370441948290137588908132153670032102611685855481683706417999909158994813892202794570865587059538340000519633579436771699 -0.07375361658290553093900056963785868429463531726627775482193564076527618719807453045246416999724110250622196336222339607260902823765100622731682487300029906349149703213025561131844640102962455557793377667899637991851844625 0.1258244638431827129888969498799974944191616263067018073662220420398910120663778161244151946807713537312249942851819346162054237650202096034617119613367632863637951090776793473807392487670983152465878472409150110051745829 -0.04066158985983562847453963569806476404500879130706196541475853998684147499033815749133358526048555815648653673972774156382880566814023484260365647581443382731458042850897763602491655511484240304249543874735777177689779600 -0.005294901677074456189534123764430338192124121841424129396751113261390087259055664400282904111827878544359815192202881026843242997398542372791051555130570474470885269451442964551302731106062278173436286196318463897306282826 -0.03368993022456214993908552177736817685217797577349995145203738450938228859711708755618128934805916840151568239704877493635348816618021968509695994638074351686569302340866663743433394763619952673430262743192119409345945142 -0.03198174127192254487039061067323197548227632269423697475820280360459530064488638856063689877604083584157077402799176214090450845751553180128725216325275584109576642031372943687849279269930275388550328446509628199086174988
G 75 0.1830134559575295848478833888747271981542291478123108816334303498171231996338719383449236847152047224727233302160893408613205344108532634285495915756172989782962737838244694854113973327649457827681473510378323503602038351 -0.004067708663094077959315731174502700046126079704756790266394244738083455279534157615829657687071374372484210463665451630892500512080605953354118416404721061665269315160495906341715696085749824448343041317454618581370826994 -0.3625783221138707691218338590472841321757776706270849823282002394658258357076460367783667748305152639879502282518393479174852739974106001329984384580381304451489129284444585158480290886739330382457576358929035352539572836 -0.4912825359134128807388370310778842641940994104858883461108458804696336604890365881965302251035795310030637746258882725726608357656743247780676075274716213157379863493021974310416326847903447906822330648134012585080526633 0.3032561929465617149459425058938208595159468352133509472344868330193748558888214665891541905197741706146408049912021961461917155358709843523544599302973546051527552364297728968181902053326210160361815991895118050811062063 -0.1684157570255206343291749123360092014976715877471100243083000576678454494129858125305523755990574111243492682140180756688365812823124866080576147557279359726253402956306208181284065150246261006741060313749732177788061459 0.1780336198458535083214218946320357489520946533024214319379582036762290325808334802251584477595364496934518958604370081868664296705877324865115883689018922483409078005126685492811212971860335283473068287257160788492758193 -0.09195289511887703484426190833848526788633090401471581299187116337835973126075223843656888686097534129614476173513229172439442347381455471302312465657443497991196376790434817250594516497184015828199965826134490642332914498 0.07641784049370406453577570974611903995172174605848994619663253944880946655583011362806806580828037756661913093645539148675737483050247415684167748706632342803808738219926967010236282651904539922667502244396514309743891809 0.1355523887247956486181571552757748984188615107356381111429413312196790768299536532749855951050714713555917957834260584367810786224207289857159124770669595659621170854212292854656022505562375070653149069229240202770619120 -0.01781367911893082829516913052351444162726792488544005376695998723172336130018828944622529668507413432918828222894431207659385160769894809357290212784235890510373454371281488563732565004239968941346179779579254347279815869 -0.04428078064896908651135824114736235308407864551895091661186106914785979313093255463366003257071730862346937583581112223349937703116032179127304480042413774253532862032749863039810687615238540301740223267556542832817832115 0.06962989956330827542548217530414320937991526192185166428131180458330551816881365185659255931889095016664938418591841818188882560702894689968293627925613989543912508448939236649287699140555025584258475220427518235009849549 -0.04475031850048966091833362188022891127470874354722811831374759078113862505952054267106630509361796516207384907999663119372487063754670482578726342801721045317608677223089945468586846907120613795208895555056849056499281317 0.006474753602350043705235461158863221320673169384717863853961341494002227496090769886625790967533974660659392916969574865401368168237653617821312437872786218609302159462152958146612418960679732030156115672011977181318594542 0.009588151674231801111788839973517446794275592083883887847022747847239417774485026306918503184060131199586854088402322282555078837523027063495334262372726205369038097449999545057667884003223540954859136874036584577446071126 -0.007171733910843238662623986889850942291122200682052094567186502160768335403087041279206862088443341800910170953056667484134530122542503983484795688850796025924704252078526803930503629881355943891462615867052184517548896966
G 76 -0.6005579874649885655341710803022834056332325896911903087335693648551695479018933107829286368515972665863034703404024417750106580060728080530293604445953102834909187632644174107616060327809461475954562883276518641764525673 -0.007444940164502821516340499760265616429241578619078083181905907993782522796068749481191437356772074188914119738287442802980936550012381778417365353561239518011566060264121609571991967325168043728729057002197051103415013345 -0.05913717279452014595882054114000465020712068087821739320234189324085464490498720519762622533122801014954901128751822876115187757522569451611579649400058634202154702371524442613737137029169206382108154601221760147343518840 -0.6697684197573186467888124461896504363551377091569866199583780395088088948884251898944752178757055807994901655015202437752351271893262293769500031280805588604740108382761157968469073791504644403924704278676666617893313575 -0.2975131506453814797684250894647169382274184328246559120737063887144120807696123052132645110431008641281285044445306738738849767444143215250359368460980752710755846090503060130714678503345555200483848814330344221796115053 -0.5184254158995879890127158674238090910132843376481075201100726445175969739429140069609227651438818686745677291135659528236454208335474189342899716058864414256371094670017468341909837490956527026600417343139856115969042538 0.3331111048098436278636586473828577788060728624665931969052137263617069752799418975887651477854862113970655310345003521007547963558463268427805761246305377018757016738111243178141948369140053407327854976537775499004806003 0.3059604968668513301746670139599117415140826961122093065446543702034449592405094601948030295490294857209102620142373280182261965663919422361933237933473270765742605228335636410826321726591661465921557422357397483526985679 0.07965258214895209837402651747143271479829006336939964707659447759722026389694956892990285629097288346725307704287315260596659389022861554760117311629221561941873851974574888167523169269234433017707093603745032223773788760 0.01374542873763114891262135222116394819514642581601878009351875220692288266235257297923081611135558466791561260974266310456610348374565292946826919826816375796765152789935589973729097125794108325850617909097987488149049684 -0.1166414942822274113507274726977720132164903393159302287470697775454252040388902916385594625600131360253135771468974683097866260926228022987711929638566150865789143630711830090791692859620435852892499352732474054550818373 -0.08013203983606740828050296603913887944467524642548189982419386768205510361158564028083618399283966912121260830576778383005683307215923713501518620815799674600085370234030297573937332153785186661880910445008995318386880893 -0.02605988582593114724796815402187483227666556125943902293078237553728371541097134214301048729944172607134667113987217731184694551326728634028736588912277591569276046013371223712694095522085671090066346694566996779708105269 -0.03728745783791005237326825839212620632695159318367762127510715764161531586624417989132604142640368248200067793136053609038598313454795205195624113899521321975373489179710121108627775411408961870069921737782411882845097226 0.02972027554980452221542528379064655786903619869729768991045068151193583304890615596479907488252572771582026603526605894103631768255081995087937246525534179082073151514751089461571005004874602724441552802006294345969509803 0.002546500645283284911740866277044414356354635474646182777579694203014952013055034900174473165182120316967209820941974056873687797081169541526763696249054145131982064605143129504237887896700129235147647701746325427951451685 -0.003771077389473986662140090054893614523346083069352569070985653181073877633004547554039605004190217507566459474785226602176438545223263064312280234284781300988704568918619306663263329641856531614778927967509486901970344982
G 77 0.2343338376348812250331222776498575560181153321529959906508956354057835310919073096929042943966121863751485123841519284151824323591980727475262184652742084338329839810412518502784672017408276641560343538336671294996964727 -0.1998495343075554161266841993828398171390627924434090032578800260845018145771554676572370151046609431226440443147116496958781487284504875998603679127338393203707221530441901766283562148790953692418581811818543827693507591 -0.2671768116793587639085722456434721912808606850461893851961328743011166696446697048876717747818547465407750710798119477414712003052908337085369927390744589598115938921840659598961969883169434981994517653720456379073142763 -0.2722197686093156418384375221494699787220078944485785717048520937738310279919560196187841834792465258351395955461878769582634550120856241417585463320898540469765483129461671984659857839343174492429241269094910001071975958 0.4364612914223499038268444496046646660482208694452621033308835047850422264935948896633273529025786493135363323456843841359546473337564436339176874024906732365768261600457518773300853943417517575712232219396133463661961931 -0.2101276381517733992706329854738800012864074756973053826224396272012100767027366278832703818939821732055415820931644123341808606809408729679074302341923442861419876835715717058222510450953212738819632573026632374433902029 0.1268817322438049148199656756346408981023692525898008680607470101821790468313188374382570820192830784633440619826452584150152264076062480291018520787462316460924938587008341339979374149312708625318890106006383851920674570 -0.1322511118166603281236069098084082611789300867881185531828257775310964894792811117011637910120004603822161728679188634215448552504602013937343919815619155390570924502514462315114560991084202604316484011499419041260086238 0.07066401900890284334933246582934207133400042046595161421170783344598383150296083007236176882955413986291077730039948405810386893554084347892985364681989781017495673491072215233595036929656522775502104123490510532433364047 -0.04660210192312416116562449221470312319029758685461355631171269353203664311490365367880920780253561109880157951529060852507287920905642645837008259313015801428293038410005333436492286851593001647728354471260745938476127981 -0.04858740179420817503187340733052870779044291594714721217889656324056996412555645865241481546251533908192707115834143988635232745729410534736733590639217878268962774517145874917821425643028623829481555091721591288906946277 -0.1327159328411064092726428891791741973431606770549709867110516675623653646548550601299643367402677193232092702917992192982978779822433512944911261022418095792389698856230623715057439431848217110941835807894402460754161472 0.04914083893161147525205995928722016805849138285815604511978936301129966280457648758372863664761992403747930334528521533014328490176718355947693260875369592343977814827799153475073218889104319074226116033896069053618656732 0.09199527259121046700273944440105005279459822624506866880413762447889484622655921749747550928469329313816555237255498427456543017030658476170763813273936544834324248757231347807402656823264621189787259556871403859681335683 0.05193455695481943654858336081669098456907480203504887567688092673112087450953834942694583633573242518498784725245827686672142435756457412863554538304581071255522381489894007233562511192261798076028478583487731290662954665 -0.006372285140829192190479276096280999584668989290144926141073170308578199465860872065365426984418615722012672269287573607530000349025478024372179183466782527210956961238716583010583858665769049909105737357867500808706097325 0.004193055466033899448882276731763009888416608011473918948155034443745785731205470823857939553294942374887061266053364778438647008643650200889027544523951133110310449696090468385423180248034345843804974582925843396365740466
G 78 0.2266220639148041848975552847664188975311762749403567236733321448262004418745013625201102626647230301022020447399750599988013963028352904464167671464568358701935231519335685641551550561314976938826204894701264042097222114 -0.4419900474748152630584414719722787409453195394610432515267695872606225474294730928526986363791708367984564075737293772567625271583797965777731671576881563358295988876881934102535215811270993528592979046609382386177271401 -0.2383282772578147720509260614898952353675961444957879673906457371423195558406551601579941049499364083324764693135991772834289358203512563289109583391994239298365570547310375202738766569731786023136482074820668792604670777 -0.4257132356021229693674693805026539313632347700009641076537339733021853286585807474376559528395605079236676657594655692140833800665113478449298539546000200126483864916443680380984409252290308517679151034538289737136862162 0.3468272854395515449223980833333723917500609146107367938013337575465410091269793237622419541282672682327939927561167673095644296591190268221000188035313712410805070531010706707675001439634567495554169390076463570613271127 -0.5560389340961666957281964043727610899961295976239619613228396008546272693120452349131176826906477604358145031345223637099065704516731729654857478473001184564658835386090668228965205802248281463711891732289444236707738162 -0.1072093484384808903090650916793984968661677495732969672857597856567358279161247532010612649349401544873564179917358872201291661841616127334446335327291424074005195630972446646103139237776573898847329087032461028556569737 -0.09853791697338138302548866223008007841668559351743888420376809515432666105344077018613489077566973509355371261962895595854548373661425578555833166687199843565147317139338326584070829971429907413872575348423284940290615247 0.2121025649822699695508434074188762128476955254084545409313694307638881819522019257125945601524679785874133167470296815215620699750393228076061066776694091010094604886730717602344040140426649749687952799895052534582419864 0.004794958150960797222755310628187414399463851856677676401657119097277513543164510524578894024524504514217350258489411924230835476502090202017903490915302678979192237322819446919523441274869274153738912967342249145735898974 0.1173410159979323227365033312645051934984311593858865958571538261016286747013087319840735595142282918214731086287844300500478388214271300039631808146236589391750758017315633571243017788674132111447687520312141930447100497 -0.2084748659490710246771193808393241815148049139232144354538313543603681184400795821294183267988893276974779800331129130375509959151648294948048861356154208940160314076491435883461570778412116349528991679836711018954756476 0.1192877351181990333924029844072253073148535888075795750213379082107032852237483743604953116814016343034676472265430945645652818146116677731516454165263318502376374447344720575412911409161579464206715896244495973500790324 -0.006170801074660675504974299348399453364993437186540723123448855664195286053916697566673036318185336654010839060954081025185433200233323261952868715502318978263803795816480798494717594790287649613604394336403531611093033028 0.06256144706565197863317566676482599101558978659527715331748324192685856624642764772188422507288173620696995594585973912170926104166314239021941909570339073613467772985804227355849303525578732936135929965029352458848346977 0.04954946323367679705301036744363082032467026231492836729549783658172380203579338775892721943721017352601751757514311738396654526261816648571314450424714028834982867259299991706492747123640862493151742555159908230606265185 0.01196986656061617318893628468985751300460600812691581083293184199766312151323133404395563126724176673024341921828544169404476272017592211806901027943875344624332945321355061287794060093090845133633882323430934412715163623
G 79 -0.07549222187649017005656983495929542215836952424978003086893885381213208769761432659833411942273573492466970174699272095661997806930507808338970403584089174029812585370794262171342180189331925568548892752445779683312894416 -0.2771323054185827550763966158898355081185075687756157069213334014630118438695969521378658859370978854520319084122604892225366558898133470196887666759833643674282170989026552774002795479693373213446889140535335228597793779 -0.08252941864328993289276445527674910167488059515974157962626570232867141464307954846858434681789153651097527133856096335255047127953900806113393187799247067444692453194280851292470918650496754758135614269957488274398903897 -0.3344645457322006220604413765243383642688926702802438424194677686609912946815675533981658360588153521154110811123145949595120071308035515506669937687813634296590836049225821695398280901339573807869982483454427804267444744 0.4188445029681926282858062642681378412465370977563163000021871375876780322747068913290187023443996145339974230573154162576383151372361210343604699260795837158614421315460905412063091588834465431325161341243545707207560662 -0.3831697041106040353960273417509681154006969092575584401331350277703222104561129974024587398564837206550927887227616596949288473245346911677419344387094162658627529383319499862283476788110808065173362528737620832535348781 -0.07335582707997240858882069662706082352758724270836715513350099901255299341874049229357838050732839023335918084582935604999946223689897755056229480841678966177065975337762738533413171613625314162721046679323435714622770890 -0.1271246699509298098882436772328355092942874016113234732152328253457565962888418653557857016800419845193248919165802553545990225933567823260562549022941356186027714798301520003107562812533831702631460548791522314065025425 0.08959825316289646938706328909414245033718599490316496691201754481615972924539720231453566994072958182133791200902186049662914446246152714934486885195320865229207529073452051903750420174930200564386041715832089594361354540 -0.2855692545506545980207143636864060220889067512788018410133700520982029994755312612258556802733372278244670115434690546231139787146018754001500200213903073385421558644569307126540137948083498232156698524538425245882328279 0.1588829517466343399592991233406833401785753960796826788022987237197573768107970173821580231218486981089101971027166534702277916367880532317354929689187914227959631143803886991992545132602313894468858411093933012501903549 -0.1107866876175468846400894804493348050474569732878080399223796979606297089933313542225001832489655497575419732790898569636987633319447211041998676837523418501142838783412918479786651815986437491883325844078082844854703959 0.0004182797485149122827170689912757189557042780710647535155079130754723544505875153763841421224931296305167127103416779198441730022364344506362108709515132152328421195010828468000809157642599027610526248373534717673054874152 0.07777284801288441845571109199853923485128376058729385005399121313684215926086216322080000558290658834979225810335404742645643491825925222229319636222961751803850192062362604056343935344401289366153024403928005399747104255 0.07449642735394810086323762352901777048236096461587936866548964855026761799674281333143965564729227354596271824535449497071664347848997409582690199406726325361021725070169584531430646784316678996982896789101205732830395298 0.04125358973121268205378231836371487227337103677510557720647936334769728457827465685215497288475141001400385500033438737151420040671615912628462691133204354297065952147670942434131639651830027974732924118884470486589707176 0.005265527355183928801806571859275981847070128672966112230765327050319134123321367707606764444101296461062727837708489123470393788942558570049141692832737881116015584520432518240711240674542533142944811464455199049105033906
G 80 0.3221673070208078019470792367603217565323380939203091683345095542110460431223650600897504651121854854194759855567202782900900648767514026279961128867009542205223268120956052821289532324351453545570487531880056961310645527 -0.4020850133970928737438659722950245836354000929911962448719370469676442604530194472436392996704099780769353459728200390817685876600281726087144944872101643867776495763176110314441906491008306986676037362439641357893790842 -0.03322471502452890320119216001400784260173981126237575281306743115585550928066144467069984007679542360059181714908185080319635584276451918793966309714889938072774999026893721633699644477399427531390290356662629022497132060 -0.3558341547015706586793906528361858978546316218802125739100022117877126617794461584944323262948132689965667524677650569013988326057837800820605855927991157888169394383095427306711634253200874017261021588090603908774997982 0.4290472939232123177091532698635519347847734018279584965985035891877280935658356537773238157139375205668693688901881647476417632554818827800583721348399361479548259755459269427833889200501211566395037920652830390221207256 -0.09249843830490212576423139439955037042188673370087694079016145333492852716695184200386534578621443126359569133568664437633916463986010713640308405880877302391298818079082608900410706743416891393455164154932339392129609991 0.07514707196187232057597488939744622857516117640754989757138941773207357786063154334326157234795369034937490307048245472098555835109942104903497056941012996538299300222626266349481496678693229297941108232661255518342042932 0.07137053228182390439553826539005369090803826672514952060843974748625556691193329929800140197336494055426887534045818358514688047846083788724704413853206508899407746888546545146852453601637110602302110846011236361943700974 0.1602474717945420016333996232368231138371876901340990313255323272673366898602061111594424481845941380379875259126551039105806425089901633613705563918798738325701511990831646292814280896155080232160551069393187416619726447 -0.05212141918601514794402358800593532829850272840670564821596352803246639335117644138097321759814301368388457378519989255116122546547344864172477192649800184523386051909878070624193188981475443394451380664842949292114686677 -0.06176121026120498213403053195002088105235314669450623622078632387963748616631557712117227444507272124876887878426591343605004739451498456843974912957762849608646044723732244381398599806860676040051350054532433504193521883 -0.02025061926499980893325487988277489282482190065379568120224970567774538336166352603160327832662442465428910100228747077058370069059336924942667606007966205170352181342624525452149207111837011079408584402044557638011950501 0.002751234997260557859815037134352911577347028168152631765944663996851637714398424276739325054117934221231946867595490011079615377001542666817827238528325122457357779128472758665714693502516143454600314644350437795632418247 0.05785145055509693654364119722774493363768386996473428905528110511519533266759253490981056942871195533810453195338030080635728316613846066158273475710167593134266988239829598795631887725432900350177666010752824421574589439 -0.03583191234628817327322589627559861101279716864946747041932017069056580227813829083774459937189211853654316596595142512972803378300117286966507825121269824493373930455474238139417831240466272281775215620162368759307733101 0.02735153090193759474510646675938488887979623139837292487683066342635143606911129591652955670222642061640046516201196124970669426598112879394938152595976953880647383404152813589130149071726743371243035953790871872908814088 -0.01203703708653190487953183576989093435095721427272566078772514991707552215574046109457323100768905071285984898548258567582168738077202931771162637352278452938612428044471907093496014598035149574795409670670120566278872461
G 81 0.4602578416177920117505938800932048599247566352086902595522450657797175344894628614061554570699227513423794176248889922133923768241297463570198634194684822979283391209933017464820011597389794435951597667971402521140576782 -0.7378577179456639294563938818650719868847100476290811220260899098069559328643348627629722112118889985219154840291674109772241376202813456369288705698096858493148503676055570755293548079341288333468003816570204087527683716 -0.2804269683509849219992025866479391731897499412078130999364924868410529978428762829459535326089782648963867826465634549428718611201318707155003991854825864862364426415427615376908828793874133086230134176288625410605980631 -0.5424503998666597777988531184954451369498381810441764870541046444708839804403547308944567036234067352719914636260089780440827260527417981214632258942680373982797196253820695808478944937497393222190029101141181703187260548 0.3496776457128360254038711122541508138713316714820073430038476547040308033535259294884213430760939298876689512476251165038076285530029950969383028327394968120919730500130339890953266726450157917785114972527927066300602376 -0.3670043673672754458279366635219212250010306168114466270080289908775926429948169154199003717604869671689685071911505064388924867740292860636403383429132259642474411917525640108113721091406178496201470073029011334301217815 -0.05071506833020262869515708402499115717262144423692341542144320932195094099858640382244542443224722302002133119253588720351491254778579024231890444952936245918674523664821553598917169365314350715583605958163867659029696918 -0.2297315907204281589518070376099241406704100936499410743690725821948000183052436637000081172945744391129725979854523168853350390770892128983023841970576683015512408983251741852500212246024432617357461115798866392356287626 0.3363319266092074274151324279942536822691807808193114634508218216862938135116992729616172977120241507020688225599108267183814781012166207203201792894653514504509078346247113502579085046130482016384354480418023068545648619 -0.1919340268728140707243442476722159212294393202764690272758795084977449016422183325416335136848748139741822282695666574844731789232889162634392179998490504691072241841177503028661956468458372079394004155572329643326543306 0.04686793289995203611425985584443663056375061019120735329150748453521718177858570065265978397763935232426949555630632502852408974737827449144510112435064864486496383150106904944021983509096408371957373002761565915350779189 -0.06135725101296643065382169034592062205675744805893873669918937906035213859309481552086176797775121189673934774924740198361369303222243897954604277028476747121477765587831878385813661098967223516257144152007171536507645835 0.1232109898242933605174443111091162584791124529932328740782512498549594943754070772300310459831118570047580862541630872509210827709580793508286380286351337493564455263807432183855031083768830050534312093831742008938233958 -0.04766070261655158677282106122717803141252407486300229099807062044151268889343487953089061260309780093474730008080164823185549025915132342894309381383149626835370859289062592772982254646077353060436367726200727434077298966 0.1410594409536446357531551863545728578069913502717921025022572368477346716363018394348819206079666456188406478274390230549404479705274854660738483577600181046028628007884754665823329602046283429570807060970001962731293054 -0.03018234964404177324516080736080122815437966402521786476747643776553226317769319759214194922449699339500955817463622565673315897266534887144679539629064712634291294642603692914961916789884419530867105407883904134534408085 0.01962179601744808298962092406227713990209368230624396126952400895514898210453732075446544273362637108202936516426762065403399688304210967228694317615020144364595191140471796574644658391133651547987829401488642229438164239
G 82 0.7506198778630826019665935637089967478769234692677914787267607057616542173523478569753816443648585852480010007018064199503855656117331824878528844954463899105236039851308545549644056072501883324298571164339624909043633010 -0.6053536162288545141262939898282932923445619807861913341240429674381703780961406237585735904016244386467216676636813745838247030780130517952906356022842795231874884040514532403565945769653911491721384903671092324075891783 -0.3967804033077541519037254969272831622903737683573690705726579810284132421363488948170015284778595696753759374893966545412341711069645779537426235990115643933738190857162953074043223095367236674890120706235117073260376163 -0.5834375472493077023353635974989282813086390583198873679019591346354518104380963096928906886123158417381087560521185588196885653031081287590378348569383301972988641012249061563639490805196370273789931212178017208626142356 0.5971187837113952508280812267065835035239648147741353931919166622286383957142721902468449475205628240228682080418163645785389115815493928465281647434880705981798619029685285541928913536073613690731863373412208018132925692 -0.3107027834634807941498894288959784135204765092966550623645644428580797371497230113535019741419363173449883574748993967273896761845665631065566430594790058584605236461997118034735428764425393298677687792582717871928945939 0.4035931742833196153392216088253533970566954780693018823993028882142737027504611829648550182841038084813346354190756466701797606592363774714512099619584616799227634277383770547507277027053870282253935219558478786527199606 -0.1815768220795144021088452486765280971464664636861790725321941084807046992277468288709387766853704279139353969407559158337742206123413194260023205126349409155210949387024732947403463770610225902699881274198235470452048851 0.2587648254869787203337008854969630609111797696784800875574472492114524769843303012795153115431145784251854881160767752441197837004603773800251616117789146920290464745678892586808651608012762228551478969969442938761308392 -0.1166949770136192513994706269105467295807890486664573688887694981654816384639832459325279202173113045746058888114811214726521021088830680268078141363889144922569013792704721418329013239733294097081868295807244632685839525 -0.1102945151466906235998850305849583788544586608676211332977083241949588389693251229043829038026252886631190015383844923788868873581667556511796703669708732994317948021122769367251977400462123657455076879144134261778211959 -0.06643050455425205237713108897150978864870494445535124739226041805708995180804446801827449732284663395580888916426200917852408594322155260364477946032565332342991842679026052585097902361884222208116122940494271470911145403 0.1097452948617126541427472517655720157935360492089426767511516673772155521960732040388777644681062952507232528446925514432457388494756370791490550207468503806764220069983749010162391126181383474212610295420928960415355741 0.1180798464539132063773259674479972898286397820021908590290505051371365998532904599699800917878453113561926219020574184168039705496310831527501877506372687856786354919341760556350702594983504291762082984885480426563455493 -0.07136542240745291248205644096760530832491975027849483168331867810476973922465298820377333310490392821976049276863253119460878614489887742167792435020246118338372405889345060165584162268312593968842301665715350735266553053 -0.08125615386141693238396737278558995112249746531504123630616819766700477912452740707588762732367730364152225432132060704829874180547302057900318583332285973207238343514684319115389411411769995118968045778586041397525287506 0.05279387284160175398525866086906060054266157951293437875248439208857315750435651190255365522977406885152884727812123401451042606610843520817317314113343342100102998914887710822234111167569808551577653990374754017168287184
G 83 -0.5532367555398001154074022801913728917778678438127514835315779736803991575155893586587601852850106435604275400017397231649465205053693865819835046053528530924127757347584722376560070580731855444182901713975961526848795872 -0.1650427780438542076098843328231557714564465862167425096115117547219118565374839534452385841365469496561254798852644263088850452236848661407253042477095165392820128510568724767361659365468794823586021913641074853847096503 -0.6126923432120714357150561977317729102999010101700901013652486213055784592482677323684634254539483725108157797552181009474439952370351562401382812192001494321627701200469357549359876943796484726583411187503703970806773282 -0.7741430932326839999918357658353576882534419077887162804431264511309142551107072967049731257416530187650440778846144184247723707199546299203167051042763532972323353399937128716891483080171614034222132329723178368533742900 0.2762389653036272073117794987000460411642190326247904335216148458763182305693031723368950859809509450323553249147110299737474124267184177932164538492430047960454170156118783125773963088562366365329238610123169078795397847 -0.4906300988856339374744174058479334150948747797546994517233668169664872368290739621466434569550629423897433278500082915441954392774529507368028763159887001709372906382672410910611528271314490817895179959976787949946760101 -0.4638774708331601276365471756921177666371016697709004449081305600067290473119534605901963524160909351353169220211642739193122987984960289602610131146823036263940159474649727191920544287384023585503612222441170524685494557 -0.04224618365968105494270146123462032634563496135600551405076944188569196644939742468033755538439544630443084484145610198310912243507551408023874828903619667839824191191182527299552534405594468626292392593662818076241142779 -0.03654707032387593487492540208543396358306870248820315027176361908166585673693640226870324867689455978157545292666899989602839684852685468963867713478481646249232570302390917907466643006747496823382183055427371429176139140 0.1028906064383172932235515853295705180763702586243484745903679827777420259658075986548046413420786662123850427287240312824450614077789153942091203903289650924412419678251809300684445762791863490542142036395157016364450120 0.1474665136517934458066592246771748750048792596322516551539091667292827606194036460971051890784591282064457513938295566021071417514246373535364554697156510824621753031914543004917864318256385813836512880655287328938341635 -0.04302848798381495567892613157835755701825032910630420395395939733361811819493981625135294984344194969472673449919184788582959296548115862969387803899633285500623944023527117826076746697953764992513375491853325425929687120 0.004309649276559990806572713624211714449860556989617259288417468728160560399800003261138561159205186711903456557512341571851294567224434819310857008781297594892987413962810596984441393070149528783698949642993764268989990796 0.05352548117285841800124287616060449812955580889415434722199091604034949908966019651935373474484572219883254706021574239534272516000653767497339074161157377987896116427207941892300529446078577477401349955111525367057510007 -0.01685916209527012076486881504178645767215005588049841295215580686270660205204271062340850606491337227111740271589748445936093932112051077039174968564778409736285671719953550681315857999471997109354206723516615053082066499 -0.004224272784419141384321071442510045307373465938726255066407335542207720738334189709817356224689047923647064740380339930069872905344118056860916878758539823635176727484584909170587465474140963843510121732997966612917120412 -0.009244231818305944822186020070540712873198606208390397940167597742530739537814638179805186327134345206214630049809939651176598586041878753265374547391859204594577492148760907481771150595007165661357966691468387913095167336
G 84 -1.332000793027181882146017297112097874505894415614708072744628576611482371107140917273133634419407990612405519880330386152878757513320843405353203922501971317695532593910506857548560532495635178951940635918861143870071843 -0.9330366598177510372198141388209414918637108938333039630441494741606932293309554945815092722919644974556531661552528062597937086271710828270879562950329321808056868546956633283101992520719107130243252581047494977227596442 -0.7581061528185093891807807306151206462573589975366333281873683234339300116394334956881031439971209651969966224452714325951735349801922564891006194012003999918774805784992150338359755627206120811592457588234865785727840999 -0.8353395626286919046335133280276322529986160600799742560744286714235527295755665141079603356644403381611190705981103527285740283015154800557524992012907319564296453755588836997777535857721695573862993841354642482794118240 -0.3759206274109504259345796673112878609999836838433058387511689203735478107311832507577021350346684969189955403572493306071310302700675079580652717333997814824294986341610621904979004620992451598326804605163998176334279991 -0.4075015246046550834023096735356229778643189102447884775211679769548149316192149511121709151253092061983186684411107752613943197008295584467106969646185243094033908743626449706745225313937983591171965599981781205211510702 -0.2168889164407457686981706957952151450012905666094661287048282174527835444669416809971744959701475857189211193506607168981906666918226624673661851759311311360872457234203790962374111946054880841033038085452950919031079740 -0.04617935993012381671820384676796306437032877714535499098935777000604915328352024141690645661176001337237346048998872972091028371035944733857286071043295571895819749303404789042872676433258115110648234753010991386805874290 -0.2916292032676294094302635547340090004676060219432372135749148904391320694320951107313918454017791859870969332218048326793275911868173067788748853949916353881044631615146698430852312589423371721344577807911563758640022545 -0.04054429077776172371769105621303071426021525204072204134623428623903824471731985021960249614704030107842872379992158121005211792874632485164109309006960285963704920045744725720197972719481159832595229247990832557917657718 0.006936231184235633496517194297528211240911077085439205738335107017880734012845856719550760463476078098836542813459997161087177005974952740447549853008081775297651576648248520557097771817893779880921219150137338418773224158 0.04346244759362634820485680184332095874830893080761319318633024294024706696262024525087377373451958475198683736907894516401667935073110346706825704703473487213160557229235063628701905773100662841268041040026927568519321066 -0.1364296772755831691196877885606375252920011508436222497826800577081628806433704227401807182186817942723510360667605606241616787395038116902101746280163749440449189522523224171942786847804579806657535102028314275044164549 -0.06627753907413806156075746163458032841395752769893760321883681440645286221223605924562240820964843852381963336200942717459558919476396142980338799941316359991261539787208356623456742721982731459367511788126333017968288492 0.01155654416859113166063741698854309299985547184960512205727399785924108837988094880572325500358368332828755566468592717640334540181296232489769917866396664181518874308430347666211777896885304589198294011571908369393780037 0.01585411562980131371985297111990210574078671160808986295837722814210870834251723508751993685783963416364799945889405650414357645143846262786640784029669767770499700020785516885828393868609339181902850024266615282063954922 0.02962014178387354623350991609986766910616060914493176793911768766253114285206199218419304655004183448259929067960321144683406710789942221737325621792708518280302609328911012577319843295705708596555629000081237189973793364
G 85 0.3641931258372544183914937340714390109858437706184646365522357253146000310177499913351705348799824076187291719215459078205331631686754157426898074723339651715892400092523476649178668495008729738732152871678845705477426685 -0.5512704006703526895481984571955937917514188530377855892862389149789923820799579123097699090126570378206935388790279976702958790084584358153939234573416192305095738216236818065349187267239140786009446515863559543219648213 -0.1038910249350883527830760715624211888419806437366169100290552008723290658025909045235929995974661622940440149959815291295810536665775986112979541895526991594732367178384135924988870096450522773801815133327839591183496455 -0.5394627855118955823624626111654738594028185522019163741780575066513034306098145308234303246774131461559313541729822059925647243091568978559097166976035205946258961001209697404227965605054231912903373434553440083281064618 0.4435108982101284786172872275850192392301001093577196116329081818082921806618780249639509798303319792220459521244190169283393338563860737400436101997086213925781745002982385702530282170450034585948444504022430116734047573 -0.4199469807472380218017646654835839344466179552348710526127401552835282135366535819806128463049215878007582884319629069225097494948357076216364810662104127218905512286331883792828271921327080923060057826996284747228627663 -0.09633770057627602987295304973506635792839743402133039802915910149007260237311468204873898547468924025312311816491286999377890639800244399638099903116582674785526051056168622014406848359594571336537039039232243278995345926 -0.04071603302924893429763088862212678433028297156249656184231720409671707852975764385660908953790946672906873765977728009465006773851649286105956691159819018066265859319073162997072514735976777134987261717347848991638492918 0.1283688019936310006763580195719312239728122630853108818729094048032448818933131577143614536131623761335837301878663151524449689399458732641044623522161486709112893521591951862656687164894157096373138079027183033466968065 -0.06202681756036469228019731490521839455732855240222804596357014129533592106266629968820418348833054139638930425196307442062451397659175317233462325190119059301320571095913360935383128436301491290965929579364369647612286942 0.05133331256034892612069622254057122731925388428877325622016984480464019070115687301964669303056801151740631919399076325022798887672081187400192778085252344502654315334121753282786829919707565091549273262963388328916883772 -0.2035991117396295459728734586680259925435071344533455590065091190182388427725183682497197835944921878348682629531937263322483811980419270099142473936083715761892816741674701347336659678159287494503321968084409198378145181 0.1907836319808872561934391743683254199268522170899123297529095171521714151370417590573457247210137629494194791179486955427676208226120847729331074824226833062450551912148598372829859245613591849331331329496893300233108567 0.07373241900295358280083774737684045454118587091622622080968858955593183425898085137151526334052226874133382290574621683659931264481693352849629422611879329332159671272206182216176004437337410726073182646202937856949615136 0.02166147879062024371724792151299703865992824056071892713717003343053240330554946003218344928101140758164476514975973932257758573415248555194077906886809107490106313216716818910845031035819803207953844112306440686821155354 -0.03143067894560758514772786189464248925863481800888929223794582478224841011867748997590545807616428360753168764330837719122680064538751369737248968091904418020201739492468640685382552854347895266445159430525261164231786240 -0.03064555246078488243430040794076705696686169543433404520740228400295779066895412177432183178717508274745229292927723701778417643116160045979058080829711472919568620559208885077386698405365785785978860720646453980787738157
G 86 -1.372602714105068969414075862106078539387605989903419250176603324465138288334376273251761614828000673037114246723969221011229975534003600987240214503474412585822998800107152906589813940143769405157766105720722197292259395 -1.215380472968121097262380719198939011392496562082020939611862087119619976525649939216408091471713522811774171039050069085661452638552370430481121473748438362710914601022292145361079264404859403583157320804428092852461278 -0.6861260868490286836806209312892566024873277327904034318438589876820330683644845564394684887175058099448308914558724446081660533128465242831241718377178711648334838038202723803405196676110645659254522525415374889746116992 -0.8960529575850642474702966898252515125208046922692131883564870219093748999835029465309354644299073676876248291232488477045621459822855175352031828580123084374223645304299912455685327897339949512456100008725282252537369736 -0.6675406535298066159318880420096517716422295813193581410802156562286030345819165385429485775285941467082798598362002479360033953378784991347559062202012087401821376251396980650743929783672795523093875355763066883726049635 -0.4136683068562144572830566690457617155485544943721570416201411450998529062628957581422443117626217647054623012175417444638087707851695150329949544140150768248301394000952048964557654128800600840240711676273522894571102856 -0.1717493336552175868705396106435573836841813934184161887789006285129405816471357162997762229960650352099088092332083237877565707513603049496301714437461766595445009401428862349341485596929152692396264710295412502994767642 -0.4637562609365657466228800734439510655391030821978706693821167333092986321832761333206789108721064302131128822328904676436710264540546147325813347835744673266154447496715852636422664780338718768996974974487035661472936858 -0.3041515428101698827331376560792253558824108087506090132338149597684209466446455131546720433589977233101436518344262495319758149832432328388259628472660533296189245431192208772539618414826378175779694370135048945414583170 0.2871777920203219436228548658666155451490338823933801575880002437850135469919243652892938067671021503455659095737022259788814860280286703707434540125794059318225089825104521870844199241844882286135385577510641533737778921 -0.1775519671205171504479983647053521203742531288216095407478128274850125448160368449517303452394344127738649031703271623003849549710143937661493453216809291890434589581587793612494091371248871956655148142273781739235055629 -0.2723095758576049837044598134158354007687202027141935312963886323558136413571955445959415268421594419298602090995825804356590607267368807930189732078991574132391303707335322909002500940258232493323036759326473428594414656 -0.2171527036318462443259638694644649141029949717408625835673573654118420441269479159947156256016891653826010139902490677459766743781909645484629300292690329966003557472700128291181214536700268620637670537934112911972715339 -0.1828650503884232820003631741767320415744900927533831502165341441729322492451166614953341098956813493531445400572258231059393316440888430442032427174464768128377746654999324057911146148460808403725964610228288294771123045 0.008940374577759819895299002384200580927727881459932798372710677677361515892616799188225158766457050066962939503257071840697026560216907867054779822426224682284122957887569219014861279409013090329144437563883968234486158494 0.05579056817246640037073032979896701388762836496098703771063334332098630888298502139058320542230622352917883484001359738745051959621232291254672502859598027066396701010023338886100036723699174626648204223719149206530462919 -0.02701123058974722912384439849524491164821888022080125013090990939819237453018163628250932145834896656765093090293076113355784120931321177690301082280643352104586494364916112534074209927020149695191303133852876166291131851
G 87 -1.010627477166755323677164829646523608870806855651801012092496622876768497771025124056935491035454186447729926200605188497174037556939408444935836848572132020382655139452760808760238029857484765858440589441034159735526001 -0.9658795495145241066244695231248968359753881335450219017040384865345624731212951726765363138799925358468449996300692941510465375409752320439327200556805898080063388878776168907736396608395681107956104201418634160971635414 -0.6356497583792193212873714372999890279054179905440093434521877689700725995217940897568025404915451276679412561233992010458056217062559511914576606059510607662495852985476767440773415808397814945510160195110895123994321785 0.2741293166387310237608640218995215388822457631768455629836854978312312778467166765483075781431081246785133987903181860265126923633173796255593726998057176485362569825845605360946476309036446388657317666710369095097894176 -0.4702869215161824472970392100774858121587107275326807397476111594037234787218935299099034955912213163536922893012798621075575368698252045299923974769902342837783135136567564130166633740095611351342077023431716788875166983 -0.5662722092494086080729993685507785583521249441080591559713533273396458777304281046088715657973632768649271824647057454939795919305968916612978976524458626674260086800750528639633156557519866987040644469773070224313286502 -0.2557981099334581978054677284370243454633438970529079522361077721122868186509884057158073035562428898765785139825256700010609932564068980828888767776332376118422014117939203212973288234784026823698135627337397709608393554 -0.5500714664039436853443297134681430000046831938276995222202724218914637911520152800767942829387838806653268532386158403651155833897888052866815228085194306893511535057636373180473774939660654081667798816239449201931541268 0.3120547449728889984661959311681290486015799032400568829685684629609493490794082456979006906962728455718556822835831109425122770942828142860641649647501149480075907441939996256572310132198778052328360814674708350337745372 -0.5802780712085375435893091894506940117528884500995601977721008441164256161494049463659585416421153779268889173381000518665688440640067144894220349380500604107956157738756809099270457593629249867493272095927807557408299631 -0.3833762072651331732026529585946152906489021556285490803828935662416097289603745002240756928702808977125087192799134957816921616938912722923893260065893464472058945499345895000924109632837506277326647666767932826014883202 -0.3844261600373032287787677131686734538340289970125842519128670676039425296487301393849824938667268374804836801787437589157978444489603092065957438370450308664373582880206530695651777167556477121394999456814451569629253366 -0.2740484001247403248729326365029049353160881053952914520792924280962985347930083957247734612454633157877126996351901156014451289293125993617659571275862194178814039807857668379508050936701785730115301591837961546733418291 0.1974359956160632354921710037247595092841364426057989633280801977125391549515910160676064273381326294949395585483669897966645575515386811435189918962582355933270938872677432773387958189920650843544577067969939391638788298 -0.05770440009980774601300030347790020367959996415232285416984222033993095928459675795198455237541141878779827184762586953591326529772553609518625259410336550125254774917222921791430415694530756038675876921462828381096877090 0.04297330110234619757632600243689784603456657154752522307831256390836039567191206895397366663844315989236965287477491339842880972292086560468911910666853309652663245627548271904469563604812821776186570548714758316791012579 -0.06200714026100381771095088320830223475078146157364287588995537481309528417952443781488036461803502641107425152796098616825380236969093094103244147735096424429789471287379486370162373916845552798560646003194548108142534864
G 88 -1.040771819820246714187570272886379417808571761148487761487338337142657741546178562739564657363588403996909217586099631058537001416962122544786569109322884391459181315325236469022856304835595220704060731491038191894363321 -0.5917324525148621217549600811013518758285009768210972693520084105283011101495316493221605049839412359452833072322742757908877086722236810448890184136639647476248576565938645894397209426782339821967766527149249439542334735 -0.5909627746334537919563859340759562696100970456970854946710418846214603084456602098834949452156102588786024063415241326997291912466251181854231416684843861170982416040696227930956731849237874894777559548521980739597593149 -0.3504167748920804097484193276820498026034422104673608210777958133009213368495791514522382293488760414150859222519898157229371116460623923003944485923398555589874584725939300388551546961256304077467794820683397557082236057 -0.2773233407392496025762766269752741547620610879131786549876132547564889202713272755191445249240444243061262462323755568572360642370736378571494074302709516915755826380661880695821390553775754107832360862266391700904809098 -0.4983859639955070963835317639094868104289833746282517866169265177173550212113626537493815815223430960431324445384473985070180378344543285927863938496371189891874703068184444529946563348769487229149296546320049625105495837 -0.2467038130831266898854056933345298043177119598231559139121735716397226940510841978545051623594691787349801680299527295053435192951534880087739500361489097277813451247135313272362234473483062046480184481113631279307928962 0.03082328263559281101298086422865802089659974830521210679491738345558303923024355597475692373881329678720667632472112986506968934193521960184823047531662043385877158696695735772141492849757207547434114791784869536726801721 0.01840212776476127304196670612566377374266935366241161434595890936569967648338564002744878343029569690503842068360736538991812402071567617585760140883530118441866197859022913882170465477030305321391505387120399551480277395 -0.1495235188466775791021107245277802575677815821381520130637892621595377862088414162846626380967585802298709532863980675632896122722001230271178889844539446956434393696917916139442561119487402840448873850075539588407189915 -0.07294589290390817849635794607810360070841759893976441186452848880806781703024902148111876765378642609228778835557501625740855734931568728046035556752883582215614605178788866264437577930809265316459763381917551766746560316 -0.08487630929819040769264473386264968705927912103340177909033747672595832794546231610326453094128510308182463246886262520772955505340997828913142812683132635142082965912729514756501654662381806489868470329531870311762942306 0.04525069074255876500475656436348376282944464074554448450285928859602942075987164155411173729177101115713441853389152845163497050694107502703453528255693648558923782435470099913869888045311709938282160294839320035506217561 0.006740046489175885332797746056221282410492832598849724644338264635036261238311217363824161953934623956365369991775849795212387071087211245227932292266642104680871826492387143119967421791094557855661358642930733443334666225 -0.01798692570970467000762401363397459196499725857960688012781501436167683415081646987606006932281631207565157257072605977007387295184345422965880603419896069334999827653776286522488706628204999728998575529304455995242830516 -0.008301032507843826153673379597457197414567536067836768679281523879677839390116953277897390623298943272689669806977397624924697754905868332077530846753209050659284442650249228994075506280135991257274938208709816009474605936 0.01111180714094035838198316983919873833324617737151776224177059727454466064583394478900833123382219963862572280873572028935061476316702916779035331170725202989241379112873429481923024855121548491586577119586836784867351890
G 89 -1.162695688627677562243207608311878013216938437958887460892792821452125047228520137126395458853628475121544026902837706536791233980882187558768969699038069958461218037793409453063476097465593704847063369323861082160920027 -0.8042955030554864112966486666530719507785753836939393381937984952740704516401188308067590045541887257682952115993773818238479392687817508396401809306618648551142123181773738610825733344597068096514234433771766749345581994 -0.6361929178056183772938497216442129496217808486459045780346384358300934687795451014638196073781842263242982604900549253629493071268596858341297279171327568792382139151127958046016525938266907710538795879264143950595564831 -0.7770764241128985173419076643275895434709896763710977057410018818157073473216032641444159148637832759466385622540642942038935619859646261146189265672826685271426410946238183030323309544239169725335546015228147190026410930 -0.4973049283087522118723961783029154307800674757066016931639291000546189499891668498055024745086063857087794359424809754327712830909821485917192885557927190674554583647027234558941521546831273590662710475155539314898115644 -0.05760275779910573805299252410050388595783927054491411028464723184173339069008891514634078422846490247616666750889584754750546367287880446871551408955818312307284368105464580342201569968127999119986083311363379860549362775 -0.1940946850297445085224233876355611231940189460200041399863601273447201075548037441830557357052178924231920178750357837941477722822653845348013374628274756862723353977797194199837077149023130481152230422305159224848334906 -0.01137782188626217644960903679807856387776162264385273433466742678940682345496980869211721319310793300479020891894471105520576245357134211102153748682201198146502699698416905838130190836696795786101282542483762974396668312 -0.4250016048725676015326932301007428873628920707017637085930567590880992625658820780649934472986295890625327559680874927928315040115214556089291701929075251270564354365986067073241513202849796675576705974060853654004369347 -0.3907968968716852910376512668154736613866977927222158973061759254394694922846068877890599467909935179557091535525597505215537255747413264408836447217287367683965777629743066838977164319875492778928186995881829963875512262 -0.3104767681249633892917922713527846297859758967975696384700993251735138753801886005656497017638136325935951586767351569697296626237291876206077139290866629766897534733068826669043576198691323736962039215085689533280875264 -0.1663596926836939620224945064135902117407441330384561770311308441904894658403323111765640920090449599990408089680004176945815001591540799700570344844468294809422471560086907086586615361911067206803506367064781936095043598 0.2443907384123798004701469470421371834723474789874792230458923730030328933190703560486287464809072416965107537467189437137838008832784600875685325356901312424850132898692297065488076803404673411229817955084686360453510554 -0.1663241589606378588970441248066242328444911853334492940700338438584061066989228256721741524861904835456125699817900430488130014444170613810121258516931634213127929979418756767494347234014939216542170033228689485516755450 0.07668760836492975043743195695118648252440028534415178613471563683671693973914194048908854742835905040514893345946452137291236803807849237496844712262303144731396210792851101305610796195794884213417942909349002095348832423 0.004015490421937490973320889768236475921634145362643579654666146423656323386066270847021576576632410650877285256372307727371794125141991322369393871217677564327172220098130324794564665944401969553869536098970968354354914941 -0.006786741730106994247775496406256031767909732503237592180933191616920312190567175833508130743968078393545237689683977449632538862459648976229418930538729958284887394255162508351613442201460878531627756008558535799569368455
G 90 -1.048275089960008078317298345263473325508084930993029018201415379373950798482231470481544860819982735548469252351568382932808720728893828148315440440665333539442866520412537853933308305603445265439537551327147553858207870 -1.035950990001631309039113681152257333200984572112768856400019060662958054207077047655895767637389372182818490772652530982061780827133607163928723761011731826916572324375321130865179042264580478408140585494411438857729937 -0.09710634360850170135083614493872354280306531072650869261085837003188062531796625736503609640117484282590254115465672326233725501742663995702642909706383714041915595369455858135081156841368126333972799156546323303492680446 -0.3356983276783576153773486509345577683708480833776866860072804006775445551456243941428422863721673047828697982404223783972223096419680665331708414902928260760259354200824923135191413722371727154012961101011362089576377001 -0.4366914602007400446723817527485254192998386656139496251680050420080036386443041996344332210525525266852039489494572581538659334672489950888546589666038949754644171797282937080081503821151182058848686965357552971288890410 -0.5790756330356695040256015957923938062232110566548101265967684944208719560701882655344824796838109153262649200779507558593573691042091147595757645695491903263127267358451627416124600133777537766732231065291823873992402576 0.1908290656128457886279827656713081658915520983993967459978907169985322235280253390777743790136843924654255713773113100995351881508311157277501507680862415548213548265126957874340776138297179712652022393719257818510482400 -0.4422250832484386927919403733858868690514097271668949347234200020320672191783130224567159677421732347586730793808179955732575337831100700010669044021878547332748507157325822836096712753290162505863601718529510333670682968 -0.4177346814878961951642258742717792346171920380263545491771308292607600792028413622418855370175888979836748854722083115575865320943970415121520385249733880585979289870369605596880324976796766726567079510896429977552031532 -0.4589534899104502618265786148389048035535745681515490608188047447728174766150411814584203644459798160335619362138906730893118454397149256890923730166153035357803909779369275548347623381902076910225897716069723730229719320 0.05256404194383138787858584972177093503261961201134600709707756183604853952432434339485945541675516978224459941358400328701341992671919235047204716983087433170421222021287021659585000067825478004035727950373227765724042326 0.1107817854186974380819222557090167856989657671700705757775761257695839807153167544538498330577114158513545978834216227359813910695983487392442990373563651342117699221860648583751792741055010342515378234595701367783216839 -0.05217862145498786200740400121916885748300415740246232625682784935047906986808159306689388803547159576207545167446183654759368615477125289725463520443348182355372401775449666859708847404123187855238494907027027096673573848 -0.02130763531359635324710869457370872040948405382523995369039182481384184576787001917958126428226062684470530285632660189994154481585300183700776487358655093583278719776891191522367084973429853101510166960793261469487852214 0.01832978426742738670843129288013047786221471849487545618800569182585077903481868647780988979129210299198991748953252869788501757182739117658487775274219482244669808009269099765485209843234102695964759590191382895325558726 0.001590312210461561257443660941935828856876851611176039099968996435168537597170849393836156068187266852016570064520572445891764987094983490968295126279442779516878830737965654669240560354614721490533965564314711280827986143 -0.0001098863143051481072370725174225210708208286409585441262180172171989708965761799643899281674102200898276384303339219139127592656015380950035195671415828897651131239330949327675585116980124433667971021447030334472432202721
G 91 -0.2499075673328601893465017399729799939431364277961999614809882046143725661297205955569915107777323501571642469014055085255078459870607933396338376171233448604378328081536839722121545347921718511384244259438041834410358473 -0.5561890972798661397435963937856736561885331934270775448699671785435318173732792476088386876456772463523280364863501531238261725620736248770453063174627804555644876078378940113918519625678910037655717194939154948672158919 0.1351960223461099147969031860066449516853826403579192332363755238262020405253930680628983198473812447443892834986062524608566402580526888463162375631439784516524553639773048173580590425194727024695207203521838851147037305 -0.4692516757502539188245344702428444310981060327475447690085050105935927332696689122580703485915930836210802102688506894235262702047736476341918236010216365631213159815456028563582787418988462985914591699932356450028503465 0.1652879808368579570108306623818941288932126718305606895917370020591797675142943165724980166666490147904499973185817351491808073919886219382562261714565368977410524887984087908772039759998583865880060501777255276276773895 -0.5437576248678993942991945490618196479709636764506190653068401281927819335105456891697355907408325886491772145359514319210171546097147217941723798125629061949504968446851591479702994128663309451450773266910878884591988960 -0.3842833428497168939714153624773507883582635937304787554092068461330921524174165119363758855956392643655457612092083036233882202582253993885464614364932946916285195442334655752005958034724749776087791862198468192354361941 -0.4499991500621102289583547762298729152244817370474358280673523680502636907381910038742551980461084826582552727687900162432423136434924523311872561410505465536471383555477049870514942618254353525825527730188504505020973896 0.2062220779523976681957546085937237948508157094375169929933488039160331507108702410648576678449871230515356570537240250032835982236974558758363370007988841706290422350422700316207727325841047727017932172764455188817406064 -0.4656208142076595039975583933025147107038748046080284041204912654538117236771583215703008231666666485130375628735382204495218257412083268248656650584432849068497600573906830443491670559474011255295631244053096927206766086 0.3395695328791723239224345053515175985935407003559255538354531138959332223440081559556678509563262149285832633818395954646782660407083254953413603874090447068702938378855135776783248509545976879185321020713955640819102291 -0.1207286787724648739042761781249891771230785209117573973877439841864082980492262452494531297253985854772029440144306648703586147211469528884146436631459372965356375245518920607658828531184314660124387205389590181297863475 0.0001903073667050368217614765633595221913655601238703782555258406965370453989777278510890816104020346493031394250452953077865768479166233770355253296671887340058259835184952351809822046832402400934170666125530525702027847441 0.007314151230680526767450856418688660012687303371963123206908686781707034991363531300844165983555337827558962979687929278237136300995398013646294368670664311005943966400264057824769512393182998809729424444940996780310757750 -0.1797001823403558807024772066275783116622773782029569819871120397038096164291593368590242981162901972343122720707744954355716563532734926725272672902073948900227758661629725147064547938764706457140941220535626569009100623 -0.1907087995794237045758490587143604274152615726547111700290996541835740390894844974426929704325136980218098272150293079253729587839950559086925382811365752729461824635265455713517729655617506937257068659967139061089480317 -0.04510765995417504312677022342715232476286885542926438202703196749637731473565315141116237587179453171450468937424686702608889265762189353919097350205636470789852430878814187954281283074973963695109860473720268656933871295
G 92 -0.7718167766541704057223953702532116253130032402782765559143856047654154118418213289166866211357587200987583320290341183370667774189915266069866878143052454052720983835230085790364118112062950747669208978690684856233501970 -0.5309365568415868829038177932103228335062568186149564138018549276558064229076327849470277706344282799199755797090095004108806021492102031388546052259876162810077076399011157758571248649975373882966606355139533957499238135 -0.2141658123569969264748889997150050398750798025413113885564644483187377310223660902063940061994623953499697148756632728982679716722892219417298447424356085846210875872912350758192232248782679587450102211400951795732262352 -0.6482870938129319940895514333932276159192567385194178397280283658375727452588738625468877884063032661688602560605895707741303273879443222730347204904728328837797210351142494878024112449503903053176771096344127123125162200 0.1647657279397849901237936267324574361221102029021424584649861022101322562249680364474020550035235526806995902604445997293870152894515862143925317911075653533345842013259344315058421405212858049296372004096664837718130809 -0.4694503772954971958617870362765575070855372125552376125507034731351085627679871556586342855658187023901497555189251155519775250446806743821430489393448604774207615990503732509841589063415796232700167021427410975372543785 -0.2811576120101699885724888815650736156770491973014734808635604240830994695027482834609553488209628588173554896350395069087076202811361025738953122586695058741208143592416353202914691063266137351610920710960052030899012683 -0.09654859913580689930714905863780299805016346514091200878243018255552222169176755189257316918967537809149780378016490846709287256672760204764887337361743616639764750899139781949689818063371976628865726280225933356325210442 -0.1355179457870757643370449308137063875356218063563806692845962931347048258066482866263697925316637227496698615086912130961059861963352529966327467954408914945826162427219967271460199729504474410893515106205786119401022324 -0.4226374900141736096660640249391904131580260883587686511803824269268942470727843838069092453768566921536603135049733855840339039831219175137197426189351142911013442653292995745268996475091687561200159940700434819707825903 0.1698277187605185040282663286903129144699481724879339713035252114613560520533075443953844813523511767250495773855609272229984820098424561296520313429773331741643744515029426099639697664869118790778952592373125211180170694 -0.2847334648586356123940803614488433632056221778391383021624254835595969223259404669898892846949071472828994127618097238062417484991422827638853692778674051103210341804428959073737540119732107561568296393646693923241338417 -0.2124659515653967718157298330499556568983532249626904393576898614073014648306081091747419427495267277329855371014862725639243330344428287661354287186363217297570314210078904662448651496769760115783164655474263024217923129 -0.1813056690756945386609619403276890940156719632194112892109645447321798597508335818705673041575921325822194885028736392301945193332568925044115776886162175488131376808451771736981439032656133191516931600574396116271669536 -0.2035135407484780031814990772657713492361665156348675847806824650755155282368162475375445796888794472490156227355903971136626132095675424603888052716137837218321849387642399363005002180294112199765944528579962038143929491 -0.2067748028510328199077807036214271185051629528245605599877652245119865919158350651622673496867807816805733236410828393666154956581885039679229833727929080296223347637447893840625810965168028501317782148185075595122073906 0.1943669794064923621527946764124655582083537231053888269813283677505562961301014866456010033305131441281597235070211910903282829357517554907222806976184193740357277231463816347233605741236479913037822449634968981289037554
G 93 -0.4378288947065027279410115149841461836859655667505306256647136673716699845609030133647010715327468061853516843358090399948288708638058228324389907698359681052041230459151108304706580643382078343582080048137672993022000162 -0.6643364100449411967578233291346533002698994239325344896290340945866570136417624795172637941508715419273400114246492214575108815160966903744101180882411446067392478822390211763405728025071133842142088869940080127901288649 -0.1909011738419171519586883894184933288679802190837646353021026782785880697716317360776095485246154666892110838329122102131536864231299997581148253564529328790718054814544362005601645326049651132308125099775822161867910335 -0.5022240411303335266920939161213760249736334841720761809153168000008767221124495797370561459334729175399564058640990998782819137553407429407753705139104554044028683901752613300045285259475062999844071665064956049611228826 0.006758140575768236558178235384422859259255676419202153659865024553912429075334139651679517718763648980363607862858573426703700513538076043252752445227606128277620640532836728624321101912931514898250604252265168522656977301 -0.3671476291982978948061455272244488352742073717989650801029171948920557288328562526505081636031430005585193322574441162649595415354906850798685785320456233225668879797776490313515563510395795124999195777665185204376069295 -0.2495245053639055103702457067785811892719808772955886691289147706005453656185740747151172280469138957142672052834336025575677174519822208449585917542463864641577650375166806690844251879416898649183236021461513437204224647 -0.2179670295575827245671186888630470849333634556303339779226805055855212469690561677412119369487773871441779051484874854516850479496311212526324644967213940069659553666536531511621053741533281939921261261047500692183331984 -0.01770659067238694450426074742089261531115497385221809529405876115336832870917488129522469115187160005188047276960689854673350483899260703782668385306178048026275184936352370214913241776050630591620417615742865602548675951 -0.1789201437631668999717157388271461184250155330182979218154926760462338787129572927578596988757264116967096487114540777973646081024003361453104353065514165619161724858560735712047256773939047545671808034947243119243259935 0.08083652618569671255782753991345323187003378036802163604647819008193840112705978314797823505727155087449649754448426435341095725864500633178823558485918831014070428413799753866566641528972973028764747179082374761003573496 -0.08747903258210053669555695821607641186576614418203647080926231954416723856280507680015288148750164373742985919917454582709461564087778482910131510448971729433164344767134236581135903284597109433701328219859906520811696671 0.1580774728009820744884738633259175936555305498416330895444032003971986023689850973959244052987246851953250896714192294973591068510177176855144748337091801919831113283425289295337966270937238489543191102498718927683520426 0.009766097182338618620179924963929751150542712542759158220611988523202442057193153108513291366709196783718158984234291089288402818823479749177417536637484439865110548659601009407911582770245035337542528940895814755283563811 -0.06069363539258360561597790927658485716563705162352462399043629324368271909384012560755105254850308759144410819600241538139991007395765421946373462961248092317177510993622425811391808147590998877260406397401764008187580051 -0.1361224268771494534677771785013760437086669278562930458455970459471109905730689740466462743014356728219959377424231557540326052981252564206473019745989388598202614414725120911930121299647042675832706894952370503740714883 0.01614328800814115845667805926934292188457508884444645190757034071962475330636523306489795339317940366982194250230801436874636301760053469615103836521747711311042694882088441975593977175986423241920825758549138613921126122
G 94 -0.7872418787781283581481781808514134072546863379734665132701641300213671095527109151280707832741678879199317951699863766197131168029023437157182660631826070304811844120787880717938825005191557274576815157354093148272762408 -0.3341309387175822493656036731370372549290839638905775025225975305367057042702802210850159090357084330650589651753491272586403126558497907575328024044060848334762636592861139538959657368596759248686410822336912304419559399 -0.4384034213956813043611968823456319069897338852200188988645563622913767101401910604122904131113603324601299186965493685228545421938954691106107178491435515172880981291327259027479687096596262373539895391939562917702967298 -0.5907840736074897285945446275943361190182949618170402967984022517308119742802248312512343420013280336035264799559686699608060486969515683985734871963726417581518260042370602269568675284427535323331977021182272900485825741 0.2576775614867893961130790938650884803106701049846791787659363090463583751599996683596556407895191507502887673237447225498844179371274553643775759902824321441904055433722891082504098662913323326632219907288324475677598263 -0.4058135206875987899795100255672989744415277386958269326576531446254415112253521600291285553391502860322109953796594563115566098766687550963382669343478299489323492921616576166560881648059283431186915180353261541942513162 -0.3184808825947980660173919794187266619819065768999084009323349308137306771640020939625946770043186541438785821770110687575981550979562575404532670258558006001527648467618797578407660908002856672843521281956353101176960605 -0.1395109516024841018022058023839719892432778190237064868118441981894537647602288797228380718468345032398156385157674245905208621324662802372839270579358780135048390608231878855008628080925685359271950857334984250658234473 -0.4567403770973454326473193531445887418232430732566859468363424246477722478043829176446639614309091627830944063567499932382084814248355276769492005462334825265311781630414404763965159004317528572964862977730855021992789668 -0.5088559749799573750929914284326289425291071557012688308670715305348694336183638925460854945984726837091172957670816561902406323801418922614713561909170651742878099995199987630462663074529398216024569047696320319727760914 0.3114257604493704147853877613218691080264006053668713860686778890086424428526498295527356111300561403805087293244817529886134904317047077726060120469671462503792782808260564601279030571502891523767966984927028141034250890 -0.3130722892941338897700885931038449362516024206720430870009252885180231758913885198260222035075430372447419894915839949151153628145928874570788969463793374993061166837773399261008183250358657653937947084340158062220295115 0.08121758909926245980950205199412386996013450198054935254757563094695682143248988120034859367919442924596802668164707684922066944207776513419164057897162426449316781305424579342484087168278809606571232613389488133084325703 0.08962624282154130482520800885446691811893990480519607536635579906205596090671484768843353795932656643712863320770024214439612850234896175743829539345062772534956053145252760322805248091042920287203662179691199649001948184 0.01986368644936032375410119937225255735154132556903156412136330440636455402154682071099308454062011478615681224659594656606041404115296349606957056912899726590217878313443442941014350133684324806234095089264264267108337478 -0.03843512042013230136315342388272527177063198108262740412984788769957208966912200361743355610887087128175012651929085111721595685953075893955087548431514132563254142063408382954778645706067643163666779341332759711027477618 -0.008588734854599848612949477646918700563820440421286607202729905278030838223764148703951540658502469170351716764283768703808141694093703493578730593908228372132430781492591681660106300018747375127041936640189558642154661891
G 95 0.7472069114659262079695752940640248832219146016769113301117378746067291953324966022515533101763939821685990127650543379578897258889059240959179831201845935237263516395460640559502371675769188184063090361248357856982468395 0.8327791405430057256899965801874915526488524456344139750267981121381949181434611489848808312445061662949422873224798335557856002442478457356672875834838823532993735359905208210252510105068194635359389981326229478662808237 -0.1218234204503516640793069679365556693922667624013138675227563841712323762625569404013421463559745071931303776547803069934212077135833108283694569846223944775484135487217217459557769203568308628801348522051273992996512865 0.7747032762726102102030783474922254532804296249344493470623757730678461592400921486653180125467681986597156456430641069905924931698147266853997839552372855577726677800536951509829397270499739357426192283354822439947263981 -0.4367884613654849892560320684350344936412586372597800373651118112914403415643468139835688066991048103118479094587191753161646610072521168637725886604388740124597740532201040770218237109112638146395021433655697267022619481 0.5994750381289813921634704557402561574630174983791821061983320337253228984054960872130490582178204359152934154740953286012568796980281417907483125437989292394562544900770178765763393875640997231780610171301269743004536777 0.2442435695992982934249350445685835227971385038981333559790387983057154230852211661080957981066622312278442431651688876562147142675822657706703224408700890226298953068823938368695623028371369302243589363541243403642904624 0.01391528128345595740259460042885463819420138832635072376174977048368210793407931900354578261640341327183156168838610733605729218357031219133264809320574382170876468895983481854970677476948702902385089464942066184967402544 -0.07216080443616145065378064987028998418201036280435929799141477435394103910723342306355139753002570201679983767779025759287487603572786899848167911692106434039962366636809680387877873613844341440321125496358114618428138972 0.4169758793774495883096559914515643937055997310210773043684672802908977192099490159222076963614206359847285303378783496058709002056600209028853709106480179234772206560304566867558612525947496926858615353149462277091459487 -0.2445166158638289708035990536734147792763648531983156779597464932327624443668523771765471727306650609776957857339797092866074360086633464047952152062524518919617239923917579955961963165705053296500593724529981257567885159 0.4504958257491000358316569334906007221982575310938852204829765062838578860549577504074846726570521501997859290934164637426022187110899503137833118125235399693595240658728445009755472141545634532108715232260055765177078227 -0.1121768660971617093659261776012791793675138254512859808684265551350073831658117774089566954882612245470636854372156938040215693239292203159444666926581998364794774011990038739499910974534556415388987099548863515005902214 -0.2367975416215894876068465634851179023502720777394400556287501872066821737940114822219558331434168966774505059978494564878111315950648783019467148865627847998310521322134514815679553310056293248319115762070618672784737333 -0.06689632890235283745658795077163043450882112024501429107302281226636271733269860531657141559243212442282083466265255511627406151432218745365152262741278388998482080899711247496911991761800771732714289229880114933686076146 0.1578595835861681662306938276777733557856907578848412283881375450703783457710102688376832428930151259510406318536759840154474718908212592481732665451938405207185669095137754652642086775104061128321560177768783027824797400 0.005960537780892058008708723695211502948170472459315298032253763780624499557867244599374090857887525998334515069630134832644134849166182524856199123836868755511091263172576365131486268086705070253520243384751136543947877534
G 96 0.9880014733572286825615838572336753659780225883706554236240886760527538203265412659060579837903966408948970329334453070519219753968911546637358773243061196995750550240225693068516338218103019061643429845856251944278979742 0.3720230639445792491013376821540571290835079069727696896524958901010488949771383923136262398028148315107380751222226103888519833146019981013913204049628519656207806011905773135513938202845974229842580582586265832842817608 -0.2624990025327401457812355592778797156648784120056157516787737521163363952507329449015448254914115260214199372583376482605660924160158320985567644254353565455869900879040303063534368991762347823658105165479472248051427333 0.8350537274823737343749245101613831814444621109788339959473983219707266577350207167149207740354473871642750027425633721572388488380072235111820258401078220445662717584435583379969365357547017243731838083177574447201194209 -0.6523375845995837291937198575723134322135889198762353483179710919664409244533938731605504091532564958964808800232003553344152255786014960715114017753636659096761812275753128734085473063845352776635448893863288374220463738 0.6353719568748108918932607229076204604440846247908162483941821727179867078940767955386835812876720338723152262657306304371982858331592703368048513492881523849718795444517674143168722889473706477290764517634158897373689825 -0.1021198381161694673260008822429776039784409369862931856760592773359528680258109442717617040192160036202067286465241215921704240711153781509684306544767034075853295222314780373975442565889146458026038570871461807359617211 0.5092558856156313932660813492107058149529252998946685116971923802330685664860109041493842149255367287079031508178356615954837338469401806012060554297326633991589408149460629420192324084207634155329254212553568991862814965 -0.4448643580931701661777431893303829070330174141341277566171370317028341905433320259028074793851148879470390301327255025138465956697269960861336607622888388560274178194146478515785337453888480466345445464848211311245817001 0.5225998506015829249390602340791681156991165717591050412330660066847166407023666638398237031266777822220806198213287234460508972845766027310046547407823050895987690515173513529494844748862736400240315870563593559618116258 0.4859047514743386295940524112414206218943193862692531808074519467295363070416998827534686113364999759864567105537693095980292947563937131374411617345044337637262531299698357796086587913710626921341463095256747312411298004 0.4131283613226435244065607146058732720460063139202440595419544239212020090482192212205805282437239245913289913071013448381647614775996253574863862277927068635292124491638308905427954648221771146111457681454890209111068907 -0.07912464535121566198760464233775095854811989530122485899907983546082492008097696064588420468856074406084727683293352580975260220217305471147650019077668425102145314347046223784311653429473836587927561537429317784243324429 -0.1877853224447149609954815926638496267288660884320463354476770370744757146882040529164014509459056965497790783529440027190256988068323293687199103880776571216013779772945815809817038180381717089686731728008012801441178929 0.1463416864758587737267208236886356983944863712185707273546624125221201618392565902472022069643812674267350012910919494089713161725685135052695261832493017905312892390780130347049602807683168984685772043747392887138514498 -0.03749407867381048519632196720556784282273970861111624254673525669115614543516887572875878304827336053050986601520848684946729234687360889610269501519802607891717881225683805850312001046646020091577502354326890976945549339 -0.003437778964962076174188024938052195978505663568021920815950717818764512270915442034098527189710235928831350733387588502447002485667588427482280961351400419536070671403779835862400855385416217810700997366556063526294411112
G 97 0.4154440318166550868052468008591240043656893415853555079167106645228848849621676728733442021280432589022986167817139271909963249240079197977521593476109697880882767798434597729741728085983941971087816909405328626270445816 1.025289649224290462410560731884612621208988624349454712143514881933855577078818762521752842261992156524142099312777054891145624699472882309628714748888918638949675205253903676043038887161490316876753243297686207905390979 0.7700746752064297006000736842679674268100830561150454043792799242452046284977198532698971950797060407840306746705829630022854418496357191906291163559230716743788941049144577735887013409509200162962858837259955659948041529 0.8425606382943313751020760866511645248280115434366594132103830911321751664705719761684631635358606255933732804835691145705444641486971049728659176096679294685946175770374204455175893467957019349448029315357972550613299032 -0.04216046707670463939630075862742870187005968026148701625455870258461621999115814615488212225465939139871695255492664742174366318223076479942640304961016076654995716654870158562754905467011090320669993483405409866624308582 0.6593820536515639724503989238947526969613788116922089282101235591162637944844932207391934464487986984573635063161712751241345451957901423566579710428052316677087778792398983567501072256284209893902655873194114002046750010 -0.3765743730432517724883881090663021084344478664893078352281268072017338428547639870761459338777559231769881402772716246837975703648711719941215544107487535494795098750134039613565925100014852828684495411693247755270620814 -0.4347479845584511139179893656909405618816485683389953731869580993589390354410931261625501324689912762945500253300282455843126895408870859269875503194459833977216278524250746750461343011758222635210721652510755171631814160 -0.2475709825360141798197751493063442149699977883165800096406750903839409006789800526945102995973644612961222894284466038190432119910067433646044165585216192954022182569632943564060800396153523452852765503615056493240562548 0.5124470718756879663049547180645616903369569726587450037127557142822099422472677634298431852008886388998163465764482821526426370617173023708188224057094084851133548888908735781597665028033895160734400715014306945871549138 -0.4165339145398017069585123627596357098257662709310013595022670613798157816031172462384240267995040285263542385311209976064869251072543881655153218651737459000223080873636262390921825508520512302384582535737758689099163613 0.4509469109060053897172764592560675062023906285652307978507574778607434269325399481981836854278438630104498654771292944499686820557690533185766454593157682298824028246737978477775586172608186653784037602266314833414476940 -0.2218069424251894205258416296064551925356321632186602709870792443957987864431496479411583604379507724381322304669908948643495424415586576051624303002502709828849341038995004139486376740667014198738144506687047136607208724 -0.2665991665824938908507483075738748386828286674196188510969017752738571947879408721310558591568176015467583466228133652527305817461074160714048808049370249412258810367867895235161679569554863376573378247604460425958620301 0.03145149776288950397823808556941452064863000510745183035910497684529769405443647362334083724382463512156028765569284051160619097155241136738800081693096979971090279612259798704451476874066195982994234200974991099976177651 0.1170627060554100184579845866539498503383158208334067495145189707445683492544466015313991502966694796878590091644084842260740381976645816887071355223419469056424516729675278906807707595284203125101392028299022409559452804 0.05423632581436545085529470600946262940141967721833562859488048338649953395520905857883849242977986976408185646876184675032919070001942738307611821622129636742772651629771008711699321024200430776322409394723220803895683567
G 98 0.6752449209932589367635472216479473769322453725281393694504894382516397139371640088482880442107116749760044177338240286890688819537537552905259811269330088711071150899484359609052667413259517341154189580502461784268459221 0.02384383691838375799935600721256773909065441137037529398021041290717357634155984409575078101256264787566940788618325625312142213028421219069453541951737651367849473393566606016847889347550445457782645356148247706488916099 0.0002095309398942579439724182453138088375883418131475136535484612004967321338232005167056353082235496031128827573666119045681365204564749224913900932686076218201447131337634993446194101399913764819287218834556737625192454015 8.720928194046889978548031206325818032543115457769883630949237441008536190220149296232544859211093345376420392854336201981396197098650567224771692831364387461271502508428106597026755943695381907011970357232239558165369888e-7 2.089008908840480884498993985102067658175333911571043598969660107093031786497488491876268452802335519353753335922921913783754313016966142553089078992360012010102671497085240347839340385956268228612025846593379213613374269e-9 3.103116645966246806370858348376680308646695386355461627454978120297151921206510440848607177316259658019150513384186492543025574223404585478975340811426876615350190220499543412213979749640829160195555493958570068993346691e-12 2.924032789069492916563701633548923678085747024241652825639143638096137335964838916988989354235035647224333661303715230331355858571651221033728956615566270650516990519553173032147225043196018255825058370290898117343463555e-15 1.734454366309419352097040227398210733777628350906405889136324999360381694604250121911092131530290106798965792160814231566940734528115696782479313925518090090508957668750922135897788922290240894297191796480645325866998007e-18 6.279242858377813915476466786193225884528657149145599826147216427471830828364161213310135993405737266368050628051720106624143216160703393818722308478895137796455580213696809287645160106397424769046872517973711341449434620e-22 1.314764451003873798441066896833728966988412507167393281988427084469871051554690760620605482206189349325347342438753353811164514880954767974641419745911398535288431513398513759052701512520329370512996428197465326993033697e-25 1.467960456881775475024051176792112964839251611725385964794385927146508261757188620534481304296827667859925192467514438396366065884838640787684540310250724050044705388283541853551877652603158311421726076962801021632606503e-29 7.758466560822817227217614858474110086195018071204830495574546084727509108972384893792912664127262665885778257437873910576169123415872839048211883317137167238160457537267139479804295696057345658494683131575933700370107282e-34 1.625050190592808471523467245470546835491496607453817630193067518692514553703043095730434684486731897650084786207849541543283657347704124427093430282947550159883082899369785682869214247643818260867735346073339160409941387e-38 1.021295851252957834635305199580926021368378017512624157014964511081070937654799849451382623546833149171786475421721871692079075895334932264044742335458379242879056978494562013996856651234706994458170325908127045827738679e-43 1.198868910525251240721336459358398764516498550559417506106445646574074443096562143223203131651380307759075981716284886840353262164545257104100772485498112315268584453293333623125179455944585499293162740898107348323750304e-49 1.035444521675606614804052978720188876685201736127384331355054355097823581484280647467136487010007388454234905295294124639872071531396945399136186252391017292231658991129358193395747534942688423446041451629074307993101920e-56 5.835965296352767578372489871584813190769869594478980387230839127177063821320606760645100681689080240113209392269835985387995191112741435591019328129190208252528678116089214027092916569155168036899642622993107918427077845e-66
G 99 -0.6385943407700701885685443310693037781265877470486710158514766768965297701125403607078815313489852924534766238553716029826745029497660889385007556706240458593685909250289426358158434285046471715111532079482478552773168632 0.6449501442085052388348666506494434503517992204910079535601216288040343416164828619226080829532985114310684742032121243019235719130097271034706273726458689550109076659637170024933522182283365487848541887760551893146985015 0.04944696360253961019701647109730886421910185320584947446761077137652697718194965744460327098629528570502263446634819615243756763049720840014201618381851444280319988786062333340719514223545472658226720646290028650487477256 0.0008550967441911257455903132469893291431873390036183958012640872964691487141878156494833364906537694886779572902494858868006752617900132580846976337749231571710759163539973024200456931075768318682948698790214772762652763313 6.154734457236361232063328825140101355599176069231376037918141973927295274273860821666466300125738883468295114505517034254340482010652997019803007703110913489327333136705318063724698378530061741888977168817738939373118219e-6 2.281777892420031491593073088491379137576760017943755315344102223484845409484770524846745544703031982012160777204316073857106989650988882215440049748762842636295795162237917939410514432530681362502440135282019640679231622e-8 4.761694781883056531154827133657457842902853057088669597832530369813818799312455518598864163259718910527024142131779353135586816886548027817885838174672141623060979818953660781993825240014462231236501203678045753492622409e-11 5.763595569524819121185964394454141205061709396547727046073373102530687632678580218851194962104372743083026780531650357980990221866624956560289138379868583781450573610331783734536382469843796133632616386965590778411381876e-14 4.018830469832866114342521340749272432741799946089508346218333087056413932775357864932199239869918835021080349442759717113124391440077544932545649004200661329916028241425553120276433600319431109686285521406436682493075745e-17 1.555876751740075308970355166365615036683232448376309248341862962019351120719251894012432113045802486532719800065810862809509858714045930456635386988715119629954238717120422668620042034499499899091494059019953324601444106e-20 3.124174849445767388254764501115715693292215041716268762502565173902959236525480890603311325367885048409104216169118352780867131099310444715962859021317812526155396409169861565441741920093859994991646134422842750231170548e-24 2.921001298247546750306865503197549418400195579285202472583851418225882028128677780193320045570970087682543633122381080950336679911957678546832668905959954713469198452093489283962795290643734621753392315908521300803591794e-28 1.076403743440144746621788687796523757254004637664432447358311617574898880919737280129726153624407653441785694492224297305085774645556352704304187704694543078518473155232127396954929642708371279598410136658197650906595187e-32 1.198716952322284184425236807740152138111562753239454383683894583128974956446065532251288844578054799107479872532473581383739014500446844670189737095200841241931351482041585424471284971429269060786625761585445863753316576e-37 2.555791011310778674779709800579684008920469004313022035069606554331139554758908188339376245411583334562547900481463638363107624823322961896058160415173635759337187574183889905514824560887462705369117553117327379521883301e-43 4.238194869811522627442808209910719179334615373820039064764681995183558381975804192083948066480718864859513987391577124097662144439962883537662429366568127776697544968807430012109208693381850847987729843227394680986271093e-50 5.232574172978732898090292877580574020250754879782352028844530925483662748540478444495259286214774764295506681135390701424448271718130851111100048063021951973470671544265415014354470559730096791061489586090714825869517495e-59
G 100 -0.1283183375835426618491607694671678519200967735108992041707231925522415741073193912805901601239136163692245498683669558912910809406417963952366110480652026551613954108145020605449502526204647427651699550634293006489823433 -0.6068920639496113469679721897742846969623374223347889975903897259118393317367504987618905256928690212664967866283109304731701720444620533378539444120010599950688096983133518976748663413578348710333944494715523689128978235 0.7422779287177831003177743033958364254260535779979041880510209338265728452388718517703355000059874113892792387269438866786176275163542295092709205360699120658197068143807601115452166174898557822144723086739104908790439377 0.1109348005302120814521659605442547536378410068230715892904537969606691286610964221170917754211792864162876507543904975775690522001124120136898517753974509265737251768290031724481572711522873930717577199366117507805217626 0.003196228969048145928575615153861922013965513287451569533055679443359696508399050985600262635935831316935940697686757126919054001244701156762707758577257019067836175114511159963601205469931752440306475908815021406188766282 3.464563130084883012942070343720337571689180300270695262274217366337523125687557968130584049034773380917508641732360458209704698049231607402052436993889025861273405084431547078643863988643152401662536053753460870935672335e-5 1.772820073312201598104470317481097190732699114200610929182082774180558823355774843471801413334593592717844310721805659470071283814382613513788521690459679722023154654416923918624708931484760392758044449800515087509655227e-7 4.705059939076782970836816537713339900196547432332963059924505966096133195733027966320874328763774622048571637843079522112531365541634608799211940856718775294328339937914623084109284279912807407681290293561613535804974066e-10 6.670288159486674227230090798325825034611860177501193209337896352938005392569887131309161316446268227313123069640903148315487348345813196963625921682605016813605718379967124713543043623393062568620418642295525608509693484e-13 4.983896837510865976567756552149823441813256414032483871512924450832334287062121939199046328485569025430927989092231702759896653861938573329873772160771778953885657852067515198020969435987308700118999468181029575891800464e-16 1.864604958053544483928463249793151694465445546936319883471865477383081529428376518455642782935651852669610879844521979126092064101926233062729848578382630736117432480533275477159407300135611331146940315036251207848207009e-19 3.178967628933562759161208069717880346587626751254783211723585675418655232285423799164488147557948595167000266089122269086019718093032213509730060725750704231632077487812739532258098710752974339521216850623819708053203681e-23 2.117374339745113607936469078258089792960345256976118383848504736798092294857957853266519262475297866601507778674596934078098359836760618776559181564028560881132753849871956348503513908611910743721466252774929303486773154e-27 4.284153944822889268527781056331599766660305986662114255331408154293702786926044338574768957203837780816018909556769679467009800571692113327505000718766601061830475597649779782407951931519315481021135878719068187739192192e-32 1.700275422983327922262384935196425288464896674764492779964555295777774201137830429935716129714710947917066995863872054534262668996807922697772708084377797514405082126754019317870762348744014189991096851335304078059918052e-37 5.557567252781265683475954125142698492743226970631765843424301899469789634498499340179970148456360892787919260381272423125199361777217998300250906967274360375280965554173362678536644969397489666286251439274727679921257770e-44 1.554054295095504159520746495980531328736791713751163678154090705311548346218625974794203325256977910599956823666632978522150798858858410532812788316699940046610602132516753522032101927563503707803688510852529142306298461e-52
G 101 -0.8956560171498912855485351279451377044754376646129305433842052808869299855534912755511901313753348852807787853392243205359357559089738292335823108023566369788354690341349532999900614263179998586500499577344513081875619320 -0.5607022293049174165816878966313050386986356162151328774674690149733952752681342876688026820043704578059492798866476876917751660828597866360634924226087666576372556762165930629957042995626280862448900852135793299646377070 -0.1920135905548022809187597213813777805061610977394644676773102679412645744232232410818442291168703743683480466941545718082371638767939628764596169490329250272700820018992231986685139247243508699308948858063072109220183222 0.4659986891129131875242358400114532014662713613698320001554179625999134941619975314419463404181106128099599520042840255569363787869149279293569116940681575491418688965577180032315866516095127864379194102383221056649904626 0.1208584129661860765651404525561334617729238650717685104864053621303109042979814665406893671014441689811782790677936786027233014470214659155701410104179671693032204137629626005056652717044038010788710682346878527234115176 0.005158875011899202413451521465874826494022561292670536501866080273690647620893599815541164773005328046968707541319240756297863925642782778421566781675728700056233112381849994564963773762583772797250687071947148285167285290 7.606737151726617673736167129927496407846082761243299141810605638106082792936655895916620544650501346561144824265848830803352068574435505013934642657841177423632172489444811447765716011272639516718882501684935213295699128e-5 4.909187329034555274165899000859011215848070050070000205069320735806318714910010402331349212710618952991619688800497118918674905110934892771684032930476313815527380997794184627516442642158694787957965502630217453373228599e-7 1.522829674794918301965727078526730280193118540315254634898586142950254257466635862076051764443745603449774498877706521410765010531778998552223961693782847149270642355873750344665069243279875318370732458376886010432166171e-9 2.322433517944880123055891775374681458105566782622782892114572029986655343909593941901255459768348197719012419302711567502968402877824226552802150428374694484467406537851159979598206965323911784175636157636525361755079144e-12 1.693764572836157207932727112727389589720493601787214564643150114020171854361796693798900575295185346601105085641998225885255378052221602015974970256130760478655934196184722895756829772434630658105260129589898047766905663e-15 5.471397922447933320272934078407462342856577037110043678229978177044561979688795580466020671636481923169496819233471447639284626206209884180316601690183055289716611305295098969000172882995020079740498168743167034501750000e-19 6.814158207239743793638861473456958993742215464827984202232016813010657466532108830496026792027972451355324262270542847358843839964641146078345774670809084825350092982353258113714076491091259979504584934860263004221072211e-23 2.584470884144656972160956406137023274815566923131121605223229717736533463429635502147476395282317103714903782861699925655034026958781938428586055287216843437220760742467210338517948483611603221464664169343093370961367979e-27 1.966933029493588532799599624833548458915868388933904995791884527587184770875776237104405399193707419818387092346714712562963319894729464825998568293197367898498747389507598721296678496075062460241048805724959461418007026e-32 1.304487508020741619248814896275116334942939988970189697977256339627872240044891488667120582539245491232401014339519021662465157766001091151106034532419053510651473131530752948673294647640380792340301077831935091646836077e-38 8.493966371478295168663712989882066064475772720014981829471561376660870875273850128390216156336811208581997944299037986261402666063363497941198037995319194892188806292021550247518815403800127156039922474863702338771254828e-47
G 102 -0.1720542227701681270196767881039218593538745598330973708264372199220681060660053194511649371852589028543688006591544710648263027049654234879111613196294318244238195447552241253774013748561123393628159242192097773581177889 -0.1961553912389847589427382776664793430755452884720958135559776096939896943873199717455370623481231298484675172266538373150111457275836063815843327701580347191129415197091824542197491159832819515163142127241785792010722448 -0.2548699807155321076098484002869428067968413481497777376719041363707555211585565210124346172612128000197591031121488259997628324502417251197311827826669728405908856783583203311424261721620168241372578323248765524192626373 -0.3761048921694243394073390220518798720180922724622471930284135111919752664437202999400250121558729118352880673451739988712573738283097433412027572654394018503549864826555463783648503643402400456040656200738570308568128649 0.7055756204554110185164457269507442860080363840662199710172153428436896039394573798736740292922136248036616561380578890844082625110000657678852748163564466757767925265278366651146784190969828952234251504063027715305911282 0.2402625922424319913107351390179719474445928916686813874228235190646584736238688278575473641289590389541456450846217483075425038053704597945973684404702524078846671040308253697984508187273564996846473628384199680973734597 0.01320724871333298253117742846328901759991243042911769226946044093562604285905712272979292131386129517199146539263616556791501155740225237685530416213805081157824692221266064814627358937310740276180364194344778713462225572 0.0002388392862415075470148521068439391365112174869486414683647936714174976253737466357686148935876766579313009363210196332476053262700681954229586722080317824668847688934148329538919426899474722970450719100178839259080532364 1.778322725028532857616713632639306264856762446425715115763286921760891125471979166834351665897087542379167164871616345309805814939553094030616968058250928312494221188617191348016998549962118208761361403854482907098016415e-6 5.918780486770319225274447070357508159598400723601113419455155454349671949412840249452178949032150857796011050235615113516212645968496021021611485333421939458590391866590271444421913601092324738268784757733644518469200311e-9 8.864298963503568343388966199899823159780962162435557916368797280809701447165983529141032652339481013429602014410570165611573582374636506645797563209172220008050023248072656586124043227244640500660930889945968546370718623e-12 5.664137738595329856427988041325647286107495976307504166111983329884815650226318513437316781975882794065824623154448345192084589265677815153841163053782560490783750991339887781208584270695977600736973609322621834385246055e-15 1.369708019909768648752654963272246820850784904076237947358930471021251217036919645982060218874753899198937194928990014704079001024617656610401918672822607577531165207578603918311304405804697746339646440643100024259383680e-18 1.008616074376561472162174697488024880061929150072610358353043318992952636729216786483753788023594901679655534759624661029673983465575301625326168797030672824360920327448369295330995183955301612233878001526707386001128694e-22 1.524659485541964720450891180277983001779290109650115895459218897594680633812362385409307916535316081557836905800335062495653112398492425502814015973450856376982072859514794726586913400889014375016038346544842655053685353e-27 2.133116682914097906236263929339650104260702355548037369890434397175291076781746539391481414446497618523633305189860315263198912881950306734898927652071773397071390235932514519197633510815634438895363727291851248873891853e-33 3.404822657126454691210007310114934922285966729048157091396343139141346203865549521749947382383548699878632484257838380961448840219806165698177027240563033723724241176455933300633309577603694945497405280429156035414873909e-41
G 103 -0.5648442445013659311700466689738907466369996738056407022817151090222734318752366856075607306051444992070739801946456881259376032049202355243085935206628746898857266696029417816998821738212595101826899965080762322531247462 -0.5575777597875757794647148997017045222176159476973740972889801688982952742485041681176761678189655051212483174939657863757206096532933207018614452865672541551912980413229588329184694362532532087923576312356799905566797080 -0.4133480280904357210892525086399010678959311731844787459322866757414874147533898761705726592139268460702088475285423038033639471622559813240697753903183110642897652523081776815574073515578535632167551162710508809101186838 -0.5386793332050396994749694836631715064460588697556222289315526993782159524104925698217007494017975149353631282868284356037370391650400802291621306724559926208561045184462286924335818390099362121777673570114500963367550320 0.1072369578494263895466550785904464554417027418433491363278809710901400042954705864145742609438335562297696797886194266622079937437716191264134419597761646033952169036026454912084276204087672330383148747646092706575741421 0.2570431835399692669904365761348586471416658728837473618186526172602135136936732840876442483826152528840183990321148124746084648587721485340804650843086602100401639605465036115081793184957608111850382202895793788245984313 0.1935431536685750003679423907609960859613817044493303536546856816947125725933415154794903229445177365964351026766763201932390736517172152505426919941603868181475351674949121678699561134533684347942415824046091089879004957 0.01451546567751646854409026625554273784489022201214346219351954823547603718992764962251143893349131293295430193668750083836625227864614543169773106932014117258477970221982908313030761250400174370742582730105897345484696620 0.0003166468566072395095002540769121093016606136466389668410730035144101554421006611492816064370791227042503490436146573241647511781444062102911128385887277858900511432781328347831468954360205087732774397995334375397550826660 2.600247863681456073097782115289208565429986816572520377464859486684497676623201276371893654093147336757308033050373400567418287039645713737261801605093946656901606181034442369884722209721672913107790748490589722028143399e-6 8.700836681862769283632661525108240414677275265097082258008055328381796090121782486621354955502860557097813220121768761538230669972704131049647861269338453467681617901982523596874213130188255826476740122867634763127084651e-9 1.170819529872634533878168828259625358540174460590269630116054629035972689975333900846552823081280458364331109862118959517404568008590850564087257972946500399780750447338811858837483780938784334517995474284440948516777697e-11 5.775878426986407841959559190397131975878466830547194451404432979052271775163683018457969742834554025568316008237857429390385117533657637970963151342086745684831040318047311643698640493393685831469427032234040344065943402e-15 8.604047736061816812558423926087589891471646553373426368163442043796352260828791444880817988328120343365769130032976107778305801136776557798493828003412603101588826329287993667752868243695073205719776642698853763202840075e-19 2.678001987984821272221908933675519841526839237599390654685572136832746937784185263863126187130258302624159336463338491772150548739836362942496512074529506446514754893240673184812822372237843577189145495311222749140391112e-23 8.171750066173880088156395083696821281793460021585055125160413396943950788709900485143928014068157583254745685317545940047045109227987432690162550414059768431842694717421090768263793675961723147154013399339749020930946766e-29 3.305061196469721945683307746892549675798712329331046762890292004195215901596395722392216820872470103904149195076807550211454245017865096689056802734719582626323121693920346450898749762041857660640150295991057319714521432e-36
G 104 -0.6078061417642983916794517265739957140086451696619450805437998800652880012750688860794460199359823222945635355726047612818610451584371630457945683530062997891727351612778873504538459728941783668405774732143145261486406217 -0.3295202153489351968770450022180783670597814057569000201412308390854278431541211875283548853028406182964417899622844792736764321829819199453087992899152028108756780990571754799491212320111002644946984856437465613236721595 -0.03613625991422648035432177840499572927845344246141359875669445258894665210963534267915962626982319691901835317991196705277410095509273136409714154638235669994662355956265577901055214168190706728662844725997188132915267499 -0.4812794982672580919319136320884648453387028402605405054142386656214231117317595738953348159214559389901600210878344519830572787430240557053833053260608691320929913760303908035149439884362932845646888648332253264139388667 0.04467750807046482944344125580644251951874185891055293978974830520610229435567857015409286877145179773898775291332141516947798830066040904295090689412651493882089780765078962763201384133874701117257459516870336321020153581 -0.2624546779466896709231066621363496127108962133126090462120930105942530449339474575991410659429599164091458401379276812779984489882857873629651981926919226024771068660470591973046620728725160127629359442707650595915519524 0.4035632892933265912255883785443930137126331064079086229734771626344057663689104406333100543239041921011676315611340408728850644038040865509193427106369904801445552458598588898722294128831044664601974616952403054269311342 0.2851592367075148504508223125916061141294938168609203979829376930872944605620734904706337532450340472131622879986294462665895442701035363202787702636084470040910214210868686211087511851449850752675741679748287083433231809 0.02291949983210080520023978730054378102370148201169465155440779418696051451897170113171105875857802748324996807111989552062302143695140716197627838263400487879536921737251245646005500097262461024245460231583975292073234642 0.0005237045901899631452850984777853426847813146509267013818391132573635112526034707919628140311279023657701755252115688310752685558221228567106821479689066927389033226092667563643013000796830715126211175006242706524699837852 4.235535354849973593274716453152241771568700604718675384167305171742960610380623303580551891637063504901920600788356649217865679469831243633035714973721136367346604231546708874390603468852168727896891799131883881469541894e-6 1.271918474650731570859473449319745001866135173433634626222729047523001045800458933383622498995544096777812069516531540499800595331973787284846501058229056179306096980823297501504441407609523821325172107942254855824480896e-8 1.340923776215349073848691645359477555835931990670777301333958809986731994618455483600642990568199664254212278177626125015302266319281132520913962985012258619000650822604990211465222437627601450522281738076431578713628749e-11 4.205248673685499816770734323838588069140303848952195261322596591141874177402792241792756937246160117938840993513652143035787001361551269402831888451394482774590773905318171539444379214333483847922289189464644341212208557e-15 2.795233732156985496110300163048836997929719691125358263657829539496470625878460915256881144275374444915475564964496190148521599443319253569984807313916380361056925545273883606079714063389877034205313919342579820998292025e-19 1.928508674940299553938635200769140829149329530307626286955328077308509918715591842943477469909749074752052685016961676483318418461697140484263844633162634001030669003052879656171807761819115826615905614473271004509895541e-24 2.056683447186202835641165677240073496302721377830035284054548616789445498343060984036118702390849157985628472478925322450061827581868962996912579164788802666133971527989385260465564899587588491274335287184340830697997592e-31
G 105 -0.4253975979638604218629533205307924278371402603723402966160821150371932889904198127885828274887659859909685449966706665403169206096040972385724488422918443399100420318688515499344562835813214298606131707185947487911303508 -0.4802097080529388828513513147900958347639511611738673519427325258429676276842457906262820284678011479283719179070950815419658066646622713616965667279024586749578406912146709414867271030770931260398781349360828010267171904 -0.2356144291317558179088908186046335453853719744157686482972794779174464686306915878166412698879835209803023266606066439398494431829187784869149635344115979698593998045273163037314544829102373685165879186227795805454716989 -0.4738684021780072699849680578106009916398466028539108341440091708358405701730014822529759754322735338034814601245302576337088233134051335260699081954658933057017148291080928129956222025211925032838183920015276367536191828 -0.1906649500495618769097367373109489257254171252350029310508069248890131744213879628717179341751851158581227355423914179022110176447220389286057718595515530657843134185393458265483130621415768652721043282654080772662642494 -0.3986418117575501775765063510819197575618682431638232010154993529409358059738122259828940037129942530033194344238371958118734445427804834488043271228835370356415749191551981998343022476448801151299380039708651105909410536 0.1029320995360029195680388032394559812169042594406992080258989372183690289886826341658527172515255508721497620634448150969002553975096321215783135218386339715224288604626480084143542746107577300705944797571798026097750889 0.2400925888064205828977097355862963062619635779748637738690503806773638257215293309940113834325629357734640608306799151784079091496550722960302794494095921611487332444447841514564784991116281611085054557872203240507560505 0.2883937664362196404998647940011391915255044378941067106681052344624139401917506733687035049024475577974374010471084862485613030928132243132312329320225750404906691960791871218609834340135183803699988666499503412332027756 0.02727093134205965396225793160955060593446980977916912108639748502404315150457179675226668204860230040003442685512550791270814213908010936514335663948953005372106958194748881031455945815453131620788970414566752186447582023 0.0006523457112254432689160148347686482763877656103753449145936769536189821769272843454971394711295818590278947184168474241252367898763354722302893296920816052771963535240843449736015631351109144102955017980890170894292993640 4.956045196635113291312024364889806796580594019717047096857577590401260121327525744959367271956929895543562871183207656385062414932965306480112996873750694615960930147645641985104647426673086153729049714147801849949367500e-6 1.219079417807648943451717240182600466606721637540926033815521769061926193263451098707020214527360601744599517487788024005184425500622109677278227157425717769499402779703266097674587823738355217983377847920748101625554986e-8 8.609456955645337262493755307978400943935232898557122188773968263834329794444393154553773910219924825065922220600394924710437595630932069651892950204851895299435072856176136164950752882683910779871157912922555785648388025e-12 1.293129853144789327957783832955951239379316706446376254349124902302397816517987494465021807622784452429935965467168548744889812319762578828245822903238179035291707507263674725158984148779314822151102055704620589590640064e-15 2.126458554655856304305696665838123456673888550096004171118009016269859204363936217957004363121460077505968470067112254306460607478824634200780874515779253049911466393188791859886784143921111875660240728372167047932853486e-20 6.340029944279768139591601195966602948724961479499122801635823422525044097368017938003989682772557899668453621595734740532022336112434422225922902522928855895696261902668098895124749771269236518631066741974975315268446192e-27
G 106 -0.3880118962382453959851086781855567958337248919916138902234467427876647342122085174982085832255178884248237273939486218961555147609075423188454803794171628630489471911239686418958487783147970655066792031789732486367382310 -0.6218647959284728785139928358395909182287538147614134499975954423698221476683401249538702234540519704205697197472686396359802301637565168885758606821710112029099217256012897916168834623456316845471715875129027017930649030 -0.3435834105598800053506865912171182135060766126054859222624004859068137040612254756258040362251078713679593771280890136179534236065908288803026280668659456874692818526427271092962840648827113818754136702548817110729215477 -0.3115745028347983689898686107696172700728205387097785895042135183186670627829669656828238074368412440564321756763732389848327930405803258351572602577185935921838781913782484968121599448136205216066397576112962627200370164 -0.1020048356365567434728633235423746842369641256053687254580753807803173169208551628752956127956493901735442490992222405136435296135725641259412424057781643132679051161090967095779484927841613989572403616476937750895767899 -0.4314249100175456243097447000924739615877428098178511607129334020715955779096625377806968183035106173833447091417254761141411614243303307301017184094524876512448513363043225797746174302578758614093678814553043956004183493 -0.07585370744858310860277882634779632575360243282623463033635670476950781661185531155741296042926447452546058813230869816667606023587534629283044691558686605937450740908242426661741899771448572183515563519166834363025353730 0.05390817309402497486059971015140869592914785198072266900351051572831384904913627543190223208788977780563887893852941201683538132589190623486094480855054293343888238590020159757296414466509741807017648555727045903329769461 0.3100072702063524316473093631317934290938841765663077588965274221874273839210278108671303418987515815281823548450697427199929889659596216329163128124766082689328074016394852140552212850280179504334490567751518138202966637 0.2843581142369318551772847701292296669904410929245250111741173246143553268105735157773587963357632231433634741671399275955447226480321631735353729704298071191501582035282633258466127538785453189258439048683185162748162961 0.02608780384621282557950079269408478293172659635595309511299028498189306675123821082980200557787923449585315502476686593695309127975169279572923731509207007840112926978930119847747434889864161027329070406358295984852183961 0.0005737574121665103191849634040122231192333025189296183155092117835122024639007032995138668667908675124787904668554761812903247631548911127542342258107606434479023105479378518239566073655719862624972323809295109429220414200 3.586552172397363105197019671386307339174614229857757313266160666225061085142936716574327190017963952551830806613059499411182063048121566905047703004613473463508306894476204853455643073947689274521711100265029000326853428e-6 6.058671211121483106556235899956692398736015352707789999895706213309064364792065332701875539156482897345852561419123956713887229060131469267361981284640403320285203717934440996812987583468093324474033183714447794879603430e-9 2.151788007358385842221550792529779876991025629280543749865751756049738790943962551295146551992241020759937697063727292488258850205331444409319004902616084830087837316871578723952678414365856997910488884532427052616620886e-12 8.735657530228925631063595347419417381431523400215358400921899705047539379225409411034825460118546914978824756997947966299413222154276590682859239415741893189022324821684009890145916454943959794391689137241270898748723949e-17 7.477844077804923156239700785429432405900113879761744617759130228201162652269653189690581226297432515509153726042153656143533795886029855559916310371466985908592888465172574003329247320882483520978812104420807577526084996e-23
G 107 -0.8511756215235087529286253809311478580907039118509815300170681419692504189997840304642778438791553122979618685927439536424597826530821524430535366392247269866163482489350535895031713980262518476468123752520195945757613153 -0.7217739646886421522988475936805092546282788437295548361863631901065755951409261191186950000051220577055757480023550552130132403437204360865473691007282064016885830270942816658520738366871015449266123124364853409213129554 -0.3335692568714114177179274736891997747373550536483006854494342170474246589744486490226269775994214924406420206467126873461901003860600717311148044856104388518854559536595899573223536680271557594795742391444241296221754951 -0.08509158691034333551439489724543185657914317262072100865136247958874576804161206028848619941276319395777911133001594032703082272832031946694231138784769763579680369068772919555918850737354781250963055159252216782078692747 -0.2263872351822932756253608848142496608855943054997629946155426354331794726468311991522063997999703266773057036449090404060585688919894842068426435273966155836928483058341837965906059453217490130728749453725934495554239024 -0.4262634601642231543870567328193034922040084782262411866175798238087367606910521712592507965541987433783235827933045467076110794436995366702479716698318090322016912049084258459987497239094753712115744076012389283283826361 -0.2280729911673527857127224023496505330909866404606005007108223181577029759762566809919413443317277330817169752070975571115749275648172529410157797622769631873740990361775753735333510682550848114061763741841152678607460326 -0.2055981183867378754837777244484062165099801222429834596947157700029846624291585075649012674767710731573683801024072840222219888176825267943254728300940299803953150522168353382028122077123409098619858722159682670437567777 0.1961154292431505186293255457479087818576054684669428129989412700082344479277637272848694150903140819980033851736938184503612098112685293413148705448662892806525333326617789068499325391941991598730674711158424165874208898 0.06893974305646239376216543901132465265388717630865630858581788400841683334562116332030924325356116761905328253935019654186110388153160925319645437028499823577518538725409446248256421142824774996994395946502826301449867795 0.2481584593037589101674984912429136650272339608058520427144737051256233951572774430754832594203643593630927561063461196727341340944297609527427247326004057903344287867431226393779555612305656906671440497636520279784185770 0.02464374465443201836197597942155533393334977470681401120602405295643060564504928208936009920496669802166112843506243967403345898371313275879898364198682807792704052099283398926695395440373585701389254946695999729091666113 0.0004847295681676699225896055375340163605640621307070273033277234454763047289731430728351767778540228946968612691766920846623086627693305641647394870301315038137803717866859748985056406987207783301405204018460741336074116074 2.232877649078500140088841802785893017024702929690941365734742883767217324713310727957686234468055807196810246448292653929072760640877140219599756814179726231255312877221834075799853299951328584762113614580020996648760597e-6 2.058478091845908415896854911633160479390780963337508460778688462560799202229855160707113833133978690051106683231496350597044395780747921830659286542494916615450839304858279937303600761719489679314815581342353936728028436e-9 2.225861453589394616174649420306673979327701461163760281530852217610088800871338308506886601307482927545559214734220066484818901726209770476983694784792978955658215405021728664852668609075888136427593211973030297169760207e-13 5.891179262060408925874556013828741410935489306442126458578737629141614712749839298336885018893794729721539705134060686865036192513584562616852334657063298361956166239370490311301699403043911491498424983359607977981107359e-19
G 108 -0.5123098728877665196499778426758770813329555854204889780234583360004032224149550670091770965002619426555314220823484280871820417905190530136957912290028192426957963138571582359604265088992945021072156635977777079208077539 -0.5724001472493797130687156072350461928387930408841005924536128519562943242923486414569489568088058123509622393904302870823377207699109436184998397222837760638807842652719408385593100802175536019577913953186440367056098130 -0.2316285797650723561714008175554174420573942182432646918701509990553981253211141515576461488644046881010069193821577356513297842392446544453589212605064895706490619297581411553399714691110636041076630080978541166736942436 -0.3994872324213713902303208643126428491453209658250791778795986727200623453495369389969653681845892807685370273979517678158996614828958655736061422761907871201509326488074061220032550988689031361696039569917955317449173321 0.1329212892792169589313089484435470794367621697903494501666512812534115063539548173938310184599911898044603429550711511343991409251750996802333090351293246466971839928888296999576660274903683589838156946486604497468382861 -0.4140817210600311535055546717111562867954934322092213442843453389140032034970251882766193913552069129671629317803019925556666218224905232427618439962270855615666780244123022823400478930089008414288293447885658838458672422 -0.1293195271481118454058233444219344892474889537660692428343256664213642038965725600040036664261730567528606256074646755858526351555857647601831242485517724526566315167451880597022261569686670190428190964678861856070192092 -0.1761843181390230798383760044879796868028329671607299385030401922128343921761215030105373369740183210645687030266812813201581991131626219089744222714941254872888183728633844710220758724832085392539362858662600953588478515 0.01353865668553421561427881036524719713831972393166236968922802019464015396115190414691930866358610704046270749243925395945197730311357814119080033617667527333644386182917789925021022228313136004608638096731435793136975534 -0.06368921012780423863096663571650646972223245570383232902789898229797428790317821350563879949124687908359057624877614368298908329025351905289379060617138887359218747341312292124740618585722128891248970151857900380726978095 0.2849052239638426921255069952710092968949856526464944993552033110431028968810030254017992883644393002103291718136108341384814068091954568553607301668762777917432427972691052895097198100062385503840205449039698861873278335 0.2737866664801962203101147468652732652427235672904896478755463709617742821588903470600105113202157003376368627679080874467085509561475608912675904959927431910934073067548860503331742228500687683292058497912490750290725012 0.02076810737903510566251642301114717626232041026994590048992829008108301536015815165479924636934492760905430370520313284316046423498184364545532514963153838728434683786336103489675832742208175457366399224351529159049718135 0.0002900315221566337871421140959324314718720019443716122372241521884476963817221248602832611196044333069124234650890744890419821084751858501613605165342401337015764908486110047882018396801559677537722900957665804357595226361 7.425117126042504357071427356895292343795103853252973401916671969761904015628269286929856336092762130543132619543729789462011200212544885416465225438464681531830244889457055394487620312520976349607207062951138908216375676e-7 2.238077178194476182716788583307631770305751735879507033839031898989489375277242366611993761234386637474039363670142123711469399894016403758827182367719559237287193237266949538568270028348423834822731464703295602567046967e-10 1.882440015203203521387705829735651900379836556110338647358703882637722995855112994537609476060128080095507911348805159652133336422607134280902618501277472264073739957574981912981557541583018482194699144994787034523440749e-15
G 109 -0.3816309203185171712778893299496598983993162682368874277467640934269350922832450396457482677023707723717435511876715369906586182880847959876939205977350965461930969084723430082316975914191961160905745740302720397599691062 -0.2693187240966683658436124582295249139063439707633414327205269637225918165228117860315477969386028885699000349739178279960419454007357889602099056598779381315966614352849687892812774492817440073795197114469486742181102286 -0.3039435143829486072311069332393576490629218587820635994713908254953131543673975236138372567967604196419661691975359042351917291901052403229274834018932150250346044350000706006925016513002106399596075932267556985860561818 -0.6811950621313118119001825306785237866185792465469816831238027577377276569512159018519304143919493495340435664944367926813015940058644933366269213678342611734712368112416737462288593069493296581925911344726638723651830811 0.2432932675525762804857070658464888046804063606667466593541532097358595378417118336249478818080309150609649724933999355551700262860884835118415548174353978440459582023951466047290018364073249883603305508723421427957621989 -0.4082875810201547309555263614466332503360437130465502258709850315477537978904455579355705506628844333399944434565377656541477183532402310766269104540279473182553576523552149360677690065806642926252320378172112104370282308 -0.4303913133114107510896961388474099981222786152707388679357767132822883662299155582500807901138948030516579313872867982623422776535827417761978052154083930544912991230317603169984384772806657634750698405193110611373228411 -0.3489722466599969599079085696767429544733014441242591928229547678028967478043038632911628037973422363339792474503971211876247297976764144581574443242898444536684607780167549032766682048263486179432985708306732542331696940 -0.1707624456189243508108673523669056103507238753473184537424717793886114531290417170913200890621728178405218335698520778778511077344209048406581965252455329458020928462511541948180611270640554893965580455881393587618280667 -0.3083628059402403026295584357079513409720763561703179120650494811484405845231942001706850198535627625237747861735088919002870225969987081937127039204169816442908475442595406748485881342970246900154906020868684899653274063 0.2568004582003597839850726900961200496593369332410431438713688548253675149701836292214594473820544331418591454650895112750486219814179147165373938940781096169913185649771472798920423016054021787585787461630145581096561726 0.02278045307376338773419171244252627240991445194456690259933766937154837474084075809638589360419519043663916892979821030207948656791610818969895397882381450348956201815861743271027900916900273387262129828701912645606918381 0.2236435483329241226156570351725410745114263868563073120271008924758303994859768108132998635997167771981992326838240501090371345289674633453381001790273295713853577769702094032533661358243935258398161899884600744938059448 0.01585988286278072030765717107780253172085846429457517028734342646059549970714453445432225436020074224607327864693414009581691380461350158313033282217574988680850140467698387114795956752686443772926440953256321312975810153 0.0001458582954759751124810407920329071720502572199571755475244683784438465726095385127983529393758603677362571630276281083567982428109993388522416150328927357167365777286515934544390580559988015483033254698256885818755923486 1.456022564383796940880657787849683194887439949281555416577433861201421901333384621635317764421155888984635439872224762797846049351683223694120327601220608035424450044234795050680430240608638389299922323914321553936663207e-7 4.502093081577773097807028822914807775064133007966824185268526991633438794640218004705471577726471710192268107849773330955255836423987061533901020321140554234354140987587009967560119307835034973194213539838512135363583240e-12
G 110 -0.6019792057689888801558120995012827274227885025395248358615725624508543096482075835786685275230566193025268265282416176512949390054278337767937214705161693635849133785651831110690100413101651546102092369302409925908040796 -0.5329189021342742910117750086414681175959694428520442690334034264311051208268908752287184500086816837059951594396171571396624779425911176502032134910152888234158193696644404500442233222256947150255445892620856971568092514 -0.4059277468616965044795613332462510789579987744648000612695887605260045576766824699444551785057092520946604613210806985551421472888252921085281357915321580572521462968105614517157248706744178784366905436879489987381976317 -0.4016480061543064558583049175471513084775799681047973992676287203750017724383501241694163993999978191414272384341106432839578507313029444176759451039956143421984426968457702244146327595552113703542039898329152130306826938 -0.1543358103611632367392199948174708020706523027239248466433624483299001260933667709731518656039140177883782878940377604903159893511120193631440587536643595320759591350774362907809252676781843526677077117037689711543101495 -0.07304812484821843043746133256106393333969103407693728380899640080911327186603030778325523057181042796676535347940994578909132392094686548608187682917189540652237379663504122648999470046053768948967810682857964749412157241 -0.1765792053930268704029934478078287333741363600287874707669497143536155088016202704620836237974941301467168574462671146578247794310038889478758075916532482189004595253625080941172244315048624181660457276278243329017018674 -0.2622688744042171284869310298997258303321653561120194032746752640504041133451148098614532216614903126268692331921783299410099866937460677371259982145021305600343057791370386284717751018772372625164947954617522902932099521 -0.06046850211484990959473912675551986220565225216890622814134216265758028238508328132628571607120151629432379619553416696139588862546859217264114253642419514889704325499164558357863446544000667611177230720829321512662163762 -0.3685504664766748250856994472947270142780267395748783826207084015693910857727209092440380978980763267858809186420942486758815846733412189097787993903711517286853088820841153009419929404071391927441055518336152647989188268 0.06552496948261745434428989596026876452256890367872634882850607134463936724247698126472831881514978879651983057392658136075320770766877453678587426078731599234002608617880351082858518441456944916581986358885088770093490821 -0.09112426663260444092041810769543693833504449309859819307786042219461717605313909138335443528344785567746488687525263159506480369216068894463170793776386831615140376792406869600135541019076421482854732871491055296384386471 0.3041755442806371692122614695845840567430948616861673380313106035363738173358702239830498713471758837928758525442260854614571324765471202463031068347646124820126654950491577313586385623649610316869690132074628031853763682 0.2209591949073075184852617172885638482336794254225999396466365159938458567701027263547198109086404238279984614800210989196053404816307191822173236288666604070523509599591277642171910720501663725071666072347592966055267490 0.008802011636650149180673373259928678370422697371240904540942167777217518030058452384789964837012724163199074837012094155170157586679007098033290824502977475153978849270534424832415748919060210580226097776664941093648724697 3.254357574442770529033017997827863351922481020986852869689506954810578794250641849677080880872826259758713685080234081447555765496980178697343018503116031818290536925010114205784456246415999828028654734887835811595215660e-5 4.080205159172883375216303600619131618468692303199691311459935001358668346582374781132320115043555030663465565884685620754904642591776952528533615716671460467063040802350956146318200221115438699746839708441249039683926340e-9
G 111 -0.7495806475390649463949258125430239754947517873285287916514018163618368196978588114186129750762349071385204632240803074516511622556013802227813530761845306794966342239894434233379291845081829501975166162006581389046739801 -0.5509065829260037175464185474875075372358178726844428046052642124149576175722556538153958889042867736728428162839197085377285483851036427992017559777533393407466520803377529964420747091540211009421284465584716668470476088 -0.3487011602756226764939811723547087631537801961846822847540064675691286681694312670951949685150649397894196212303339324160695922597898602862647090967349203873891156330304944456193515070725727867519267669891932820583039465 -0.3204987032402030632733307236054205442790463312479399055849340396209172669387009745343700049019407170424061786017608194022606751231950233506937906904381770476157213698222054352605857607440671195407276898529841490420812981 -0.1817865531888883610155391785124589935657641017717136947254665901344801562009885164168972664683817769897950688335309348873051172536750904493048507868027087415308468167119211663414763762882589910453145026398072034402177272 -0.1690367423420425701705270674435124709103977110007516161399584496276031992794437445645164936323802114272730906674689133839579047990110291464409349872506112990269821406388503079394262528057287537695293073064080329861615411 -0.1380877844094634172114794827360984832873903029884347430194970814512864729303614904794005154520465184326600144162519054424205783911551067531748655264881690639805035129666101906516768495872838487378289003132387556606632899 -0.3250026888979680794884458325526433394181611706466736286968664177209309052257592373932731611122716957568914719719896290876345935983761657460998582254465905438648062202602635930875041990407824361511738627124703729777195434 -0.2188260972662801440329731379204485150204477653371200853586841867167399598055898314966891096208488872168697740612009840782164673431690986747231182192298009196269134754318037360653967995400407317975319492675265054983366351 -0.2792705933131727421378614592625299458372331644258535548256607179708265043744763014074216170231220538922499483269831583898226052069017441462602202948918130713083624427855924397374838184959923726348939640428456026090071063 -0.06037413772831590459343067288118327723647833477604990545145120383912070415631848544172338254655179282161600023999842281242653203506575521973971454536674348339248314025943066549383588803989492299426290431078286002408428238 -0.2237656790328889138817643659312857895310587171354010347707747640528823601756269469829892904275827803171103764358032126288516436071579660680884352192207090599088106561420359238120808522096063860261825731778063986705475871 0.1257015080782667181528090254499827074131399548934691555969391601533221303806551465752784650506762915930334855209784889209573856662264166587943290599447202010503440698856860317134373137243147606881582741456259403699380595 0.3159317349604792168744748238606371935590484616015749529046644762929175252416240200858920541666417021799668510663115820185686849416031852760390688610923474797668542336826332508260197709257013661183203778568251445190366469 0.1513651447175201396656783509371166529960385939395376973082885190020761774113089219245948401552812530233496289238247667828322294357691837740900268338165652641107655258001344722571796087138444421741615588990831795270930789 0.002926832226569745702340399762841890838572889294851961274524504408704042769014796405101263491113422316183580970391022728035541059790314103627633003727728382242814077181406611434812270986046454117372329798285709173817584165 1.792470642804491571494714845096969259794306376462209454827106515298748072234062764577274054473705447685868807537372162816494185931738861396707971922969391633634329588923532682732817574524227277467065669316354042309845640e-6
G 112 -0.4675088950954189207518229449237885385566414993862334967519814160815021364883882679403200449149640382019410156285860025483349633544862695332500818093040493246242134517684736978402098402719780772370041076788656549352417446 -0.5185725105886216706631420880498631186826274411492573848097655396357627974643789963058682128859972337394814623214162587707489914591716211823861226269368453694691784327016441885104998389962188519792895296230995088649465400 -0.01100116007985684163299668173273443489255088602868255181354897545323989554803739058739631547356374310435494948325877451500242571761455375309177331763050587794517237128041214961761017725498839612751282431964493129191181912 -0.5523303905484028223204192749677293173165368800597946291363720130527955175434532438436566695085467624279795507088789352731316591458004382989544854472995516753555774597640109284394330197993443899089288546893176851145961119 -0.2434180520666217377914458573602695667491988194199035253054769385160953304725862664365866846073298460025789080924129831961575505365555625466191764973515499061405942948541744379996393484218817256082325217372122317120633103 -0.4617450094373102461087060050022930296494707469564362738886913552995721416083769530586585652110078609552986663344223244921880414559744697684108252961462947937592191136897050815375248491863951585293735054322524851411945544 0.1345879886493335806936526713215549121900985803506109570711517785426603621520415239949863523219470724888558164970883717477633590280327339038192389124538036583090771034341195407564271533189051159151854355225470388808213911 -0.1127010549664750788834815470365153833564217035332056574093565120752356109326139681930726868166132024356103869630444619131998037978326226044331102206825293863233857749059911684760170091612303335803660328909814513492533893 -0.1583156607953136314251219810352177433305289575631243183413692083201882313731521236795771774205430766356390728858023046661052121807619033162163419770017208314188514096961594641735873520628650687427975921454703286586829212 -0.4106421040125463486878579947937373406131383944230033697342971379982080750658232716882616729946227315524592266153753597842329443616578911976651524474556076895646547701186934849857157510085437723119907533650041446060117130 -0.1013092388162632593745781704644557232553039422900030545493619849448846339325627268499964226584540430060646989615625673024355640349258285821197792418506810696113564601249074943707964019822042133544559304399285579047387477 -0.2883845122144502988828890482581452356719972513020865406540254892891931039593667395800428783871190892315154601687452964672600789749296666902575835223657619821608802239032901388449858013591495577818448342106484974731889333 -0.02520108619248877743993334213967994749910705097563031942009527868369836040227038398180314631131185240836557512874563334651911922497957572447492998663906153667140076166991737109126498855930604573217447885637019206998516368 0.07026924637165318309592045839912955467098839931392667137351412877752894014876896696361712937355905668740148294780714012265985197395896988917668387817063389858140807338246447872873032940502676451390233276899856763837253201 0.3673730711178114446070056025632746804733555586950903610528684253948265986701983649596567941354852544977588438238901360124230040755227462112474792042474349292362814031062019882879231717524006227187479938973968221329899532 0.08352389556670122091300966059476425546638388142285423097809670068978726109586929138090961788023186249493577954338298287927512234165347472216361342290740297168766959860890377084805675684237711029180713071533957198035876746 0.0003398733371562919624864051044657283178120453318467785223084528513016248266762883523482604699069366955542769689941077837990622907720207133487092362297646093371627501504773044148302745325734214401988012610582485581959219425
G 113 -0.8702163842859868471815719619762189393055857702905815724257840869767846392479873263303739143610242099649835712458762615306405025294655832636874938306601511045182897069544439258328506592564628732977012585949566743760658737 -0.7049328434029904921915505691825389012973753931899530333859258799770531394416294926455556593918086072407603581634354098276305143086774293667061902767344926150047524815372549938265479045761145728232344104201879149054088067 -0.4422497536293249404700223711177206845523040370661433243751583783828663207338992179263614818117535357707414942559688864021443683586113972273799984941101697445628177533598692656652966605265731698690126219106195852621926139 -0.5125841575594265473876544280693564257243720811779891735518540532833483700312033385079810514721145718223826835032091089540989650074463583553404029142069537458556635425399863911953697259032137428705739672251407906920482010 -0.3426955603737163141011021237090268732869168249339046487289622563688852489587661489752974553126139458143859486514635904872583063668530024295217621333524806337827821771787456955688784534412038965255925353634820980563088720 -0.3836204566697590108946788960217592759961953087383727690617551438855879577625433954827715957210950072492145205466542574874696108631285329551460544908991101462569834357280120301245617161644083738982429539785300004041374125 -0.1600907851187550933059018587125836620569437519957754935019327799191829483775719165434534699333196547394083004731031163748301102217800033603140848201135774633876487478693009595769143631378401059281367040524850318924759480 -0.09853230756949408820920995451159426544676050219473929297153778878471882826055216684860261436748553323803541156328592752157505677904115682596138691665609678107367411862791558700734344107001644268391910662079341037029878083 -0.1060852650862607558502073467032872667565004206916267212746215790621249523683409373600699790122146920340648680081927238263574723617901167254906405631390299016475572654340531376476158067087472687502177962423148869418739575 -0.3028674855754138016940750014475690003829461718736734631158251974897009224660356022442776146065507793738827755848437649373277505308768333866857713050038438823511333060283671799434169405400632335931676997624668980959656541 -0.1480057094729652474795079058860376671313666078757342520660151965246102116955375756607512981819797602898705106168325182050741805413102801629950240065034602010442652008376998789564196970890097860586812924120969773197603085 -0.2900172942304448564119114806069445056758237804132627789169285662050723767400613035752415114683189873226758937460311103847068487442732910695661676114089407692985721066109413004693316529984113163171108487662971884150259167 -0.1292043154828631736304061141769627799018589435396216104937724074223699051998887262441207976786092478152859453817048226582904825221356771070925291815743411533683965187036126425222551668288769928805057429585315544471452253 -0.1040718205953508391787893010459485192322995891730165779671283808270634854451524447729330909054420447956876885727545052355010832189967801093601865272015893656958162894770935322554025248704504979731567854926704911869625266 0.02118461512686388217104180770286686931471866353605455000800359147588261051172208146091745864145281470511750407929239583710511567186692499375369006568134807333085089183985831407641673477487933622093247348199840953629560988 0.2737178257904507530963611335430170332060848166371295442246518754267753993205651978375632550572175762587835018911184669994547270102505770128315952596502568192968519178645085853216196089445491874545963279396040702656977429 0.01807027173318030743357346329451728777692203624685516438574574746803122942161803456018835913937712306706202153042093888090739196731141659537467333680784327678934989320193814702287705035474566259497938984696992263815486012
G 114 -0.6295684419595202950050760178578192739112689227093355662977153491210694656947078890912911442661383298290777028145692208147251103465982654029135147020245602525018395578065870587958753535607136736324402423683958781786760061 -0.5572203581858045401058442042920478018301702619474239256382157262764871339127339315051453344588589203512339511860742079649651633740372558753132969242459428203517238899047637787123140216331119051724203452271188684184009100 -0.5271396561738978521699991282730954043986026400801116924546513149681567419313405297602947665743904097016261011958436979680820720091352842794302482849611811779444382270209254130991187439785605122440055882714564941212393331 -0.3648996943675789406197880366365036177607541518889092551424919927094071438191473992208476466036223651465230356346151590208784267837816236956693971210991297221341234600589676822227177902300208061113956092844105439222056243 -0.05548404716267999333294361827179301270518129106022732937457925317039349454501309714030456081594494814102151098077502172597614905363519950117685158799413543302130752715829355047191412238991808550027134716061989646723734963 -0.5198218368087791162397409474110077063749145511082456284730361658039228207442925990564748560392934019783222718862312891676260519541912387141808191279697617805191832066297356795261121170674475388566103209193326325711219836 -0.2317845988799380805131177779499204748116590349275014093392026811009551641674098676301526311575337516231485332449768011419164286060661865465347887977213398151182501493108582829964646104005326890477032204209484375461684522 0.0002986615232139181366891665077456732274609602178598219540836227177451607586125488588946917164326198075099727233634811060939020835224145858593053668708054480684179416560362719413553564011561403230591904494912877438205390426 -0.05227165373384860985264122505298028273909375016280221736715461266495767142490025840353696055843136717200500474824881160869779638875261909058760364820897170754127069157128122115174187181408001998933575650266329080398804233 -0.2029548899804083839726341268636545630322119068165100798716720365865108771883488418312919894389055208679273579960808061141228801249056138597611915092019198531414910909569410977531349056563611466829558557859892172662787976 -0.1569721500538923668048254133456044920138926513169192341475699843132795979596158881440761709791643071382313110830313786811278482256999841853716843711877115994226046813763864212370309323784169458478586879613469069235421131 -0.3470018361766401320143766010278945257140894159820391912019089608294808488788737477812483375297464759708885300870061126372460230874044945441171689152027040975377164493729745345993157010062741951153867286141966590181016923 -0.1535503798086972643158727772607366833749075671011318826708487397723351705721672613101985682602842336210121617584419051443609775613024081474904978831211350394032242997545946291271763703365987520857343368214938848275372113 -0.1328981531333102412512773523544354564842759100858873728262745057497318038823183550168899270689683220690243033219805975246985583212138639844954208835590238356735439707771827009791871482171949844860751016887133881802561882 -0.1179494307149986679939961097101575824335470062134007833396944931659574112567885594847164121021942990531552532977948583203046532049992335979575488672645167674148040296167465136968484781818197818763193208313386042631054190 -0.2143979688920350953988516693168669696232553233189869807446997980123494945986274048287371565079974086131110871136236751540007566187049371258801326780604085832644992034615166762771640691811989186931213370866938587398005721 0.3151457381508847483107229644874391914676836133608638874079922343002577008592676740568960237868001160192874646714493456139149494773732039920198686419566487693521933215966972610524425859231443449781201292480456594839744603
G 115 -0.9478048882254341271558986167334198702825034986810173697565493115470836528892958046026123851908830979724423164176783044820317166265925630897641127360195733392884994025891145035226456712763016533042394569170565979946410719 -0.7122395008319943808380630621811163537158150954163055453587192199513740135567346031231579502170943350240386644281524403457799165799654442836054916866316229636595875860132238620761255665725362378500783929483245641905984723 -0.5128146324106682112334998151388173891294909112493493725464737600972503334961810729346557442393287703333497504933194853662481716115236536245531046074845470156215118404986130103346797320003055052934121694776221390993093084 -0.5262610313631741781307854328270800050992281566807906057507134674168471168132063535190212642330815493771132560083670111973094596430047892693616043203319679400434776952977047014263841076843826129323406496925903014747779527 -0.2178998665104634242132080994475256175516239809443239996278026711727403417911572815407387589625041477018718621655821041051911350439641261683717131570201125966263114950424430284168626246117726910284705764026038642890720911 -0.3874497419428002439792833943530089070532204977399521640113428923473137919620632287356491254706451187965483362866874705751413109364688240290622634605359112150316259954871926581492976625878626737959992302613367275353689198 -0.3367491288957893665574647121412524377973553592050850019672540032581534128780343648777140752664036225333604214998436110394900299924475635901599357742928598395210347741709095988352489356423722544590441970886421431347574098 -0.2727687288805177511588119387607761290561990849751861353899568567102120847278574724700499168272859532857559550825582488221646719928447193997418171288277103797824913219047101294561020652633522647048529250748888255017749727 -0.1083144712559431380266072078304167842183570504115733257717320504527824232440968969554823703309693552002305132913625999850531000292988991880718662776431797405304572581174259708343748798103163509075891777250944126235502934 -0.1147124856753453976524094091615682031095394642788094008151928810352012194653448625047463741826158408695146297769046050062552885359163141067115567220706118487557942970864711656097757773214555468721996110338720779128337178 0.02327206197991278943715032331141134357051533338239474891500280565322093288014137934600518996147974464792377345967840465557566501206061562116698121341936704656947957323843895780916189673628682517695187189336251654432847060 -0.1147140599058926486763064950435547346346235683182074766635028722716700412696673715163882884333421357289509537334327188379347945942301500719443130336657314498035989421294151488888016980868333980361915484126450903666491403 -0.1428797770437782789287743323186638679057055840104397321583640757529221715368987749181952550517833272129002506330736470268868434047458900543971627879164819991227842356099581674958563025727336529743285296482308347909101473 -0.1690345589372985988119432850774421119620626512108238737317156855453130428389517642423216286562031562300251657599003351436676589811453438299084732137914926444034061616831079635693170466958011466063275492050692881498337267 -0.1151909855296366500886516369352657913048950144272520541287830223741418033974518271497756827959520697590142813382339522754210446976702173743371022976534257813408247735018181100193543577581976600847098828303181692991715829 -0.1856830264341956859954408942460211446072558621771393224850896670990549845844178547134357567767100829676331129824209591629147420134406453488257864409818678874852837140016591691148125179905967870556471103268789517184984941 -0.006180544530689311114436707254431230311598683546988999921417485846982197129807187678964067135634219512000281154218045013538609139740395956629795026893989905348059971379441647480934604538682224640704589505411044916375571930
G 116 0.5018185602699873718487301420744132422086612239084993415430134247741919593993278787138256830061480084442556902008855072836510981993009604841050463797981724130575533329305381290500118630924685931406193749315185584994427082 0.7147281696078277877173877178811776511793953686705442802894319046151122186489330720564115925736079295786653935451350762503658536994846500381545500663066567931740900495409363513044522582461989923934652840506592815132003028 0.7085726383054359944217603156682373000244312802845517341848098352615423659144314271902076134146336909454108657058191236728905986458175388455693740765454731635261677992371569761656400958654262397313152502125994372541665720 0.7801525797103202764020431456210814358682588321771663336757210894383784371629398154243692185012686580713679015301815899736628295991779095393907253504795812726734723797711000708482883448642071007450290727865391418706425126 0.3036119702358496768747787797098723571836228668290757454430503593553647776213124184250786066671483734039683510136636896868757746387785969963445208835307592638587627514908201755967472733197828441320621584308337748184079361 0.6838818800978292670718090064626472506150754045741598181888440526196600023850766018020431569924039473560457630409601863454606374469806088920163069362998841007517996407385492367359625378558037351535780211735364996354549819 -0.3203767748189518788740978012070530069679939968469095552399482018136947424537261896226087368807340868177836084986931527186395956373279182730593237114845881983103625297880748161164760470646033794851705168370729800690477012 0.08717752120120709010637746668012291016980082718674378795046937381081374272243614975530770349006086024508460260144784332470766058445493273291169405388936969314873201768865342087936162597356732677025437946660440017603056189 -0.3241600458579212788261326047751577396145981340476577338173958770040881791883738526352102027287830793433109913549283965792399928189934787177260073356634833174794818234453771489714361068409676261751662354431452216885657414 0.2067244498635820403033514841262481187788735947511118597732280093227079188931170723585555152577711490568545965011526497726627491328711125966868198657814068401688359246419794105611865154199481263328932873916876764746287986 -0.3308291757830623870793693528711413733456341405549333377987678835849936681125042204580470837690873942855166572790118677084258658485220918510187151600960314796875585295103296407843712863883857255478070881908700140720043927 0.001361599251838089088997128480142715151937840976341773982179291636703999528135149266098774095787121726851353059109781763836143965672901638604353802826027446501543985813718667174243919980740637179623073816419299817150541252 0.007752586005380201950762552602629601669341836851288281712531699759640675148619677378266610482612640480945171338216213169486196200781250900269811344678237653605277528711549381508558390581296907971766448529644676464294249795 -0.08182236709964894320085839809371313778018024624840970691565425807853619564510966849293371755446118343477801719278731347087015396842222523300129001787910365576932787757813779772089366299523929008473261664458193897038538456 -0.09419440252533397776721824403814227853776959512370544770813547076477086140825444558479992112280053103274583523823341263303954188565666260361527430937400994825999195212536317833145872118443099930563181377107543914863229037 0.06042753552133895906453462456730879852677556506686173916977298359446534235892662780574440167490325756806445434143536878588972098311140900929716670156862603158289712570352508217054660946167657734496018984919869484009364860 -0.03315333289919519611700147154494746273802274948246734488748900936775308559052013246643350811697502895261137404017540268255419695672549059346315529676682950973203258029081005637608436839179280661727876909236354989398950052
G 117 0.2398049261927617701372719902621194865776066285894951542271764368246047162647427629781482117668314192081607829809594277454483791289383330522587406293952954814918867333786609361767582680666243809465019173397621525273625900 0.7598096690359003128345778905049810169322380543955138049427257683799322789971686671290046270541735676061886085298315466200500310244087171186229388758113567049569104828898980890473629770183279753608124959283813131167601156 0.3589062111932185820605791068007435971007508468794820817291881385697192991582511263509475764196713063620357381965258270775561649440402720066155830944901624515852700908030236627842233848359691823713948380384903280520546491 0.4507583300174094057895624612688654625897075524053566385520768896106031314911912538207363453565574446963394944727674875566793028390067009835401768328087173667293593209393510211694823690291242798409309617275270742358448394 -0.4397240885971736398736033483503449605847811427395771231337194810017413335996615335059593188987308949197595876827188099712820098729529325116216057767135594795251104461417584287670503645669355575173780987062864333959111462 0.5567505760355382881483885436780763644662998059274214828102354885411512230556517280991040857205413706523890649638586341248473972532009657758854142114150445279857171634403203937915159116464276138395540093057417929727831156 0.3498117426435694732669945632736409675635710769626816410828176702447085248470005514596335917706674666653258208086930670069371849269127617263300921203111709070337568859854625317692296960220950083562894319566085768585294623 0.006133973070499506283020679096069970074426185784483439925095062258517647405775822242398667802776106448287101886974622763041740424603479667528073939230488227526577911971798188469342057674714427233340668708200092439405034645 0.3462248708046564918170314664800126473585943094337255436072319143235569553253866838533562959803892292621574296637602788747198475403628039797758301541369449846613651946615127831685587888195604654866407276835554680056244488 0.3275947824063770806863264451323398791478500524152268779392582887602774627135897024935948393998308149758667487623868245521790117347407156095377549430520621705568265412365229746295374878381810779239442877523821375800463520 -0.1901186027524573209144350132170887241492401424734452768338419146050509824085976542432318128581647915025200840004011935019427289520919431661312466153051201723371908519535033352930845415752703859265712513769901879145337706 0.1422059946456828485935488618972999591362485763631810671652789279449021828639686546432303435430680546601286761440586163080903438335137820096730402839776602456460077491989828856516676236916087706015598303382909770353984173 -0.07915263666066360413057445033028427070989700654308967853478974903999564167762473933189616043783248695439492793609672692803904087905480737919539563801046007607188383239488511210204284123030748081020470963944281469228805986 -0.06183181872817449217823527208562157314275940266272668455434504427649714991385286181585838252219014853510686041317409929659902674885726376668119096777878170987882192002305964374540278742304203213983158374701214202532854906 -0.05972320151663428389277704102894613416761798968377877772373515164731426534874516563153958623569754741075251001842847355950789644589179000491882542395680319949393443805532664011577598921720189473789263500815313228944323757 -0.01528832885468725657540256434036617271193108867411338918223665461822823737458629937628217046119256601418921768613068445670313961275601882478570877993951700461547936473973141819254870076648849221984172397914366084468974723 0.007324796305879817274684272424431934067395628378457161459844677479328747097738507987240269973677170554851444493772553001827547640665896444816783347575665219047005683833513505443502249351151268241273848136080433376784921183
G 118 -1.179135973305602166561515418249388595733848924810959197138366056576441824785847432307988182643360335321278294916107918177787028271937916238542578897116616665275153294479110049285409528887072185223191257188786325740082342 -0.8046613306939924224817128753787202929248474693953869462357001719469166863639085025872401381908251958544407455636646718204998324257951133177569176669926517580753211705122413712738849416233627311478132987337296837052288958 -0.6843616681023474005735899995338263230631217432519152681991308468230697653716068041956035647086606171227882637904828697128936078135593844494757641809179930275223231017439661802259716710860565841063036000807114613640067342 -0.7335033493237295670086297250670141594215263549929249781079566110601852528460011067124988605285392194604377182855821961974360736372193399013029501119784572398860830365651427051396911292916242295171942370570462754770200681 -0.3372460877405680233060302138927050876504368716671614382683803459567966485921429608569963524330973743575455171769683243836533705173103922071538051593344788181678154802595490498424619709297010633247551801899422282416599649 -0.4751556520060976486573456817965987057951848047584548668273815437964954122386026229616792791974019705050441561734601804082998329361766044404163505140977485182816809169515362008522745977260641000943591373332417886905046657 -0.1126865612819249172472230649121335305331312209713695256568263203317664740872379716906246469744050109326764152438774110662119056918251581459596644729193925013106154706154861258624291823227814913679040869986116274538704525 -0.03786967472654787689574127096652181452914370308636400770564278052789671759985998043402662794767452077703953761244876687284146317637166987413615651488379466862371270812264096351546498034515051828255873883436581542379966945 -0.1938194869225378549422693765863418629443355128521383145600221460990347197501623271075932471531199901915079349011873072530234494126803919234556159965225520960766994283603434561652284838783487439065223249256567716586704769 -0.1095443402264166362438809865642969657156659662185398129421467615640168880471892098439365290993019466546182686666990939079802315476324543219795532129742876834956914583551187203759954210558077410291388653387419057645182081 0.05903303777496559683330965476010661026525756076742510376061675516868397837690823346521187703175738946465369795048271688200983232255833168292101331952539989082182553069039532575167720381112963386108832545850043603040774801 -0.1339484627163057770795211962755779289026275444019175383058862572321989389221084499757838875956695649575331023458082339808933047561379270115284687378640336854113486615849838576103858149958725623505547393923450332521309281 -0.09610922341315690353512155381291256508067865726503018702805363186223015089687219050302781256907240694554418399143201744645320552352914245514305867535101714421973304810416776898838507940011455739845196995847709313768907014 0.03784778289031433838979530744372293009892413938128955499031072078146247057784782106977156383237202616598455141548759023362349876078180355124741903293941675250815179318425273395315265525791317042166299565509180210080214648 0.05832325904470569389154853229585737531694552992963718911088708462703316828587560982131982450503275339391270477726152793047303863859400852297935333260715384417051897054174783138104428152095307144258492919357944285145769544 0.007255648658477863018720552965227226755869373295431883677266349538382349275394712742602432382969534857096670318086985868572938575804845097032059129820675809161684493323800126437407456781945625231940449567880056718634168510 -0.006250168236578847008576147291786742240733920804307525107331179159021728576662482453594402997354787122432755020790602437407075950666419297129117710217329239929407712958345827096246156407777391034400891087638207256576471982
G 119 -1.309486409676880530910103584797734784469099590911694353087134895038336398326672842614136733948032313789347109261776168128683371737435034963854438788579824681777909930789585649305321958184536198349621257827278450932885447 -1.132131431373857119971219148716402607691818015645858441039548947699820490885965161881514992049052228195197771656626465676402580881008863128653782355231697483569903952271433524166709827264763320451247500579696112647401463 -0.6539644273193668326728974775098220593960534082519979912596192457862872349344851314531513146755984839821126464733783612952053414187345866402224487342790235464992151400911336723571140973907815707047876106337702134809661490 -0.8219719600420877371630050843612947262298392828756860510042446583994009672321865691274921201142386408698870295140903318002041703191054041671393631534868217133788674960350555885745417091075464226770933744925170552542796973 -0.5841112230329947588978287241317185860198449601089971837756929412903659407149404979906216710964105329239323397063269628756798360902420122831835337374813111619397405945160447990943195917066367666609306682559972990792123356 -0.4110990693736112922366091821515563336589100579701720617086965769546541918386897482765566946897593458346122587660588114971154831964739827765175989703271309149269652417283052805260554959468312406448454675771282008675246386 -0.1878564475872774782724760068774454479999328148930440952174485504174519258661082683161504275662614256614936326362638812799790516916520537827815121446246386495485479852783185985530374516644731644085321901191251847741030786 -0.4068983493300163255819185255764311031876438351225752820127985771801861129279807774134633058530964048613532229033379216208997544278315403108319665251545663734149058263486063536732075072337272134722925167378387426906717115 -0.2659982787614057600229908777940469178918040398311512173490507721116123197540270947355328645664685928638414791362253404056445940775528447905472113913957171197794994691064268511847040195632270167535038143139757776534096020 0.1953422615806822226630614657562578878185136583597422022164039647466734153838259162719933068113199098514140004395396708626557317941412375810682558093416489545472430193589918596472069868759272349049123461791988295302937848 -0.1325586026966707496505224295352404042535131300171679003795002256157496204640168619493235502357774178763802541037467699463010548736456661018657216826995310744815998737031319912734995204472435965933693485682366496341654996 -0.2681142540992772568254037413592727713124372906085798758246603911094143045823841536375611438813033727367810773468440004213778152404563302599757703244408899075128414389329346916989963023843304692370727108681364577497957303 -0.2108321325865065321781840282423709798266558212493233825107895699988767867048782368976450457188102810240767801966945869739293781704187017220669660063546328919059942534355815851214383669422263406133017912714984778197477959 -0.1596260784588381021588354030564122682404286688944308018677143215921057022864366351268980508099542844225960888885613936311702312491436588081152936831255763973788164056561798143728767228995916060982033072733846718585017150 -0.004308376411931644154324545845972471361300938340716333370624928078456137467768525378517192453763325937859776232335347994653369757349215910118876957747613568227332162535256249020231131763207977205837381457304811486136703082 0.008107263964068534611715547548312611251282038705712842425862292611406349082543390289155094941004456637691850033939323355885737768833135715416542559560627198625679409945882885024788286885616289446018930502743474868419632755 0.001960223856125048429589549843127254347270308949136145983011051520843281035000055299147037188740484920337633426148117587073327784849894737141305876877311130361685933829393909502191029973302325160817327981663040336888894101
G 120 -0.9207560097043592528094492501904760920278723897431854726862865906815053668455642169488502139753468718686265398649375667357854875427844556763640781962197507697578862871491688338352476959914275441731314823336469524320426292 -0.9063410680461650363415931916090611575481067617135380569892758582268769394113240982261906931662791148326841373605390310541288761763382704571093652434255775364417335900959319737524510198705609644647321022218014839833798006 -0.6392370839387083412997859751878022061917078342385129243083889250284742514320531565863895056165653352589796677511544262526451985582864935127308899106027272108328853814406721268623476180495721281835447626939860788981627267 0.2291602896642869462918242808856039275470966415426231569342071946698415732036650304137792910688065957077873413636053122514147267513686067353164410756468672581336426338186720075614861012744733902891002699093712531898495326 -0.3507428104322221151343797336392342192373402569252153555647878764441312850842297863344714283096298337104576765200197823726437486866967981948873215975825198768392786559540781177201977428477132270164617989317081582458813178 -0.5713502793606175995437684192893870228603263455213444394523868826656508217963070822380720904512402386656068351199036461216426044074584973187275171818046837860692673070426720553889056327788775491041728621523842267820351257 -0.3082407953389709141912652905154667609568291294500191685235476179130263797457364453532470980964735707204352194177137189494439569594256946624083392595878818587892502959005489582958366582983132520121763100340963871172996223 -0.5256611677536732795433036591682034401406955057851523444944762193768618649804741853308855712766605248243721285506505995930680617739551995669535103920111673418021965345615606880488916901365335110054674216297172345451966933 0.3178311595124000647304231236624734353578798062926403145753105726408992660381145793998343191147428045703071639999980930007990394612739341408214962588217732025092806374735029021618391470121144125230422661276651679681827814 -0.5911353930722983971232517294103853226329086262829365255268035611289868459366341682689111848598755042508737826839486462234505159011394852081778677178962396965593720756016957259771404790338670283098024293832297985740312016 -0.3749455181969147126786918846353187034029407350377368129402495440072920169336087431227018525144549460128056968731657392401424993534268308834993362944370323717121003913154246881535952394028008302282314060960258300912802312 -0.4185308887680264365925760704283329949337874021646085227494806843290987256253800626162127539280452780578081946556288766609051216466423995628710110102474713470049721367239280803617951755194913172831353596767456555510162637 -0.2240678012566964528851106180299337939286327628480768545114899862538742150449062126914332918007535385421930066645139236797266467578593832237652812886051071667723539002606040030090127266329700367287673338118688007248372620 0.1913157487670759353406068263049223549319948139210901955211461422116233608208792214117961294076720288355837136222798714855302186417000364019010628477321178049385086193589378939183815439256630317825943013081923744983317670 -0.1290535328882387109934715998314446995295910647414800737792651058518938798317840733119211853215657882828179505446157039845295265957131317693688202735134076412743827121865506709188931183913391418932349753507536993385231793 0.04475073104974354078005490697262892948358312202437399635913627478643105053944956339100053532736652574315809189497509348989588952790251299799453513860208921845383622636307802599626296096822398665008064945099842058566597874 -0.0001759777490636298496037588622343734431719720414079606388271296062844328627136096648192013311865583593035765448791774123523126658806863653790747283163551818463459715832183058670757473812937021782120612484114851606665069697
G 121 -1.149315241801862349396761695593550286146456454083821840319272922655483533208219409923483587953454739481690322120758138375789324869969572325161643920465312612518879365936551738901128332826736950825208599452707328395384750 -0.7989088904834300501996810622496896995970716036147916546963480089497532583276673046816001361523293666868207119435475872453397954037933078917377261953127035367980868606408542021013639555682842602071137457172481065140663302 -0.5859031986854020138635902254155917515737524728030903461228125233609365474355882418332907579463002056351621997682015946079555544085583636859480809242750589352661357376216378578368696782364248059807953629427876649134551225 -0.7101855498624159262381122643006048112258617074812498190955675960716323873074450591688759478334860503239604594549911635803877527658382489465250208479377033418178188956905437954323615334719746951488343866529851373870655565 -0.4597813075683244657569686515620464946462347987114047757339848430630344524453244367540880204386203780635903109956932704993614851860832292292330116017441126545327879296928879427507657184666677682259705542688250251033718058 -0.1384191271212534757417225782073056653963658582865558308814272737922072627126995396946371239681498145035284099711086208840527055664257569772106293842839230376900469107500770670198187892114660473699697998732497605291929512 -0.1872740723763050717169810629207761988711613667848977897708096401244669265941930772653110421179779494175091342934761899131192460322452762330758783442794126003479725602924327575066591989379315260994617036842216059913673279 -0.03398878005196946695914199725323587441565185774503352205414354582827290711801383247577182173677772302586434609781077630795513927725111250403614323074648704476487872143203668449790665589366711675004967698663393438951137240 -0.3778001783683002294759367709936016006295267881673209893361800269839572745733883141423172478784456309701765428322784960687792815253556297198684621614826078571281311449842474252931026091687545472913114026481564693569371898 -0.3599825106229060650094281868312148274583852407908683521036389961741587404041224656981829265702958829874074009401603407429976120135099955421622031959213517650559724728024119268389788670487028590931653625717541782448872533 -0.2227181538618971634102390144855402409987430287172915394271448585885440639409373895073831961053505722077503042496933625872911893164559544127640523671563751712220091840367490545441663691285508427868666570786654326385727534 -0.1243019877988137641862744305875421873171516321068845862914085663324928209450960431897091773479227437932280818960004897600620846808322987183892367970462811598591612754307494249551700119992370989529008011176348263143718106 0.2086744374771406700887477045921581829395723051215243334195345717560900943770391847244453398782850099164253949893150873142941633907331522713939217503912824902097391508135313745611743690194461523759824247434581315889196864 -0.1484707213360308093965201814376373058165474080052918337181830110723095963718217974845905666715394845404126086030658133972197879576620875564137592796753696380809104101048314625741199360127454625416347324194164690955297096 0.05576460046908637780990370951317685370408711629895314810346258841205124898109752539873120302412779262983825297078520267343133233929387658299446134256494109392131097316768672175484467952928778201849917019793267073242808080 0.01926896032452027228216333301905480559141404374815817569207863211557188442726453755110170929304733739525278402648646889905258218807169443358415415413913736977294595767701466436233882313869817479096490081252865555755152494 -0.001541920840314532838048467191758301674688886563778913526452295840302907640492309116137304419183678152929294068888719852506621067358369442452248812666458347727977812819270614240625661225135087552083509495058141269244203055
G 122 -1.160476283458145385077606551548556131050996623234230921297736958319315887061986980199650616805399932584488623929016779323338530858895407353787649511941188286193161789182575941665906013670797099301265301365638246859625802 -0.8773264008624989111282567708183856892834830308855013520348804703915680092195927159595011314512760917135549427242952500946911935346885888772343764729304661190227827876541264838016301707181104256963152257160733434359213199 -0.3784186949748277324203753012854112237618132465916807885354683155121998222861749000234456264414212411460639659853876588647718416454299555909020223899211724389847474620174477620312397352237276247208083188526270754645711863 -0.4318900228531946751137948576864624191356531646045001446497638180964915231659526121452230371223168725043684594624388880987963331641840955292609243291126314374838298169922042121331357904290390753258443666273863238755180064 -0.4585741687375520019915098106547088616805734763872444104641103562132229627025087321206443784081310959952010426649626706620640277913746410707310059066029489329234846363341218365845125409156398963933257875677338852860690966 -0.4983299708949383642891789691565302183121003390073343284326238246750898551537990824568590499535917865211671592955375031995539677282816060600101776076526235363521437060679389694866775399077738845255538040846329627015807098 -0.05170630276012485070588340054358250052215191927661428513172706355297969400052001522466301363288081917191698459231385165213851137740492202709559895583975786741912095880072494593770967927787844093050036727721616473468106770 -0.1971300716623789073635556949341372393959790600595925931050293141923028817793324957155287658685425054368839826087951372215553355958949929576947059849602694730518520313762099061382746023519649375909266375177596768396627669 -0.2729551593586394872036526337651698460928050053988206453740020930499779226124360354625267291017279292825465893407864818608707400369999657339306003961116397377806238904648846891974198213017244459055780478355662711117116551 -0.3604806872770093527739348920754882593726871253236231528784069220920500466967311023459785434989024807435393366568256403226055543615826931746267102764856753726835678061502400122192174251154742652578315806002825364715523974 -0.07999317783228034062643465202269568607437937539913876711330551439034094594304748360060342900976051008130487332133456517431790550290527960712133323099062082566388976768416401784308723140661786093376869387428556425616190795 0.1428912549766951082861443831048064432460287549874855776778955709201905212846215086736317580117730251859143937208009588954618948268204796111056465986058870822901008886507548134189431852537657592838161249451750447393339851 -0.07777117816173886805556701791649229968503692012564663014494346963322599467775438468286332513065329258113566217046364503511071135660779747720640083352224780652054393519633900300098779436806474732107004630767782856495016552 0.008116348591488882875080426913417230419842416733903007679581504812722097659655346858139685593774298440008544425945990235255531736937653902363885849418303382827299441884918354320263358892123345936672273420756385164805633024 0.009476800406847903482690789505355388072950208680838067415163888423216482976192977936393460952579259225411197387838342587951344937097895554284516328717100445508849214866791233633082974674070736871613498971426679407467717459 -0.008533688309103588472198501508406523942134412045645930581234538675075357194392460468640370329875884774458277138388239012121130570605975082872981089890666057538056275473693691151913676414728781673290900823753593338802381675 0.004385949368709442532584015504073851453091973332752600819013248898700923364905997261523473267157983370858559813866378972898304683698418087717329898059408518366752974911733458945057205066467386742341462629975936518715267770
G 123 -0.7533085230330215157114643995718861005075183877485811305070857623731754869396602011262735670681851373939252853314261710488768762497820888895237772293269021914634002861192481764985289580256050441557292519870631539462728214 -0.7865420835738586948426418834276566722785325304517316642328775194676514153767351426558985701095935620077554397000833912215475790057476240934541635782791078760001817083536517474542945675229916307854669450953803864437160111 -0.09892349633679596125745079056071394303934560814368184867303705815683276408021633093958967988530486709079633422147464437776925400487002378599481679759482614776167084359928459032034389921109802707872830792704982069866014194 -0.4009552703067801545608862971016071920046945303603031966774139974218928929644178491170346359254938111895658211431125055864258397262102864818769036085559931459950841608392509371864193365222526433484927210574874560993582625 -0.1585838929994213867609273230143033479272151042353434207868291585840841611062522266528652210143877202827437208872699834850145914235043420871400358725408180085355316909564002693683226521642242565079327523379567262016626584 -0.5286594929768577633304801433443391920877993788842609460081101441962375278973980556347286639378226576720005812583959553537572907990011488411240326960699520072174034463619968668147655374359879879082471029354206933897002891 -0.07283181155438539473521760450047866263643752815677519205984931964910178436169721366260398818286658906174715629556271544426390837420175379175624380475342814948655341233691480309752188044624193639880593655665390989733114186 -0.3262783233389577313036944016178240133813960985002672713316794880168988901163889878610616031948962906091126220862870222725959447958992448835145292550745395081629067506656180558043388871083642179300612604323862420767388192 -0.09925036259576189885868358510474067666763258037174872149076466331555541702605079327186548392409584865009614217319832655091204448981338679078894152217083154071410818451542391075940012796131479026045465213861701553521798031 -0.3342381515924484396617037770508568493037227251638623602006442780111718472632688607547697118798750753136308004037627928079205323606845738423404577155296634333285513923566525748999729398013821417365096633815947670416706509 0.1952335035601431931820521061537036313120694824745675872210592391662452578446731245666321327812471014006768478173915360884288039668670970745084662915694347823748995521297521396063177556792626248262089268913610650236551895 -0.05133667593651518654068031989522845230991536965862102885184003215650143675436854845461265026708752941951339132300748043426590835569942347854941306462837685705691347820520978774823630408849607817415344202949558430073355649 0.06698979075857378878926212751158456565506340493129576654121499728445962086611890858143468965030837037495815140389350977112406224718403353735024067813149053995204611815049911551076027846525033339916165066640915953678100244 -0.06907169327693162672158545850456073250755655936896570556524024262207446555808334398140667392732128631601418383554280055843045254810990177196674217038024923654560923831527450155975575510402632896309827089567113514007061907 -0.03631684099983326573892253600865836771344850573628925698896335210441658765263529307532865158669571485763283726352283258557688651550125974989670164779296101430079939792031025463821602300271221889393965985510961320448732520 -0.01960308543135579466616481607408630678227137487855298964518965257797650147530828295087796491183510053759877762316097264557885717055917268354769983505307203145747052495642703276304396922229610907078249528996490566632749690 0.001685697490178324445154228821426965528759174974071485364285557377339639581381499235416612655005851726528812347632475680877149917795134423603159835169218938733365240925335264408791837408708545629969576877445040795850547981
G 124 -0.4334420646958453126963977916594945575231616476879835146211542158426443198668218658007268372931975112288760392059308029750325269759919701929966070524418005357780260814467851199418686160686503278343725205104825398772916826 -0.5847485470457036720578846944237684914267949736622583640770717294663567022710489687615675135815929470133873988244008804820160849901781660068072897508916870808864371258591567838083795009486281509970677323332546358476782355 0.03045627517346218787443219279353514891419390589384761696012246746661906021746033899727081554598648765038815833065755522004861722239979783602017546521739980946805739911958980198911296768276627495052264141011855341472320930 -0.5361640363494553762543423645792741718076542169857105431135438444502343925521672196657093216078566592263496564044909971956448030303675755763345266969194708449184573531159588470422820405159263757458362651533672152877395977 0.08354160209017089560516114021912556847449649934312095015473402956268356618498010438309410558232394189852271689673242628122122274516848882609375613296963925385435709416870767016653625953987434433056146575721157310533396328 -0.5301013135316601530303366828022579724771060992771628721192474536934990687604850845939821313202408624306455134769517676325090485695680712528988508679289668247226494143628701437533018774448554043580735702996838310033776395 -0.2371115594028104024068115319835948547493331119844096022058818895610234931282921942638706223714163855211137063821872075800625107968991205975242530284627235056317564632057593898076729044272996853103124648253808394078095833 -0.2639922577956237816582883698386591095934033544128981899950739193690620001675720009477889431289565614076756565206594169786856152564121134895527213281472466545858603057022019183725809939061300144739455424689824340402984595 0.1103282575459479072274758252771996033228545110310726441214926708286459424084891500920493183752808567875862307059939503501764518631989218242920680887418429547098657308054574236046862957101786961783162345463560177520247174 -0.3488553469246596454555586009444495038531317801027598597332213748298148097670401908690996663053391010965764073202856960333248031403466197696615895341910444636220983125563120111918252830256314599004980376768472425902070335 0.1849075001478695355525390179096758764252505500419914942961702864072169846373087771535492241954031817082060246830883753929274526010604139870182109057305246064294083240620668496311577176174275711500647111437989311450117469 -0.1398060307740608346708660517581424648231558071546719479103585773819571206967063087330187084466196473561294063824599672127416940025217752991936627943872060075611665457706961506127586305232107007774698059579140212546781658 -0.04961392891422090850489683170428376705851411193893431873663890122944757441660970631527204954072257667427387544588286909867128191943611025654719650601318908579669208805538536275016519578479690588739580788308505079908087879 -0.05761929620751376273079973279493989482421391660786074151693281442810705853331133349820785240712527134045266180465834395469662363899573719028815530698610494077395111946512224323665651901089138318239819936375911780847469464 -0.1171494082342732328230364462278022905522366019500967081030668002301347465472096008138653331842600530194959288029934597370135492596249632400409972377258172426903575497966062832993046238356803477345715278758548216568232800 -0.1749391610376917604723243162431690417438563726104049863158955898199464883945789576528214120935546213935524817067117122333511316960644161824408224841293817010865069967351406654748121516582030270456562373386951197863681533 0.07417633415872620700418082148096226114321828581893593874352454480536927736935565145147169989705355741175231248299120906163453415471430077713419597911176613678018547190021375213171808383645713541562584433290854998685571060
G 125 -0.4914508076546867976977502038286412305365248883058259088996378041409702732843094727918682856695868549047375339038073284053615971150972037725493097236372331560923918313247974506183510714378408545588309666377009480492152718 -0.5923103869240820011658172054167005914924475224424692063499536383129381147145014067489606713328983234111310947304944595128494217238817828453198624262986326452020764190342960607426359169772838298175159516731803088411655070 -0.02624577540046449393544373214167664650185273291182659939156502930307844910551192547276136884703682302374977860255592608598073862707544031330107143732484073348610528813420158029852372736858940447842183222355236035443956829 -0.5915255824047335648924520867795218616246979577868150282367103519919322824857268163295923042017467829294321943254731224216136288294472692441437733068784173039843764058757063939143284028821271781468760881005968674402462126 0.1110796781428144032690174488556873714043007580119896548468866932105423292504781087923243817577473935775901570795700791235138021364169599598514024704136850645073985109841398323610987657196296418829993051270386769297369454 -0.5079894271782398111202272787377098538803278041113866119412316228168125505697883903774459139818520462938536766453827022223296611119206797422124625060096095065817611853072247960466157371526623897690031921970998016129275833 -0.2098484371809833982978557142510933488021379031333133223447011797704420360277049501776824931057464554216546621689592970482943355410624745999652068781907131268440021106135861998001414781254364110453803440148745682295749354 -0.1864228311167842857602647212939231562159943453830871474927083331246158478065117906459682785352435994438503530519542995472432088883734446588727030109253886401690122896832043986096821211676537518231768931804530671279373162 0.04677064367521218170612303839497197962975493989108064710149726116665136061214276256258402829237614226853503719774178478624714252833519884249818131497750854096188405184620958380338314693071191300361762739381704768657003237 -0.3040089534950942487870047089862235643865047213518087114337572202480655700598533744084361577047113274423452570602912449427357714857587374965312610051683993114332780004735968204364115762222064132865051367307179997794390097 0.1526150016659838285602214626806574284476016196224336015116875580674837289839089981404764749059632120742180157268433816032536122063599510351003391090759385151122623882660633681134029624170615003190123263180347293380766354 -0.1565691477770460037726902601221279308589929648272253744127926123949190530434867770458954295516990206243210642429716900159381352833555346772546786909440053325368896493529640914988767130710952321520029227743989721909394869 -0.04792417910159811013334008699466996483093146802019568442974299660595956085420913680153109862513947150910650598009463832174896377257426265327412540285011691288476890728164153035365035989000694223045116956485200842022808363 -0.08572020161946431553311893109614282656450124187329168202311778295979812078506309682777032503986795678501976259467054544359487332783137806067637757120256116531669042274805778262602216532905237011285225338629854716370606940 -0.1099605575940105727489734241387272448298962670626598949270971148612215224310822226965194084658269528032856637814057600840866368738347259369324658108825853113791199847951856954874443596208399000643149221739270282155584742 -0.1463041296339824535249155748207976471054096444690005190236234033245732153193001659932486006200630529103102147331787756722857611754865550751821018438848960777044515612851335060178867989170071202906378464105304047158608735 0.1367851036421549157654472884402689105128170848209569739212812617699641038954114300260870470231883815362378246878250061097440235123672787770539844266798321527963898924338077495935294618512072261045803277585000749300725856
G 126 1.179917724085525389232727020498066623754520729102169688827870467205619709831988619692270979112736032933962213638022474797145633041653415661078645757044023793317493282674693276490241069440080813309773985116958816759729771 0.5427092998510735229043457524834077315754356800674315169561673584681948745880544831116971109629396184083646684035897329821381414072269539609760991345397690678957793843585638366548913786151818218164969535518095647877006982 -0.6601699934860231299203484961191927559090463752162521655682759267590519213111096140195854860414130326843846287874291446158885166300654999527618337037831974003145322313933819555645541549898451914582563050036160783478457636 0.8531089203267858971268464615548198188594163426669405009298412830968844532196976000637571217109365511255649532608360183271127206719625444341198079568500025217389778422784624106012649020118058413347098128306600630494445437 -0.3366225068178966719169385450744369405577330874263207620800793437851281299515594704211315727340801912677950669933161567587293952416337758016289333113768522337969652547572885008298173908174697522488350869652189951509696946 0.5681081967189491244307715397436143633645813543645550554012654876720811797426818943301500581400289669802887880223502244354559190680675595766352078338317598687449138659215897467744046104589571018953154414839750482134853084 0.5175719466251192132719575651858805928817131718708213763108185859599588131995114695305807097060605948895405437554550572917303163831831391269792884803172812348781127090817632523978305089463591295986207103783006420097046709 0.3010095542035983995367833002995418382285016667199005203269352670981115227133695692500366042595515887527764039453626315603961421997407961371703752948069726131246793934985971189286392145027827496668880364341507747495927141 -0.4588743707382454691237638716215956742069265468352763036206919348539005912630887417843491478859730387882806093523613730966753385787889732391055769577658424922326238551349466587129863570775013574223207967763500314403327614 0.3794628192237284424494403599391283387266660451826232841629762220733705479371375580544492365020788975548058678079666371999295896015511619584474645450580153966736900791239370395967466222006918944043466496731801637278585767 0.07752735117123539584983806757150853747066635571841981911856510394757304578863604680361548211327001591055528422217529014953845758709198587288975089899701787416721552962347832747222710442429928460008845232283187475838036076 -0.1745656326436453720168437711247027846571478475582288651467549134553932232926462526001550013096561652569706364956887818390659268128211086315114723528984320574375928664517717445845733090618873085971850603489374043055382875 -0.1460567517168168387864334931569467082902730079697368079069613036193500676285453512348056360619083744629083878625564752352635551472660704933389387561927679621727007522153807498691839797657787315356162704665192184735899083 -0.1115040917934659661198987784098022388002584683401497381376937834629243431641082784377019590256867216254213797159730407878040683208558419545212833747843862415223917881376456587412976084100735846856583167003925041348229930 -0.1175379907618167319545723056768089561817912909673234218839563861195250459952021878038074193351872811837443134047813089468249385249852517283399574978739480903859652692084861542136882440460276127748513566819941225984459637 -0.003167665749077609929381377023302182517679211814778409645777042088620326331477271054158642182560176349746035124813740955040898011243872177554562871252984636518497577159487032878398567193937372499480621387422277747823773671 -0.01072882850489365046573033591858974020429145377841352968412041381592297840798319178001594836642980331058619243288400137402040911029641948430677935737229452266961228811752605190997323301070162183878288131830370319354379424
G 127 0.7736048676234393624224154992993533420993293395308186704413579361723964625677898326283090636757694460333369713723922488040559307325411229111958698273099396167733956053969205971935929452464285059208123474981339959765788245 0.6096389916420391001342872550976301768338379776179389997551470376392760631480564692333359854525388062384788497913606480851682548493759926225768155374233884854695572319726889875235199452554160162226457094259813193035300863 -0.1831829488297440486211105631700356146713131594742741871470309856888398719508554353732384025375712058300992876068943309390926881809211983397444873073755893132342808214190418810562425585250142006571171550110303061299277017 0.7110596201889095662863740657469165553434812135584987122613750443699862106617119008113624870475904095609322668016720073798673305188006250547078448388328776808447645689694484338181572896846306791665110683710911861201032563 -0.3169279230055714270904230628866480620073025326623215006659423557530335346842779836379969799172956888794818320894018653505648347581201535885657181052962615368785329411682278136517714436425857070967628700707690885798519448 0.1712374320592909406113990634032493928821632730075023368100515843815263322417234133539773184579255747743173874575698896664028903063534073807991544299611446819285036375333953506782443215278464148822084851715299320260024886 0.3805253572549756864799618180577128914023433029560200629115972527428953907503085525629167898448669018253740947104834144191925276857544876123174430911446152505439136022088708203436253638495454241282683285009755313348656475 0.07692833304728931947927275195832227632062492762403546491715573101185120240835480974082940821796883088680312920151659342424195192395443625389305075817436022866869650078241975753049126705881711655235338393378280893126214644 -0.4225152042102972420060839753805938336260432027489852337692223541382948684750004319254863771748009910697389535896443558061925190635940593793833496641959071654222301912510362738046197825512891032408782518659521755025493609 0.2009846559194218132188386015911188934173576310505503852733167667487541365857810841691313618234153774420047015241788756860800150421997027733227802777120260969982037549376669200872776404740201192780945172419054667562107200 0.03051579906372028018429135206673211049232723352637250331213929963857305956934379364410069930070468009548675563373718901356090457112517585222664332830661883151216074641060371410670794838443118705934075043921768975973067959 0.1588235111600335961697272649591467172543058131971965077056802405206432859289164132661612739111592259191934419203487119261518832595241488419999427188775269571747877778917701792974307562108273179486468664812546855113090059 0.08469641871828892185787651910519602506359978452365436565646404672897682498422570224644048076828675271873611962262678054291712642138794585543313375977114170395862987954331880832472391769095875583003452838978568542242408989 0.08807705329884056125132694852407924377546029339739806695520156757523902285601443985424478267392307444339506549323727212099169376778489824173719337285446522226856972061588054859252244530602515347475781556964609301631507176 -0.1455381115371051809886041788005555783180884076153757131371322414265284774940834101101703163772447330493226675825170018652512487189926022952268290106888538581159106190083547653249851600922095879395688323419817964775224901 0.1224484525344309745170813933607591087936636347606222031653756942129118749288552769822225619166089061645424922373267146798655323832029171695153770950796313594587104529627809043714804160893184016002185551668793391143056653 -0.006263507968321058027267082789777989449947100046683048103071325082658485477244098527578274183451714656590387261044814908883788878201865954710048847614582105203623156653213200222392113814297359285040102800116383596294019477
G 128 -0.03897171999267211476490966374883724711256739152281692016181870807305104121614316346916644484057247401917228990952834593703889058952435478618189674354618623167581565108333678374561169202281046085403310439740085158328828795 0.9253305581324225983645245195680390463717424843436809964603981665124369846024143365721525117971799331924232190410828953926815416175886570925633081917915543655824818971875685290159589479104466196274678143960434828235781890 0.7156867056796841375867856474852612532433687952508950762953846035032705049149227524446540848267645862222335728672714510204831555639254625394797317876662871903423673868315195998103564601243731163085042865836903538307216043 0.7045149375295155404245844233994610975006672260962768650672745956978852148257850864902901208762400915868999955523979701166687807631775799339252008527333223585363672435017804751290756843217615044631314017705123587930994039 0.04643160451211398156510884719527525063204261934770943673789013239672367172450657314713304946787147983696657924758732493090613314777545715994242053222296418892655084645256151031277778701828218707967108515390658656338310913 0.07378791603139418186406263299170837778149335907871849060879973836519910895625826693157934988577158368735668367452645606218172777996520209846969273276978218209723818556342827830532141759310186670165874017816505279815776498 0.2313321723261150681709288297342957158289049116808311992614199684437956710727550609292599263822965143032210988975991183923408011596614890204043888350281594813563827089276491829414867702580558634315434347662515393139506718 -0.1556150849259353900962039715737787609271363253310842319835752487719660393590043812693448842577403000889841550863026319631328274350580293139616655915628896287428036159648918474271590333174915478919561726206078033721209538 0.002153763840663005612062959001969105188020944118246683031156468945136665684225265804427831656328876074605974518935895731000701299374429290253451456053715373711769473609731882709416121778990682850068395993220811218390623023 0.01685274507554560275843648966170756215088819737719397848321860878428104869126397313237742002792479217461872158613625334017601517248149838965021383133323325281544974921215419520018728878874410931555320717656476579219403871 -0.08070917269245937452541264161601181072544563288446049661397505574886307680035281981880672055884107142087182252100210332289319833413413180738988226378838983447964381946559173514913957468287517581330193371247301392282413758 0.06002221774486891988136028561876949388765867228068747680115545936055088078782619959703556489184342843703982859594393216548087961608090681065017118475714561761978797130123819640562700401220782389766075091339042032692755333 -0.03723705509952234204339325007339432774996391113600604009917547924666075266112319692613771062458373946790640302911327560753498213010673093925827678510669378611304395413750417928668513405038199761044841590319158387269918993 0.04505394191975151019634051963747426885493318925584021670281476960913407194001475899103197414854537257897478762285658559361442697981870900009827053566566869257265933800605904272705349009520115606247118929638679876998949051 -0.001392727057797942791087788716988716873018083231825997396241410875844990940774400051894532522948142744214478339027328684107945007649733212122553756450956736654061804320680306274253122893343636228263967339365350926623897561 0.006918561665576587192152183112703813763730901712024325489644032861480109920265328009952863846652483214162774482049510406923105001377306020589545246047767881679948623932486514339797600425868534101233941167761139033539281531 -0.006857391968398344960826074071462151442902903231803731908591423545749544054308455444483519279075964399226126665824894331395112054401084691689992769184541714349109458030134324440475343438452130592475440665077421449639965017
G 129 0.2603186744938296945280884354390698276137220547835737972420552647080339791254492684299099713919071233624945256736907322651635442805240819129020590661012507879855296212106211024536406447626353859438495588464662248246095293 0.8624672940165088813722439816704773468588102439863474894247437773075771094450379982045799116837876797717208775755820843243996215190997516773603271526737447325991712142975337330727044211310587567045818922606190152480675605 0.4774459734131661945511263984295543820588705550632732379224780412356804001246746514731215183464894052363438964820944687787952477218581157750851446386804028961812280221244764117386149521570636355467818787212857809889321746 0.6997682665812177565237840567060890545209230164407148463153852241504867851340747256299261249195424647039033811094862271921333662740757314331071581420770481697614281924943234649367554531056151020014900915135275414454219805 -0.1294750151522451802733940627184415326224423601882720075762281436363851044518965414344931852748661500315391901512681882468215368717732358480502354624588033168667570077072152144391609013649255852535907524782993262851414451 0.1109595170377655311307974261772090606381681819360407737916809118072572421277866107265405435963738243066929386166566124001321957190941361396496874477038254029148336914170051048592095756630758408314075150208547207215557456 0.1711638084602196003915733349612270922589225525750611054841445604033031299526033245851775612512448123638368480296027049987549713691963890051292877856811598143894315324748229980049383785014977840094544624309739572188706114 -0.09435502542007420153323890424438913605359886619652972456090081022183762035020468320947929925689238195283557215653703560834213414843070398268142150594234374502822871484336381605480022713698996919020778028581146096112186357 -0.1239331363892449653652215766407801833801726973416998653665664808343983809726255956568762091598843165237217775546675815278743488713641446368223349664900111809910628157657235207530661587641793267500212466334172836986416377 -0.004542199470037629252627774382158159343022250121888391205375932525781703514700780622412130675645123425343381163731487653764440075514251464839409130305213143910596896441195790038349629734941378724719794968103550318111828122 -0.08255003823195909013798840995727486106157222913046200298332352275223862872440585580726043292335868674015548138219265620038400436290919431462646116414459378066602325586958575585201910113891814129234135804973594111640604114 0.09751243231245547335233923526677472237812043844204157228918440108980991026432429093121757277514867594932411502802256286285698520024548024666225052355406681181481266061746095816207116651758671513855699861045355397448649145 -0.01402824450786879118826727940293852547084970384998506558165820938768742026090721227752793288935649856987261755642044368738913624051177996580661138003072717178945657111481945110148910343939454516452549998521552318922081131 0.03798669007432965144144119925763550293464692138430761708992280463948462312032930380878788598750103532596177817866363376431733979199304202104166352491593912663802165734459243486081906953599470462913532669132457076980105801 -0.01084625202824880212057496506209234726888912040490338778806627994678906998803557315941711753169400545167986602846000016140103798162564802313123402230280922252515017224562652329542842184851371453032353342025057823712187175 0.004615752711604720322074271398122354451012734542729749318159641136582871006935759688371250155821639132290669409076867470012377545545726917995025586738358358655228360674825593591218260851474900080382885758340977441575057057 -0.01382036569994841441140226369394148685313547221137673071499376483346616114241775384819698048915061587553941140193174945589555665257279849875143364247206515399402148998121357252339831652878272394370001909809131483938677893
G 130 0.5104425135079094398131289543158715997745966242525066296200594895308380647265732402765374715420886565419286783775613997732306321794634251987272453676884337692310461919657348113657848479597678449636355532178203076230717305 0.5902699009947718794156290212112699488365716075424147817239245075495008217951551716025558718971285503501935006710241902246292648207680421261727894241452113008012599625418486554439500115448854536544369676024450852265685899 0.1842023693240658084861331596658497789999266651278835810996546352903798464537964794568889501799352531480163591013656828595635556811966168858424658427100565534787219656514496250661319764301385266397673838277679197202546929 0.6530333608246124538779713038317839843465644892449961865726597745029353349495214573067674761266185435919728208367331835042713979478494603146064325507424422230787952198307971913809876016874241633857148371153828059912285489 -0.3182391576669114924306291988787058455151764630521663202501158272019435545973537780897232480551626008528652495723174508442300348894299330943268936774423642589596386964780289926654740557509532598372956326186186443464439485 0.2523829627857512921344999402266601440045132838590640006752579724360720705754295259921311848742804884745600732634043062624038366130543690186819759950618139379579971447970164044781027781716943700520356987002665030022880631 -0.1320748424355506337456881747731966245730113134304494698899107408003921916605361694679363396209753883459074506000902821445820379063643956299643774398147665454442695875560339601682994278104737973390860289941535983000348637 0.2415474571652242084477553119248053721986690357003705431704864884581739015344822882172456292725238483536876304894727898876762169063198366822259595716298247249786700352536162579176691408050926744391447000400333555881649159 -0.2004782097020459096551139834942129773696684027819074117558751931416284716438417974025569392290712733460477799021753940455183728332401535468513626582784533311801329928406849901982034101434770130428052125457118911835245158 0.3895787782695435941120931122882403598768506616735380196318474989301584851000599419029963248462750299086031990790557152203096528875983504758234274209954735920671917804807684294495234381979785168895088080363893861256328514 -0.07757474567245624624821581815527387916374826790499284780020103251344716927067361743419677407522237604922891725348896252232947984046796888815952398608707197252240428751777641848920849908413276161443147701507293064536735481 0.1291226158843533301484303144029614213654426125616439831920178495860911770677093263653733473325132246076696692444501257247791894301087660775234508258675316629789072992505323118575192382734989455491911191914093679003012985 0.004530059302423588073381302856744869013702556147390659200743710389237654945575313591296075006170645853600906478984870210683289764946236384052624924949163798979648042896535891474770130305657079957584912561099422475971903780 -0.1392377364594331851542468092170313130791030110237217569662779528005978870670082284683655493467233083133594777267136719989815212654297640677347343995053876957774856447997115386636270125212933202857738073312094099931964041 0.09835289911287343977872417661737141881335227550665134652938879560585149848691381010075916971350224934556454622653473580185828575873440404823313136500996356211124764183916090690461608350033949639053369388461572456908942892 0.3009397819455538197735778450680654836533843311336987422291896455835549586412822290081255808988885356895578462189549636937660144926760074014245272000130138274462025616452542814118997193438891408407786266318667168939807472 0.006070033605503262140272879515178775788657267221853486660171313299590064220033611602600111575787669438144532091564660120841877243174960055727537775218536433228042368945198665224973580782807452591549217265031301554478587327
G 131 0.4030942470767869676172932133924554368267544930682154659662025938155366223108307136725716532382812996690134798543139828970954379914706665231332182879000504948418234285149409092436241875419761016043854216519257337705393559 0.7918107514779969727540853673698941826547614307898848798452518303976809682071062554349094742124468510202275143313231316198588063563971597519032921463589426983060569396676309447749355954473823697833901982980145240691315006 0.2400854883097674064681473664170365772197428919299515275298986091980498646235513220719947916688011075700946970973921580564016482470017683846247949636748707389218159290232382344716022673177875567975208981945078132484474967 0.4473626470779722072662658698731131532632363850860506851299562178072040713397850219312053886084892240048864939315018005323678205871524159346087689287251648239267646462039714082366021777534113075631299565342557019919049448 -0.01322338171591451306242343766076044473153528673180881855428846486310907508072174754527776309560014416419217494163329700315785339959206395654620958527571999740458566829085782132007267941627665474004618384378426331122900251 0.3605992391622386231179154129342984354006667783299564046751932471127280942229163634481487244647696144600636090941594128970177934687299214734867551478872348618023523932687729913923459361760418139279979587661342987405311398 -0.09078810237947774010048725489540219602781491012828859937929907716753570557323866949790100632375282812027934743078816345476350703476152975872100909935317809626349036944990507209594186380218842941315361461091062486568547128 0.05051550487761349066925324326171229397640619638493630336306355164091942128801745560354735213309786751479448242195409505120981375923041583175333702694500045627342475192591698791073700779186570438725555175828280619564116992 0.2884522385870521907475469428545906072838767526592520870984533859662431860088994654231597236161951867044613921996217170013722185295530021090618173663625730456577744190014767334550476715005046273383288137119072914561293147 -0.008463744373054812780219959309403901196677135131981754962001791046207538650484143516653234810967113322444857233610950800271089731050268448649531654723790262702376528325664000335318912650397510117165948410780017658909720660 -0.2346195827715740978478634608275170363671774316795651187715891292603560723983272833735311325582132683728182165760979036370498213264398882784638827496031029495066448218845623451690483092678140166497904405354151756192923509 0.2625908311863437250031962049951822098969766817104633164766517280560503080363992653956435919828342999387693618909952773764182500359093501796638611638863177190621889504635479835043850871148736290767096353840642083203349264 -0.07940637804630598996468004303849562731923082532249790326396796240928185939181421336936914316290404991335013247665391396316986057812270985231202978211215277212859872763820008826849523528541726338949337612583838981558419684 -0.04542255180876870079286465370864698489278256494316046222383092582199993704909908339588047004050541342236787160151014814964730480611200590042076190007709452940020258993496739015198684912569008581078825021528796688750201414 0.1205973175471929759972107198412169709111012298116776687023992661092379371053418211817245316186787600653979332803991190281251206271242372493629430794217113463767481335346448210087323347795950769067919612203316090750876127 0.02314377898555351890184238738270937821567342495706692247896680766441296075052443560729489285552253110098694483171861881657334723904576954689159113746167527914049194814139054930316955689211146653265969825772691662870907402 -0.08541192465619701221833376002093604055279883354294968970412535445688514481333599019529181469460640658387623361890629413911752357420937496892359997163182859326609370930698551186551043562184017178730623429762207329747608009
G 132 0.4989804606692475621583136727949473600198263565168754234663951610348856743199909562688811971036373910119610671564321836377230395212740213484401940414181735867026147037303545139203173768708200211165177541613460538632918551 0.9906494811227170842369729773840099473315477414811608462931320609150421743231453006301551940583718669253188442601564958502363378632915927547131858603250000550693309404984422599575647123165800508724744420431278037380394371 -0.2952531564836354668377474502579596868911475804321371762813088730455940629287200379377033365341211851439840197297960430014458239399192370211486335771684918283179941004661569049414838619067172830847919210036584399525554274 -0.08071245120527001339753938134155998868864098410454189855283333927606765776979292369991232608496887660328982044266698978540188410106238099466282334533019615459692483276393140237274257159834146441228388917770833708504100642 -0.3588954844357348201978356460182434737543018031152094373068901416632503565799966482804660397418645134883136966392909594592405221459193413043013870582049798517777059951932159440280339423384710148259268838119430501458681615 0.6078556372836531301795206263804093586896566253583616513364131216004488656909734203678660244833108510495747457474503794992978669897993648856966327694048736986645166805484275483905362931854444448437661226382707471017668734 0.4862371598662322108182864081095579232841786781085701335864179933391309703949737461553128183600622097817291122894660707317780035665620958283997310094018379221039758751306102778500690814569359333896475087545238734492666496 -0.3623918125372633627009623521726976271246216163462616671807012943474995148777768623903990041219958192271830813271149420072903891632402630842843738519771958351842564901629510591053568051248977765976741286406745188427541182 0.5127018900386016799971968270659807793610866310195549857676467144380132053275105423779095076897307859534876280218364803334168575411308503444245277055094182163250727485320919846435469907950184006509258083982686728176117000 0.2532600702812056534465639368338500409436906305559763478642772299268472084874983725234581128480560914742507766551408957311485465585695494052450624665251111924513024439753787437243781535271060435955832793236197314717193745 0.1484678948578043128679938103759315546721800925167105343529978058497424777055477220795350501244926004031060138239927500996416997191067728678784239636096844939124195286589000288777891241424926364840369005450668649323865124 0.1351934599001333649831038334472485644354097723408430576913254745326634007945822429653794612280656569937483171633923841158317509553489423871325687013459001972954312461183134003462526055705655810698573167431385008005292691 -0.1107390398607317907660319293011857606802811888944931766482334307776689379098029288335607213690017209350900220911284688474993894791870822004279307900512021403053212284130797286616939743051013737896560256664878020720431486 0.06031339967705641744707890073431786755777534756689450614058858037897374962157183153859251961513218957498300705626208503410283632394621651059239222312966023770838311213057804107081047153697250757898072958619862673673163602 -0.02601614687339535908100266314502145680495626075503720514451349912696725492865542560669381187993195207206796047714239063475173475776395761316157006575130751221247644074108510509484505281789391135396341644220665949958586591 0.0007203235766121468717876419857092226692588095336084551501170740804451258849819973933135585189143541214093748823273823079550838570996417562078794270372147509724381659965017868331410817685733815278399925860896313231884372686 -0.0008134055783551063164444609343150725438818791188419503926629066319181503370651010907348182098198987848943282012424748875843927420415853193233733725303491807645162002796061124352007183130516460826347441663905398565370798020
G 133 -0.4159555662877703325130171698760894655448777075695898111798521538029981413097249903251140881349863295766863217494460606695869378180404631713763790485320924879134668147387533353216958763571329137709423711464048023417881447 1.034346879705754284154449822310202684090686635685607225927116665822998161395744789318076207868490855671418864334609772634703787807483285213331943424844670847881350153784986219861661395260527356493267856625117452858747558 0.7869784826036279543197079527063162537852746520856375566533896120065347088423525435470337464596488588745207327739028257379156913799758034022198981895811679851633313646281995809113867878798516162879688276852003005482994471 0.4114383276082460917616726624828010497778379638862068933999383512471603893677792104755196908732333582462785205788426634621777861085559743550834481855527924491766673435193613893090899726792669002501050767280777394470943954 0.2358908383367518969139484984639961737669579467648253643454486534666378414496966045162308939008781635499365016907471666959232746383239160470159253085130411502598311655092378359334719880910948283453467531793160614143601415 -0.1054141576272742330332174929284484481912171222153240772735020164310378849844849556931579658528207372752107571270482701239938766295280113480157557637599247533877761153074698576323863639844848421393621534483092739500815151 0.4849998553016770801952555794346143240751603380739223019400381582814267881967203977331776808657665144531517943472404482704640478794889492964144311391822157239705335548442524734371393611375281686643341830283458612895143096 -0.1624459754087470955581262556560900451695205143658915153824275185625409992243912320342817975142179442735336550955300749930713868584367915681747157529785403655220407712103794041431376391633940247480046084974582516757817044 0.01571326510305359570838566201903750078283874975201593800078295352931673185977894017934038593537185678768391618252412863921953842187572332973220619081748781843870238817300667371145152634314482777997356762940688920416205060 0.3294825798543021575637370820343658163582801523280407110755920586990708806675931028788553926119550771483724270046526391912177215955457835861848612217587446060148641294221436445087208963283983831517779482875037628774404019 -0.2050908505358652097830022754975030814442948677655886620413442901873583789271056789016861623358187836424138858625815303865499764605535561735602143836739670230005555767150442494355720962587873543503585192043961118816587281 -0.1706898535595617590341656076505241863324823289970806984000799489875907653248686810509403363554219615012590549903454281875515951439385489905218114421722849748791247340668054095400367494601017508206206420936681702239724017 -0.01225562834177809995717368551514514661664655437793221254936695939479549388710499462193567979241912381092824466131500898417679307503984556633147400271166465949299451128115534248546262604531428100446933157408759866389598316 -0.04040752377475489581372794485706286447853784623087445253032794032219698467449375303074348556915283370958245755836881407919717780799297232634184606873456322999265700700238115213944614599122494794939248252360815458923999285 -0.07368337853806365013304636023121358869101007658577267843810115176042242298092675109587519013451003981174278386632349923388268964608770847498033927788061936193299362144772794178810960830559945852266057785717700897091889519 0.006838788445022000393753977467735088894740210553793837320794450254482091823487413532235106096740691880777053503361462754906682900379221511816422056796549344828031095437629343077744875979190473554358467546045687628771838131 0.01720437274556107684593695852090849833696104317341002012090028062952876206018626485605867960826102741803708707800247622953604046569367045289785132859520009304461478337415236971853937866061254912565879098481552795998323336
G 134 0.6922557083260298978991401867856964764758198103491669202464221338962554731279897987454476011229242490687453084951549156545847181643898039688384100861779525330222289171819545770537230399815689340855928590717776658535358558 0.7021473522370294999868149615334208993831166861635104781560381805777712933557116514846124558023798947593541813426887522556428683919806715352109860570705604935011201168645587139690657393624434247030378256356561146892006615 0.1276194784988060335694872882005057581853083705083504894875550843857810899401378229989673498724658888996441242009156008607007888655611164094162576616464655886856143681699262715531927466450418892016647252740548351355637789 0.6417589199780963905562017349711502263072508233357844987932025782443993768439361993926535129121518401177190020065758246398825910854688209284455018960159058614720365724928810580539731391896670225419428170592233454484006962 -0.3426220139276757615374898413899103403032366058932864759580006410604653351084040746164196903754434892519339475822534693802038605266624492924302054313422227793086751720244145952697642608353404649040112840295328339946523020 0.2297349682267150393715403219022933977162200616743526952519672509642005979641805623815281157155193114821371989226876245348479968159789511087051128524843420961781674733563769071630589548421285852060592791497596215901428244 -0.08495894531485741837845092954768146247816063607298782358011328454706135186358043948693716312367734524089302353828485188898595576491717033012443120597676996114013910100774954028039033842550783470542287226813262700779800993 -0.005545155629394732597801949764457307592593750388954801436686076762523360661041918628464704875745969539404478034457635113800890420479377449049975238556104859837538291794537972959608977515834172817256969511601163739145760459 -0.1917045402852143521984195000514310099625039675249900955427618376198809111635067205048238738758720468963378989959702519727732603519771470052854188618156810984346767806331655792041609482547471010314150003854559058967860767 0.2041883296602374096001628411409666790734678702865030279014176216147785194677034352975214243059761751791606241699983639873282025293839233164826583320120914155994129235892995061340172116670508062732170246740571637375465854 0.1988253039444888635010819491584238166712348092357331261808841442305089183901284738019577120227096877239486906564875915580357260857927396291479705774380548165299532191700637927011966092912603077906690628234731120336165326 0.1596297511626307748012351509623988505412281013436576753149701834221251692080299222813682511697784473548851065983886078067041537667367872998954404296970294149731880106225597710342657521730763885513920040780658492280035280 0.05575895778001046521710583565636695729374320803245300081785103451726807456294532545323272207987039195481029660082764281510244585296452198504635364993849733885102573780404804389409231552783045074205135193241190037011371355 -0.07219141746330307179241017592033310009650529399560571472109676948204973704425308034201440459160462522731929045610957969501545837050192799822751983290824626277807297866804958143118912279980340977652848063366375646224299186 0.009360025458154408477994323005734732604930698315737090612189424387866855457225469035373172983577333698981085856382113120538238100933887381065568027578493329463109836173379170309251922319740917625618966876357612147266180820 0.02025488585810298405930391405962579309308303857709382733843058582930373834267861329481962236130460015366179827884116271025193744932803338042590484608190172765863800005613677903687684925106693036118109128513820989032494919 -0.001327850840206969402514817591468137825741838666521754441236260546160894806443319922531144328107370416132163461358986205500630261488012042357237966301713925371436679147871825866107121661512118622964585217468341360992738107
G 135 0.1423337933722882443034218129344098116612798757624958832620674005715758768805102824616547617383923656995825228187586347276979020761747165997686243161839471620026034563207886282838092332341834845961443159447198043026968149 0.7999131570450962869740033798491561132027410584660394880546840412015492641001720223277291603397219483790233547791749818153017449780216249573656020685542020813922553837733390046095658061271784953458979025847870283294750746 0.3472360822257217759253653417811953440594503460269505329255137077989313699991277516248372917972868281487214146921198746782054540414745781600122210293253683745441716104523283264771244752776475030529093996808482454645267234 0.04071590525467220480877363574339873411694398467909584877152201279173968522019313014815766410282273064670214416576410648759793404940847513730360194358738347798316675274393390783370814824466226188858445175225950163822595674 -0.1594713220859498579654893137850457271607758091637490987146783595946266734323853172037870068402086240749561795073072252291939864221784318689639024738934120441367945950001817337918663801408741975493767672911834397924429354 0.6085388020825700732985992044709735653076878505449797005287144510021411596851486390897297839102432704467365227255716485202364172088454400614891250373875075881470883678121715039807997454730970372662405510543814771747354747 0.2035141558131174188411512656574406980332361627856381961350281495124145693128800293646734130206034895871601354198616724613304372664273502978975139368767698105627080710170004858043239617322352729291898768177617495412662535 0.03115996333078169664654440544948622722396101659827532019632024868425752135677673720743084838320645248158399956156226169160493206859080160019163939462458180448590930490458118747907135941482760398391153602759284629906596381 0.09607393848396428171888600498077213228772952883582473008665249924725669970891609151075020504918457528250699029816920137267842745374122928766113133517773035548293529689571988928840233813251723509733092566592768947652418075 0.06749043733990632112495220835089869766215203924620916424358681869023198890153364962789726201445254528744463857263890979347035334558372625742766030577806916904622044835553531916079439310357765362019064478700574968301655478 -0.04438416093807875614936215197499445382281741371898199959068377376764286315533267212988880741049754607295251099603915348561891883415974317252638261871272284165396646108199317200719815536565268728837054661521819740528206042 -0.1295012704541165458668912599299712278040735576728523644145791829101605927848709662811179005383887303376636986832155485431786813688145506014829834281403164144147294417113459121641907651158318572001340828826195674513793771 0.1381903249809575433810438511234743269726824057178202297393659609952732504048489291277353758121185988377419429969608392384156647377110759515213964467907342665115831709587558392323848832871622256588301312621690678968804522 0.03481335982355142158548422358554315871512696001323194361436491487051167385401399697488891653704259859518608187078369537878327966582022565701305243937243550738178662329000710844412458632597082788491830004932909356244144847 -0.01370962639278124958950925596213861736701396365837321183665010680360449324631391734591821705825702387820269542726612259406255631402782000017033934011966747540374752776747084048893291678379203108403893493247258546740629720 -0.04162503389594698168744595407818691278425619471930836193303618254746905151880957860597597707536634471541261373998217181633776647921068045264188029467900490732740857251102226519714949100609974331759653808373817399160492355 0.03400583256782131794899080832630602127338239628805175512051240547393441220407556096549522728658338956749540661938771497545173551121074907751551639547918374225107684696346067203690222111791121934220667115601051898565837375
G 136 0.5829044418834554092783843346802145594554538658338267917837034372123124742302367487711550429598269740919686178886108002156367714306209949616983661711680461481025104794748462712723194758683859541227479273621289700265177293 0.3065147642949448173806450161926719812187787049102109024364584132672413020355956965033260134606374897274628542230689293607998690152432656340710855122810544733428410643064776694908981473325332629157055779227089779955965765 -0.02910801378971581849191568743280273507650487148954715577392333313720094645256426901038609308019216346344102065651541556078257339865084416973549379786456409736304763156284509043273344630494133564522323533313130291437295202 0.4255528764446696622738882456872700138004043297232639155335527146297872952808326685659512476787474328427480237041663550664682341622971733618683743117808548895260854039431328678503136593837878697832419893305310166846673651 -0.2180797450314704133634852398419694192699811220964635020697439163655508303852316327183869902779711880761292330417625369186565948597099846928785854039475263240534286622523545762239085468974523815855199210407666217900808542 0.3045175700819823016181596649420876404935182593690563041123182316289711940313772212225005059019941769686171223552718311989341762848945980109184604463029122369238083995064734547006559014120524760977721272261044944092380654 -0.05389539640974151033430363039435369578710178051354153765661940062062997172168676815367684744482863841285539672685391165632021261949305248644001365406981647801408969506699602902215406833027762814981581789979167225893264632 0.3117089091338402982384366254419763756075148585799114681981494554592693882331229799099321218460317610172270610645411420374357931355984407927361501624197998452647498706363619184764482991109189455164626009817939531214443363 0.05284470375423678960124317706336991659088340032995137677643494836679624901118988928974901078642548283356178012456237441680396904897557996467068888486142894970517565933284904409222202867194878310650558447139908867024523139 0.2834777307126884252680496549354081094679171549889203132113716473861826626590643127951254430874152661821342507115572702652951919663793834071610863144134622723547399414065302947819299619756726800992427684153487548181146952 0.09661125605499408949336710169888287546278527867154703831017696032979727881708643829343887662132416298729091543642976198611716622598373613540711605384500216729446763201397011371770568943569441405557583295365666901027696426 0.02788397417404793229617052992605595541050607395939111542472239939095625648301327029198237983949472685577125621281165323055087989743391698493534836749512145523787297716941170439640360681373257880061652037509926517899785920 0.1453809425265534217748861618049688415495970472250960158068847625637568349350778729021286935625883813401955824807683424163332198403439234735724316876313156852424337081370512192312130751268061779207700416736879586098438016 -0.03123566305560548818081742389624332831977562851299252692243706560770709143730349430614566652460438432767815494092970607568132422032442368039913903280372264261586975010280189704833239934757959389427738732753948426720600878 0.09626066446954358381021880649310457727580772200935361930627728537569749707948886257618081053088853367483375940304214430618671211414886471174070859681438016019736870141888297180515275633885995243640897151019239002712509929 0.03431718072618722407528213444743544494855176732320566808261969218041303589273887006434562393045420545783595409272406379590776157203287176621767535476555635251516911803387456016036248203716050212402394397706082190445060990 -0.02756070282932771931117816322768679659458405399916925598480200153960130869602702744319918344240747558064250484820107630031466536541422229960267059647741345457922475518115921070165821268291371245082819453356056941250207763
G 137 1.110095172393974222754477013861100832220774912725630276257850412118972083902570460563980447000022488168026197323021212758890057987341880310973208930690223769583070597120061908473586975601264661304906865704283807761144148 0.9653292431228072065055035609119614091402393193705524964574518053231076192755507646355810745113457136671092727128636055694058341232138348441063086733653451756983139688925134569352512587503403794003181397728230794013435551 -0.08070816783481432640055593566457254196065510414150190031050357263691027309293986782902238979233610096973500940562133998814784800663730577382829736732658138066219335062856904734008072309391243346688684573513872029403610715 0.5666770416986430622944470190525818480461469546762085842782184612881649111107974708938756410084274424585051033852040321018802333363947875134959564032889372870518647807237540895101821110409851071201451969724084557539220331 -0.5727406870711763394093293140982454095052757919710574586475626789215887080378987660902300098750740394232081231373500465260977300772508966911539313277379167776283787316260200458426149584685511735905232642109981644024605857 0.6479693650959551504806111514692479378512395307883906508237021341939487752198062481104290445314104471939700437413064494170496361341097132953820252010220393450545146298386736737663658746972295805979834720064109400114536485 -0.09781223598882272865472206957052867534583218102909865839020720853820670016440844199405898814892764499604759186228421022508634772634951772826110971870253682749409454320779403689253518521951704478603049015994014984292506782 -0.2962503868338809729910002484361668621222980057743426569258956087928792321975037988672430801999747716767903506798051896812929404292350416807646808363524023032932200053987691301781926146275930897326286516529955806527847575 -0.3042451656749079306344688383806872790333481567842117527219542732313389318693534542422737928694643669735969128705300429811290091864093468082055252428823272422807796864167066591611106766925834280678613326951525838141781101 -0.06246983290352695343270690144349561353784777559470978633708883969067071734291571820510518425891979233532821238495897387983375938678032383732635080543074472989324476956537577490169992743809446420463375999172595015300927337 0.1712134033918721890815740519431177177623393677989592562433059975045932545280694156025067313601612354396267966778871426595086363565847117550466925584475408217898008040190366716647818985643885338342163472955622772155659929 0.2029108481719683457342033707538691787514247040327720126073504283078552613797484606399519250342172420701236233179392663680148863775354844341730315272425869432828247467552130146238782851847423155722579148420511220938449516 -0.1662093804580505762026331316813644787188779163910471244083539195318978204602281825604917305995051233244914391092496697798478402336985947277214407097129288398385483319084071820419726000558512544912476138429194552329369008 0.04283205196234187978168289671446446163419281652156476749950372405747420462116996030853311234599592518569332770379982640270711604436771084040253696592323745083611654873789413488599916505846377703966884403735977246480949324 0.01273406423096058798220307324735362505707786070807307257577983964267179331189431265789623549224452909992775202649386198179070165161142042481804997256285242602407341340295886187192110158683589638497095625620264568942518939 -0.01647718660628730215690788552720949386922436603960679094709842597836133023127696977778720721192858410919345089360833062893114783573211486381732570392333259883461728950731833164503015506943730513497354924412853267435618384 0.003250127739717091066239630172231498941340999785778524813489059906707089797203972028233945972425805252230108057368747682063806058973461883885799348031721720014024130914984112473705022758588782233890577686950967944843916528
G 138 0.1139211994294526978126307219538140488687386905201744437160026184144051022085438279048508251036415422523399570957399983559035946783324945573256482232020474660546832090255851095937936474703192409677681345352614702732472268 0.4841632594628955903119357844604002941535095098229819599935544091119919496047243044857215705497064395057508877674405887914774380497790896469237460904367419267104192749036201162405070756106129358738145600162004674833431888 0.7122939768462469665609651825732097645141853508747705252554591060872812279428614163973159155956187098196293859868919328565784573254433690015715907579938056145616820760371087660807222668696835780588506623602770303366252646 -0.2923042103609503257099956572148134670844550145719817413754559017876424262243889307639248372533187248999686289922029745913031161950165260216140452831776697461783514935516455714988175138609384417243112786595489433672398056 -0.3039898578848794922590849696312141841497390227228307438727489111446856026149100516849680720268362166063741909899810797928872357481842410560823363196447328340126718264245319269105797531721774988211221894727012274385310685 0.4940917603806116910751428952427668093315404628786981869097478352630791932888847387973310813600436673732727309437676070084909594684795782556544650113723872955999638147374522428385547858119870220933066570287233104908062927 -0.02115701944663801498545817809154418288007709197504250148174129465015021658183928277663245183712928492386980454352267703033194767544460473127258213011850213171366920380663840167541520397313201140807748376056863653510893723 0.1316351708029601440971696354470156225101760342317174991785862262985846696335080563119295596061120384370045707311439226287529581296832496167827552486106920160840625134803131392050749131781249541941583673684652303293488591 0.1415509983565428410565700542981706624391460940649407912519407900719992143398528915951579965674478720852397992028845905794187281818853853281010705339504432248499895323564352632312832242344890996466162291133828698020235509 0.1751578092973354714125626640948299484413145329312605682585723807994381094740174738333153480637937412079126791779954608080898852730731885168783945381927592551652081461557923436334445377968255534952601313487018144684926820 -0.05105832077857772476284613605786003367354997416932260084999123855147253400519815009615653865695149499346158088693606655741303498534106407715217656375718309309914734093294469636098296377362782933441215515074114354805782595 -0.09592785894505405168390859799790506968596683408351706607891925436834185652830178297447149780946430995662118984763122405532624997155640860488663717484616890795245750511533836947490820726520078366763297767831953392673806122 0.06368021044342410946168694831872452300630399754282047298706989752389697827934591961545266490888960773829109809792510829504865924060278936007073736656359799025914495975249553705459831447885470022384769722441334250850764489 0.1035367677902923454225900450498159133395872020785487588134208938755732164981645724981739316107951592158690628481137201478249446193111678210575480470029022967667967485985028456437952643594648885759731562203089974278337309 -0.02669893000875544358629862937041489188865233665272688398007776585380834636264504743144435280475215524943340550749249426897003969051800174243805794160705183799503204287246676985179516164628150021103967426618413261966769384 -0.03191863643995715539929268611469736794548250443009654852143264988338526583503520649595467146359675329756620702382377164787864927572245332630683529133311954565445564606532664097956964866811372509651412885671219252334813430 0.01045554212759212195653362154262738426016108656324448285448174347927871328721188181403146169851368417439279717849827840684701969500465229311515426583974547388778335797210254209820146759057450551401561730141735632646209783
G 139 0.8565788297494350577289636945998051110493245298487220667124847870463006915561673036704217022041838731658446083458281765904673743659038328220743776973063539397214855608918722686350522787947342619750640922758176734993052285 0.3635505932149299193586086035230564399193715694046232827378017773303595583578772323011592365909968104553447996093529067990485023853018543509415253085894746250731847788445887916485590567658252149774291294840155568296940911 -0.5256512548189914805985993387865510392442136631066222684474070531222707189491456970630648169084094775143060087022098963753587674907434573843390982570881752791318850036100975885605385982041338804152029041397648466838359260 0.2137816491181203946467570735763494467719951289214613555443234277483386883694980520933906946433947367442061815364387474512398747886847089142568178731518447103004456848766389284315604776243808249428406366186903669147942835 -0.3041230304130859600754018403082562973409323080372033869960715051974436016238537942003686792025743860857042748637560573029155823222798685214847687949242940094529801863350688179781462669087628792385858281453184797032766104 0.05573150705098652406447837717980278437934647026570553371894119495957731666042791644202743653448955332143999638718973522408606999977263133473747299356604570570572872163603035541266709462003916978381228153330470511984283510 0.1562067197123529792915489934997861150585588417872644683630145754421943309404300007848469543567570604957296425961611889883063245874364546298589540468406296318229217405781565341086635586020525323904507630422949358991006421 0.5088522719778101903004954494891006081854391841108496889369556895241328593884531883150951468453919525237194761526030841500734677559937674885070886909975686918579864913182170503693401767215601369616854421981511355090242953 0.3124729507617040803554411664065631989895041162083912444320205729918098312752226504043588150703986158835418482769401649870822788394126065587387513126342386431312739928206581185256198263964267877390735463451137553016667513 0.4755154249289174432997494011324911482055110396049609808678394340273216047440356681546503797167540657626879833942680111748376112166791813767223809341952595559263274835482907402569413690736695007474661104992322260671349726 0.002064335650901822007613569432466814755149118944843632789292531163965979553039858882576427850615236085595861325146114761524225489417119490556297932641258708613559512976587601094740177441550877826363752781175704381110938618 -0.1284610574309475739172316781854318412775704520440096841559809360368753471476335821400840291263610514306410491092849933640684997334356652952912536786850561782833580771646107905266531194428758278681416338034868239221137410 0.06613395090520577643382569698198703933965414060984259218696273790532809802490939893413454373314512447334731788282467649016478853969041471471973623494243646797975740813643413621040241993777597735556653383917179766173479654 0.05120409021420320047317314745812770342993082973569708476761535765136698234813152539707297450601323399945120055925397668915998213832057645584965940802311082916936248961816798961970170059915571010989559815882695678491544667 -0.03625430456005956411601871257909026965319992665847616830484748537701780033015801661702106294828224662749802646069392111468563562989783879353765577567929298463776866009835277165138648282976972995298679296046456572330932091 -0.008625818981437200919636546323686351545960098226241247291349364904069318009366788819659198939972778372014911052108243237823546179409931586888208128256176371754718266884534045263618591314172422851113502580567392690027034085 3.531063115567128121191686348603786268904965309844103537471905247928722464289518413463861571780500112955707669138755212975146353122230548222578078918407426967803411120447137837406790485805387881348073712647354841553657834e-5
G 140 0.3896380506262635523160907394547007444338186732094747346798464500455996335297206401467932513337635473251457178530409937922151358722917436555569273342478025401086839398823689662098900409233379420368346430420786344367861123 0.2077553314789798963680256004740820527155351674385407359737275672387505542056761633867594325105910692226397390782906664953575667655427212341548610905710577365236506560633487330569231486793059770271731656783406498435505335 0.07365395538525535667575700766778221453331380078466198334832012733567819085224973770208691517780908151468274331544110590192939483059510931291317548697550349666411149225480128290967745356617122890616547868290758688774430539 0.5283285705888088617150218025637997207159080808745273763018883257439078765733564284252945922276584933162269358388778067867742280848929667152739082669612229661895121900674370241037533700201099731380722658280811471690875159 0.5146634487313452361234228577324574437090792126589559195341734453358835296211786086142730387306801147446644310568746676710065451576360605833271307030047012191393757840108486505187393451272395699089817127491364670918743411 0.5944067942166853418566238182914977241240970713332470353758135317457151739015570393717047066555889381784841921194089290698343579737423920923358809932969412551803689726679482229574518289817593304085342210040478906479541354 0.4983279226907178995182343374066180930900615340932307467905083966652456769246174865661431233584802945956724816700029204501117497939026190750913266454370274149823995221167694276853511881650415924239196149934356190041582327 0.006843626978968210055029457813914295681899241098529515502557972282234803822056931267138236930250934914119896316406656587384535345462338013235167210382707842190998405819336069268492875786657875161569976952862703165407754843 -0.4973017678564226840208475358488152270918858784642257279026978074633591807103788816018677266793702436496990187102190354405439782004252265079987043318013276525119943222128301001870985487274710046804925464436868044901481093 0.6683346439069408235674082903467437307803352931366378979572177416823945978889270503476618837708181438136002941301563774968489777803355645214601184536552325972059606804303489492148573166243262163269080791966182248410092879 -0.6288306847910427703724743718476812186415596295012294177114532083056192122333053221432124009528254119185726902841624832263454393217388772676286115602860450825343580399353824887148993152808940470797829224273530385781300657 0.5727689205683981795229306308200366980920763907476728342068104873938743512292270996211720364715623513272261890691731271441574122675429133255419728051875803216276071535843667087445575441346902695472090872957487487560574968 -0.4249487083450687682087480173875694712872856034142270536365363342027322056487799837222080363432417028603462462748333784768461235868949409759201555069101011704008109199863465706770969402197494033168952234170790139310926946 0.2633748047139121420741299567798010420693639595074806475306233348572904103130556021060402886549567789101798967150856058555226328376639830892875030595769596815203822114197808816339804155308265669678259066300952234067289265 -0.08257973197649982563501315338645016216632074909337070202365423888819917965699961445378216190228143236917287215270201358568576960126458179746467626647974856292898435358411932986798839529459601155202806200826153390979555305 -0.01058952696955288476511885901874440942898782186660009852912549884017983349694869411526525372186820109773695882870529549407643091908899804807419914446251061003270428397088865896558123761502184185417619524509725754789736428 0.02041430977325776252779104883671769705079962487637213039767441912603100900588772532454461678408070137240474891182049109415139204064267055703046042035202439288805256148560175241553020987598328770373581527400243607885283043
G 141 0.3039188050022964208869672982178484112986610166607255308143097145224989061753060760821201012947812068933992098089129381399826381051074491762669341874281956100123866220407640821545510940728889309096746182240623549922670913 -0.04510815363599561035450383843040982727321952374894462284352536867119935077718960575593286365567756314894773402528167756493461089098347880042496515449110876194614601633080318944299174500724282358671147866453341187837011925 0.3010805512155705594643463584600836054752056078128742232506811387935805109507051357233315993236893903665120092782214645342812231822447538881079529293447284530332227441256960344362538073293019364834011991555980697499414885 0.2539050010876944353713495440773280327755523620414195295143442115846481324688324480627070027507343604050538539378014156558777155530788938828634482299401039569588471947419401391206822946486625116794634763688576550282473591 0.1700921081538705410670107215474912728508710147255745602925949438735270569453023988178518841704497219002286558562634464691532281802150532389600357193180011523388400482569214208251612177696124628614198177547200544459791180 0.3061848148023051993423178541109506638425585722218791534505871675035700291301781448615309349878030398125745461865154243880882212388540580112783816101027314269715411577724165948819771265170569817791814182999261408561728974 -0.02152932932971153453600746573772234906857063008283436997164297549968419907717519665982068339286786097722170057870557881576377393277614471267286804517458707429565873745383951587409597026015020979072648275208690018876095592 0.2530865910421298095855759347056161430045478629068070495081785813318201137386697862386481773143273606275330595602321716103627481533059909145153584493440113030424429419283230506256495879211152829456983259583696945761618023 -0.009457586810697880749698337580330332425015676910505796733246162401153391736540719836518340741488560675712488880452068881721553603461252735396172824911406765772146464014035139912160732965216875090055946156388465235963735447 0.06368560568953915867387360387869008213271377708513962333308137812029050170500563070827462542597144857087657332548146651958346395985770348338815154891591732704207525263926535254605390661919268205983053884897919715212091907 0.2062602980984232292513751832047565535779437093253430490443186794106760290836138145175281734210443266395527222775927904101660723739390846246385251816263039646316526302789432472806928428169855770475561991618284998581724104 -0.1372378054290529711558843097803357480961689059814370882953664403808118247150866678013938854431356942949419877481404831136218922722409496988445712792233807274623535512509259132262447809247855349896593257456620906305102894 0.2673792173324924177092229257929977601020520130638209570066471756906458561436645275609025493408758216939198600661192453495701071832510640116265150678280316603309964289133534952577427738826848535021726690752551237154262057 0.2561270154403156895998404440937087500281986900425687254899081593846723433362748748896065958105589615524484056485219804264685818020516375382750347171853676246378661411005748323963108546950132552652986334978384599516039064 0.09850295597247941022315321618241434576942062249901535195350971053786592537761313740688906660833997705523894765554101955508770830548587903789686091915786746775054581783886032613516851153376040474954663714510900110828927164 0.1183121407450554151300314703836447867425653987576011390227352414912696694121615770186289982542393272589328164567500357721554365695661635557234446798192255524721884049118197368053253009952570994487927326616993447926513864 0.02544535574244789890888503922283172029125552121429939276479041533427236027626022851717512338816734511636220229906097725675824806238557302917730034982354875375024615933743286024141964400125108787976902227280034514924864052
G 142 0.08418650340658021989663821405487687748529960719728549888825584803706320012772489662183883055933009786815037774204795561367762335611577066811281749784178721540647310902049953636695906381763132534577125303494768058405859352 0.2212190870300727297469233561939310350779946310198943513691741730316968538468117338839476720612489380374309852152347199203852279486879876142013556689873911130112566565976050098290073224986572465153676142067972159244180408 0.01676589580746010083236642979507040558854891247596848617096765121776351979781571795238336353841714980004400621850437215320322349110467998811746989518723853205229893552003166841691972805674819285127074379994139315078977947 0.4018942044596376269119777748489191146160414560522910655896757725264118721868418037200179162818302950977275217845499094563334963734908028394615534158926761369835737620834183279441262883214848020881337349188981516392590245 0.1953758188814715970553428895377215629107964758274706953208024475910918477105649369537106213733207044647478221199359323549370861869349626496898507545108466030241682789244610785183199826317517185744558026795547754330012061 0.5703301511805882647239079590376155268217846961896923055663026175467986367275967890330071365817733362533504972093572116130808925114366202042476292748448941085135070299956559292690472122484969436694278560846094864129898286 -0.003927466204649310221391589163612308992298520143587226391519039146690475005385311703255956740319103066082704960917826351810251446601116403311169489650569927096847560155297780071703315363509612173143678639731200745201203702 0.3106807958984704081693212955483754528949693307861972429384470116339677861038876411318117577425717819704339488662264507702336653417403789174599489510163116110829070740196099467055745791440276660561955828984112178810876493 0.2051115536453137572696068620558122255195504699048501157997899266783803423980514343152788905566282995919677244617065645562973582563364866700253197200062030991490012529031809087040747170241311364608199406938570579335551231 0.1092761855392876100469928661405208747499659744521804644865555755574611932742225844339240799489533373924512171901783910255445963093752747007236123587248087161953696503726185022713706344530133387423014008495069315599014438 0.04545922038022319252479907676889773306550351545843478324221387579874199168024249194832682153405222692959100248748548504995092844952892048025237799267802119824551794968358963911173948064686734051318375162044332867951689344 0.3029378654072316494585686515422226378158551500714799231603591748311208551145215720189106411322408997618125057631463045036397960000772786015162490924845174445259848669099213888995634997951802121900090098495362067433497445 0.1972849826926624082886194841811549899264350569219571366174352153269744191007854903975261820395440754300805653255920682684232357324935471512977532467356060953972911735828768854556271777553214044308889612781668270287637438 0.03436518838377730824960324842277590536538131689687592890517812255615878097373841836983453042956448968895881064413078320323448556309284274302189740251043116886893582489477489854590391260766223066676806343909505359262449021 0.05740195288441500985909521384088153443759028193018412615883047075590893373004118086278146065423978727207752582363155027354988481136077880454318772396865206328157571816767140356385657552219389969530949912355182050107463008 0.09760709714951083035632180958650967909106310073491092074766488204336418954003539608165512502616279913850677715971977916548134217072893556825126174646200066833649572348866311140140998789051082630048819265597275827953724877 -0.01585645865717717662922472199892846025153443063807258421192931721329562310468864343491047401427031304522268403640451079675479106595877385665416831924499033923127575533986240493922338702793393708455733821252835432192597410
G 143 0.2856005620778261516168829408575233775837672924469711254600112758283500101182298469711349187088171843858895558748933906561564882056968474695159156851980863275728069673423932318995455710452989826416431016584301604474534343 -0.05385003688300716607133696857781129915492479207099239176812105913881068237336638512657022205665829747919711694541578625600969343448027027787742895812448804438838766647493162749235113484277181882759997116121398897677130753 0.3695066114927161166058281734452566415347835011873705248563019352360683156763032592538410126805246789229488720955880400099168367566319096747621830121870632980049705004923848380614519454459748264529748780292862741521430512 0.5225667234471380766821498287876849054967167464844302575411341183995168255861137721737176238892605164012005807529041085803922793726502929061813236901163006505266249399460016149947714162357818901076888951818255109616691931 0.3549453335155612169695708170833304490832828570417382768717459361222101586150737978737932275628683285995222379698924943367158224011830431987946455755507525384051092108107205086840952219332401792892402269968488174351576253 -0.03135167621227185153527019174054912855741162489576558586526789862412904890010358016118812633267854643470068336443772232859723776075499827190243626967812644807757230340874585925766699875918573115328865357882846927328983543 -0.004336888345357021174417171150196068119325658555648993681877407888160399352192234012589708735296947162298192507733483712314982880430814281936805604199557566087691082435185487736518725297127344877057662732881912970050928788 0.4363550929302612628783839768224677494171889160777066322607295678579612135041652564280555106903388305521462902016941519817583064635559534336481497778354080731468960977664436306183710768273233783373261596912343020606458212 0.1361882832913246637536790929935980514894045581666737367350676915035822160850784008315102167365225861980419708389647261088526399858749430250279400819433381259488676846034458715637834366536696995361912299647566109485344730 0.03049431041410860989086765842138855265337258100554144936481453296497631421291699191506820895250577674068092660042145984361141859373995339308591190430538127047221298074471111961488534477891045359148936097947546547740878878 0.1389152816128939901447573147621109398808260319598695758999865552015638723280623538888324165153067639658806080815121772176826769771174142704722509999605885094170174397027450757492854735116274722882594562547021226841898066 0.07415015873696298179005702916484862435290567466920918639464455828474015035147849671075419683579672908033944193106520335200747495996725473339468593603942136754316126324957820533912457997805572712229475672562780115622916602 0.01234030903217781310914541904504630923250198724758318111081384159390735511598246128734061444230824318740713415798064968705348705184932058813875492942514659503718759017787335407011287162974037132570504082796600411940367900 0.09857241255507772799623612484847555925702552165744672082272346315466849377727898488455964272051555836602160245197134216654265755968248531767821834959680357864882666771189845204030371923571373488991206197183686155708884569 0.01122005629181017200771291025960711348377254307558423637159463142546962546973093905837594695647674909509272798246158875711083720813377991837423410002099217644068212127947041191691485389905268161048896561174891027805598665 0.05778269419181994215528829587930489915203379918662287047307835328962592858780954258480406121768330926413362981938355562866048936264145154022025926016603071351640221736106378930655408622010881065708939916625280271145803032 0.009686073940049091691302195812206774196422534479065279583004672140539310420163229577868848905776038631615752790930720669392534629097820072339373713234968990357668373387524195191422658897673271249269718967247484353507449948
G 144 0.5771781800028677967350535694816735102341957130825544397417274962920199771336077351587025214032925579052658312691684947165160951164607704543794119773226204761275058900778567186196729080784568533306486792388417355703703176 -0.2234914538694038575779655829704629579285647134925866502825489674520586928306105523933402762962485504815615143059013210693119231827762997055209105383058848670589286780110645003616044769920602300131384920576406337042166681 0.08933407288228149695899821350094618126804711690444594645740117025141517621092870127566067505643935490583019863397248334736047652913930854060021890332463656779572748500878287993176669979833222955185344514501484305176396716 0.1128639956806453451659624453168413379769813900139720623028091939698199585981250794067535159502294360004022579881789987120007761697151465063505942524180763017972878832017742224051181361518171171327168661002949789917831055 -0.004447369716228131846748015965444532545168370973437230281696257965108424073607917920306176171782502144572096117253815323848197092116616919419656858585755035199494138189597521606606594265670126936433519438130805011008815004 0.4868369440016988373825460118243031135335258238796858723405368406006932146117623077549953921251785515212545563433496047335577218528807169834560564444620577587280667848583597251717050417785767088072353970698045416021279145 -0.2560133238277690998352652104586361567920672716356828010613639522650001718530310884844570303726915453659726019626475756541827840727383645864867677432531504286019962231134683427363550824610659176933179020917344359661642874 0.3559531730578519782907093624717851505007711923506315534661097677563647771122086045695990275946926006394985924340383156588534727749901896235447437749745862815715905304393340614939176699002880908856240953530814318238912065 0.1925097949940616453417709436432027027230065709230255944281382879064470577400797130137332043715343392341043920460626798392319009352504102550964310919562982492817392751254806354450978412579695829199909360693703496772055868 -0.0003256589235154593180207047881207597211793236743643237570136689887255366727357698545966871129097638393616715644045674764376436328322938533893719179101193245102808428697083443770346234420337468541922439415173192816522503285 0.2263039706290815196408703283479617240063285224118370165454445999367874080879408151285466003160523833465090640675102472391365220240295602817962839760298474602187552862203195833192702990318412383736770370189701384804059443 0.002941826122216798796542455231099359761840768766344774342257584749021466452478873015128219485297567887559239138226590684205525053660907765413824345979127399454474314283996120811517728772896801226810731323765123204851055657 0.08646063939548209735929915726444862033767580953945619153016483164127788923597270388762204574197754537639117950938774903687463761767017556759145055765979017817352019729383183013168143457789113551439959902874090025691518785 0.09910343156280320124880746295039263737862979630408445965965226484583111005683149570997037618241918241802288167744867010176868873288725670211493363577379397822506011980846916800072862876207778688332300544196693594697876684 0.1246234718545529634554930393967795771938968011370070247805493112316848367963418842191308354109385260568622798444386014220635577540574654062727496055787832835056835970900295745265350890864024348209002940181694517949712466 0.02062537141680481435853686438197305463018452630795894449908191044091346768607739863735902874017506777761772495235514551383284218650982537247197049032400489350417009990557079180766395123110291991335477710633611312079441533 -0.01649142013624402039440947081364946226123863833092843999747871051382419233781316021895924950440652494655535661045549391676131414026086029614080252659658791024597584492821734200687006701944405290997241352725581892071338594
G 145 -0.1878047034428001346386319530560186851628541903544819702450444710302772019792268124409793500464930942692733066999437770685881096451381119312996381965355888619456643047127813498920272633620503914825318195756944938818456268 -0.01137286042596679972217638857082149627453879643587433406597721624677504868913662169605844456220369723130240722618252229653829031249599350450767753996528480115562080735828861334698488370799181524550336140663517407893948657 0.3265122105161846246766992333325644794705098959498491202247780566306584969560015307614137743617654685563299447848639761463819828864500854334317126489633066557115825010873698381681936075167118780006243233813190930110658691 0.5918428186580832899742042536651549477243215523737992180324274915414081307494377126555490984837092764110994847330522803623170036799539287627165929687678607861403121680636717703317023779196980773264150930491857622614071760 -0.2277374025488995372994782587412525574365648673009335793006440834631930529758962476226136690221172020376420542005729800036197776020639478556110288653720309290381372002525462220230642251176732010791497197109528090254651531 0.6574584977899398624179827165098499505133925404147568061636412555238173236956360178729316983986897660659132198970499937296275593376155309558616231333043270867123886142917843992496524459651422090438233147377453478232161226 0.3144592541171726751248001036604668537466495318435908728022546557228536722477819563165628089110384495141319120867987854629585563745980735476863456708750851666451980340870102945641293447303572384842523245130880341662613936 0.5397364524643792886524717071460976112644413717833377414587177113115514410151644822323893257798079859101528892820327871483770682927279718863699650429416815260939208405007869392033310711727530193657110184219422959574064729 0.4401183087262468187440377242099979828865463165485099777549136359202962948102758660808242599945714945763741894949839270175426029583957569239754041017511022125318852200262987438043827001389351013698310287427214615441402065 0.2231207958911027588428986772271592939532777462654275091355331747496342805684246249368984436302421274656957090317354280968198206833891642686241590861612972945239191891340613856324696805896404470644662270541411504184123850 -0.2572319898265010021788573604409678597134916009899456125305934739161004881420612057340765140881964665339246606145235687581946743497686245957332668885685426042931839179181918654677177687243742833182542611780033235265601005 0.1735053454719076579177865674834555555732823247004495283566914733369990780548100937641200067976589435730438399674891870047728715689339010898242581653512989811937938741643704382672116108740305032925215577858494599350574260 0.09155167196555515503733735734061250044458796767910000994264035040762821352911443415589716398376261312082039983743696645011028863036964062284355296542266509210232588095514875981402867983085717343508167658068614249318267251 -0.1450468393249969490169536222697988662589824321586233283378829847145846053207329075462931589061870583792810517851854613974454604957690622898865416481774070898800191284799719729758833353856249518747376633716966513143878292 0.09415327474335708449862020984147128748811007333586641899617455424189459544447334121051923364063663987600722761683708230333043726055572145866419836232238858091990969960917114067766298661130123817270884534993629188111222642 -0.02078402979791657358127380220832287760457096246666968889945608185236746824577326016291364582029988605069906537607440059293175327255005083864301562039341297117646080558909983742260053041786776025886791673692949989095306664 0.006239430547209646396102575717858654306345268955439560670644567667886795131023339902243926196337353517842338301568516740706172768362424238010809863851825068895318561420991969274055334543098672861384509007695305752038371989
G 146 0.2012316586259922571179442991440564639994987150305778409778994490392917827525502625143965164985737382838989652870733304545988030962485192308101982381438899894282790032671958665118658950983491979337559536786875389157274872 -0.02683493923628996240309762980581629454589619500773776813795667646867972421860548616631361142274147759350550949164173429952333189829259153454122014699895870756543956580504159066766118296318617098962628729792832979929799987 0.1707418363598383286047628064384002083599789616730930938235765833606835687285851474801005145536233063998128003425081792574515270814494526615170125845536999525146298472250246920667139218522417279654101075510046114854555802 0.5279687095007177998454701836908833022131931722152871914656161419285077173037125421226983706389438274005386615021844225527823237503390444769135490919173120971967222739852736386415396384551780431821637081032331324496733491 0.1121176097711767480364199015067621004765547995787893598479233502611280758813684865883043956549402578698313907436105473047831077077093249397800981143769615728281843437610017517034647629182973117356472518969222467763877006 0.3518646377489259070827367474181524944120307551008050041572715313648843715297298866691780734897132816048119103818665710743265060845544908488717071546618732865108749747698293672764418970079530938655380627923150549961350973 0.1652811122239151592777168900661500967948480387989944549955349194112603055138694883788524071393841642605391916811843166293160931401999484578747657507655336859713208742286169350452492941371960514826263770855907740707879355 0.4594492352187855955099871535867055435660859026030028573383372739272449990012271497395755970997290379194485025806696937127507688779186881571089863962876693077620371318179214656467128385611024030329207743167760004486644769 0.1867893704692481839948953368956175859048875617611084162183008295957134332973935010664089447785681539341146069051531382738117007745793408802582610933494348423455578420612950075677038481501255680204527232642435362059724258 0.02998090549561458132589876758749953377792606814783667522318880775475588832976054440632287254693098706920385750733293365089979933793178042602778295946773953294041320161201120302907780281342315989828815291570570320445904758 -0.05547940433386596438080488552880740107711272020758984057749147777428220947931506549520959863299816381100143686592294883060149282580436373226323213556137387507572843650377466269821069404146808699895905681648480773203601505 0.1814011387675881232322312084517299621025936626754429815003031676462768485290745706544595158303361659516543761463398138112980801807256056660940955415743126348759065550274514290693119340333897031058399304236828553666100522 0.01444306570878434143793362713909207813681404012315120025259507080402399484819166967388939202751389303866203775551596657458532823873905525543558395674058740012144482257434869135998595534074891387192822682702657417240414492 -0.08179390035515286885223684065159777060186275439239187365845312433827238176004019708562753032463291398410405882597704389218372298868353056651667208021066819564401770796117712491064534178454913661963075471635593771324427506 -0.02345597780619401880192008042317571593706770655464288698679850848544272886375517281408510552698129409902691968180714208804889027910969129601948829370679837122503654882663198579474320332112857313231264398037723338921911931 0.03991776292716246036071852263982945805530091881312051396723570852240363869611267847126623001205407239881822347982868922866781605527549376671485578990128325348786648100497483347355240726676344653268496690091267888218782268 0.03213954527342054489597699435984813577495934882163044611442684471166407996065581945142073588330037339873936350452043611868740486634604534105915619233384079780623993185946761041047048252369114981300524190732571778052937698
G 147 0.7460510497709787971178825419835570532445867332895938689378016405694652281346627057582741716984942094606147350083499559083196788617373630017567733693891109452730251719705049769554480200056172799341483198621222595928495779 0.7796376700786879093850072243165702210156175629442145699183657951643957259297814562079284154347080576574743679312368007267690551301195347843413417771012066729473496615914273495207485790456818951543332562211740857620287969 0.01600373351382988836610124893392640587752656369759536051609159471093097153546657578218938586484550164194482211240013013286363940194605857839217473865729663562797006752072994186083558156882792603477852400669342384849225185 0.6595993139875039274032698972125628360750063054309902395420974479072727811406410524855904027973430060290747694796140367959565664966191392998431162104189579844024310003705725177613906685539062082347056679172585857654983128 -0.3230359446365566327417554219608293338275173246595196320238152862448251131449859603509433814295799782438032173381623696646122994315793610877282707091447967671204039534225792740602629574730024000365048960901923249744424502 0.1856061644647013508662893559592347719832501257159240059284623347609077688759350560638964283750536992307984558804769982476130027426655521217678792037311039369194149334798197209883110065487046152016469488952923316310827027 0.007217648521866564728813328423624725707380771224868917809454838030476358142149109284272203599980331949406548779193920699121374443933434630922712668363125572109395171241300051304185571173102405291868211470963504882131510287 0.04979872130989058300075560450858349103796005814408939812062322309698403969739104064888547366476013921287440040120738419872622988098445526773005358727100216652838676743038312674699693914257150408740088708917080627176760317 -0.1612145541572121324637106262452881018361440401609330205711056458865247323729921853290618458735606220115146648227382365526492574831779693380203868618168992639150231704877752271469568350042073360912691709381732969379415453 0.1853757939349275669759424179229671461312310941700441906800066054672914789645821468501948927105183402900825506028360761415303403059167448502231637602317233303751562762279115719259231832563814686451015381239204001887357032 -0.07245188773147446971267932617221663461291972748855379287290515194182218223333017564244073013899267617553565823690378369388581793340921798895752493300559211018837572851499770276593896903284901766057307784680180311107824481 0.09088228633065178837593861264745464033526411637225593860007732994044512025653649243537475042604642745164762313950745463843162183648864877948018714369034881151584503453377538350766208945553195843914804292181158301052417295 0.06896450043148977849670244053334100537554492600181521211919289100665025295524563803098916094742728945106001734874641292575755105758122789329691877640675736952925284949323405534646729242230608635154100115539187893543416501 -0.1301990148307859432570116188930303582565751872116510204836296907597623936696194821105013658056883928030645177100670874257275901483454442653686903262156845767054421979365950287367236671532724433369343840015827650093915727 -0.01887878933792446950256831865045166819019672907266544115050524941724292118654713919306618859962232855914494072841708934811177901083385642818440246591255553476402985610146221574118265809612067826978412907642778176515316091 0.07635689766255518426128299501665873781102944371473901581497816410929193078831643374674134051304288145294337577967327913816180680796017681760335689272177084332416647543671133039858116052301454495890305452984688759030324789 0.02669336735056612424567573603257017839006177087684947776971370548835675568712653965478128394279727564266047333100850269719097770291016958829798422896751963184245670511593103760391400138498504555673804664507062374453927392
G 148 0.5811070271750534422267316624312727076921046224869243447909781433376382257306223391070319948354413689267050350687178074598497103612808451275673674440171814271981122939037625720590600471765748952002684281387561092585946871 1.015901319918690272397993417572539783389486997341061623990517679888653929092414985371766744875420904643526542572878514115501636256266531567648114193811269737014647417621467209092135961030138470613825145671535383439031458 0.4682339810750690456382131745598847397644986300887167435080663452478682237425970253844450391617328379579824719753020204433418521108376949699258486840865791094565250999111463071240401102230121006560294433976476047897782152 -0.3051007153503112800735724036809779394718468506280337690770815177562812112244533135519842089452933249860898063587221321314765090838060377713835025606452040441544778981630743340590487249959474868921391509111220418818498050 -0.09586065898883208517740735638507349789208284947706523951722194658342999844668738747364939102383047448137907756942650588414568712148805161762067100744138493092575012218058325620299848108391128078414755795381876170500405639 -0.04034627059959674798035401767725360683850748495523882522835971959015185071199552118729244448795175557321597655804340869981246503775199190853314284495948597025467333273680463260498219718694436185179776337021196264126162765 -0.1353748370952397836832616156357184481587494757704556729906272719466929905446989742176083519377924939063915639982171530603453074951479621446341884150744293336445940491460223636479724476852376892931497476111627322358289763 -0.1083965290972040483797445359757579056581216512796619004757091979694442303145402693390482948491775050150339747406566541481589097590979192701737797566606111113180069996079870370365847904692203975153926859316615962670696790 -0.02584402166891791727669481082616743353684169708570313148586667771561988247477876556071261100034011733125954659304487188031248529735698067184215729506184032881665007750731522753775606644794919831162804713341968232845868040 0.04855750031165333088942513087664064377291003368672270663374527097886745031420886919011164044452558476042375256664222464759947336015324632186464574070173842158774606230598383614186824444218251654902473908267444870754080322 -0.01958318255905495144767903248901493545676430653617403234361592467791191145024528433149525926260811583450222193146940370921473954478064907852799822232795291503754117332598925654314913338209903869308158830305140363781480217 0.02027893986119342693051485168004597051172366196342268745764658157861196322986383150183928301045525811426682107502795978819525553698813303508354071553317621731789639103777106256750228873670786367263715530264122918542822514 0.04824613693254057068674649751935611069045453780683082727198243781556612517907987084998782749928354254390290466259241915428582559074354367256507691251261953409164742917443005662508575125486148324895694792321774571033347217 0.03148597610697351918795760560691617330702666586795227219486518660405585722627710609857866613689303124278817985037663730638442422033198798756018719736462980572289213218521237329149253128652388303338538007831700756428432545 0.01675221821630736609762114322801902630884952152906268842493736337364351643910245253159708415520350830017573338497267423452597927058121407202062394309915124679582041375797659018189490077913330056507820801638558729704962116 0.004598214588262293124233441973568738391070821617062703799850829071024266190875376152533017083347001601290526740088032336715369376842577075897922713516558526019337282698247013093108321090901201293453021520730871272667708453 0.0009354086420135688602983274644542917187900590970345765324349184298726001977124965377174904447455366356220916652284577370090993948058422194068126440329054878161967240466430121616471108033460596695791432400062163920984074171
G 149 -0.4799666945138142337178831325945688884201971295351594229431294564763296310031954578527626540581329389437356530554847238055809673187856710372628710113649812588329490512081009303869858816522951402173838916755437462327857068 0.3943103320141538679750914464779485381209669909555876679642845819175624164412147524643593286476511557461186943022533234142226001754006650458081377795097960776118727897597346239544172137850816164381084474975975315617400327 0.2998386156134890487904377998528739864857526490550423903598827240812314734839695366488236934841458158016144873982520465351424348229341801301933405375662016384290515673162573524725695450608330584251603739820551585305860610 0.4649045863587360014268595886384555347999213871425918964365801325567756622306465925313342083306825801337354258837464744507186746133581304149398392270404708508525440088038087906346574319940723692229398451227844761567075902 0.1376495063004755067395828081457458704518762366102115233422529785043519811060464651160624263258209392792345762675959674025756976933437906703011125553041908699083513421187107734981626784495708916469393191611976867825611507 -0.08916721951391455617801222598325341972740067970687616997936898154961950640573448787412121981973604441661453808789509130322440047180392213333894396466750088539501725833711141350397951183090225862599031516166108568762706876 0.2418135668974306475236018835832328333242755652140929656813556805032567252435610703265649854092695952796199730239526727491653764859189157583886260898038434894011240530510205609627960599102604256203122834191330792197565222 0.3400848407597250121160872849656682663545464133374341003690161217952969986863405813820565114076269872565993449636993106042347840701717918780504643170265431535029846201897080496127099474738369289130303879843646485379468637 0.2471267407223352370083776382446505721255399946419682372830713992895106732620972743645767895719953225360587822797259896920188469551549353452143412382567397866043972842786061937020451795457635451639204041655708412301216412 -0.1302465453841360748760780865545406376864551662001804486516103196883080803261068747835298188161173362380680434928830348733699211910267964951425721735658320672468781221630281258681529967542810536981894019870217131096305963 -0.06051297371729469090746462584258848771631537565526870055328276236296645792403118478449351023943898433736973346335930363757321883882849542208248834975461579470743168129644172942301434428164392895527865407165231391494007192 -0.02099953555980273765985121309266814928118998382607840424258435714626096635856137766382165947145183852215631991759913653264681362496829542551677798564055177242789054354402804538355826242928473802330453986939981044195070438 -0.08641750377938160729081067676033932081946891517319103556284449427850891720502060538590020256792268187721033564731747304096334367979967801494271720016125448013188171312869593289687165988357839666436959904713726307662776740 0.01458140029891058650830303333507914334341363916230157847778462583614752395692985935221246559568674770484375681597940404709792427908636797950729607974947348790986830784557786864988144647613288465000145174067267589223365772 0.02009750722362621800032922684928757055112324758074075168748520413682656272730710301008194374514134641922558489993574716528954395101600845222963079493620561630528037740378664093316877243284252550008555368639571955136050561 -0.008170857172106159308641807693649798139365812688371099356292862343983500193724141006641644440989350146415658404137814408349886539756125517326483391462241790680575491179910139821123240227470034802784285553436839467455492619 0.03949203133771339392770338316242779543424863616209482621299405436318827368859404879987642844602705302840636250065343617072811717221055532846899863860802216595378164904060209122739865053411201070341319989674602694570851656
G 150 0.1856615488116324721206586548217254608339716459556274994747144441533633456053763233191802392373696142362271327009686632128181067087183533869646502802256288548052348172715865453304047475049404799452937141841907316725584888 0.4053453027210626513205813050690835564053951105129325680796836867360415878567028077651253707778899382701721562296849498389435947962647729832511883760055295747858260333453265747793576774099133610953121787299784475471131908 0.2355294243552504427847157357562653451115728953843676975260836575757913383810589326509076463896254156131711321901658714919898060031620971703849474515135240644227861887785196986703956980810212131872432492936536249232902564 0.5916995968845089634797040538830909932437392666717556946248622333178558174218911587039858528659715794473566243042834431589019028422797168983613820225320393040591527893424790221293554196127382587034397527482994003977071372 -0.03967873959249288398133816853376896145541435910628089718718632674141716457402326817890902712282859014875710057548970384417807896547770097632290011019120616887193152428781068276884025078336208455383282359189209511204185397 0.2949230860087745269462528879158569581442120551179539015717592469095786542159973895566596726857768852690774928170506652919734996362091372984680726236212852536702964259581182074386499556048559837820444214484683783702783178 0.08325203346935545165613981129544030632486212661930887857323357587882136137905639396854403316796679543573132174700691781351064418529490416157990623313510789498655512862509241068261410373670791322016714501971363278254039635 -0.05917099921180756999577519495129863368468879870513025479381829489620376775495408759655992925227548836200194953022027421421168281439339289079415439455119780564474770286964083225815226997336760577108403909146183797993113172 -0.01963870327425356949524174950979629609571576090838451895132241661373270187899404557199321842941739670815275469936461991251056846836348658876235290352403775223161435416272272744285778431068301417424956527594863150933928801 0.1782190356462735363924217767762409290881110618917428584702445543730917130141631907503204936985467711949756396009828392922389056373560484795075259718404004959679785399401761512197954475032315340814545758864126993614298761 0.1915448217990941943981695637554347747353482460988651479134013969220556291463972732565083445440655773351737975154851345869126112510707669355496548838372568851356987712399015588217048642370619012545079934681751657918565507 0.1274642255666157759928570785199125047347551374067647458360347526173960175024497074493463808243572264438445060396344321048580871883456737057243339795463169283477200800486702244821311787922918521666058574007135874088741772 0.3020588434994527183071093244916718350976957297009195119075946540662064990214889453066993977427746433144963771597906542083922308279130896312810250703079601700947078084518517928957099366654958800583547879537950956981297322 0.09128033777827090003572560875854306884250214340216463539521228912668843914805588368456875882050365745647683392471630174032558198064366394457899645150858705825542106998782773906592191406766666668006340327020981438474447524 0.05476254900853063426003459807994326089513444834094961060903623181771249387078987387300488331489809789347523521047017966005733329608029879411863043549069680230188562665801571144264012857561503450605049467883862710360180500 -0.03223871610544552634969321568711089633050271741095431455958986913249484386915769937575127637236889482217830924303081616198612220345426974070650846294379046259927862912605129989157546424971183428990384880076776581813552034 -0.008464404266875035335664540829417247171818354859423295683327174173456271848236074366297990548846930785129592038771727974380439437756027119862984296997914920693847128754987142535365092690860884074223896143798651815783200481
G 151 0.1256130518682360244634554576099688505426060890755272212137957760200922316268343025811919455740019157288649934246580021620426955431131690317805904549094609051503817588486217839677683573504644231035480034206258378766979333 0.4354483413193748529485868590892204322757333503243830289371908522461413200293170805880190791948602201161898988161597496647727363623499656589932942173551533240615403918542920328123573205086122686684085988009852046843333302 0.1909513247761136123506281426104802645354778079435956589036488965170894501467349278597550766908538845495218968281167299991552510371732514334807084452716789794352747874143638680339913107131001665451743803829647096019571501 0.5673886101036666682598283689837752667983436159988055101927183634716132451187400994023074974839021060236772886044779575124907158475652815018165312448504818049122537316320468069207851973131331969075419554728900847332605799 -0.05723530451481944867731329208872447019467219098276987678100456365267453799674204542996268201604401818196065311829170839731887218710399949297596835418760351416578893658010175076219233079132261822888621469807844062816949998 0.2873091326953842776164852796700985000169123222656395007017710557858576925571869569774187203136500313860627334212701834880459252781533041232580794028728777562753401202554278734676252460307381928261434099979019602894802906 0.2579628273789141555362658034172070533015941622446058607948805060667692724249433776153537336873185428510459213716911868734299023198702959462063708331369537249375364690568101570529182160397518879466543100241664917203820170 0.02784000232858516286723390537649999124885402444063444019699976110454621253103810241221060157661322812540573545204140441145220147326959244190830603544129284475366531295137458661656162924310338425773406660613352848927732824 -0.03517918405298093706348354712305381813805103890588016284786032713178775462809795063652992450012702114703334130589534657786753051551665654616070258519410526893212285634692326279039053373802406651369950788106272591917293532 0.04010291208445568739895084498452350694796080933571697736127670911165908036243942067519947340039059352119305008946333552757027687612811317124815650224411725150508051265634192637344397370905305642765444736951230502396858912 0.1306639947570880311922767925911993854600150566533780439463761734699923546561443361162857383855257830311234416160184886799470640413266316188585143185897729545536227168365055248866985388064861420673166705613344910517852704 0.2022398139892891394834276029690827504876056123152909670682297590729257241114821451351049885303888457874549944913068302634650217843840127910384966015571094615971212388579756604514764511257557002289093364946517362605335806 0.1327083935456005941027404070292055973061347056678442596078527044213645310372901934159881941908441658127419941643158924913181498503489041915619299628178659951965916955784068737216112710675753503460691736386360834237278970 -0.03111436508368601247564843198173804270806020924163261835202706187464984129162353284835868682565155913967885762039492684344737313248492425099724858897556734440540231491500522102398341536605319105007136211431515862834569122 0.06841949420812174587763558363069401611223164851769984370436440847058956593318077817580580476588067191370163280253637875106207189264783697383958923482634731768673819562105982409943023106120051845387475409514652923638475999 0.05668143926136277210937674316722103457863480105736686271886261714451196955057012401786297895297290702310265166684118534219245309264817402191798801869180908093721165895824416488539911299314411898308358339571807492382718754 0.05562382797103132386850357209571424405573721089292444817145018722801969488217272514692440211422411838304722564266222751822183513415982473652984168572938551904583285814140872913950977049229898384694586447223986020316144871
G 152 -0.3468759326860580239831027592088180484368848529661524213856238070168998073743327859545332987840362261798857606181711296320590305668885962981114707448424012483194180983569248241477412779988756738580985477198440959379644929 0.8626897406369614493219281116849080033116029022233169620429464494974578772453491089962306456911957625529983925698468123137890271154620085714326166008577046063592648238353442320119394090559653545979040755550027188197501631 0.8852821286091777705115925537688383604654707096796956262058868101036258155062593800849739087494354517534040811854794201035982954525030100850543401872681548996219114471500938496205006062162991203775101682327314829285436476 0.6030793951839850901880557083876358183209023776305696628957449593739539573603279499804053259197699867150927851889671538998691628034527829193986280760310172170936917073452121475375778240462462189230153528506031326252218807 -0.2057569622331648394989999455346792416133544841439315125136921520156016839592223796667968517727747456618876513943729893046162414046289943508494557579462343596769024241961319191507134921734619824073358646285235987202156859 -0.2342631557279696400959086794793055867177338538855535820693625444109075820685078259778486532411132592199273921310082394798543337467341205133883409101421628141266965222525650770512667143914064019241061833003869391407073722 0.2554149952649363300316983525743869063503023276029386202467729059838867917866852825387799530403003144017743536044982399148638410671472859193963037909777976497791388652183960678493031440125387453176753303376448113471861625 -0.1183741731228961654866233721506800295858286545592887284176134016190138994589854791334563207745484415213810466859802109561656482842294660654407859106846566855003471577611940721066623443612683824900890979221102827188455039 0.1661235075705164953023912319930614549763765482898178691163088624417863815670805780422496981479091129901509570194664741372528494339447154765449147635892605213838672620384148570919379310908752662865248950565061517559082852 -0.06907688425623528165667112552853110068065213079867437108128379780596644710224546550018645328095160203380087222754965831514470314414430070251111577629920575568712300478508321682584921743075158884025154957575123995013350986 -0.08690413685416991791623299759035653017569406997046622468539599095705941442277639700166002048736770356040992773231187864978407307880059778408422990008993891963983900834508915826245402017476874235093408603622657025730536540 -0.04945025779537260078340032631150515520831574843247101505465710233238531613652295095901530608056433904051997878895955389531996625095425848353131641480011143526491581668412904203059380806536840477331543957290669657742171873 -0.03080234370118622922793084371138933769520755405516268329220317244333363426660611793636341582441915795668331366019289374699641640290484405364198614744262590170845326014615659327059321929232356518828270854807740743758148380 -0.01862786345591469293176792839461559091891337600648079616982256473516094690289005796140698997967860787363503122010491849703360906330893165370341436122362174545378342337051999150126379153938334468462404379270039877791604624 -0.003453281457930575798632863245259300023918863677562102552425181592200168456065113883823602811321279682629574337501083846501243532802770026841380317206728106025114583127828818780370245077575098707236376339407946440685941681 0.003490121522571719837789723918407472343145198918828697782288973022246695470977237827185968111271293626517633015711363254384763862524933344700117509882584314039538132720209423673258372062006006482806542009913603017527734774 0.001877673844559919808412874626057089921001515756884241018453279355109997857072994882654153914257259472662152553378720745886114015857535286998400730086104298462721000287666121261098746522345631235275134622000123321326680959
G 153 1.291675177148562975846366702898530721183933090337861689897447163423314411413845867380390420462521878690824395286369115312642402353796539513674307100922457383053813060585165749668686034124150623879863335966840519515975323 -0.7977268785051172466449992607102607989409125437059347976764230543547858167349491344957185694099438514801346822982273029188506190945265188354807969352065419204988698525213206887876872146935936690801763296549510860536846847 -0.7010710269642951517740000807703571467361679373926917410357032057699774703285177721223919685635371796471113482638020853008196817346310353078797378984686991483051505388293968686132172816110457732396206368691203609328962517 0.1389700142065916479458475556191338633714834146626476649860665755676780730148249426949175928257354504537137426408842753787377053672686532359743677447054713798872751422588997528620747942486471926668230254136988655604622530 0.3540062041930291359762603559894353175745459422438891319804391723127279641631160987827530860697171063804760502868797792161454914524696125686582943622826612523996012404743392709991774760444328606358079180430817053607032116 0.02008168992890843289825299361219577555587366311849231373740348947619282689402912326371187634936310019949210834875464151359759628585997169590421901138427104378334848120035480620823513873584514280346590706377297726520439957 0.2387413808261386767630722166981903794811072590366794196153343099840001000815570737941672343320473287042337350632913148425896525262877551667643302977714455413849298978383595916949175160003708311974376760490100816662950085 0.03066461213464829352403618441641211171122604356132533195812987366573979687407593060324987787203947405707731224107257123802885632875290381684072805473587480280257521250537234131498484855247572558869356886658574808324571106 0.06389664514851257938316534809684559674966333050753624523951017563325037061681640072145253625460590255348278449378448967586313345698692360737055336604908102099831915192743122960031584453650811396439981413191336006229675396 0.03222177516011735941051258609126969453196624984235827550704999299520311318828109759623265004412473499906803049356575387606080068958383071240689840446096914697175503274349291181741424986224604504828577442397037497063470204 0.006870829100102979649609636566309642296501283612671487264128384847882792020024379774237761969620248932578380294048802309309368476602823114521542355915382535689155714973194729693501543734371635729374467605856395034539872691 -0.02186582135859286968497163291933492597662057688720266105824010369703508446087806786051245864644382668642645992081758290113922143988126236242734802990289917790374344294219228368374858603274115807045743468136929646236388373 -0.007211324155827500858323732755686817207999097781470559944345326812678245465876150082156299498294135852630130898862751717827464137214654242222271429027408042375914381509179127184922539821078087731684613951396345403601450528 0.001278512297785072719553315965091512361128639343666957853143960258602097564868716142900120986797331501066678646248691952038763374929466072291501812732789952228895791386285224718405976529163579486466365845468324363372139360 0.002215286472696322732998170325969786952726275358427575469625446905066599450724210471678523310519970846968666251212018859518735618106171613579748352052699587373892030310375168191959115736502988494407522561385811615754968174 0.0004101666958827944352718826810945231071941754535442507243731852440391423753055581533676820110564726718295576201129362975461980984768468866163840182778120790257748753899017923311590905372487920543380702223853609127485831266 -0.0006937914519762298664408907222772211306145414062782679501639012613384159136111850260328427923399612334440257444249059673323959517782432076100499825113038468140033422232992686494814863389995383971551162228379597966000231940
G 154 -0.1542430484509566550137745293450936006738176561127789834309212644119417483988805714556343476787878169532863051434061559849342620419634888420388539380838537868463961539606923760011586379839425059771573621721322520453359700 0.3598691698421336819421334197676090619135046088111439157925593779282859449044075600510204712120749412515779220851784193566090513208615876044238694784841586721912939711714134970930580634101472201708843665344952704797662741 0.02918464185063022162157076520973446425819790607950328072050513597017404319471277860065044975885642238065854800617023739199397358657600598055766202720391307342371900677204960828228519293449679494208453151065234850963355497 0.02203399381951030842090224705264492428022791394934280949477975537451664262857975969089885593952793007281825560876213734649725480824066560437250063952061863839622552811592451353780444255292751921914858766452985695282037578 0.2185222306710708589589461785974549322485869665801220348687495960021894592941390664292856083135865702702019391644820999891538989682744981144444182470598545139143239216837071874680643112929519366140012578571308746568288587 -0.1020561619937054886239720797659396662275533011775067385666478651177379050989804646451093209229323904397153424871853170702366849715957918889598700147533645487738175105954916115663202658850067487192766835476803228191921185 0.1841067017466748521779213436650004585112632848580849934145698241754309101579612304458886881075624486282958986817579585386186899002394050270581586284264111247431281904071737651968027603585895435983348316702985523822937361 0.2094696880127266409722503495041882371292078514408412949878043438660605060359334252697423495130604251733779345823467781518934357213868558723630744214952490659682417127705715820189103758854965852632950477551734921395613292 0.04963931235186992784055035536371085324927083248296476427050536512418392431778139829632522849869631782687888192121759598117426038222165227271518645721844515716768329371523357146572975668309478541429658420384435798955226040 -0.1483583907294813011377331730142550040802812639815909053257656528312098278882131066089199141175323491386864438478199536075849111212591583039248933471809799244835338568548259027028785868955418586230665337452373164399717304 0.05638356201032793351042837414382233079469191785459106120792966443522145321337352705000220462587398375230161404351815791299864782968833055537228324352041569947757338370540496993983254366998666620044145087846474717884542673 0.07056738466503809208632992035454148729716406761118480788069513492681629413037686799538600382022785752010443779640424932827846634886008464873899441905912613502639110838189332584756220007062273324417173237456837558026197996 0.01584684120300390586284343257137602197108567267007954406136808799315629686212252310544080874653047956140932128105606101948307362980298284766085866109851070575181040414532056762679305321949042403146261461823126868072660646 -0.03729841470592592872404709982234196347695037166509906498827969606173066020146256394153705946883382950979587409988632451625138447155185900149695957354674398180388809345940564074179143479725651049473928679504561390426694551 0.02394301903303309142128888767060471972651118528325306405939616765971990007482131215146001980309038078284176466030403904190131975442002346002426168417466815811896643240167853934330447619561705636255362763130618494215174559 -0.002925263242192238381503002951646825901936968600332500929393415287509523886179138458496849717085882507037060799738695531448746461379098826295881020879608984408864185940726760273547744787180549509351714301002936245672176202 0.001749033967393887552204120261608266806214276030026675464072134760050964050599451495014204595188164117213855903045453000508767965819340710243487032867121893326990488223653454780645690334335190746080228862056693429004433763
G 155 0.2555458442404861300864174580464342766518103387092750688142932438199672017936249719057464213193731343751765689566593494922518683487004663444344429008487146451210152236375340898437712619398165176471717470211760896159692342 -0.5206439336545162379137223476700879079114178795342110566897785802546083313880386689736341483801539552281557156878303360501207163479617728362881261114156026721231261317186059623356706805151886136006995161243706629689979300 0.6369387391523312409982704596386914906175446814933469222518116306425207131892636771165416926276227532924307705239820689714052675836454613847708723159160644903943515497531855324424092454561827081251796965430849291906714864 0.5640532203305134088143764459939285607364342120223998170246310097966663750722229184792691992251814371655019047435763821102967696691318268163570375833077101002097473593858413900448409529821208128150795136019839884356815556 -0.1030317415786190472605682034327226302339869623232458533074931839259949293226329669683274793741294667993786840655523240920326433119949347521535994941344067638696685977933960655393122354509777733900136975393419810547334617 0.1478099628768377542745802439180208476891944604357115217812033803401573689460037135312111663699705844597947877083754373762720682788156526729103811229219426457451760883283020963531293854815691200057178264909487498180874860 -0.08045017429607790907041573276286405247516028900845447764550300785254034777470494530845301428377521131534211478475507136195132289541648697498028613789646777146258329926865367910520680187003896315574999814192313041135177825 0.1611654045411174800740385650004943848918966208199212637502416468758806499422733290203854267054595078772891804012212454815454282472976531343815344946895082130013787234311697160768237831968385215712647470234569361852898472 0.02475199991797734340808480835583529375558797642459624522599744731136091182995543845660409513089758000996613150119597962237646808183309887791976163295187442103882704934789029569308907020961887832000294455338629775486511458 -0.1642297726820965747929580008430498194654592180121113693305208363517408832839825262025888163443934735615154899895738966219900523395996662813314516200587499155629291768611544314385038128501879440801024609212363709736230671 0.1318257990024022093069694105366850229922519368172514481078239386261079787021974412995376534981259492520755430646578567811563284495830663495385216406574335628654809946460067415564478785780645297974832809341106639864769620 -0.1068802797807190487058603768004572854770244762197228203959531042482255381761864157079654744614565383508003167844553917479567309383201667375271366363944652853970147540676230812150732056232527204330861694688938393775064802 0.04686509638640474208915437764048033179305691969085631126328352771446259757775707162071808651058540836494721123927739113782763113446078247059263567242204609329509083078320526075832958741576049346194924593439398757623789886 0.05008427843046742095568434675050436428567880583524711323038448262917717597563771568252189754917618013879296692330786877135964067120036358695615178648141828452861265545706829710140239794437804480456629523412064750015035189 0.002954655908497152369449861186499554668862200797433701112162504242161699627402570759424841716597476350260477698196774505194201573779291731878152420661016015584832080364243653040717432923441446412102995990539198307566184716 -0.009350970280099084042147005919732134377250721459924894707188759901008304760097568460286047382509683405150296788022631700943060486826487300862317992551115426095212123371834791994094405178628216654378872577225462035166086473 -0.005915472374111865180705423857122491422084767300873507325392103022650346787221690200993594398018990203744593340837017143410859576591611477152827400974355958663252705253758223611122229650243764729843808621629243385579182239
G 156 0.4718161245530775064075752709752572726142749135749776047506163034740095758867115128797349684773097629030997589869057828205741663100300307128076278682432807529505597728167355350346050816283974570558427011862288075204704736 0.9229480733595142521052680918778528598665419121804638058088773138616472481658654380538585147963996510165933166402275629691927983196765571334597119229253671523396037842839440815130801467266000151001558137892949696774143724 0.7570674126843992341922705994747086172671687981174855562359449757128426646627406378604646697651074605595848287765912494427645985661069042725341804379709295710536532810795858080851564499175157414510347548801274035050597246 -0.3781667940268467266063968105723163796193402636080819124154935456621752645848824418417852841614958993037875395460232916728724866731347040538974117381315374397926940206571425088275269577417113776395208383005821025527295050 -0.3466820431482657674334264506414040240635325950931891648946832133033496420392263137154598037094581849237986488977799085677774638198183219225935694036097114081740089616084475747888819757860627365592051156419971457804798961 0.5100723399119150312670204800912496844022003120934250624266025695807209574920251172318403946403646502636784703543799445235024476821816234515604224975799816867744872750373412280652763136066266403003582703252638868219522612 -0.2728440933913577649653064071852849817799086672210708470455261452972888441495029508114848822874465074025690227636245308873251650088662731538703808772250139247257799558687213166840125837589162516086628428425237936158734756 -0.1334795075420014897235366325265044702898791350272764390555089576030008321168358770018098829404893213861379009384365861345603918647859475938929047550794492606864499724786296020725305232489560432056302316282838498921837063 -0.02142937202245681427674223325866382504338826841477195882517080329497782946467534886910170617080713626290558837664442981608993840357342511632646973802299491136225524986030570148944544632657201881491458038485366401365699172 0.01825802067706899590813415776282701149036108852548871569415573689393427768252868558328954231163866162768883948177990627142330641491330596565643466799177335441973480201794487036967882408883814238092729113088275604885957648 -0.007790983931190408521258652991471290451560607608530002179532958928116997274058114665028637120269178712033715470288796001374814052758882471940322564506873749906575366005847926459466890194760899984160380422641080930657766685 -0.08711652887837518233233167999387252224189010715879107917227678981574712799631493382539899429574521368450549754083118945010010806211817402295002170882651269551954634618301516716698558642431374204082162093678886591828548015 -0.01940438664232614787218208429543534950155787776733964138752008818657563311999391432451092195265914667256238684786736991830725551294923993067461968461651950731739109854496220526699037889087050887336434270210472139877426873 0.07771283752930979536910173589849604393250111322449447703947576612048504104474897651895063116049359335484059730710044903712950168977669455937822602456722398210647537490117386488665159871268139996647220256066043764894776981 -0.06059726511415798719986620091081009235879820086423392839601298895076356860848203147178402601965191541460550930211345194780087113970403267166217996479396418162467517299057587057117157052916980527584090838011084109367078663 0.01413301060054323457833190536809658123263147787084998115221677503062645847335100217253087589211455275286592088207505432865383139429420818830626024359277450486548783938219570106587999641755121380114759167411067054517370877 0.03698328385381884969514724920260227100993549483101115872476803019986541980587013847942796064020193190297444140227345432603204345798526861852704793545196534009540679320322319662470032630659714273950690048681622702173616439
G 157 0.4982516993440482281399462800186353035128074825106248296476228525765034032650945010270532888831689542690690349970286457749586366306675700760622483226166819337948416558279003114989226092880464453031049685401059439392454809 -0.02643075677505454181678337218174891136220763358254689680903254645470164020588422512713723677594460203357804004313533155005462770786147539700267936894429563663529877209540341975113312651511524611882991522615292277762136613 0.02683372982385434807972338780426669772113455202848522984953619453100119340522510855046729802922564952154848402212578612915618673473485119911555226126422340559903113637556270915494740701107166043524761663570229881826291284 0.01749929024758365508282810395650259197032226830140763713267994969192493484507704732820787711676631700253905309998286953270811473226717043126631234880847445553119359433551399344583344424248617562091370310271649839764801560 0.09551747368904687417278084576085056951896653179852035194525159834724853836668614589605483626459111969891315550469789261482569285943518588069530717158980190143049944059114678327604920302130004688508275738632164746539808138 -0.09473268282198784321819616733141872738674669794564514972606096011337308563591425415320002440880240658252795092812704883820104445891130512224067056858953491256938081919231051643667898262325387140002646667333909779389675471 -0.1451846127714607905716883153518194036410034910335973841607174472904286055527526366396998747231361883622016508784798143752882341208106344991037490236813651711573695393975208065083722401332631790837861788006791455020002089 0.2047917828394178836812126944313482654044931372065397178443131999960385290254710205558664320149118238664922356197140848508176167891735338639350335555691965744234400624649391049490072669963573169688390762884967535849584180 0.02473789683086958578050800495593287282415430096933958519362020035509393741137348427807106736277443359843434985353730670447849083894896646045782866895715599769729367362455674513795438487047969556541440401656639763194196666 -0.01390815137060829289302915189445807073101323222719407103864672718872511514428323736232155768256689991663506589290695234912444444567433258792883041020483626805616750383918281350934756015088394556296596384223089258624152450 0.04184832021517723112807553723984418670740721509974536468338365957135155739699182870769393808692107915607649534922460869992299664244016768816320344837256756951600192883821477278877150723868546563902590961570994002031503156 0.1182577591096962186470364686289877952368407209180666637849953770516639436199673564229797415717626853400093385155075438339555634259298785031510924771670986998282450867331984724146632096956031656510020369489073057829443061 0.1058511246080165855732290411166000067690881794518953081787837631890425761577368159223544839908140695271067966810150780827198292384835678923616675063859735977826282746832380170279557478062813137969077928127122803502640198 0.1022884936444379469120803680907668718228837524050435739341362036570882244889294000812203791953608589400818142237448568918725920678458745257812929200854910033235881100978852716882860764514821680246467490966167518839766245 0.04529392336755508075992215190467316217693883024559134763601466448419333579702877690265077144986068344486108607171585701519258348720788620014431442237796412834175233970330627133195172244436522174884720430610269917401062127 -0.02308545516683512708588672974238108340691629011316165237138044661124282885985310579626942952196068893236275429828231989662974797960232907922775044991285187826983289062156638219981167212919004508730940227268603494551061407 0.01952462228601058492570366503093872412831276559789744724350950338592372855536364221781420924849978949030246720772041238385306058033774696861810010741688024541235010559000115700316320176645821896129737137339540010234454980
G 158 0.6660348735077591547221566179941620101229014229495113388400122024200238588495258232938195685102488826368651814200538011440870108819959852982560003945982542031322964521626639943807554541549186624233293613230526547815258073 0.3851697327155908754455731952585335426441031758126607682846493610067748660693749050654689813411201126748743651419229585507455126362254464982898508730127356522013721753560797987777498001051909936096341454340566838206042310 0.4792251799919738237586828372689143346153093655411362552955810867690246402621318901960696726179363114773369684375243347594900918029143517897076880902158043982377210185575338428883735101779251441497592985728370306476769859 0.5320275797750519653178245525058315696832289393939045258919888917790491333636789811230758613953430268019222921470743747508802444121904915492487361101735258055610385000988920478356166131767857416818130230085947152518915902 -0.5835181435881578101680537403943442465779603963133943328022100087603108963986073383050144961867977397583794899923006537805071491475489770627406495622255993233289783364520291313912711049969371548702703746059406701241200343 0.3972148051576527052048039600108051201214993131714886758051740900158981362463190122816964517913866752907123575037677711776133340314601648181481255723302466167231145884254460557965958191459616352320518379129256069992904562 -0.3544253155256939517102418452152198966308454510429256993401347349271419470299846072281841811675205450938063091343679148328116262014023994181663189688847812944253593247459036595228277103637761937462949060957835342715064529 0.3507378088892290992038994582248338272039119441438672372684726757052477703960023215660477661508216306913606802170285736192631903839953625611164754873520623221443331483096365552214172883041722254228578013421989774408704307 -0.2571981950001931487881872325746590605164056103366627727539919396080923240495411522968425163575028490249587657073572975348868893725194681615523238425313223504986204619338856461389790836625011943180479048518609915861430308 0.07554083901298623015864950186660150928782040483254735360675419601512031635422909684308845670863210914360432109435503683568277436179435111228099318443197096630185702987213817608937564039438246332774508602931758501863367328 0.1433237032716155778393366719793924794135262811874815182389004371242788526983191323172920845708338845450170004644067774964165895384321533229932659647058070710478627709589081933065865687305973917499731324245412161943075217 -0.05006035646686614428294259015351408437166775384717583737660958632165999487642049988680608770932679315359014207535305653114853977201130613419200773504808717414271514247968123348481801799449737726962584287497557600366349669 -0.03469320937262251216742215420214064072102784803730721815096847265735981033616797260634254610131567035596568964843510921260300477552153134587030283138890229233776436033591347194237604725446676147559309575760241215736082289 0.05571075855909355112339341619460959483839620227721408769346426461313907707303049299595830025967908892124901858643405502277979456796510776617370725810166412403617963773004117062415310526029088031235966677527910920331598007 0.03501329986717992236340038115723579070244277629851655346808168215189982253195237960423360983872000762047337492008393112217079593612989010605200129620644382810424097347107888174362677609236585451899413692721769460551829448 -0.005519982141594987681948932879494549597838295742589263853760913089734555765835741897727928523379472772229343635504047304839913826258082276775659390700146959689632027144107834945668089120352575530807381787233007823229258505 -0.0006586497945333500476416709368877868577445117396287237789684091353403162498140840331626967267953608414527271480370416716002979644714114080338846576138663073795688725645708619523167797251625499018788186918604855385876746764
G 159 0.1870293069868121779047225411103580229805994510430348768392302512352020743847111447860476508164317613931671404705607854459821688426163829040793534398760094588539583015406436275852211351155928367902263305961299327843142017 -0.3823498413595672953768812941624136850173231734771181746628811579208649820701623597426383762891557156854389476228143560820562138496752344650166589971503435382544312255216367372835041633873801884731379074653360870440985325 0.5577466932480825247268950890980370324108446761536578121880327578812087226708507205560245884026415310133201442343738195537797715614130158074176354323683430540585335934472106181603661331199506945097721389177365650995033328 0.06748283007146554821477767502659370929290276620141588831979979913277659681419220081472576569266540015199101598775395182427087915937861827564956986974153171387882311122899447529428655657581229277543103506905049665503634456 0.3749444055497125143150050286477084244843602461748107598248950765011948900790956625148082223261324709917523450857948490063612763922874085465662076129072145203612980658812410906625884055201148147582511993175878325881938626 -0.2023085885882442417122907097626067906148979598150623623101588738577710910490066448823103490131114788816544219675923432865176478585344908676107625208395069659422083006383300677186407357509836719430430577326582939006815130 -0.04028874082682836187704210220973547258840519207811138165625009667284012981778428688653098467150066845547560086355410512749946412379756976358910166899545877753379540997448463195808886599628581228524461969787247710089545295 -0.01545785065169758708523725437902520245997776990536453459934998780526031128645879923339894600495680582909219322756138995486453606253761793609131000911921881851438536812008500560410666616607182666971133874902014481635661153 -0.04835035787509446531705630186117765380185672099989981169095542354600351997125874969595340140019811121982437742242968281929760113381945669403218186021841522280558247810000082594020832895879943506661332327921650096221754134 0.06559766322350383902836785584614523423496946592011057887535716067449761932258634568287385065487512333030640166196327143420923585342497047911354784366453058381435754559084085629653325841334548761489068558814497702796763150 0.07012376992673658236319277153308968915368155285586811168339129615072784983213716962316950375762780520499891349535123979018433933899183078291852174096116294523830074103805854567314881753715173151169102673071710328892636177 0.01748763978990073911460065593993593473680253935403092908127847130522169738530987183382373118851005853155272926685468455440221538822817100778447977217711905450629893078321643683630874970537063635028370814876161724508448878 -0.05069805393587728924385862191262276744127231455041531220500420679519466542311954661039010091159862097768247264966434556301173326225799692348051734552752208919855294967252207353320401831171379273930690302885026360391847767 0.06015718651130855407947063605438989284012897553174613871627932308084429474012497911629166017833204315484435726213648642572169339269633021599730445410850729049891680463057175272469041806414433720029498505085337617337633736 -0.02376292321235588323372389850393851787232591249916051327283588257726868160125263683519471357270935601764166261638021644981910907681166919356257313861815224032243546816495004437168356991026653167417269171995069455882379182 0.02666464855582572707753277604836890114014812790777570211499983034774367250150319174566635568924893929797283893659178670930041662021917519198641091703647248218245268067525754023812765621365500950171327549968887771910823799 -0.006415028948904749447970771339759548894834814803374324124925942296048908979394703109199726719225369945857970797887380278793084854129362699116218658433187157723837411091675514460307173100091601400370534840825790738127234178
G 160 -0.2711936511513547081454580245799721483506395077119286168138830569232161843170112472611507100233820514256316077415918270022296659070149634234453798974952994499081595078092037787095379295693443942007478468644878162753187571 0.2069302855385255251433936888881137999255993766787610395119517704370227449593166083450451881744772635292203739858069092911442706670647336010736906137233987630470567776720769836886004417239284456274366308660467604066825232 0.3014548165647680965976800652453501170875379551698125756631395351784783535516367576775742960758909458427753008969954740353592482479075626801419889515084160969847715085681081028946692539296174777933110857800291717442003286 -0.1093852732220856305739789181957105133036503689697521522613556142507744397461200552526680156253919718147574844644703224044866934673775926203717832174685350217546624778570691165145765515332410451121192736776146613878228697 0.4427885204030197445672717528783298095164333443417674027072325618902041258967562337058055231296569859994158409723764720101786889957370400406706925531367746819881978354309692046783054960586793564486036252352976856621226170 -0.005730159251498113595863133603831473475094952388887126334551673868136414120040320721836450132162139965802243776483026200257440665502760699196326747155862828484863703193968029296120305062966214566520207826027183070210170425 0.1343485730000634448644464836814003951131959923049298538820576426659358166338086904639216842646868229176579338056096244807633381481561858399917476213561137505957002484030267711834419359753918883326127932406290586835049902 -0.1011376277459346098574398320541684230002666047864087183770623762216942682192409313432488917216519929362561996177824872542461916222008611446739427335672767650533788749584885165152267515516728587242302197533254994007254670 -0.1180767380687774409321561752372590166314910921403691483046877812942944278213540086036111569702255270585916697309511791827631274090296300246776418893938453826898497281913864551902308786707205532955915800452048972347236582 -0.02201700994492819614882687846418074230794153155595013031485192438367774889490641870214712551636721595242731231810677993547080432637052560123448508009243753192177126860356993905710753183373247261037035838629641869464782877 0.06774338381576393398462732762230896574800964670008372460902520830195399197578718970082641560050825607897033728985626010219255546589499221048558116623824564453740422158513977094897201161319432506356745492388443301122113581 0.03471504236226300964136071709199824017651743455188312613838732617723617372378014770272240300031131250155562821547967972550045172254117621973096533657176646305000185649898468402587369530199098870363734856820909976424012770 -0.04262437567694059523932047594871110000332685395714429877065611206789769500396340181049158581951684526137524791401543136388372766447404734182752743649613601440562833870944729264970256678988295596430777987608926392772466313 0.02393561965215423092718029482860104678948598732952175508466821981680250342682070084949554021233926862114710937515892044399046009159593573345172800087399228762129665022969663160526370982683185837736411392206552272135823121 0.02048111190688050225027827573744945658990636108519078544441594412822255078040244776867744936703005939858517814026609016618989092712119315847722550847011886279832528507839053920408742710127119470636804352649974643414292904 -0.003310182217243644816149543141443259059132740295425701857020090519532741778767899390390216120652082940707444252491435490990090770630096270751028959198142484890568122970031423108919201453775189829593511405956145617334822535 0.0003862048333145720487787288330062135669027913893911524902447281877700140585739664756256407902419715830584061042483736187401574112997556257774253221923095175950758819128494890489842220809285235122492209292948523919266834215
G 161 0.4925617187639041072506382613067647786451629774421303457653962642853361660263871464998237627705814380636060645783749615115144089811594568601673513086976269418880647817461126041331630134048369056357855665054588742261396192 -0.2007416423488431699839872759972012955798352116065107017509731108719397627421699712363407010843488784528016530048153159394247951331309721205220481281709479856900597270230613964532092798638236889127489128348373964674804009 -0.3484102779121409758608982500955887682740609879485396112887000376630815803143982716260873704717787106040822266231101380671175860763978200610597390065126805952918711564647968415975491120013695514089747517119115991521875319 -0.2917118300995108630926942608291203257939217658942079402703779270615073285403987244941144963062550546670362328155167593043484505930612299625887206881831949069659256362544294903217522570299459671356052404846989240039689528 0.2743524025760877620984423947203784665660245190233557020209184088514397991115853235113712279379175866080733620200036973733961893193438993816208811820214792305904184023978958703994739373538910892987403214225863321881690070 -0.2205490717439594579577517770175138719763809672694020748235069273728384327124417924605004977985378587685331384034963543771880065900579665318885662111938153201433895454147948298289048560849150861170439706366545198841046407 0.2671732882778166889829121894357103239049641071395469265678809565693067020295058497702750847130471724634118925566104601138209543402738510580065258041455680156041543471528765188229317284388090417641761780233117428938282720 -0.04166183047341248427753068515601450427924651477337535792959613926879326617282100913888516442238747547563182376171886005803285507450993482633677161195586581789118406914728362478148362164845272897653112427340037864930303240 0.07819210906363127592931932101176773745647349923314252614045229154898384972114550994928427194137631242358850573808975773400873970206725832249784553133561522250170148688310020993802492938007094837489016057846775071570058128 -0.1261816036524987490412062622492372387082766486642779166910120595573467409397089111933040340393182697383662537545434196411972447736677823316639418695258341887288313413257495936884364644247010594613489962321775304199068689 0.07871836674874153939794910310541632776873358213775255111729236310316010443962332320653496022420903004824326436378841468275952861216206183253791480051593904626338665097355539871293619370014097684211578580877827672993906059 0.2584376943773235711674628306846424411394250630985121463545983271238054234284038278900886075048703108289354813384902453712197135523375944568346405193288021014769531773313647683602857858816517585855884690116000133979336105 0.1650985310013111309853413430734741363668425073251076449657864186738474357990209171923061768737760269434269784153922903471537727274249484572134349959857841305128780731766699515992735272151819397484210823892191063494391784 0.1459252637412773652270146611933730528428829875955978630605276484341650447656144171901298895756559151384454496904493394826769722253438729360469459217362339837305713687825117048358632009806477016847519437765748413558472749 -0.06491836876562990266175914042809982300306624187550151651428319514395950627493273207428363882698618134800074029282216271877913191169369226530803041701211685103850790899870963656647865422351689876160802550986429738519312143 -0.06992244636525566908277038183827441526940771809214736802092038280938059629976901812837540897722889663307573729766644683275955855049553832656170713613743170066951869495020481094481944683716686603448870114320923901102849722 0.08193013768076672366881794325059428204296160498061552274586588751863990053315737707803178413809709895943180986716487255787502097769774604757261113265114900184100791448261513302128995627808077777652500481054608244856870984
G 162 -0.06335538900764567722680672154994701666976596809175450919343911688233207423982287557397403083772971113597994967814338594055556495173267627229798850095372604926760074517986747134724046820625317917598126226355719592753926111 0.08380422280847036649241359050166098344322780853519895922829550424003574606297352571279187285097657222400738516093923634011420605323093091710916624634185998266412294520747729980436776330007782386327485184249298045286591101 0.7016636649985751814382651359288007329507151690217857562246381800291000599323850380391896712430915309462361800919841063304788767663584915236731947205172490666943568316734563775984883725803738724829324601647817307995700073 0.1626606291966056086839170617711206116143966596505825967697577705804120140700730534287996871280083369649899981304385860843784812985327825052937451792106736841926225728079007112263860313484805161515182859881007413746588948 0.5191707107086105880977441610196070973853892987399008490827856100467264720254121278221588822437856220683865205874621112072310998007987800818896962178676542462536397680221729919180065045897902213738574641305125609284425048 -0.2129898038470013388943749835738051029629594396541335308284525860863071938907784966907555249160283023076497797259794560714833436579134872915322083266497686885552119544547754951783643634659277638014011504591455675876234525 0.1007878888922201195794681201329690859782922975044814822295600215387235954301965189316664905142990459283447883345254940726031395400249760476384972387099856303426112552322186162948841057428732316089882125246868807726425138 0.3604703372392047740552827466216438485428087170025774786247447798684235642287906589410769896596958099837606759003671241516163633863461457543929765887053772188400222295414428566794896199416948015995319535946236998812240806 0.07779975399332279734272309787294364863064075932813786063546716579678863737325250751555145203696850111898780699573974080896502031860458213248168994666876715744925359828104004205306289038455351240051030153196477334050742756 0.2363167956746934941876575373647465786556689796321760879460739111433138128447206238782029682807832758966854464825121361482252420190982091441554200952061209250628194390729311743525289877910075922887788240195898591321691815 0.1475305400274190889833535644578499985383621904749918700449186992249901024244958432236527667650381918880491025924176052758706688456794463066686464056879468625986919806204069977297102887418142540801346408123475647773285756 -0.03639603529943074851131785989944359698035622186296820376964128699495634337759908224220532855514481835486568222804220931622905660183410968582690428918414447667360913618717325881374277278937758318566500204610760244048788271 -0.1314922803592877297736386187701531150290319647340115300061069949542617380833936070401600495510463134914816823256981079863275066239914069640968950803873051848247773719405969356480648977064825204853600896641102720752109420 0.02613547862016816407084242241261620706544013087102853293517649510814896289483358210189453411106832463718437225842641240478811472902406262632697962944339550133935547345921001452983534355852553403473411563187885835051884042 -0.01611642438317809547604071715979092714748873877093716086436954313985971214246663456212702083531719742322685874032805080599535738065494428298509801380617437772560301836243745676963167830817814497114810923670987783916467930 -0.02336505462705981443836128167019577313715246710905110466204040483711196390807859659326661045383220120571479039772478083539250548587579778914817486823996182975564134163479212640598446246723439324757264068841325766911450153 0.01704329944558833779941905546334250441543655333171256503398042212341112679693809997297733472007163362850414662015813955062282788975458396869538317591691556377288705565141808990047132754408216243922922698023189891244357111
G 163 0.03189664285961751424443489941799016674312730286681978403961980534064219468659466225140039816391793980049833593910146992704701646841862885193302752659639449020452925541857999460655356495610778127272273259905235512169513153 0.2713882483255047161900835588233921703407195894377505332036266953714402329823013183615050233978247788824697711817643463738430688483010498997990264180688894967653212274886760224618240466860859059282086042002530263474689457 0.6494900561476892400196522635951211195157181068697779005613868971294094664248496092483796476484799867494398903782849405583987965650945662666638265304829563995157795475148739461289380046326471599069521856643677669857454426 -0.1049916742008525201899859401039352318270510982962374369337347187037241162023000255386933054691658748000322926338450620915292483291509929755361173776354476565068998800276398860630703196744314691402069740726505818814538435 0.3158430714118085221137973901803854130201563281063751723106544164242640456829259530676642678761458598782965055843687207645611501113513899677180595154925640082005049572011543990701500244460085107901400323977438009553604378 -0.1945542798051777077365715255552323105620202166875558016584421139201918206268139869372379803590068436930306710219810739440740922416354383544401857313027934011255216309295926023737736884993550833347690686723801283941619839 0.05044260711170655141330782968936560826182830509275089974690631041370992817499267870431087537441293887798544991169335492413324186203784085008761735837892463369847284001543816290530544739852901266030758128307945226678613423 0.2850817929564870183167472592835316351803062807963025314495566351883025642954018577175808239100064248808559817638367404963607612708028561661000260275118083001547763574053913313710614088569780243132393285849897200205215230 0.02053587829912365119140828725029893037794227467153189022043168048668126218594004067442369363266558092447251397483610611229884401774304000135059616571452266048750920899156792853317654594724425434015937714681778666914507790 0.2096125995762537214954677453527213838382657926023214530261523309454042796146658954335541996999656072623062240888159635976184202596191161230090563256592975894773653671515794326577302154906340036218174434881503020148177271 -0.002269935810788225616137317863687745599264609303538958848963356411157905015444595270790017111493464814080046775729356819239637609205392105579882553708748196470750073479174948773432527147361254901659652277745715430229442658 -0.05765113760731500260147121451831127166971063169532169254179439742069891484781669560963878847793093113849767477991654666535528502231128929530024115381186263773827607072518645022175027087607747388662548866678246196331004562 -0.06464572472873539682480193205309506750414525902980181415556533903010919369239291837774127270444392838392636632957810402595544815918119818576562681877192457364266913008771480896869508662050971155249570274396993142198024580 0.05799061654852201130687658337344785621950712123928628753453496639981834928836331139973975495281678048977831451360124244208413633435808343738333874188334889388890772192021822774703474413495930241473574327125065679844120202 0.001672931297041545579537801252913447618979667091689062718594645424262737603073394486550723894490202434334070279009829362926146334587916776783360799241605651449146669707724194290157399566659048483229311482529239194333169355 -0.003465608598718064374966034443040853859669001190063534578132979189953025425150189721735981510007457322823530411856918151950921815132855954210940171805386538870123051549109823422041376333391083959926460437738495637758726626 -0.002882816103492030521605469260091032865318315842860297818896795450959197149906363861728546977507188740529638239784298820719360710156709710138337498727416715041250217605816087693311487735221605152896586751746548419241213142
G 164 -0.4790463728804704654315727510728866717856263928816777830621839539958040752379933396294317240335123683596311658012692091029416044743025036313675229798327325560506646596326740365827931724984320628514051055950118074363784612 -1.053564435250410011288479917374146138421191546651970493148409202732007551230645227238611344098926001889774029620160331116339863226284207151648799500029076103110554099298336059497260486741786658777563589715332193063474074 0.4723561622423803487350715234743715611443918971920107018252424922355888628283270790109388838705318835408790104077453894973919994176174604555607403658576222170160303801517384226897970665846427732325323555278454372100754870 0.2342230027507132939563286453059833928506943367023074084185811807967600354426737511216338328662691883044680653647943382623400465302295579567837708314808966403298101674029331269231037034559210052835342451989754139050290927 -0.08722268525676032421761973251085211920748410403859939614263223385031739051068760138485826393306449077500186588329985664451319469824581570865842750195161989809228508260411082417987101872585997302425994834772057491915815412 0.1880881018188959730935548801982255527853750854396808381990366623551926345058568972861737793081991582175401994093804513338289554902444332321463642870722790099680664377677034401799265740132318751835487407126218361556714442 0.1858765870457134480604463243667360381414729550076530769384915401863630202414645300710708750070918283226623811037728360914752545732069375831744163806141194576747468483931901205650294969699380803927039728701007957520881712 -0.1533677648026880847636888659682493892689877338533229152855024052399655598048185374717388216074417220917387131376642812492291294788011358845988108840799183963102301716709661183666872483237338371724887855350916237627220003 -0.08117320361761223375695962597516536124950710654411326472098902807505286755503252941440849864616171986111758870080006201679955298834932713811337665735374839820732468304375418357298841258699588718763298323614995153686519281 -0.1032918767975775531301474497784510642390989953719116880068803861547371038104885831354504754180605804809461682514511371926031287920516522904948479726077426689446149765189300591043407799844906603698579126664281981915199897 0.06252096423368463701249099569035962893306483739441569330958772076669686421936276391708997816062201434033376645457510969975328348947554093580057500373001783661239362126211527416609735098996194563466056211620317638978299993 -0.01424989881110329375057245624408041388952975517038582265515128569972983996353486524483645241711947403212901026809813237275655933194037674617307563352102716287117111859391835127189387698618047741746962383750193497339207783 0.03179236248721310417639900631275701757081410752018706125113389433624034242869163227141152197974126493225435837417100667535787224262206062554425425550444073382025380608420006413264416764420641674497936889183895117367441058 0.04132724485841103647554604467312560231819564864752274233485068533252911354490096578746083426396064503173020587365180899845069407479091789412992144585300862957047071344516519059749678897062157934668057588367861887135508982 0.004878572705889108978662333513475826709503699343057567983340854976806527231755982941193592879624284776741425567122156592573387588633164857863732413290002178484044188319051586416465078103118687968763530745671071080702380618 -0.01650012969419633514414927695140823270297742698078258293862420826569381145883993697541681143379206847100034833326042260739909573717181471543902852821968426934913833965132083828119890964766450323610377555928841211312252974 0.004848677339078994657183249874841492911408569314143113508393649758875332003245366832952894917572942462783702656968665689440314607363774669787150962618634406965216954388269679762224951138585307519393747011535884398434856931
G 165 0.5443073092662346514424049226177691355813678524616406141328984661353173043662507249185113116289853194337497587877128461618105426455932148193892950210013701656169789388753309717419886550104066069421967575443927501483330732 0.7263695120657953823858266989740817863591557824982435880211545747694973528703695283459418282724421900326557789323797990750666460321313792789906616950056493842122098387712944308839245442539959623214206257628716551241394345 0.02598315951307605923964327430910456673920933270928036090659200365853263247396307739514443421425065799276585859602608807417682691295201052009857848898854550693719848462941585857762735882243612016029673491413913132411922584 0.5399352344231553740531152117920513345983483757827013506022733227999779858003890853199463296597239749308116742792189014482201088967838926880955409119438170535820048300389060560804743396139631296505897510583029863000365228 -0.1230605047106588990884187582399748884582883214820331434669903185177228496174183802668389752640690177976644319886138495392892746861670744662723569495856501449664267306783546413803872345003783277663616072793304175746959340 0.4238681380107480920426549047062827643584758169795846530501182776903599527526774413244527612126167688679838775209761644710225552806751874752045608662295403516523447510262866381271917860625595912890684957721563206724494716 -0.08804520811214611114506120904916060583773947920017008867803903259535403018080555616440517434135592398327024379757969167349794955493946670607667291352687831776356114853477618244368497819763536039346896355605213119236573591 -0.1633816397146208406691377928546796560477826852314966731104661429591244849605754637537744655627575319638729263504097812357172656522632933644226727904059782405133761305726681221215908784436015391070501914775588975826973986 0.1528747952826255337667415869616336066106712987340579578727011056861900696429972361089438476371040373050892864469995432528305380842137668762080475674607063246002835365913670344751534524849423432394898476241419896316364815 0.06376708399994624033262402414267732802178844332366407029987283422393633648284662268894680749678402448293100324206976540271490443468805155926049687290630570210469789547713063492675936232829880444645871730645917809005391535 0.02211076669615996183779919338747463038057479710327186780047431356655645538467606006055369265879095205123845073560840310886018700477680043798828311406254426453851113243949505989733768900867720934592989233090239263119954891 -0.01828005240073181065671633458614471276930832880485907492318410458060775567906721541268273100022120805856006344640352505724977203845282192630315505310792441195461937171610729160727550180074528466911457274666199984064538450 -0.03687004470493863196633658782257646966028633716004225963765527115275955649153301869266489545680080203698527037023903374167584469601184702967732574186493083463150917784573967578497505411370466334022274878913524435437835039 0.03378770418128728427454172326727789002985551730480445451394982281780582349860092959285132687563965054536650480061676217986202364104549734824056880527533215349698537941561662480553908066266646161910140544153193321113262709 -0.01654625478726581705314220415631781288634797879296934463337742221308140831720895984842203071690079874696904922169720671061386497860509514428330098255621184757792944676458154307250324071728242104773998291192253925271169442 0.009834124039746883962334329301338860184136008828362782024085586422140823062884708277753109023697714119889371847647978840024410016674379996398829928023852513665590345803263677958149033646136640844292763288821505606415396956 -0.001822941288833912699883180241648027990175297659323801773246794449599072585255903028704767577589142662313160343242655039909469200174628458846030684848638888497269508973773784290831347546209049475015462550465976659105095781
G 166 0.2930288363304550605811999436632968721587134077083496719207593104007446175965834007163311000884260766771052432081058256006452536056589543841706348264184488341614421573010507125378426465207286199420184978228838027228304306 0.2490077477730961879007082821499142905829505990619644883492471474483755099623686354780868913049981472267501082611716261600218350341367424156991505602798368826319410705831014635019717570681794717716337314769703849152219721 0.1465611473793663014416575062609353588305583403927049324837316363106377841104414954461674141768187282239288290593310886740230936555129523928592918118541705069061485123178923490209976688194129692510010089669495953148718609 -0.1854960815094960461216545869307197968843662712554063258375652115640747283479392781490958901805277277897675574554590846514938300998686842303510392786639214108350013869739928210472816735433503418343111976202686325987838106 0.3268830507476303412608232962676791898672822439893083648053904460657060451143274371939263054698397841914236169759130709921274288700147138980938462738386712768262773437512281927329727789248666610509476831589321274709859796 -0.04829202346749506364712574762923760546671283620750809421036980844322450380036499125085938986788058242266304647556751316893258860673506810622699838063849725679221992292445906434258700955746922130813512870788073762350836976 -0.1440341275588526158604936050495897997913108450381976760552063902333849866643802488281133364640075548035527390493228727392978717219994610745076525177636010505946561250890177556340709263806249542889826177011832469233875228 0.2683502672179643330509781168007661818559790910982214776671360623050487907985982602480861515122948316218231189719614441711337500775922544811539768640765903138650181354241637850426050156274152883968976536325331477509073362 0.2277977144403295115734574874817442275328358269376094152337551030329709148175906561459133661077406588085860201279814982195793022318511868132668913461204499327438841037630001232138585449813546591200093371747915660999421970 0.02942460578061852221042506031756165154615448911717473575220094334824113707615317135365739224652043489241801182362044998929210117842703883643964884676985814285629195109736076878627240226359972293044839293354520562669479924 0.005586229164908301554707214112394207787871832024523086761140086927844500326856333789393817563810243238962468721309256776483058999818270908642884061832727435220326761205299833057192551916951808342623149828914231262105379620 -0.01399646530213736333513719357292620107299022858339468522475744032323474436010325924631328551563771124506131966406217508619682244514706197444137219422007344330830602205733831185148948028401028232627210635168011358362865262 -0.03821614588153813811862912660807152688062158405467983431859756139661081393967325820920720597419512957080860580503482309998341946117380868030159949683347345001548987389446866793992477805206667502678577941407586627149061213 0.06714030407420830861625209056471540756202830501307230503456147519516817415572091903513767373672819468746407864949626462902797473088070926196852835566068552336532163657570593209196039567336909153249334867452595942523552332 0.05003586190683821565614970009719088516248695863478126157697144960556074989534892259691189619528730433093618507112813516298692148301081123859850913538052444350611148103034095790009959876914070345582773480715411562508403213 -0.02259367190716129299281355881710952704391206597377810702003876213892343030967858081053339586009637228860668451486802167933204181187206072219498462160589123623179077499085429164466953665331820028017477648169330826299525327 0.001219375703376774283189886351032316065566877586721812574504067546236277105471062798110047873160388927534554974426406474083998830236618177725587860114892468999533354168555113700918537200713569622963459414009810685953406505
G 167 0.1629346072329996964322861167990017711774217805101019836863610935615321102319763188232578774212176677610242996133342459877273762401203170517741168271084828194925262533674290696038948950440088840221919827464345361453999218 0.8216695482577463621228481247145071666621384208342683670435227166698915075898497828915037418249380277787089387839705625385352619418044072136649025038487034696632464090847592747499726798036065600476470866711748735862221881 0.5172272922031961624637859913289084720266650891229193027512249443019098985115934967925006137702932516831501310808206775720986608195398282366306648080731206410430549939737649519783984547788389880506152555997942482837909961 -0.1296268433374148461723677644662097990785469391246126806496505252758708170940780528449652681811731500410642815285897682433930646960061328198131968528868214826617486338822916517343106163793475334195457223228728552128646927 0.1094216967495553475311204696991557619455485123419446514142837484112812054865878371159721144034333145378976280510900008750327115132665128743003554373771353423777540519717980653141192245307368038885542629044961833583810145 0.2231490203615449376492752593503297234016575455955467128120498239639953169694347084768584926483497955443002496047185948117520570349423470845727006195582199404537724683114938049709762376856557737411696484547487591459038139 0.03286274047053123295570490725553799471587441175718273047700782346703045107913983523799385243269129081110947831617702034100456704639245668367136240153043061312042832318900973467838372111185744637009575827123002405825966696 -0.03213237700140782207537370841081685779240566988585786197491673440053908555583466954946215250958015691290451140026164535115314177296078382139736388644947929104264939793927135429118091612889827637817725817304624743938721664 0.04692622223959246183284989544994522056688886100679779188980849356808497135704178764560538799231889824352484696934816478604445258550668740908480487305204796216834265927069527649184936073000525971678711441186544168633467723 0.02188272310302497659815388887790233629283186239496749664403725529095411542657823413109486299537809332197817652040338195568250637651432116066078447551682932382935719796711567585551857980604235167933552782858188610044794259 -0.007132011792078218678642962400527671774242837922093398467156060622166867765578440456951350482332747184668416784913374372575892939990851715541167898488292047665675452604320702079239315655224348381467001496610946849569631781 -0.001166948279835598160502019715401937477142233956033066218097244194200968546582299471481143747903068842376469132653462176923862056863865054094270565280955766368891983863575820499131282889476049563576802260511989563356001392 0.007939166157807476515253917971380528516627930886365189596614685510505556284335634709927032724808522767018645558316838733398326532799881731339386580351158262410545150950313806793146803140749992668891821515163052362492509377 0.01372933702776116271343506027105115765722771154237283399974885070945260482375713495997434590846096891831913638067964807741390774535322496600045818912078403360261411296553242629852560398320219095761085603412849821673984601 -0.01162392762606176306970919657853060928654419787313400241429019209125439581060175320797644579025262928668399380278597564617603529514432805242117134503734438393965424132996984193691587617194410355299086440700421827231181666 -0.002286104795565274362886696292025942142973601728296944792007660795703168392418720458401238284310534900847371472464586670333774522175291126383412502631368688430778500295312331626006872747695048802290897202088155977703297790 0.005104726236708640315274346189731097412427688683763093985941146245858964725511107857336897262943116907809684821427269158847910295271669577216028606937724584747488443396342508242641646133033809114088192030289637241950196858
G 168 0.4585457178927642823270440781014069742111775680067991385687458675829893478466266572880275214712302349399752642551394796353733598791433763261120749475132655424250691839954489985865614768755707336269566346794713988709086628 0.5313680739394913253146832035683973356583049068048154496584858677142110377385526218443465744845094459467477068616578113485423364272456936975877059310687750668414699157580838338684064531667334048146717120773119746331826192 0.2117850661786283864926717396089356394559960019229188165366935037642185705455960641504336247926595846128067119538286408986410832256189984424578388890672502062122901651012744071327460770868788582084588386847444587539232182 0.2334667507176302603100937732794929981704770347453981697330021000151699445050771985926399038658166836461856078139154212009105564790183390148825622205349195305377740993155219014768181393363916690320447844913875922495431375 0.2079260600033032080265905145499273978671953530306055826846143473449990160033735598714990027357928492420893683552530807752782190351053196511197013534636717251643692071118487486012803011016279562879021657942852776952665936 0.1668943334267500756629043175796538290896034309504919370945791912810240949126515849964883363451631538567807693939793508351635025071011172311005558701189940346024862605499732694724976828641564618056904944740889145778372362 -0.07303332167474579369312068632609436742902046487549874915530270822968620323576593702001807694824644986606100230716464137717714880487711797777584841971167775372509176790459553871608223038421628818502495625861882566604948323 0.03502692021028298191637624691420578596430004868363112834487275128887604236110332545208025873910500878193031540256047810365071039319483335441411391724705891485272254821644377838611237251691469187125391600026322002863980776 0.06261771647293257646336716461273918396151335329533276378079769873835120734475359238762817674874374080418164064478529123995925089859867711209163934680408974110583550614136214323010657484565069956579524780712581733910543762 -0.04611099803019152586543940878072356321063691869776940187276633624734337763629416127368374937476153801889727193215278553429625993956292553807657954307660841004628335799541519792804817811113907255735262342124660923941273054 -0.009245237616957113012880261299319538013218598779000319175925938395799632317795517081384976465984356536370995055487540752506727068943314611754018474985778238906696307499499857294175034871943160257909516527107842677801056717 0.002625660342052363021414751781098953440353414082299125254774075937356459719603452326300205291028686936214587839737560774337702288515156455467096037073107611447351602777180498790652540153582150156911395793826388032085244224 0.01679377606784791608355221758269196025968578013187350178230268741787983851709023639948209515590729823585292022448864484297866847834621447445822255259197970934709824497482826293237789493173711766927481206268711600599137411 0.009870330755435362298104741954957074934124500912097500828762899531880417714204575487665248860597461637152946473150461775224718377667732863884857499390553157009012653737970042319645658819403458926111299598142371704017820723 -0.02120748689504461134480698033892039460149386984650274215883613628451343343563698523475928894966988537137780812759296134975376354094478361866976165387712052976977543169574639052125223485373860520655730839816999698275916215 0.002493230037365303865236467846582549956482849796709904432933493649837200734510049433541383178949034840094173740020953108389826130588860254004133282824352722721686160646802579955358997557229694290727808238106846189017900419 0.006445873454827557274812034971521046475527739560175707592407809825405982339196296745317274255925843335289609610254524096222992801368031679493249054293562032270167234337750317995971095544178434480507506166061300621293331026
G 169 -1.055988121632976335071854245025166196466841039293239187769339459079666637350450605020563372603358317820488502445194360246394838892417073056633130923142666757444643522148458746141179952624013090330111972605448933247001741 -0.03220608894328724020123694615498590580547512957925469821833405507318142857220915130447229356732750928561492967704173328487899326931413506125834195908258959967124711845706619943375106786728594248467140249928883771655297765 -0.5799784120999507768004868096701193512961955644135741252890812663535635172800920477111742236695171204513169696265041087196643007329571168509555187788165563859991942266144263719776960381982300880135224807847803441598407732 0.4270975917604546445879079416446123990868792113332307295218021500325810417984480768656121190982725114412928238780430310867773880657498008461140736187168108456589491743291739997872119003629235448872359428806571346145059156 0.1664849632689498449651726584153583158963569775191196763751878290652032800446675413544406878710780575145863448342770569960715373587852330038243097829525648762664442327290382065455929207596503064946311246655790536692630216 -0.2797993954797084902218926345212630215192608128496182895073168080557494031401192565922724895238930978016005811473081902382026868576062362243193075443308515274111372354960605230863341503049651817343078397920825293603247449 -0.2252142575348863745174225342528273515198408817112882066618405929284107692097878592513108055130556028517293707441718962087922598105495779285316948044705683031240800772373341078424975393687169805293373898100822093667014630 0.04585647771154615090057948326615793918637027638374180286422113894524069002638646337027504463979887275316989394795553271752213876850988948550379263997649222521597208697089663594315329323681884294850167932534809852790246530 0.06521001259660668049058108569303680571495474354027450010511522212840902455941095939389902383940412515720617069658850362970876447182448267819053462502287939242051081736333088381771578276621888414856823784240750913190870690 -0.1399120719356957105855269091325389986208787071815097881438776994881413198785337057493218729095085105229386914992674538754878248658897033827970545086231934788554072040910468472222584805896060202275333098594209830107814000 0.1078667962403399501980466779721780999918666101779466862891908196032196447732115517574957686274703886819373034485323376469064315801892762318603332718485274429042490368236671169981799988425512804097551502181431164419921430 0.04600782604484447807412892733371320358590976378869481869235244104898801801126983258115898451000022887717411921344747804198266866293930753448456935160460198746334441960427856540500909311099222594570797464927657641260639090 0.009028119308047887906192129627668860932526502419470029136303900078719859803138928708585656384864089855719765309773013617097477470861069924289282220547692765389023040258983216934792865361985354211644456882636312536379949123 0.01531015507110238050258792056576454210956077619583115618289713053337850184720164258478048904085649811233903392603811506007129185103434811748097113173999855158207839534385154915182299999358607575873474678029585370778929721 0.01618101809118634973536773137855474353761378027399295449463109805879837197749194943654226084839631291110165210916076181876246938797839014283495667573100776296989218899865693909409249774843110424511734636894526556222625386 0.002964709562118193998294464330635701602564460054345283897987549303713689152946006862490123414242658702835261190902125689907131453969936437490481738549123465746913018734684346355371197739354731892816597625474345596987222874 -0.0006177575447365659102294468464341601954783498132776783581762160017251439372889725102427267235925025048708972783045958012974978652660567176450940706205109968940723390878510356127467510005556441173530108727109963052504847839
G 170 -0.4601746619443455563100175872055502341978552188340110764573698709072480613857076441763378415669306355941373714381380310320556130215689529288026849255837229637362550125267017398057389027347931380401603810130658762712062731 0.07043136087125770752228717020267733385296932514694584513477091985940830687089848886240587264188030402529444743305119511794933633055191076361539306854158564039553706510182866653026654497259692608378701554120620091002614133 0.2589457309092196103398973247346511664239101787488689099672296891045170784135739482498869540182686826990842546438392543987732390740437767601936289981752421434951028064522373140720104880027661839838534484849724353095511978 -0.1951517218798128602496349023685524581704820652137647533835782048634463194826327885689681855595574765062020147145305741719116244856291996176466280686070806652135239553203537281467925799382694248853072835780009488225673064 -0.08283535161431111150260962871772352101633688243403311129473450213653393969140013135454611113033182500087887122070678552413579744233183119259377333515415163960317705772876741724946032801613438521765088356902695853811468893 0.05134559228412952107550367828607177359325274641087320779604210799788544203738741754727564083742923251496506086027818535592471286340786487149270339267564335748559523058866712024771064940677438142158577382013101369932487093 -0.008814612444716394932861413537034257860185318041963408903754091683988739404303455067003583946458335971687934030125209969559103390514435828091260755526993774528233634711771499643583739069452082930402251683667354260193015986 0.02841634433981543355728762197429195747172791365660681988359635887641202668920645720760396686558518173178447581257402871951344485071470570260951583521281052045455833986640089822850785521837142473669613322976939261500137942 0.04655357126577716330197609088352252872742541678915958088193438900673154324528434389641189566437708739627338960498614228901995609778324837548858593023247513601979818002432554309493948590756198916925113574947761654846167562 -0.01404371240662733527255454039440837532365709510088032403294564680314615366878496683152298752254006412382468912019106182964517678949978157324618527006184956504470314228553190860562952051188689232975513497998659760599286804 -0.002126461595198762689730720878177136042904097535751477150078775326968341528540918958120534356847154558561100891801157674083837104464998879142711264229162123086753325200224567027371933839673054303843483324721957345285670796 0.006392274750779002959409750567318909614267749854544973632124918193060564629464502827515206620207571253939066706236886840509828540347807780548334708184439011478007421591352818357902465808490630899850156465775486847626417278 -0.0004391949675943081043085607614010214821602715882029218276796707412590547965604871402042222039046005283956939602702737773245603045529966490668736839459815430081305390387504389918867413818903361384783180843934074849008156557 0.002329212209952365693066124121123422742748648104486991904739689059520106604657607475894719608735177826749212062387426322767248768944794027844693950581615752943423413097631497085045474631124432465623264718109234172905085984 0.001664235762736312487852751266827336294103929758033644629058124306209246668388263069080104514761276952173943936878547035161406149414628196454472103189080885667265531604290064231179768381412270116349055922197865986481650385 0.0003478098414299602572827032981946325597387468229800895578698407102759805976465783974104846588132725143540714707819856735598647190304497882302662215560953255523151684596092240724092299628774250605082953593983568107077036424 -0.005758198512247064450598185063734980511226479741019217749660481269660180720971202102610651334664057787179419597664400342183860981530615408054027960353139965488090153045126130233492118124470897825953143540990349805590762916
G 171 0.4225138336733963895953754497052525848633113915867536058152194493305314395628987847106142438928469643807366460983593275233450719974430466279836027773141833813837673961806486031146030565304140857091403195218824291246208128 -0.8319316450397907166076833664748694643626192358537329367832895574807864498115910561011155278630664027250725451442360053903677918491682160509383613012431354866730502460755580093168867575869331132637970095740479339423871573 0.2365501875525018294705837688965784095366964861813098917164760087130961134799185635596091981443348702357952209810970473375335954374323015879979383450737947314201271168316642479557107256043722224297922446582532842699564928 -0.6265108986965025022447744753699648865438054656556980702149147664134733711519931782952449390860336209407176684757150222495100886069035618610340274887321330838264053563079028485015461589157992182593652225881622950114685866 0.4119369138399210200482181318696300388316595487624295224675818782022545310788432196118263725683759486833915438634285041324393209049042608717037203358622384605264964512231450280309002381115386800519270339590478208555030482 0.3954317149702375087667211729037028719944696948791332947359643213925099627814973539825270207835677330610817708855770467204650740083004978642862804416580229194308925701511241014008682290429043254048297286496650440209356315 -0.2375701106986109719287525153865306234830497688580672786090022669389280921759974727831725569906978053323035024292940705729773627017642878538196435673130924538582889043964261808771073542100332419203355780998653728407425996 -0.1979810527115412350562534688863641005088012629891455012762437342364091637705554967470377282500917066613551779434478241342426232216298932996003995310335571548424942825582184709656625567075579929443588249351206924183743122 0.1671352863903979439823116373177134068115010936809477380916500862778929795901244298014143175633318971685850018395915466666669611588031864698519214466707510382965311879868518578408666280841605756654673502140824534121466348 -0.1734229745000997450619104098122043256986969419480668522577695099189516575694579951002590005988257731711389334907834787593370408892542579473256886705862346789245161481423577227126346581846153982505674485334688436706996181 0.03780203275394288673224792469612958598122097499811393810925710058991191132871536301130311790047081403696767546119958879334754614000635144901372356304216175567914740508829186641389398262639755151262299436994915245226562229 0.05988882696100087403841345183355827874051128310060601223773883989289930454595859293415354578539132098168997310114155764629193589595693986299596113575828450168105957991888195683252407952802606789998770190176889270559812576 -0.01504851205038756849676604084377143499427474651918551848819880342053755221371331640567841847503296740492667362884912208364445263855066924435344590490012409104406456793960250959908741977889126218071622317781951906757054934 -0.05000572795245302631628202134431100343117231084993247810140073238413788825062225911090779720786186709188221296234437100597541527033485079418006200115467256304755544941718498766850579104659466077214233420496002767949669732 0.01690865855012530894105648272796968647920356773442356832736283174660304784054796862330226300365291599607799925218107326316375740057329392868967340354808529190038278093812071793058775692411020238694921894322225800941001463 -0.003561474376958984133424120701354045965610607680827613989262375847936946062789784120906259629979963573693561086548587563665546102125856518715278572731095993293027432463281267116610069159913224849585092806551054106922441515 0.002560697257407860246931291921041241442769671747637937952422499106051184001953854716604274081090715069075307289087676752559233339268565307861383507226713008238081045104011867929600723999955763374300329208666515064260801179
G 172 0.4140876285202400800610366138262156373677635593265987480013647954182768916104480019491250048090536600053171279236295268476640798639293374459671305029778791115114914624558531739833261856856698980778063879495637176756789837 -0.3380278672892777549751700756020464032971409796448543338410105439067163510989390784314268117156631225282881968428867747070019449841887212597228299540594645858010592527693909934645961544258427368861987823696342375951679243 0.02633958476328516023866248323269257057901561083339438487591402557799992720687225401753871311927308795023953485525225416034536453783037106498174051002615897277359169210297532337202610457440522979468404813263464688791736870 0.01684506180420373511827343153305820405495393668996252309889555980326865188499141432777146570049083543843648482992084867370268304352051372906358927467700243062827973395285959786886201065136620117501247902565731664826484347 0.1227319514529752324978200915330012169377739411438384132543463690989622075630612855885723648571369760900612010792135874329308398689664336493949878637948226609706936461262298354378681897152853127206534446819465868313918968 0.004078129548745487271966272394942952824126987165313050596438614381132343395681677756226061719054914114156813651820886902468168626603226587869047503472123734226569598800791490501563907139207971660860615519395531452787518935 0.01519715823171573375504900759689424858520745079627148128489528179283172268361542512939592233596957086797957771030383141639522400373173605545082327855733355933756018101735708046294489049709142772604743720631809752703411880 -0.02044181820851101355332371556175958481162267151596421788999774226575320252078183700705640764480105838529726355897630987537106422556121954350592974370925765263848603792590319432643811584903702671820998380596889871956609495 0.01084816659249133758408495953282158183768602403895526273528036044722649493702016437831557668320167429850728757353392838568391156799450187439560314593796576319107155947742930091273288945644241973352910458131528121482090847 -0.02788155615247672891548942055111634595058095165220932459953368906724539858948307241227727018731034789106446066184427737833691185231439017618127521247926072404553441784500345737736197646790668868423783912044451576672707037 0.006012755694042626294679510372842889423333472937046191472869174074662211910326960248822909571694938317314657466706416446750318857591546711564217869241328061001614155821296627759106006384482428902202052218304999028880043195 0.009098810039958019087796830960733142935164680124487536183747277350808889874560626775216516900986892352342082477387096749001756514538368550570453995371156747142002451301158163828797398934828392352269195934687667831023525391 -0.004275295813255909292160921686673709303129266658308153968355911675235891666347839108894047859447058858262209618906048802020120579360506171647833408257419577548202154277477744242551924865716212736604519015597792433857343651 -0.006699185611156451257960014607823453680763617000092764757508667463931002017875194844724458058713281486549800000544216112256582411540678898454672657378053597295030701839078603669530843099982101764652649131528258924185756745 0.004121162369266356997546072657642611907252613410415447559830199752255052714948989037829350461260083715180162941806545981184879047504965742124581046035753933822079360373375691090370776460986019538505187097353746741781103622 -0.001185981526755108284048522649574761866386091600408345028764782378515464347330493325558040882382007992214194475974349382315081805798591195547297433439410048754119895973603508040283594767661683442362050214631626771423622107 0.0005067613705114952645137543733352332838868050270723768351432402560274659018842381341590168953501636665519939196703771334102383685385897953436923445627001282301871689929886572336554722589894825939957156881469744301576313338
G 173 -0.5893132951947961498402065096630989488877928414976104643988165482999395495480569523391480228835160295927163821575454541450500541899680792143886918525538962971512659854161677173174697301260337854134389295803776857492124719 -0.3782163571673604870479769951418721746400054740635478402021572698262447558370950621045087016271365227654749717287747016342714731967662115504336716076950387089902170446696957423348852502726208492398132972940369139448765573 0.02502844599594933478617083241508063548566366933997537975198221987173477807593996905493119107015651479518382224372939991730023415293240156847911061892894407139578536411701819489922446752262898450607659529552485764557384024 0.1358061162869423222500269369080892438664920003716974370473731952479363742080501547946128031806460926412406053483276512778105734081323180314744275406412346192686731429160791221261049937738126416766251097814310281714376732 0.009665371189663490760226253491971268233396616692640425670601402563707106478939212193558346973810932245986582841519713678927350793689434974133850977154843773746652717198387965148989463342439912070034009872646462857787698012 -0.05471795578757552795716317086879616198770580312176673624111065944024843665120814181633984856832154699446204436153311042055563171254780795215561921399203907853408685981362520931518478838855320487176807146961658052874735219 0.03157159783302307713866000156739305019303896305536848012497004978760868845943944579264540238572556727577349466888057773059514098532768558872112668657373624383075700544460641309499259003643084403044791612218378200083135794 0.008317208072721587664114811957000642360720865226110753574591138017934143477522329124727068162023442735820796327410177649571555265761796141636284389994996736693217855636923954574529915887552083512394916897977238469316380533 0.04583604899939375471019295339170459341136259587683988503709215640091163003918933604507510645113634289358829844381204548615500658391721665368960612738980723584825478226702841818233789071016650265864382495683230791758729014 -0.01672120214866802815572750614115245789913423397014875028591024432384618437725933531759013541084758202994198821837979879096662975890811058527723551803440832084700976873605614557525672719579138941695471248044143430683448528 -0.005334996508678836736538839850394019952972950189959857546550784698563905099192184287960324235336433649037482284519694203696937026512789450199433784021344435582445450508641994966383127621651510151514479972178280806642342072 0.004954335880106998152433224477455127560259590674996805196325582362753698282225661268989175477418357920273442477439297465200774520484545944335067000294660863133182381500845210881387975478528333054042646152998561028099537096 0.004742706624761034839308110741550146526984094107477449795868935760355444725528295219673266016220028632835490579003043593120883381998753463548102272205604499951807314379594436444116982546654335157948311882537534046330330090 -0.003512228748935260774219818883383473496388880721707544261380519258061006369948049884817653076104582354558505079315821630818467949391286749921342156791264520967189850751852261407391440463568202482948359298775054794963400908 -0.004168010140267092840558963852060030053446197098708378045888585066150249276523416843800233576569156504270025795690045436076954244924431414359662131334314352617670758159771794782835555388544133717762938069264154950498258690 -0.005065551444891537198282291275218685720906010921188958512387175029292832715883749646596390684390812992677638413315918879629683766668837939450159194189737481900618314342633951063644907633207620694623349129820095944767188214 -0.003417705896062740211652922409513139340516163288765236981118381815120673852084982636169075720834870640581973876587920125783814188760044691490259528941573128757564548542815650681410022853614502351128061354962113919632705192
G 174 0.6145513822187312790670523356230223995242273810442751185382471168202695329917687173301543812938374599977526475238589575737227170585320636555640561001560210127575425946060915487371766894017132277413692265368627031198087881 0.8229976194705075561114987598231222743886318411921421279369561992237188201269597408391465950722289655150277614683028108889314450815511858878849839626647563209632609560131419206331674286856126039435371581355460820234922738 0.06221331103097866729261575197261077992611461486394857765002981660638332564367740185800956276546979788238857856631472093731231961747959694798379084632568534963017586282825332064976485810857688961792687884085075197095608630 -0.03172779112545962042723035619048671387429386742780945090438285161462930185383231590521799558334071292022261210964657497109452357889649200429977732549164893988082625018754817751628515277329271289433493564897495160006093566 -0.05013553602813088849525965430516390160382134692045051953181456022459969572477253472543005083271037250300843683227803138506325234278142222021862589346629250942619196546931420402936533132613074266354807022896339460702643845 0.1234610564970172204083393395231305677702340337414817122422846493406128955187095053872622890961498086772380066118737711038870669259328990801358274825690926886634107690410849241705134040403864431790972757327065097538278524 0.08535934931834547327716829680399184557124348442568901222111236052595776378438166338654010797802760448325036411798373106627190940674742115168894524449498437411531182946986794349912244275414746611757103411092455828521906415 -0.1042721168535709284768021688368926939427581971872383924201564035339231837337072614234208521056830218507199028517476478196183315143109867681478218306404258528776275734183865212617132591940724792618840512869393802625170499 0.1461104792440527990016105570068191106961846088564395956544228084037863054432430132287302890902725163539080844111054136998418378355530330875459685367895671764476992260841944322907283524858318163597444603292502426026442613 -0.08616337839333425001016074124183915945610467796480208909460371227288205281511635573587322811142242202694914512602938050695387089795401613935210036520127409282449455157143488378387895719208219269296634838324729438341816842 0.001874097528847678063181482178242860336753403583063051806011473635122217642298585467075262931128713073440258929888628684935114081997115084711227136230229403335523561188645302872800326207572641945686402858377185018183254576 0.008756438124224352466363603789042123062745165485262527312736993855915719865661903613861963889372106769850976925263059375757584429023042362211890995403427787783498374217621654918848767171533823447410293761271290859152942203 0.02214220600917971831237294710717854738845037633449683630708473197849443990590879549071467531419447001877757389919677272859702453257400605524950045590847613043077809183397481896762531502004583591427019386031345128296266046 0.007323591403578957975284887155994412457545881940041583534502532300630942001869866773990651941666664653560147534588595099256135965678853130382069212436927571740747902498658216808549124760820273146495173155435069381521954820 -0.03496644983124173500327747934140433200727641132305809522810458699235266920551606399490639242273843268532056767201674296892452910854644135856851288247374671593753971809305067637257403818534742221938771102061347799024568403 0.006798417944293330115726658972175706729809670114897603140983177161036946439758965481180350655828649898271366064153947885958408419012241572465675535721353882389811630651640119425104176151904005514621022028245280531821092881 0.009864294252698708507085955023565318322414351670358125343618264731429257109517111256969550674889606229529513642167260608897778207732213736948332393984232041896618015757737903457624378796001489603587057037420889306995704739
G 175 0.001700739180310887278541593755947596803784559197876832205542959936971926732553304588057496876942160270522889201210891111008399023834287328389632977107590679923930408048274403030980099341537392194612537274800780729501885007 -0.1516267313628953247203967182452355596751408824552416127526562466665282191632276574345670329395171569119885987266593516031676931722813815536081043492797583491819654232470878538070506582289437217015823336618289402009410976 -0.2558486916142356955534770159036383574393240833448137750334748082065318538119331781535657222446484189628538549359322108177705561354305249012779267859664855764802589774900470669420075968286833952208707109612491179004295283 0.06237498999501431113491610800651515056775102826281132586557132594017801147483050782674177212106153263007045132421329714705383160496960845793289805743247343398420284056247659321687153914439356689534692534860613223737992493 0.3428291355938383586115780849213990698113637923763694061667500775615005050302189789929142030993933045926868421643851480859695391877472936280043121655029195606530532664289775021965863067078977875341977160446297745161909792 -0.1644288170773424243399771228700006858231461546531153788684524419620627249683780601589626736295460233298991154785347346453965040757904004827404743759176688855639994310422555437815821461079188221047390564561240718599807239 0.06405037279290039258648505212554730032278689806965414518136862607336473085548817083499268600490356953250058000975942954122329082788114635070186509222758258590736748293990197557988205737176606008719191233913847273689467451 0.01515293753729938968244941777929817047371053491787011239953300421606767677683849953612590938022805747935599880462965717357343157057589067832415128242622140362932899159270788311211422196984124881858469101764199116952839959 0.1314585941720515375548295279886478352219787388159496672365158637242704768680707219271073779782955607808526746010430574344903958237784537798371268922629185362200468178266081796621377376243797733541985023714028451387876131 -0.05325179207753067906438918217922301208747514778259907512541057922372214696972808989223063375660956567245850273355039734840331890735883160497968476149511125063796859282128159026958883002293806576401302326644478047424616047 0.03978176716889359863960468098678046317599850545841317119179781708593124001029442230194333394048860561908960924799510105522217161329840696432559442485066199619528614561211740353327738362767020292530782894910581105142231582 0.008244459572421693454763562048198559213649192436731204987527569847914871701020787254725125707845883024352060359065378306459931349000027280360470315524497873375469474447496974625759433746296822858294762883961742140604325650 -0.0001148950257071321579169648625693511933275732667218168673416852125287232437778650207347200353048541256368858114541293326671898911258544766182489145967755032897543259401199401168107746208444999011384448678825565779151984051 -0.01524833870298181657251397997966930919751611752494147478054386699962637350946213202993811962549548022869306755442190618305292152597252110875127747321021638369151643647038557509038935180478139467807700952024015868792272338 -0.01904630381468714314840557309895678137347780870625329426791755542482962965427638786277529212931183295151830071174851129929261097445581612708678066078340912284864372052030062433295472120545405394979819090615440495363978433 0.007475744841467961963488709086195751456453166597081784495685738170694977565799680152521424694892960225224352278081656006873812471054048001771626594140395981114046968506280621594590700484454169425703700516412605064047600714 -0.03421801438573177090020085278072797496523644960376383489456152940111765739377617671615874174779910987528829759873148122371951354648527416222562168238268772252844361519882529049550725419683971633468207790983826469203970362
G 176 0.2284590991618861853064136704696990156750026165441915724931573324329708669921633514610301848448857221932337504920547279991316801615646517825412431801501345880405297522756751707467294782710628160801946281306621923301750207 0.06313663018347046180247167720873023968332369821592178864036195721911082078207913537568365306355851015967455499098316929784631040780697432731938348004211671503007064618260153238864323844615700617769655228718431375209461413 -0.2282824811384076404549679674325725902649936492181608541882368599632142890012706087319643199373432013039078385569724486532783441656402186736450751626882719396057061787769615233564457234897555687686253741067199492240416867 0.08622640883802754518516623363680770307875924113454621801682619964664668360074400765490253600212750034707485761937835814881357648933378466232652420818464236358783009913059106803265614963407415712126674712003063830706469697 0.3035776573086670489881214819517090891819395550104747997737490708434580940774921281219629728418252110365602680101440657890130975653911415850655782432798646019818674177039094189794245455361531198514295570215691006259953883 0.07081035952652765508016605860954319497430884375378251986232604472146567477887924437308768437544850187623426249737960968582735651210080153205158587080195284412642343892799746675116459866449917986396774835268823653389991197 0.2832503942257415805139533798615837076494456884446877658381226219583967212383012777800708377944235801438196765625303999188063856946553632101452752048596606480124551652898424356938778506248371242907893515034380388564726845 0.2295001733430553806983493408548351882172087775695482913339118082438341149882136886798014888778603302564644676720678410720480789652246604192821186020206078873805731406212293849130263556398225336063287792528321893879844353 0.04126427906089121384612806715107451300538539433966020245259808875602682155005740631897438947179122962032575554412110859118125548299976709764020400527062093380313341901261242645365254351701097745188930843150111667897688774 -0.1535489807865657652333708413095670180117505821660292134148881504659125350846324269483288466334334623289413970212497664451415554090992690951621927313213522972663740892183211146624267228944306981472170973493307677200391617 0.1270582807180688191648509635413761221194008267500013214731393492253172211916016474195409770218850485853072440353791592833391891453619160926302557363256791035065816297808757773956803576313144438647923197110572291899123523 -0.07842962090451881110090646621175586816164073744845813215155475616768626565423984915467944649226713289898967349638141393430123411638447720074460138389604616348391861791717691295090440081326401903369551517362108486705974563 0.06069406439435355783244049156894048674756873042825110918786005470686128375395547308148407470729314748952203514592019206793737649554695106428239148865455397284421342349520910485325029915415916124425294137940692927854445020 -0.05846939745439558501456638899952626454341929830028904014646421659430685063209177699105154382646658716527827545091775934703868771697909862422984464383506483058390169041300864920364392207149682408514993356604182934231650626 0.03589117717771997934342818884911686557539579292963567169544295958590202516302027288232440874899531023085479403588556456701177442106591490194194385240136186117806058263020822935983221424857486972311876032747126873682143954 -0.02314520267896896759033177181646195038566520265715315248584370451046987110988479787845782883988041451026918109920722048037830572404642823250356010745223058915875663339783618966122926178671260561160466495317404066246314835 0.005048286829202171357296633671416853549758794844263653862110951200652374243668790232847593269279976525284609935918146780014173511137964103019393913021540445451516739966403898369730539025802250495626341033667356250879656796
G 177 0.1865720398606510981150966783945242871259712359430774262212808389009715897856972499352367944923424679744814772205164679267678245542303390314237967348946776191727238160985457065737572068863630511195000825228818564920034656 -0.09611033780486836320696173772688228147951022091578333451655781560501720695877036353750893122219348764465006541389390692568274875655660779898436880632480511589152803926026438358270901481269415380588429993212939359307956877 -0.4523292776016460366832589406256515894418873506118666112153128941628278571447189576599964909756224381152293892821555529291966909963653823213045685394305611351482617693578601816507027272433288370222341323456128145083887709 -0.6841069529121159081373641149037380012777856748884219826570135232489708483428774663701315750445798115678023311850162331907995936594471868150050236794479567008326841180963103379666018263780820240435925297768038138517925892 0.3537387979130610662870206995282564816586592674962874138256045515282751991336063898817162375140531094095904619955295922086004342151604075784961267511341163365472592999761202204656905386436472255664643332174921740752690653 -0.2323670402635353748477866639588917119254033968289277675702976599595550256983896298802860824998130393433067222229848043669250076005528455502514877660514430517942017549352357379734302838862272359979043019399858642069326351 0.1687029057385529798719736755878122407637481762745728774529330798473414156803359378161452381608310934616249261845241579649296072693560034804001098554419971445223811464446238763473632147401015754976148466298290237052493694 -0.1149552792027107962268663585128457743833186633500523621147803700666123732223926035972856334312270750824373797459479322826975087226232460607975415366087985891873924126905357560346281200871319609706560516230462079600341141 0.08269715336540032857621767018852496685910572245894391987437920700452635046431154595131960845604516212477953226734127643804121222686785942771581426502584778961401080134055815426713969940148751372757534368563991777084803332 0.1832394806135245657829901190495995584888140862594653898760005239745130028178716003885681843519592979079546902016032545825427422166511688687306285554566147638312968233999119555492911884836915306880551043720019954328329311 -0.02345031780612725655720422482728822990899648185832143371132311852837916029320505330849601579323715119002000962733060503724632471665103061136344327715210717400697113719398282202391193411410353263083129906283246967389186229 -0.04146227235280612611907858173615029130425407878654626086052357741793820294838530630375839184047605474415624896642095434365510584873291000848720379501516338494095534195995957068684324177897824071987942528988897938321659993 0.05361425397879587499118376386232500068931054107020393206865149002034488267292480924933275980549296273375958608201620081540359129425878517987974085998852577391711666603082352953032886998658234905783206754267766752017314173 -0.04417535383797564077927171813665461452470823058298464638906898114306865597758246286994451627699045765957647773137185067888001142418486222437278938158206805643930431164366754092300789349988053063074371980819974261295313173 0.01194800339073486588833136205575672349677256628846308501720894482213646008243903192567908780767851659549437199935113293909606278884336733538750472824583233892189769715820174666422077071074411418857865250769989472071621807 0.02542836901225466248076508676725067616057458836211803311805037607202461952042355509849635231758501262237835898804919714070310786349775643941448125588746097331495595577044199198569811978446981862772383449406001268173248900 0.001165780943388054065232870541478836224573159765946665846589468000990905620684074951255365022882339989451058011491297600314878422100937035077804822002290400798026726999362078052814479140521755494507448890766061398768803486
G 178 -0.7235180337138893010118347151676501928818514129279520136023237913682559114876633309187714234789605402993943009634964666580976102645751715994148090010822690492414472726347579807889117597576302089236711639738560624342944928 0.07375059985010018984162019862435576923165102612265092686866989872959438466973309951870331658174629088932581113485283513617868088417405646241093641052708915955621503282842262710094525217139753642389175182675441990320509865 -0.06147708135115829199284299921293972842618811834864843040951075381439008713443020940645173415214569176391099307480442470691842735630545739039659859651213921360735152798935373426592183732879706677706942736334238641439533999 -0.7013685223729845145723590168582822533755775010136853497065531478482185974189750939472818007084438087010008357932306379234908820728698609105789097943682731288450052155827080002122156307174414257945594563453079148768618336 -0.2930461270574576091932859819533929017077488352522397302883593632575955562872866516369751822890413386954078182496407674387733341192311655411894887437745380781431859661288130980135525012037787771481302213694958268919113190 -0.4277331865973141069579282473227464398783670920609245477500715671295785978937353157532209747878302531552884910721273784671763316475565407149530846474815787955514073959526380928839853915455824522867868952556811543800082387 0.3291542194031443491021077675187592272887178045130477605426556567819315327750079240495233235885407368124976668540256698098149965121864274141235981438907856149907119002749027350307489395220045250618153362981194819675606855 0.2936855365823822338255133234835760707706672455402887022698845290422899994915569442753343523448503176176311036130709079489553574282641670564240014014324938030191982957498702510359614274375841870092750039865762897109218292 -0.03774273179225521526072422828913948124440717494526296651956061643753580657158835189670536203578535888595866038125226889866744309216756633240973180357243057503646759739822283069546221392537379187213508232151555236899286515 0.04573916938597286079563646149489035511468969376287713422142415031112236026796310068822622992949349840638367564829315986707017498145289719442222325650617575974687396980281895835639832049119344840427028041439110483750048717 -0.1059788802945261728174061577882493996210331734454664746795291681009158689116265024277757911346737309215931686883985509501851459910155102634976592353774240009401537775489372368909318407053837355675068669099724955418481518 -0.05603929358469155070080759849821854088746643246194397535931796101513304891793666224654929427143076681273128001419459017568210851180783759772309298748859934965683042741075149311634337078165337991465056623055215861693092659 -0.02582016825574167776344749135912659190754297313545824186781476158763469076718668583891212495723138411059536844720264717343122091014877480607207672120888200131830190738740765509321442958559749421628301244153842358538067663 -0.01542586708209130568643687760015451292864468303235487078827013228793414047366294938317815928166472995884808320056555878219746422038481056390839768379873803227232441418851426546658954084271460088280722247816127256651611030 0.01125835183662196581903384184766570290334315076189559671330758175805941610875913077991367699212657528057582549496598026269200849337902855710889537146123839230315453251636079376711106865687501982421124711919894941804556379 -0.0008056674523142694231227317040461222684325466342096701056905325977169094461099233721087097460131588574689575997775740371236456294642087860764952158080611826583251045629239156972460351535338236222593762137556525092519173184 -0.0001012030878261505421170000982424995163079265714585497387515127780244827263926002530794770910781473931141101606815733232938638121126164722975360896366346985285096554588225934575725694119696721008247112828653479083568716885
G 179 0.1542806632979753946231050467719745233400069037167041418909039241338547082240842453634536601602285501188817794060254836174220566894773674858844160320955709221697342925868227512411805704943047820856935396557278450051423846 -0.03399338476216402345769027028089984588430238212823196879837814283412458974580199042208374205900889196003744213550564263174246224752323120878279012584727034477194326266225066778624398055820554899495938544146265248541988776 -0.1847123758427367963440709375840769146617126172666504160211477034976223255790345695676482621090023915443807860192258976727619482574164845581613392594002504314332423806864214059331213619391874859983522447545195844553700198 -0.03640633414467752906864882195334244735393955880950891711022498099097358174625310968017490934228922961576715487821133396691577386647219662306671416868213925401422244582894132037456591984791988582069979412911410250347994867 0.4683329719977517893962589709248994783435121815778484939159275828493833988027256057518715645363962940771134778793323497038487774752420498353338913273901342513045830818835278430436258898911762198687649401135614620287120987 -0.2028961235893582680372923488445604387640235753394347231161076132643319333956699864825057509173149012226324735216515035536348740981743950496055543831069764893959338322602785638162584888611518626146571161337077807455942221 0.1914853336992262302491476248084843021319741134472867944046775876187825028385709827375332791349122103567512069033436508076564638939893325265775422199581293477777318039327065372336905258718733052149330946728887897199036690 -0.1395878041393653958496635928511102901126939001385796730807863962046467358777273679448969007221239665617079090189291677984430605792372363793717821201672691734161355370251216976788624359856890704357673044771593470389745311 -0.07946455547229728357100488320755222062905129645446867268886019774640964132736875679408380088041553223522605873512603825719375354855172696926512778133886689324958683209413165224104758248709927299770359016263717389695036281 -0.08920664111603876988157015851119615213093299609166102763676756021842551039698326126519830534822153223472067630612858799744986170830993129151147698240687128637848721185121538076823345840485645903389429030638462803055648763 -0.09307911732166796652250581768199460670797232432704935395764308192702017638226544401082119040223073644589180601913054788272746307376221159258756048780838358433967060048728248821458934143258755837680804075951766784071380589 -0.08963768432078606525699729019954692366464126678892339211099789528637862686277334062202425870196798966734687067722032267479400649853564556507093564237552001499848941002445811973688270517571909316165025496058556633907879939 0.04185935489865488124191147778900827870015751764432889322554410968187923024292123073154345715932602620005697551672680313403701418637024587834780535744849526334878375107781329805697456641645402417025709882515660684830709536 0.1039544978679188602015615303518010941566517611735712419757979803979941012243446983231744862190131119224018913101812769724994809414207723194949405774634434294434310803410612157471989634251560397550687101095789519379253413 0.03805756658775713975342782309476623438302230434636325369327605574883371497359590640503702376997305476569865794142799873218406893575791480019018318165121655929253387794015675908595233473172689911495173792678660523685284680 -0.02397907703654270023761411980858640026320935569434537017564659653844274836338903591196286605401527880800397171801201792482393256584138666935962393993819659922293355735757046036876484086668191701654078756757576213927393797 -0.001504229821138671517036796952524656121080475225640718618678622075258779070711862742769265616380409376694489727071689394245657149070168901514568329045117827360196504546537305132044888570272051313016922305362332016755626073
G 180 0.4492783118078015534354413553323074733238801403473661086469566034963204625036748971384231851269502428011796557888426988133467059693886809062054451527868185649526342777604257804314897424948756450413342746495969140508201985 -0.5125685988158487217733685776646370804143370357563649725440063100204080218034343592520127096837055004082799020708170679605950167531170876741358485223651471887896770737906750204331663253779991609697562931022439588482480365 -0.2791481397283849185282716794686923370194964542008411133212600906227124535950808413253273509960314063924699917158974289813571423710904197094307345787497565393961852997474206809694811675336910663930092700529551613149817890 -0.3589070930410010690666623072894009994858864083553396244595446627610700547339239934699305965196966149716794967101750585522594662280316506486205077823547553669987490296862766902858277459805479163171968853627135902225459099 0.2280996995680189918372937791449327812555555299964132342964806085760466349855512378310429916092794005845690154049880381145674611967836956015673119881374349660211521761559439685908153140726918448206805033213658172457194796 -0.4928892320370215125955457066328707534344474293005911134232064255207097058608659787909189346623152053943750220294488126927845645376655703315298096165464149994006547121558201256870423487313335245143720841179616501155894504 -0.01151495456106969862360964526630366044948642452925778499556316788000925295649943006216486813398557990410217551732272287200478684066138205030301649852417269183493741642170334959999376041093372427454808448383158889440851667 -0.08933719994889380428098618234217966413071685697043248607612468052822867805535817710257198010589011994101488756620949477436925571297208217475361411451109442118913789486319138528366532926226066118901751898881968060821144376 0.3317529717636680845296390105873678780791277038642101345092740220097471012732570901788391656106606102388797660535502213277726526548139050480076240416154355485013297508365872899779459050205675228963084011478734855601777322 0.05004117769142719641211906152575996308815633673360771563057127452606959788068557588211851280734559544832355570131709663357540223312905660131735105346351158078330019526986561906647347097344516789962644147044017286387260007 0.08634998405721737091936015058135530186480850369486824572747079803825370672972053660018865502076351912201597770662383007772214494187793008795287470050369732799788605780204874384598264167395548362606587010071497601644558018 -0.2562973795070351734040287745388685549373618174006817890362113545502524962336218547839055851727181611608954165254462944827878204646282296594149838327252849434396902385392266536562439951987386671986733775263214659393113206 0.1580732310494927887965434837123247903302129626432316524034631817145637063032708603002641471670851738896311857712213791273578426406195298056108219371643612543769025054473590959944565794236022192230585772373147223431936325 0.01379110892582825476542397682965709423087320494932242589807901928311392693884971309378301818327928732741318276596056224045283642005275603966865158176407930772073234466309574243886424019339913733400946074918827637479192813 0.05628503275466619155135383191693040245181173449516042701779584137308700562293839674679379014046190248692732183266360902057506350738554412125007891640450672361477695051483528064998205026138138195320060250452178316124526297 0.06814984731444466411943253752825404830422478896934146171351409102526419001420950836088719490159414039332120460964794847567509463287154722523678699053361754163527261799027551804225362335135900118660938225215936718798038993 0.03202521239156883571023878682147415790187642745471865011882550149939740334412293256166502147607335832971535505875590573006951458525256595303895911100105338810834004975503890723743696560870849507996357097172388368996427783
G 181 -0.3053110690381831522420818518154873796197205231061719996031942793379689276431826654002228291051810429141652880595236470056662325232176742578392180872979008815375149303768404196246703507816454273826131224134753690488066786 -0.2946232691943250524679125529336473915045757926787190642370033338777633467318645416611195390451488777819123977100865824411617161728779360745902224033014299764231427695810564962918106283480219356480592295043533100051064017 -0.2213287157608827256900037284406838058087806733600644317875955670385323408824682960567827937302708071279870530594502401645514438375821263543233812688569964507376735004637733988874375303902057114419695463572069229471222038 -0.4562119430450754520279518740662339640998773035124582826064035628301449029394391592010426675557724790501836961980878908372388402923783479139899105710468555479969096547338277997171174504620899114283453786195955628561291605 0.4707973017320324155761824500987485380454320744475758597528125277589123809841730990151509180824297356322611283766122499917938515488623072736912083947180005499491593721121327109935524256615907545778407756181705782742407656 -0.6169602527812344581147440520511299589562025515585425455845842779189778960580594812451200190784117012984253061806538276228995482002723593063855829990806997495005378439505989005683084443803164048845753882185453905971758026 -0.1621714709021697220328372634909256549562962978714787392979847280459179003870985978503929758091343211224573761006613111897855990381972172048515274766009824873275444540245169730959739653696237177886789487863192670038496666 -0.07120135822476229546412499621149870450149079827600463313443817548644088085078046580433995827591189419646046811054308056673019372734898597807031296200327315266183542769068388027846584634914145991385965757854764296283408098 0.004243611695436944963308804754639544749136013361160971154976454342438499237185951603821220339790568428696033389050301063969014286199105659817252220457033922830277501303986426120102248613362527604431722685067349422453827896 -0.1177659068007902419418013658591201298670150333277594331727082302377588838202055749829899520182150885943281310769345956537105869020258724162965771151245961117799235982873349737450651504659463247429762288538741292061454704 0.1675654883879489075980727900730769601804663650762001918424440415451442954487942294674973056454247739410091920182838127557024200408091344474988940834321922294041176276178780189480631339252577329175989710629735343128339604 -0.1182138353763311961423759844423070418184517819661693224715064588869359475207923261220353149115061197324075840252358775798835954399797273030373823132440190918049889552925350129175698957428719766483130160601734919444014789 0.02921422257892488465596864163782929974708951475212675654159495105477424404475521155956052856874039391305173730432365380218635852739167351670742491264378924918587396327961485875394332556530900322972049635221996086086805549 -0.01251802616894266367284115627164905171908888369232943736753134311956864470894399359140051238368878402686422010291041915923378950023472075064431780311700367784341391148109676843673952002556170797744797287238395471735470293 0.05298459224544715588050233744925252253675404799066724417197414574036200241021050876596802090942311544091902283251747408899943984264122252015625490529562213949431662122265523042880391400564858894028145376603243082785371852 0.03532704678668027709511842375387045422668941213947629826835275448369354620150891595935644672560334050711036919894650903160822637472501563854902610194697716416874955741299927122939918861632337853116246329386997524618050131 -0.01100169300966273182154163174188857180241195666219393438547622752727255628790267833381566656982145424133232594080549888051211588021870448476527094714519920760447123873272719852249952220378901019253016424281847107607945048
G 182 0.3688822445090769432880087159732988488720946032843081664240525813243601733735797405196635748706055842507132632728607859285898576101900639695742373357671534971989623184356481085489431107835097133599887156571518057851210756 -0.4242432684306066567279438191768327714763030777093844022389192481519766658377629534290693087838555928769890195470190917717442744178619306360505952991423533594074156870409397925664795624056830222659379062590669045090672012 -0.08410995694674041552304689825632453349893966712192401143108818889871067270855979818218248647041390380021978218254741656608396730247140929865721430539931120151225700316672428219032936573360079198611489469845133294353087636 -0.3617583521054586730104459451618824823340262409847968292550873236062347298333796989867712209654144851073603528727951696635781745618231222239153626386226428431571638447052941057355091474713433121685452237518554818794885146 0.4462091812419157386898199363855868308403586238644613086285405544901499276298961833484406661974777755441979584933684347975569544699404358784455893990987699904037692195113458694673798548671695741469964222641498731283121897 -0.1147622972197137956101947757586096908317300551338181003973500242759251810169965175370696746544848874458335512748490281784560750597542293584690286242565558396073555807186209524738490759975632547543811501972301389611633142 0.08562151803786784314437024748402389606793860928519494235542863212086647012108510722981489731510447551426424359964715572832325341515243505693000754454336038504691043836490633881390285063825000448367671818272209072419240688 0.03823778705862685413723027785067642265025728154390970121110031365985755263559549968082985377013665908660194050586487698554673138060946138631762026837197628009475659955696529313306168849329044865063351973937360295915586157 0.1690489785611145987866972747577306717511742257053373387925761600121388186643064971915055086755441076636361980410579724219046050608671734063302484967122550536638771179137979928148769584570441907022181987011425335766953728 -0.05993858861287254936533748824915121352017239918398292995238630878774626781582657392575646221594914811402453615215416387956536278627493495930326751624363029727106021819015979507811668866718433944721620820074003449165180222 -0.06149488472003648410616265080125552709235854344321408848310085693816581449327469245640309461808673261356914611447097621615473967823327441519812462840790640183361244242122337575609918493446006646433618032862370067907402966 -0.03628307039539982712000047425559757082205214253470685579620396009006356382650978655452752300904784736807862878690793614641765087721164243127240891355032111799780379806277942115285533979012079968104256267853093272777556649 0.01373998648111116220747704375089076567263386083719057410187715929454937026500238654578153704825687240950951167694805769924983130923124238203085849456283701879959052667202888544664414694252468842122258418283432044377487732 0.06856889311480235294186795118838647907756733724469920934611700221747630817929161459887132165522293778629736388464517102264243585402147555394674717030267391339439497597396022792863457783353662525159229416588186127971229812 -0.02646020556842404383268065350118381616665577126822006930423800564007872674558057031263381791049467767102547197065300910481305590278276000812606000821732770552842029124706301262071826897715269944099142099147428858439153233 0.02973727318315194240936759931322112997349190905559430939401587556479619831598834290689209635886753422244962393683199553051107620614512463817913381362493360212876159718507996648608729060233139229795739170328623132850548081 -0.009348420405474649197776857895887282158648989331354687682902747929266962659551067915491346533135663602280073566433098221463344621758525034778665592760431105748377792241080102552424348353335710229399424454023819296979418274
G 183 0.4623592478369018880975482715756549521398426613911267916932930585054065912171135627209072228704069297453362032051857321479339914615183832337235603811932924712878067090226789675561083725567190432139998948876953154187108947 -0.7314703623556341181813315351729788660787553228309741082665356743436876731525384690515645755038540005725912790049224533094238247253532733316455948926786096077308635728882689810036189335006816503507298044556568150761882682 -0.2777093852679061451754757847391216879628934991867286630751289256264736065813697255139882111060875106252462149476206250152158387784311697228083722133256509000177838617907741578168688779856857498847426382743893913393212950 -0.5426280904701420185915618983601198624354780665457898820081644347804766286775684265531376376266288440637606638908423607464377067169186058405455396050015045569752546106300896254452775458421962312878864470148707651210234279 0.3585032240187777459261757463626861050086360126518580847557612857539639423639171685691199462903184206409585542572085965386870308962728044012093137850176044165000829596119953168687647323786459842493535025082728164364300275 -0.3523437346624085873921194668643801616461837346474096518009402415934494962380382250180331601406063092471690863751028823516346561558884147680902615121362303767112830117424589400177295839016015841085665526631695926187245837 -0.03456416162227960780682140321645294454126193005389673966860724811157118101728981844766651147334758878167101674771152880195558769360544032398031897521132174047633178413908202023058677986837949819349374417643348411953253810 -0.2256096259718185438466969020719649823533267659476823388114993065956987525350239000379690890769844071837116458924718817192567713280078941602994238438386214492077664758176517701283568068874342352752404310590060006235911881 0.3295400447151763778464201881684754631026564667267382458003206904192880734422073271063056635027713887531388946537062570964247632721749990519376079023752845127042860253768725159935181621986254032787115665449309227608436007 -0.1953617102898056099648985169755814670361461261864466029139837485086649187636243062656302760122274572788109419826576364697765886436482662044390058963195063830623901354253268116610454541559902131540912273563058125385338686 0.04015776241892943795130558751133526214320867735200069285888625567736351672619659039692205240091582058560610299227729377080300884627788992842349609229287138707954539654728444996109817397885120373691675469736636223704675496 -0.05488908776673220369594701362518834268300701329418907759953858504649602198571243842281209053056248187764547679730202335467239847862105241556785687416133427038298287321616146552803919839016401868381953073971722201005509356 0.1166711039957616716368101074935139436590783490140543643427572286314410291328199841437918297908831071436287334921770051541947462161935148441185504999619348603459684875813335870041438050151686541159790565624921312677607309 -0.04402512469590062844384082275125083921591459994620006533033637745033869454786115210143436127249187748298368014367594355041568570781989521213006970388128141278186045716452542324478545427055252304752059250065777903504145627 0.1337327704177423737318133265651771881259297571820065985310061640298868018112488386935176716697070873057045674628971036454702902059723034370340020861990504518721965611335459877190259638743457626443790564143538847225454200 -0.03071856960801432678034255468647736183769749859757563118659201207205894233494677949030112892268362417596392955471944518034652742407006866051575624211540045099793312392906623406257254052860363334458083865915061720062252226 0.01984039037059246660344981143682709142606302896810723115239824634187112830620376456279237898113542959611106273258436279049255764361976631912304752119829283056324999190703614432163422887346181040674368389108506818405321125
G 184 0.6101338358125575180541262033754445238015110746978673726325547422380050784263157214879284213285118946542977662817345613576640381086773574513051799677338041243341884748615896662796145109238723883974300899319689867286524615 -0.7033464984752867231585307911365192005652185256766137565150407712751041298841350071017294720221004150519381549351343422128100487837911554921297204695103709039952498124017484605110961662050113531674957962599108126794030058 -0.3668632576629334255327960538898389909543194645343465716618338090380065162233899956405663875019698880989905496509768968980829611280924542222827898727520886365417180063249246574180497718369865859569877177407610407946138413 -0.6178399601878352395979913052929681957260610911321744898290526714001076868220142580709416854848356287397267937313297848104250724840438295684457379564672284052417725243560133306854078225371620044410970427045754489951554094 0.5157242229511598549399240849155748048724576101578577235608067910986027853609653773356132670485223385619913301521135737534849125829613131986918899875706123805484957171099406973669512447203640607769011037565289542475996847 -0.1722689747840040814448764742175303332467266785591371782881780988376886551370786118789203066502982929341006905480141229861474625857592846502587851793464374652323631630938312800709896870238597050103071909548181179189913383 0.2458456809656605156386479147042629818655292196884936395974457867585864195315185407138577781663581271715247526420263533492930009669721985621230579232742575049463493594498549352134416838168804913204192861336922243073968566 -0.2200419861345007942584374216453600995897190724931337402764741718805056966497391912592228548307162189928498572047002630808048661642484552997672613622998836011229071744048181468265485623616440767744838959384311194900021280 0.2534916108417682441902175657622870582397740308460837027098893975140043051444799077865882079907551657403864015060921773481715388684570129836263369315019916819580686914082995330220149965764363840010541064331349040897712154 -0.2726935390621598269592262642192896507224907542251669201843027602618507692879451018380350176048301694775432333165407763664375453091153667490389370782775971983913131564233718751583867079452123075862246818476792021881832179 -0.05052678622731973982858566537306205243750581020246458095648943604078064502411225550231756211861708583383822219280000597339695856882376274726257842961930559990547511447000719065651205570190512754739474783553504426796873510 0.04128971836613573614162550730846580417054703989428184670009032221066951676615666227194508432613793536427977277449417983085100658340146036417025232686996675773378168371979632286173197474680251464669035791773419379224769019 0.05210455023896619136205560493641900804608953450973656551683376594944365579273819923549363497536922235695198095555800208090287666832216411633025780318737746181736582568637207326205133741545919538833001959577184790809867737 -0.006693648608762296241813662770596045511186026844041862611633372845444363485717109015250578829907211746153625015425593616287011164144885778377776487453562933961203777053020516181867262191853976472849018707217027290781096404 0.03265477148843509620712790371344919901153276973902849530421449608730220176878230139216668515903395935805892763860570001360032280059211910992477047388364929711095328010513430337741292586241995803500463822730857452411948417 -0.04678778595373728337461221549662020068920313124559929051276620179316444113544744766921834508416069894311229747748389560925697940951631315441091133891889284094586700537839497255845472706786628481406633438884198471916155980 0.01337489443153043084745744860912453750406423857821736715092479595977018585140993764544917542708729626987286300922000374173735062871063462279567319390331773880558814291645708645287675452256443018050112612621851649780242692
G 185 0.3930625445958066403848655201574754030381918406559445118744719244721480159093026999378441669318767783000211621300524276710592085600369012498132685284411929831988491994429614803091750569443461369146953583206510689570832076 -0.4596122731997220412130953762598650044384954680845644845760286610650656383349633905375813917543280482680508607854288342452498822991838010271197424674080626869235534251885128354390617684102649134492460562735614519263629574 -0.1516166740060793185468451505886077978119124199607552888650860405880610989773576394013274392800133031054070693581495700713779246398603069594336796532838004162023334253595300901598296624689642577464985135175193736977768342 -0.5144078736089185012364591131438052269707177143916434083012887349030002384516340863657770617965244267010271199007654567792523368832289797096711037654994901153399034942569618083983646709506245811062601636553326493592733153 0.4697495469800679632488350080089858500633800341903948446041415301503686805808483388082676401687365243838922161669069390837096954739791517824626997662175573015752219433083819126566305697837600406489559046175434987640392213 -0.3687861702015358707430325307770582719779642284312587446767427705841679407052245415771050692004486256764912406236181101839469278049325452191262517254143558564401104157992768075477938660590856610977848209196738630852371124 0.06764242063402167089824858737287093519081157641673214275910391404613768211990718816832344543081117918000084147918329123944773987800965579998097999024658020706375566485031124244696741137957328093231035552293351424429930140 0.01106397210107965682832872250422752207723579628230753307766267393135332423268901853070363379413882615763783616731413587432542638965865453266048603036372014614250038269555199360315494851268676522574087688472897360369195822 0.1728084047727096545343121275579463161731969720384587682953177836706947799183151355722586905952576794755304756586931328345756883305471395625941522571242584406698473919934071248366142699061122272670397469519052720714962608 -0.003894222535558179719023573520913616205758079458375520509115448278952376967311113998953839644800632760867136273218799320137022684613626897575609014741809628805315315679748031619331721015168052217742068493278110367303462206 -0.01071811521235834991423610923466990198256112167697238670078595382453872683895097218694868528759258637766818753934458621760625879962833094121958107480026502599282238252684927075786258063985741301039755876871366565034416337 -0.1548343827984165182353616308144821762635233488675849708748911071172945604564210940308913658345841040108894228374206693083370961281975512587962533966363677355206872603712112712180288647379783323277943817823773965541849121 0.09763983321936399354019460358554152866437929150924839895059249147319823798496660756667549138303849887131774046311579941455581953139000681343734446924599055116195350912029907725784143696635418938594413137090962207903502412 0.1189479187670840646430286584183091029206150760877421251505098649995723450498146576298131828385344977199110198611701244163658454920900678276429796785659673889927231210219682646416391847636185157606305218415437042235027121 -0.05060727711328243058464362413112144586736694395973827376017182366605617811146566422362803664101099505383409215064222651046718319326413669763894704053123136939858841225117615638346903985258588063675694322966543626135578172 -0.004612300937322846770455694826688499967162146366724216564235531802390945268352014671434971928894683360134557721791269352908817704631351581179370838901704312173314343815430674796856154335339129491228331043848466748730789247 0.02366640528132594397688865161316707277470440038619531536041487426485300555206556760352899795484032600349244312335693057155717279935159795256537982783586600890468101347303634629435819248771367751196901940191138527080936177
G 186 -0.4469890731389468599198569181996625413813952238325682034502120034020672473188502882833140817787829236725576483193639040200811242931330771833839522905395078248961785046959800456714699873821636640935167891721780121982479673 -0.2015638670055473898103150340297269368442348291944226521463877136499701665681266960448856742495542705837174351275274110296366592341648159496217221049252027058808494603512579712785744292019089244099583125786483153161284799 -0.5050994814713695507170449506689301791909428019142036065709655996963427469133287912231755629706925555110832864608599897891359478440358483185001791714286005765671083797563623592932531853927863741544086102392477725705083346 -0.7549279626185022077944637681372764282022586722938670197871477250765381307410728632793754855371140720888012747498520788536237755733531646248539122126030211860746034478832504337868313706574748310883331793297786632226804216 0.3162942293112912176378572640584140805879161623096721499161772559229229432396399893285221695702090697942281171568955067104007459283032382187030604070902979758676605733114993690677939697656311007090443979004927300226845860 -0.5124145560784459251096405627650672450066440004636633664690428805100027913593896272614787312649088615119812247045787302655046961265472997229355843925034991164177471056490509241589783245358290361044309184812145370494174616 -0.3803319241462072562115142987554376166759613535617799967350735052647306756468847193175647744916447851439023993707514246641418683992570317873801068408200282708509377051368599650507645872638246772391749630031281565528971729 0.04100256321771752610577843220278508013758307930516781972288869676593856613482210068560879660193504866895022434349543462922253071366512714920520789398908892745876497283364456032586581903041985102128238659674289685445615186 -0.03253230757904250566599057071428076593445414088747242773671134703754633127522162469088035717401710597005320988948952992003243303783520980429192663187756887740813110232042392963544222600620029781032974237847479459402092466 0.07948125822872776863708363958284787806735570079112821067663498669430561321466329780069371689718365221221784321569865087584862770988935489791088210303334006144525151389275470794935290807082072896390489264281280613148527651 0.1094734627738662138978844323341016644897707365777538966977369116716741539085350623030512314453083606363454144904900802051035332350259882651206002133318468286274587616725700843591622636439674381761125516846757514277453853 -0.02662132164420242817238768196896341364773934129205309849678135168359119605021911609715282794502156144212270476915537872162958608775299589074245440512516772826898924350459123479674608873750035312924362217253863626619139511 -0.02174461479510515759721584260260094682630963457550742740807467277762845346340375996951365076006970132454997060268812557883855252822845485388588686377407773719651181413167298572984732451547166551197731854226369374895634275 0.02709982454616216613884661276178988593165452998218543166418494842346187126967190087253431464421126418226172267350314529123966041810589024395449637273882952583705380485568954830182956775928695316668699798361956068772128306 -0.02703641317123208638313048813946361265966058772740550947980166474307810579355117422189540004822923511294998447809765510869758828132762480642029074232124811931041891613744690166559253359927257708623238389205445316550166046 0.01282111404517983541568701133038910734291723638969838803643316215618902871003827189334833189162108477092108600841823573043560908913108252459217774075624883261246028514417486676142353867855482849688277759329391457359999708 -0.005922388321352409903965523798339389820349505139880908577972049426371106073942801800779870704419973433402133327201369804485093744078615077365348336555670331724856074854145308064926481269422671023863224975436513927041178406
G 187 -1.056501367835453671662895566797229385924230966059516690889877891376934636064560984341734350495179873080818132370723637969354535780789433986799870477005368499720517281601483809304662511846719384220630715741845965582974873 -0.5214489882045868509100041131923954896512010040267416105060729705045631130185604471522769445634136456886528566111712635568432498233738372146331103232630549590094776302914240454440963054780498401161460896288011588876339851 -0.6599250245887132496225595103379921387351303406401995887883020164278944202223793010525736824662139631250911940944870718198120724723986479646644396924984555005693973820419769983523958829553768700175914541150732234872590211 -0.5617757683238247336049494059063632286400965987072565719942393170455868223731928683488446585613876715877645663027628671535961141188233617614999638392557927044011052897038408255231025175858096844804095726497147092294615702 0.008631410416457902801821559150331269807462833354172320848897548162472024787586273403786111799966496314981647853369086347061554226782459833356176208333156494439466225278822318931064723217900281573662225291749880777341624476 -0.3399839794128304893059271091701105268980970796592501898723946615505808362000296941658511577609311646409033186362132447075330191024273344853570533387616735450104215881125222488737203840297112097845686210272738250792015913 -0.3686022432453024054669640419954395760914769575049675271913830563460314780740241722375408493789415807484567376755683653999791272542504581359604457051761324481553451700361380229248103690100544555393082720685367910696977508 -0.1072990733234451271390181215508887279765813335285068389038002563745692703229796384372441092248202891451429607826551116078658699520314539394783484677587638487713117629440346865384628576461283143719708961716871610304110866 -0.4642175537212841150261827912419438163569942413226119604518525158741131152615296808310490203232875164835663615984484872118679630917328044892610676445069743684833137504645068314364075472293718817707069890786887209520119440 -0.4593646037094894178562420815367516619602347153968155996946384977788583290448505154818148673407504884751782044592349746701766465674070704882678640550596808649848329971438575872101042671416741110457462667584540977481014876 0.1812074207942824418398609249918332734531245055969123180210873599390032690328606862710113017609317494897129405462612910276002733861958825223830817347989782831289457400283669406396983482337969662222916646415857381032773766 -0.1904182805215579099195878309408359612725277153403068890509516060074806554644075615387319930497534804945880372259846342017480806699248553801635121098761691936473346141544588948428378395302319605792732490913948991467406624 0.1005676096213459283204502862037695697352269835746369142077657379555408402288270845759059891592761753759486865131024561519980520935837592865435269308199429149545608643557976193344157449770693138813774039026605248773349433 0.07613896230534589532641774368127538238828990953921235818979310611189825870181594439742614991024270140018192378893451292057601351190552769903351711892905138423733189221901586747851039577968065149044935545501414025682918017 0.03143886732572739807939613984685029444402841700291626126339363697654771302614025864941074873572846142921539826089033017087457153092434879963832523827888244915705409380889092482025991358625693888200065898237621663239394924 -0.0007006691382584863462921688315028230678707945468412701301482820028471568732075777352276021665793612787702694591258130344538504700334377892590349634591260402486902351293393349832237831253494274144056331386841317816592370778 -0.001352324472820287275097128362194402850893317506427052197210017150169639100234586536086360850223539835861365742763582892170980963820144526928292693410281483184086453874465651834895871768844575310891757288219195852519925663
G 188 -0.1606902550390814643515135946904985292103675328257674373525725650420415518826254643825736956825640224487819884487126520962169145284233009532631105806789523219340057601516020092444290283515234191365761044601693162418428934 -0.4032914751192845309280251236263745870296659536760138247502757652841540104002491616541546373435300777207690068794459836037641630273154576476271059334509341354257409380333300436674752042689329535967319551640020439423629898 -0.1690609547334573229183282542192380291924045941876761597394028024596506809529808302084421151993078791131263528409383679568151635876798168355927138342319994709075237986661715721306207250749556917145132796727533603128098138 -0.4764047396143602053241023658236223720576113336543990785256489135478705708146544564811023265766975753411081008397271195804270176486579169968181794257845550036622582800510670180264937955097347973099155031074781006948335056 0.2889933525119380994001392788509213013329589136668196290731664887415212184973664107438170075374544515530935572981170533595789457617340994610642862049498370136550415560863954978259271375202042907328668627505167587638298182 -0.2840820311466294277248704536326599449612252167609914527081938456562915572789862763828399451375798154250687095464035913807545048903238050411251768074115285978497594263216113413744333380950548741880073074851405903100317448 -0.1896412865473876103027789821547275470816726567877023486967007609799689999694110397360370549187561448414693601563099147218078474857532814399798090431479671110390670651542664314820314403321838900566682890407219862748166178 -0.2129354035992183926943943668533681812528609829951624323390811619050176126255784370640551422764419510589499991847164240131539941864240434040967907805881630167288274269760372640018924422502937946829000408108766046873272145 -0.007373514368143422169086932631719359876991611560934412921068381972842594752928676267433731019520711683266391944785940577929662268662315528145617892159109948315976577232752212031128470947923843634960229633850958887859304775 -0.2159845635846379970771498394097871874232009319060691133068002994395544690817146942498664908059631755420884280198697980716778865624583082267400289833720494100427962352810119053269251822347423286236951766551412066567305162 0.2392803390676803263313257827067927309125366075216316088374967300036569835646460084909707803179143745072638616467125618170489719086880237421602871453923063539086684424735405015575083774480670456444539245719923236299193320 -0.3240367982002120512690778536434882510856010280042314061226851887333910700849236326753080394156634424499646369548975569553484428428367421783064842412606056202650454131575681361705766477846418315057114913104189409025841648 0.1684472216359613294334401893852202460096494207967842335680275267547597039896015601796207694995176499584707548174361589961542078749495441231774870696879761389933269561547979460806355140048468707890349768490928800962611252 0.1610086765401173919115256364265324601511497056116218972696739238838454567602070211187839657312697244481741303709446447106494786307080069093223996566047396884699190798330766930674988562608213045284266731864715334097654898 -0.01504663962571456258085115652399321572169475451380672288468307540899567349005699726291414755047028781990541272686455222459241318331161614395611899077936883861448800560470167565983698185544618524766593665583624779768871543 -0.06592351443802180411250877154038512269098680272620955482488717055119510720401613869193827547192863945022573928447747713899748785989228245678163716439307744125117101693793888506203293096021970468220163341542995346121993911 -0.03463330452552394263575713148147554921574831084979619479337581591938245183672931779674371618134869253262230607456993528307382129564991942268877483353083514938903060244824945878549677108799645840731581893066070891186841497
