AB 0 0.04031945288339052822190738746701583694973297718067431863428835487957420825589961996946186113760030802995859367303403374353722065988217051052381695302638187294404972336333260415054572289367862946552897118767826735565255251 0 3.957149871645024505013479031034162725438305531155348816763960997388110732847141137322840141058244907794572678380556143644311922654678865686357960777766585575223693259352003634769229116377681223308911744567285034930416438 0
AB 1 0.04135680569116983109069699975898902548273102509704967000214504011203727301671101128139905583098347685117626178579628050793832079121116311548562751723180531469259733798265526956399547475511050315909580839997498318297489822 0.04066075193531429241838351276745077629648241940177150700228246412020685213092960352485027273673499985397611163774005544557046877625676781686274566550719551263648566082398026603593343222575600783298012935199756870336090449 -1.438235284955066658584833015902150121041462731827899519637275251155311453226092169880280223006551516899939736197000504358249184541833138394990786055559345360021954192987702681057598570395103922908915404854611476153140973 0.6235827402086591597423849762217753068891264765211674828645661309229450022937110750678976809591410087600550005169504537532333399497739001089748422320393757547805392625685817250011319117469369406553971054098569956043782236
AB 2 0.04492222462617253454551038393019872234965729471208119491662098155845901649924547123352450969139991395197743874853963836706415443981581513895338172850746584752586843706728654029994196389382233594901382910292545813696612744 0.08354241476885258283549814853988386228929671792761596865583576681754385732138261272272736298930601141128085716751028141820293369365902117762625305744271888938518446192522713437380656159743227829712307647373019507351874760 -0.4832723446722252638223943416513719992326394138667546176924386122984439881580540452882708706846344121572353804793165931905266255207347526623379922313652055434604696930813746205880308585749894954375419614031962621432706297 0.4424414754002542585560495694783656155856186914276319840075649205268653669436388906841403283182695349295607476875410238186667814595996541317951306322635691400648201493973564605372587179107521130864107754512013928216588580
AB 3 0.05292979183643650513982146260864661772158649916841354413563709586673183852625873856674028059320323365568583600251715108314726617023917303650664505653136399226612168443282905765883297626832044837390546425566017364003107440 0.1319457915150233977425785936034496301304412520255723571335340924522876238608401159912954961476052282419581860334389316771656346753098439455015908947890334324155948831135206594260921444727457417771538864317836800135819036 -0.02493248675634822940052431473173412622508668332306579333024117619144943497974875067876067036929164809738516466795796534509174112634855554804715052431722494883933793113007679256390462149576545993124530814277402267386612437 0.3790602795294489422052779986195820482468197675499326953703890345164180501192374894106792816235252528478620072695245465956544101384915220649025193089839629716348118176948167537817433442827237741909945364862042521156918761
AB 4 0.07196314438404559912116650624458552536376586487811201987672572983988755535164857622306983775145397854368770154224507844243887825194972342089401257820522422816418617568663986408651570418328519245074398185615124950584400015 0.1928989287419688990498227241776085159057048716425825735720527694616610222600546091710405327202520970247985192342851017467588331020226221494417252511473253113347411181787855798556211565374327607019096630411188926330449658 0.2816851553817307182599180861473073792301611274859577494781518270854653492100817396506679316631394043395528705368427461153964991596092692025028611068854894917514906129836551456011064767694836814445363349937342515534836135 0.3470002919016330671721176175459071783546484775896890095794011139693510678872239899392834160061019932220524608504954614148827130401769955369962066716847911166089587654978877628064884984307519047667687622065566663188310209
AB 5 0.1342650961618349245961790804494372226426243384880564064997561516457094032433172891896355100235196896945513286813345238521287143552358061177702406735026725459808842193045154727518993661481972176514434985468435885501069230 0.2888624492581265974530395440483533128360119790398568504004237982137640062260248348920249299671521855375515032651432135910754184404415965726304333596031395960079063303802247382441553045008127576153876011748408204731205819 0.5136721705487835484012798953175443236398456910400450227114043481822850489056333635110366405732742196630839261975223354517222000833666571182951406915779167455374517406909015824582460947076253038590686838151366529632548700 0.3276766764067125873819077560541375506422578969009844838259745827403206855339021469316924465154471395444364769564843162635594624344741779437689804593420785720354244200693184059653679583109580091069395516110659862889177045
AB 6 0.6980580110341401665768783716955670982726066856844822944365739906926411136701021498081150465249631044870482828281713845172247581553434742594779371250206807861420423731100876931845321721324777175238339041620076466345362500 0.5803812316360063537193830638173727647935721647898560616809294699736589898538268891350841589870861170610612516490041015565256310633579440021549037814083542347271104342296099656114521027647119325239909903488703883800432799 0.7008188352244149837188023582736363537047926039556177630301343899447184438196161260537267888428086968128154491194964798690581687499830958725105235565143035468390823258150755362131260098746127248524513201062764140449251013 0.3147652747724198177449417027885076541288934264680042829326464975226027719258706435218486493129537124169249724485697387347054546535255650426527912738842317512857776171998114755901583807186726031406671331312277422067132468
AB 7 1.854911275776756873212773143485014356768505979301636431044132533525279674466140871343001046005077062984483820958519782659145121101087581782231061545897373997842994567475664390452513715860088893463129952932460121213977456 -0.4626587387973959436586511298753472293129640433973505221689517786762851520716487319739084328716364008520686315790068352544178517665103544172011992235954749440651753895080962984997331123638200283770680548383873517763202045 0.8578861808967440191529746491932420429925039509769297695208620979605971512509159922386246043841908170196381793355292988017414701219867169031081779466971962662826985414348724885730935974362740143602029078670039937212258370 0.3055310631621751447255785344468128878321840263868686687342156567707395113865193305618340490532379175568221003671537900003837430619434688854170162879368974497740768146947548188860141860238642544812210666526562072851826608
AB 8 0.2029639052729407497280395866797902667895434330494499204675142182250250164523108689691570345013260280989265948053126076211924304715350811994306886624937275459532793262618961083768345834075921899454256306986879656883426675 0.08822399395742824788919790620852173111078470252489026803618226118752034389657629957917809570700220766535012517646102583428542280738869376184919750601161431177123398194211104345048854699746682745112401960666417369311537450 0.9933135427979716282689289283581715180201897656663640352803841654891457642825407030529736628095362836005796164366189620677263040766379255441022578564474780737915694233699307707931147991443535286507861241826952903821077611 0.2985998965979050564606570042480316844466486463022095910562551890032344176644431485107676607436833031361617388528508686819598937447710453326612714622666664841251681299292328967134336768085679891608838921173189563031903136
AB 9 0.1951158842131583667067919151818362322757737438667945883542050423718938329441050933667950321941356616784261907737470625806460811746919675702674329692881242111312319246295586649889902450233032050544096248523649858144599643 0.2621166181567662171564246181904468484773058821943118553882271494547884192619168370612108520591233719775887337126071859885600763640147452847523266419948342747880900775897172264787925062459586834169306637418593703044766695 1.112397789508507698949868899291015444517003969100167164569354560106674511945840192077022458503961096134617138738335893605853414952140224408119271003203450422374080442684276925547962276911641627729142000711259019327291876 0.2932061384268230417185945591952709174816866039960202831725377266163537011346601397665037806037307908850944648826674297367139399197237461835872787588587000089842907247381836371531508067894426735296408245290754902814239571
AB 10 2.869245492992425145914675498769239269999256778997608911599013119972655284727605699351957393146892500399699406256105105936784511633742999087975760330771067474209162647861448087570691434225924767482006248857873338710665180 -0.09973032557039108047069821676513337396810081553562656583482512846415730913809857333095402123642323737426160882957014271003867960309853243772658308622982732399791799993771912988116178717000122950433072334447870016842731555 1.218689723903368387838053402379958624983402913232047376050182498296036600939672345910034445327586304421241302050956910283008794595873886820905147068648092716331210358014630447594370447235911402052733426627271244922857909 0.2888895373849034802321912659175960822456749456497880677309161602808154824030623026884238001357594061855135097094607620486260184684085972424818590479291044038865909068768875311063410515058817066562246530756086978321095931
AB 11 0.4637351683402899913392661508922430305119853814851494780100251291331837556214961500636288307616598350059042524057396932745404439559433932702520740821472544166854042051867974438336897029091703874949181622110298614006062955 0.4708704560971671752492408475291466000386666506012205411279894652764342132881637457326146688610562623652545649123446465379124005888595185142764318146098856283941447398000605053630767659002836886278328748104936152614923330 1.314689408362801788429003284946247996224775381401413293110045269690180154132268078755846466623693686707724971243088830015128032337123164733530512819367126502885207410770242222394960618330257883686941068159303183107749512 0.2853568249413738172783148381013621195242607490158729638145161105080872629833798601302773743924206269540902386075646707101684554316135476462030463354546447711244013308124173732064431150031532654812160298276437025410843430
AB 12 2.378771346583037632713948168853860260221755186944760880688353943102487053617466129361406826508377039587120260675656847128975977593461328929793459565053475980142379705668271457785531814791473983025726644792763035428278522 -0.2930983052559733621300525242017005795533788663186160307635878683779129411025866428729420729518875210427422291627911132389158618953801933265719054766211879877818186383423180547957724439242832915175336627221693852440196147 1.402225415420007523192010848825228445479161271029963980501374159295277618602699730337609987009829639004194375286884267357752499071917708060491534899599898847934135247336821125127716254582708095853529853910093571505138418 0.2824123058240588235259391702760590901441653562960265741759216127328709524860765638722428744351188668914791195270934542210267152689757022728988972928245415327687522475283280755978867500702308122913019524545952144817134092
AB 13 0.3144215706531121432316794236570836969173623114540597444850894826470728080099003332223798644806361119646744268962275489549424286761529732523954886264349411245593470750052824367849181719338359528779145049419284288831356723 0.3497152419687241167751759940421393923243297707550778161005457586784119801385470932499896319124614699346322912490907858167448513011752275018489335475499809567788410407522771325854562740096840404744142187969599908730612541 1.482676531418068204382844459154614906279690751371702206987159917750964052933923270852469977186980766486421573609257037413751612421784812016330197605623397675109003527530370333247026861137797670712730767847148287495159528 0.2799204044635672593333177448604983193416264175828468988680724039954527080088632487839395294878564505452461402422933250962895070177734290778797698658139260288136781865049141191513769526120754917989423983319323684145253166
AB 14 2.594942240005927375362987636314787156069045138113527464370464137783781903467888519360854310251081163384164019376368170558982800354338121252083819369764174795523324333786847394428226091401610712855322661177467845121530250 1.037272569948501079133784367607154138620352979285277880762267899157193271200243102977102536781912049372568066629923037538056381278831260395073466990860499314430165667267359123754345328058150433218173132730206296959032214 1.557108639569901106672577545198256095929225138046346590767505345650080773696075089628834122542603188064454200617099052467495578076062495548129797154142727009467469858376453322682511433283868632443705930028801478292382583 0.2777842297036993838193019469538975331447926039881803069313176627577509094459865873307620936480501800457903303481024303362636291736484100331732591953258078973773269396685717789855374667344944749724842125558758456452887843
AB 15 1.906988043944018266311390727312359233610905857534829194856241662693242554902057572715880874555211883528441913531312333111548242790909649346774616144255954360956413847643913115321363767334611193695849993108320452025344025 0.7792556378679703510717280127042288420345803839666152529174189767174433393901316322816909426599227258101488644981574081402614816551924432985388178966864285694018406456233728359681625067311269089861642833785337213063185741 1.626363056786890002150003766829069617508659480149355942629851733429051265906024221336877924709904478929819239944923071577210024152663005549826371045537484820605306338898347834716326147869050048140333745975486438640302438 0.2759326985143520365907323499911407312045081406482736803652930994301452854394885814540780526562528466729500731349255868453297157042050787092086202946547295819582204020933648284845509684113146693762908679143534252357361037
AB 16 1.115937112991438571312342804573064833067870760921927513027000970859425631656402414458063524331060520391721491333922820431920656452686144996920405436681546947930656226172231046516336743728360447479903045228278428525866552 -0.1318281229208819268752700269228965182001858548844087792104912692486863551384340402447171794401467703485065226765882509717606229830980663434535142655544789851680857992038194642549904907918163477393137220917926183375602990 1.691115666741681350842502638882806893921307068042009839585243913842696018647264069537782563254592303917594792989268388106223627182769914538437534625246296721677079635916253276509613047710641659403307539549778930009567698 0.2743124809785228823597006653449496929403943185035326515099988434242861264875256389601328409774456825797906531155534160930291140168739594178376655963528488730756709880561358298141655192380788332548994596321052390884711264
AB 17 0.9229609179309673445362590696370645725769138253350820077699513473640208169920378424924124151093078172838133507137949908431842451894523096097193243605212292880532006648492979998068609606411726286934098276075009634412299860 0.5670066084166098237866083908381239990743131576169698407039351521294243514318150563116586134021826102044080061295180259119930080927445750535186986707414884557001652450073267098969234808449138383132934637223476847392379731 1.751917742513055169475295997518966423042217389099218539064709767939209494457854711056759282684773741095479330628041830846202216780817927198059428559622761426583360393444349819510899898091085804154707917458228947468139526 0.2728827844644171369425047438032800085258168537580866246234263616681596648373523222441622020571095673016734651756504059729363469774729811219275902519613494585886615648089450316475809226268492912775528826335007893241654632
AB 18 1.968414908526827613775363569716360458353819413168182064193869778370327927067685167371080885750965781923997670632412402330941261460131206300678796561951677134667071244493734774649625108055338950530369271175415538218238604 -0.3349531917032858635174142442023801811926839871767305444896891834552086884365741068730773422818052465727940730946331214477676368289394513784872806784864528042066685947591544586313929942129711108117398808767847288479759582 1.809224880119178037784130564350802663425336606133447412446187212992985439069418658011879798335629777130446912182509653296110866491480519605211846518491115651522114493996703917034691069103443901623710160849578144300831368 0.2716118743851247533178732541714255048728379058069111534681128703030598290892210181463454197636306634606948515150059995279296978478935379042988361839994497099003452431926911634842941729904782660486426731310464350513666973
AB 19 3.019056141949822846284285679092824191314071066040120020287519895657328800469252073038037010937774372336088272496794187110512103742903727277938056164580199978028727320176875824442849069732909481144533318663222456393229684 0.7262848214006854777602623814098192927068531863617845209659580650441431200195347328733723865050032721831513675924835833439800632419189840546275602884219257488943625325859912826744574117024718754548992925731271000116879193 1.863417977440652055058822841171232882947720433081214524808612324806848378333653827562517673471285257789520484557363710726491581988843007941703444898862258883424135235108172447190440252503539659084372337268232799679806408 0.2704746925335596914217990766210532795144769514989190233431924191271616811236451720255913845137915960765639941104405606994942300680826641605496373711258950347085770574823877788786943751931944577477003070847998715468960168
AB 20 2.450160528893550843216245758842744368931030825295172274151181677562260586827340176632764438612808493034255443831787099536640727743665510905940535016536416328254599795644224473605074601826890525723308241942117431816637997 0.8583509569946211306544288005834510742174243109754336025396903586291715204541683964494341611854354618823661683928490609252699883211331400168600969308606848511376857828683222394694384548839719951261875352887739756561306297 1.914818750837984655224886757756426101711349061490440290944599111544516155693538814924866410588902551665432742028964413930491576134811576550607696787840459434990029459130016724016192293414740968849272504879141187209713571 0.2694511892597985540779553055791145647618744551566544918636905608694198362991645126972057099338175563220953440023181550498980575467431195056967874026449883041131554677730765959850652868139444040847594648662105677179246322
AB 21 0.6984760730756864845037243610217700659385974186613067931159269375283644907166138156628861254351792865197919188278069942349397606637513209970475676748274699108689373012294369605900083822821592063738429400008532632006681078 0.1789393457171621558771882613047225755639451509045841573490195334076410122006660004304318545359087524043402777541259420081930597888098853867642498188105568904288340918233678610195678257886636755271421554876293009933581623 1.963701414530441413031128129639967275101950083347795021225545288935086687749170108039258571023831311867043583466142393616199085942744170837509223941541555483191122061014682753301323917530459673617265264555440629691946406 0.2685251317755878674114226641885412613741190414651626761897348140526415332811471841039713033779660605339290280703838248696829448650677768235511643647796377413051255472304047977780113896848152579907478038136922559359139690
AB 22 1.505723960184755805924060224148310862490234870655050269068044665325956726999993511640572083130550599725575028266161080150506838125991743899075284966143146605543514741425074925027570472527949921521625766372311670405149438 0.9247236061909780982694601036999878542204969571072476591735999755457725987078850016910841480663550197763437971130233751793132343282593298813387318559867639827358497856047672615842639059956746887516969841690843124545122305 2.010301609579192469306861489861094505624230435309156987823445708884700364927716685226149481741889908607163272425138650393593055075785480859968838271713081642960673382778602872924532811382445545508919675574439561727822218 0.2676832372242682138664791189009207503770211810789879338669464782017173459894033306786870377609509260298689784592431900850762088914282552653484810365335251275907838261599678280139235362426975101044531729480293083792297065
AB 23 3.377647961604969681108244858122973882779253586690891313449387256333742953016814082684071544497582364336285874639799670042199081175602529217540727838352930058026089724378757316388590248557536147776647766467329843902093886 0.3873783529269675362260819743870718202179422269784339104675213384389079844537985142449429289015094479797784011873558492511144434114070253798205291953033462356591585755296445563268925645729784151855192801289680092152666800 2.054823325876368658879979083557658307380715816485392746783894992113070395735034366597605077861591551049114072474679766841727292916483718358840616746879077666333964248686350950496605793895313862919688001311696237687313929 0.2669145317532376896838218168399490998806659254069866786472602049963294671006616393387884477849273773808328606769934083294959846044855555130899758569560345733144973601035509773410421199746023095038081192068258120914828558
AB 24 0.8720386157041892702599390894502877307983417507583409443212389104601554326815646570159491355475753968350804553779658652849338916969349906816348804687332756584775487005906887430427093184203574109493371180206392429594275108 -0.02353956289132026857782428449378713476813412415814233491873623186254750079591582178261682567403008197974794736314639914806394153145406111229933842012310998647274539999458339958209926961224425684369466730321230492358829606 2.097444335923636516325918331867754451498446358678972533051504107721935967206708119833605539257647281205879533606517338740020299635806281726867457417622427740572717929584577182998474259542516564612344685000732179417755234 0.2662098697193697226550059124851935437953147279460423734841043508206024608513025658002240617947030061247546248931045611130446856396586813486721802487995857493325911586125054606075525571805177721697853331356621982644753581
AB 25 3.021736007182115232619703874766382509384963521367960758765910093150388483022388792516051212092556155293734687395271391351340364655035265800838410322594333635932481817732257599813415599672341938911544077896889120090969658 -0.1437391459128594704789210456514668975531810130744831283910793467313561773551154921267408959117681248079355800991202994535909714149069179439258871650749050244937953951647557579100299191188081927171294558960033772096200821 2.138320509008217121874284633073632603630414961528738819479294678559901828226296018533268869524270158073862180179706113829600209328230283222177322721220787170926468877451462345099427229912376811175259822489849062562326830 0.2655615682198983183366893171045361382794239141568476892081446068476192038681539548825210798253046158205138013748258932671042570933468406071805327708701980076768336629103904172118135287085106603832559651283721061085996955
AB 26 1.692618339787516094516822517272918289484822259731981595447652064423918713696489950525859566255985041949184236942397153338322375457187730844614636026334574850091473837090932587879444009676823667751338521351688740174069066 0.9053544772939169471054711293832119324645344534597827568647710621149232132484105963273062990309542565659162956316748289242280463704618316208488131158179884720818530010470693621193039719841621432815162745341511213694490754 2.177589271971582323051923912633696397305344474494720665355197215087917327643173661476153933210822339916590466531733763371325672668463445488652367507859609226547000548765034833792779310505314304408234684522338168349067247 0.2649631259185096542137045128642928097310181099799293457942322047603587696340747688461105485200684576940485149444440806025796885330518339530693848872864244072691918776411537131070712765403670729410727364234423128867510005
AB 27 1.382462831627199791062242699428805420056522465055961341002377514957539644292654230870193215181924284382790805407502438454410173564548063008782638309371468844342685291340483654573082361125248063514113526628836434850768726 0.02533097019616510974556865449415968870830895932281495929553473951887607739325328604420063132419032574027063869533755246756267258074678822031696229998346865328669258926912831282113089603782370852407078153073563310445318819 2.215372411663678961745752978258037346402373588812181042999483765213065283479169829648861136615789635040732819374299314834437448247063556972396728794741439285599100541948589719272640651506094050499056936239164552645592087 0.2644090043245836039623092440850607523154727311698533420830197148561081169603180721789079576299564838928593443444933252831868937278815490502798588043577260842239450416639044906994205264006362450418150124457253042377278709
AB 28 4.053467564434662973621221948156363930981727520688824359756969784620776761150592634027623300298063949677880496311912293778427343090188892443710367403741040895665447134645906974644068835666460748582300967078476934734553891 0.2945117897010217394018388800107861806456178003603342375913512901188223689505614568049440590093730721785819551301401613309408384344490795297455045423401786748936734777239899784108297890886736251909489531840713821236873301 2.251778364001116109840695273700711839445967578215360605727588925237778532925835755700523571964289366861972526927493762517070037647884682892729054170038956395597293391539651979259935470949878306250100851581691889285098786 0.2638944559203902699232051253375426874212716451471962798105245054958343835589419727004683745446508231338640606920589600611170625708093068668952049846522774826172808586079564347204704823778213399238975093887825890436161559
AB 29 1.604524549067205310741896815539627344070627667285443060217125970829597425534223957878974185554953188108160465414852283473828219853736840103988249408010910000859213766163460062171790657780648375433704186172127064379073364 -0.2114126305301201461887819156961518630966376414873476051611794424150325827123837068914689283030492860341693108772598696836410812193731943007991494927096250725828542500999804687584749221915372719524093781968294617973969907 2.286904098611413107717804397874648943512546717929221945525958648912539837006148440988446798659445467095612171946995474905908989540842638435545463288716116548814354407065834546685349801382341004863834324514262939720842981 0.2634153878335478127139769021456727214143442104242174041391900267527942530326074190099300220608171400535224692262742955209981888742871213123062882344828176711818439621347905023840020429194946079402130694629157901751098099
AB 30 1.555978677114247902120806732331020731937825592786616988009721585290476633224816993812068061110917746032171265817673429874803193247837262063117885885207122367937238446538416897483981291502861514700253885713678834006624562 0.8239211634502147608580359939125772550082513628002281845931696862564066895477256195673637671261870040776594795967876472451951528431533676372745296319866287013098170975062998518248966085373660063354176082337338673378257299 2.320836681953727895100774240242870551437798438924162934137663747439489271122511264850330867385822987155817650353911983479448972858075175968479319107492037450059551124494239694774959844287649140166070111673708537388363575 0.2629682527645518756377889914096988085957796470198810197724633974380522763277323070730327170692410037205747473107818315573523597320966059025697174999984927702679429725188350828767831537264402494760013918618194353276960635
AB 31 3.028377047907496497847782679560257906197155797181397161654553149275578553425368838069128750265945486382685156836308824239401342062278408979191774071763671781445815874113902788082838426304586009188811447764250341881084046 0.3418244918152552369764530530680112967684126959582491469768984649615316953186332885366402421450535826435285365059690925849367160906377418599578112475058679653789722671961027135334582364292130969530021010483614987388173797 2.353654582623532581143874011285163165461323236294681887464897025850950483023215934297024604751801558969894346071321384431779345567452760306174896165109751233630690610075598566286568283839574512765691842946214301263399719 0.2625499610175677345901729517954428807847163899057782762676233668944341047504743306318771679410569493796662359746570197063047793752041380855046993534425331617577470811069256946205424811858160787503310077118827637807699213
AB 32 1.973347182110456233292479234373403724195092068728672779274092251185492529432945586659265484663719435352209824725483090487996869520260729902213667162110217771576328865303539732816602269781823803835877548124581087437871676 0.02922513233447069734387289407416682923573895049028950371588823758359895737026963512008377548507973622376991722746447746367416337268332988502633363882111069011044585925829759947222199335919855626524643345001745560891879810 2.385428768280886554819426319285149841090239411804802135029906136186406557346766178957355738869123565237967381243688750750403325716987381890353609861495003050991837376807577420562086005571489106619204238653850138557333308 0.2621578090199420268391266535342565933063740808789512467279057817263033120383833179547767814776118350849607336936387123887056009154125651389056521681812856363526598338547064732309255767662059765007820006113485589140372570
AB 33 2.152405635118025468203499626683186952748321849347189151101243036517937394026524692202251881355541566009499436237358368391974949879262157970811696356141053027939506183526260531757966846012730961404409077589611347304664244 -0.4893175134942638198032516344268968271666869456136032909752020100740717038902189882489159873702062479442032792255424330005478392012934324423026621616109909954554192060848943500901599045952674372622390171161451198559457351 2.416223632915452917019680452769122059847879169026232823007803827876068687536118135962050255357034048985400731111269619565247722113495241083460965580042840687320036486261440607015252530329398341640163652682315383430987502 0.2617894208341008033320002392842891606799958347656699633928563974812936937923300895581280361042319760845470945992948183924629895701992477416306486562570343425455274035430682700775275163451060001397182243352859244303472643
AB 34 2.906800669246337943850199056564820136195175358086682470236934363198192885393480537479732428476436890477900792628602564356671887176882377336965354526625606091671049854700210006097467420731485078799381269273124196337452516 -0.4716246501916995625486487383630233109632188596415787737406343688545409790726576989324380213487935106836790146174464897675813944782792097365353728008740825442582379838630336665897211578720905108750073942765517126846542938 2.446097785016473262497137640902216557515112161722167754571212674716366446720004412007512441995425847028311642642669616976903488865087489850863435555748183367709629110542482644760932656202718166716582889236618871041500109 0.2614426999878450921755425805130337433877094330066176262548070998499466660428432358830084002573766158591499404479664326576390954626646153819405644906150307167830511155556141065550980331690868474562653883041768645125266213
AB 35 1.609868578587824064112754474100917674990334799229907810583408949590464535771529281554926351530267938157993151586834056926368819863551916088664271803974025366731080206216533432102496661054895888027571840659328004202386777 0.6458158247845881099448420462539696511728571619826260080350613526672849377250122601270756827223611340303190129462753702188376164942580296117174862782826240766390567815802477250765549321706250471207839393130846425912803020 2.475104720973550841207082824201996827345578423647579266470417445618773849572004597029682772070652538368567594346459045782644208265052345877776994895166927126708284021081218370994954137188796854915252965332441734080368759 0.2611157895600276726007827871498742198291985138595117287787890404798231994773494775328599813947936849031612474469850354087496442496559058235314711015552157522611983495708699826387781703731143344266954851312657380869614713
AB 36 4.026915255889511263529761090405577789446664766124025739367786467561071831331857244482403279594754452142284303207153523060445798605637434374045668322528195565786245498688194556633656574225522626545306774559653617492687193 0.03303535883670411156459923589189376339886687299327402989014800149777288611463769734060031138095295031306639350607608409706563095172763305010524265401358603553724417565582270823080592997054021651433183714447426331508809291 2.503293403208203874823243010166797100071584379650645889545802921268291894654961665623815965065436116407376768219046641386113899506697046634134761569448846786061337004947454499088714384516519789877468918109343609517958839 0.2608070389168839913258364912771279484123723379675385906450125277332126388387351581700509205268748230952369853026642875593271626680830498071507110642721654461820417402840644814412847707271681719200107637492253525730680196
AB 37 3.012126071573183474877948249975711790765231429832768263315671848249649796438022593210498037967506830865309529933883725374279429701863374096420028076378917936784987791110728908037022752378440176726783182970534512949661369 0.4670861046402120545566743492879106484323145891548030582697469721245963634225946603694862349794049478275498309053436856039865681344141730198287513680151963814390756461677050545774753376099456637897349689304531685022079531 2.530708758774909147232063476515397061440016237753797845459359815599106902019182080351864247758761179893058137620329006371647566309789319042243345006656086329436813642107946951757100031093063794516285713410842070325260014 0.2605149758411447958748065058580402822671127505725964907510554617119297706990487264331489260603431658856034252473053408990112880141665487228775244052281317007065182562363186039327220033829843692768516768053666623665919108
AB 38 0.4424414674911377129024707687023074452442429808751491444465570003333445776722513087847863352746512223237792680600556428848019617629792135423021136989866006021490954784473056898020640694710360676134571660863724990873660222 0.1899266712950872545901876219292637567726127514655992763576512893575610535116747287801582938340263233721316828953263341909298262625126428667261881741891640096866821945686847315190383447866859323826915200273530705968362094 2.557392111216473940595973487294079557299841003056943494780057374544769306159386153507139628058526065612438605973931200143271395658475620595657244669758536897086568054699350579967162416192573902119496204162665546203696283 0.2602382830607915632223081584493392463104137902940848562515773701858515846180056761954767077800042835041421067945078214565442971766770087728536453265350625791006356950793528405652334875497884889135639234801198174949774572
AB 39 3.298410722713386106751848718707765508715409840602490048095598596684507486319845908839056977268483498506968240519901351487480919073790682222983656774627231842298752430085028691980436529582220198309646260696635228029065884 0.09030930385752081621014998679634912205951851355133586452145906996058226609496934481397288952858758629806959652446462703586195023963300534146595856101557848541979502139643541849281411827691934279700861052144687824452893749 2.583381556122079486147621164195125408121140849213722223131003004459442242280029011029253902998264488345744884692545020562885501348480094439701576606292030714107756703283514969090006461962340933710356936807214930872003748 0.2599757783879771046371824983850393686628350453233780580745789179160499321565302680541923783573057861638224546606276497250536834799555581962416947943677326191508167769836951240781535098663923906779466760210292371299969428
AB 40 2.485308691800929630777129197833921820694603957775236706634521100606492034705603541933720408119622602686650829067313171103212975941877406338665517501221248611779203043043758236105699778265941897006767076988285841415748667 -0.2711759763120978479782640319058252705489951173599414315270927075696852318674023129884634516559188131931233977289678840287654750361776568288594921524750669509335264223882938486443024609439252865064870300125222412061232222 2.608712288975685266873619988413749546265425181121285754611064554141884239007124084237208707723576963736210647934034157251297038836236294210609858157292081985426399178728923565793485498483836163576016328106613434622486737 0.2597263978364855493029774030094658156410601597532575064199268514740501021432982725796384722443765838381208635443446626309155046703769603975014541043499910759522605609884842590479191181761861182568333180365245242535411854
AB 41 3.890656096753383486970864236588345577920701044715500106050309122141734684859889460068608440962108108901458002953910021033302436768066414389964748023975085105459258498970563351802186454907177015534191216344109279098546630 0.5540542588558464909415503643193522494919125857374406936399349665133022461398878114251134853829302692743040326153137829242848639951804478484535020347962974384793540496930700135880004363674796857744122975123568104550766207 2.633416892391303423350527034005010753824345950715871436432665712759457479009932923099801614944420053053218589501404384812394283460536649608280574188732718958856549080265964201262166555322867366463627513284345680566996205 0.2594891812093175965433786722172365860435130480272551099836844025050535318784779713536988629618158805745988219873351174769637543437082743046168119891725318148271140855052246927853971429637223948101499447645075842188132498
AB 42 2.082725720313494340983448658288772800147089212243684280290345360122610336302050417024777735056007702377708369092107524821347821861970939909490614384347497331667503142139370602800475166249524215087887183442359692748224723 -0.1922771796624295178142146314228537395255574858219949908717258784829939279046226129054095136482131391528560298905962234124308530661305805429060583742603675368894699154046587410253361639330871506034868511376819373373610817 2.657525588629369234734849521178390226195567897662379424247355257363273101463596206330242822310389367633175994586641012092796949714817723137142745362251373701490986612240817324121985578059820872171849202612904603005166432 0.2592632597448035388819345372977664431861047831353783428904961547356761680407236574045492426796827422177612533811091326089874538770928940449732793515157216807976733821703588502087187057821685912186997975355575592280938487
AB 43 2.359144960343099542010508618060530176751892765250367817091812010376520545999748288215891055219860898151336869030169207775853073200650198521292691640498895887515865056057135357686250348807022469669683283202794691004267500 1.004728812802137702172861013297694879828072788986834640961230104528649646619073892663132991696081338580346453867160192180819335228685876309065983344225631514225102961685767436639931446332534639591025216946786822373600988 2.681066462313541943317444804559462084668465207414442695591902301462715395361382625242167314514633786101079188283843291362154582257271233162890478514729894495606376269419404539398758796922984054554476320666234969844831174 0.2590478454862046516617927398936486199811862303302915047958389600393557299911373393894297079606042179608422090993454840748321944528943067146681232733913803849906157483263793214234075545132753374314346453058558557971100234
AB 44 2.659880885294595333052269975006484708176475276991103470866641684809532169680997956603564631643597428812770109707083550794125229823167636860942672867733020644365582991920953429449061179274885513145324493568189243423410619 0.6981339005550179186843255996694961895573066316514481599279541444321712332213574846831679255072758438091255487452467100826385033668803485340307153189529884969679755058387093079051890026523033163724667201773026591643227526 2.704065657472483853652642791029676192677379758643117377982874453572088225882007837637996064937822522984303523541986146850271950978363957231814836092604171704984892829995329330691993772090421514050596085883127080893449347 0.2588422221006660192944442652858712959275450570380189999089864208305858410401819718111235206298938209665237852539156978158404562692852351069804258889244036231629157575653355806348903838650385332215828786180035697417622150
AB 45 3.849344037983939411103662968090671753990234352290705218229826663059802964082806604712002330647897250078636928755400103232751882364617945925968375692958597576016276497714731391927630777804734654895556417887773673491508946 -0.1403034334059051907083536674633095667180259234575603254866413066047225840313907498322034957363338086994600096349947762175120247278923521806299165240744024111330028616451950915994538165384393298327897951551779930151231167 2.726547552379881839935242377923138323541951874432538773159907542680718214577071690328743506226765174250702522984110711610347715028070203456905816496671806134764501445033618037396830594976345291265971597262463545250234306 0.2586457369221088071841166802340109572238604633183062590542018294206897003721026301990376259473143568903009811085264788763447436899984740916210539136899439760700365578981800001609766023339037987196386351889681806870932084
AB 46 2.518084139470226103232429824131405679528215164456009018733321209278443180625571156829778773857871525586706323160878176788362571439493524071741891549571776576756078943997867419012802600474243099367068778078273388279677625 1.050614539551682456325550318594581449460711806369026398506567892319328922671252858976849783310396909137608847495681137815237247064777291393290836445979054809143299417520403784869890879208893621236118175585424736981795310 2.748534915129677288500114049561918486104898995804148220838588935371709797461523196039061478133051108050121360797716385389015549247585184363275377237980518288037087059742023875424337889812335869594365941267043593482080462 0.2584577940318439978879882515378486192690882350710561720149446949987866250289604060625668663302980022346033855900412478066960918486643768877227888589722257957429679405270412259681561666270180755873819837576750637706838401
AB 47 2.025271654923809199047577808847990679729004231090330447296708379580976101853985458599815125925993924774751290394175609880881697394039065175617976587273956805200244573053897562409483521694523542002956002835091887775873095 0.7705977998968062423042463514974871298952966281649048408960702266069042832596662628816704629029050712779230354060720905539404743487904612684217443944670319106785887829138794644822470030448099645827807377209571280955630605 2.770049042439804059109956942623169162715065731383766104151441802157162099896717225567648670592465995533129527920629149658049792385295185657191855333605617528288661141288648571847545596412102079780992590166806988353465970 0.2582778482223800467169259516471942975966336975745761097448660825697558024225742721386637851027594185031620398747480095151437507635183299949117464532898867202126040391237799782588737258930347287494906989831237097391943116
AB 48 2.164134237919509144342521456601732803115047852878763607484174443771662459326407216067329118203969127687581188499948564595657118354267235495894596313564400696545781603472226104496060780046774604360479201511538384248769388 0.2482447716824445245441413538196430344494322551807158300280378819735857763296683374703497692709757282231564868576926638952453197979391340904986945562330902250919293590025770122495460533652018361248604521836190880946584776 2.791109883809073502087062651167602973895746862184163122713209331263747106769410761844467887566534944264681075060499254315190526817112420652895087327490213085925999796869264814927408256327943214928500369484214700505688567 0.2581053997156466510260805354648089353107502453458918034819726132599519954491840863112547387726221010945327970161585412294937845488016823216240612703303945192823188379287933862360259854897809434612175306157565681363185349
AB 49 3.698505574343800948687023709398522989427352247868618762345236910903327555566650485811852959212745566082153205268893683102506992224991504162174496022860396517541393747052239255527950576290801298308863983964482246855741297 0.1886221762812861521681043293073727398414249098030552112798538219614118804434686226712019587966955419026867058372274829246198342116424861645844630236245515754095496427337931440651211785221061865865774298139940512102838157 2.811736152844215710221388220479893844796268255042287445532730940292166011887735742349759427108693574634257354594911307526203907229163328388961816578157272276028869394843582946934542653211151073817456057074819064155420642 0.2579399895278779821966363645933419311036216553550532104662209857942763817529177821966760175135966025750813196872432337280892905469484730627516108056219174174348243061579909294772799129899954970148249824674630520234702095
AB 50 3.660378338563806444970271373085488738537459350751814406117745615479675541029395823010473185798625851156732648641153297284148002806578235690942179227550387790804133412583272822081008375952614902962812277062473253057163084 0.2163841502161424831041826620746483697018278237453393252810081847908696780944792944080980930690691280671239164276017868231843445595735494175435993149900487980724379113182200298804429321984094644119228665355542159002198305 2.831945427316347278525148583502811976131845998646654884573007939911078668266822988134707701469561363526887961639786770542456918767640286115901883979263372983276178752283368125694303633067660206403952087558764610907785012 0.2577811953906368119045988055867631895699827696946289507354532865430774709365262453521974598393470181454554810532021839092012902247042609774486221074229975513187755409167238792695767309782118891438225287042825310632077326
AB 51 0.6717981259604376763128176569768670401157645107226112592514891155269036872965460352507935216194154542617588935659174469244088643498095895406698715259054918886748308488184265132217488673632966234618381461982880611886266350 0.1307003685203434709888375966309444718237948881260765908842063680247948962796996380775341461598959840344327117059402211139916781092274631482608732145285110576637203260438247473994444749768728749639506026021242544632058160 2.851754239289363186342567219036100333147999183890786898103448544220563379387891920463229556968444468829515109695431188493249741393377494302065682129215495650262860280069760168465204098413966413342871958646356716569829307 0.2576286281516575995931483599362564425346791334401030865221563086392839494900274963371678391138291369631602865434025615517711778073912549998133240350522200609949265222388048916287242770161128524933478000534985263390422570
AB 52 4.854126721624716196828549882391479646783551021180937172640057185971394353599077609553034939679513446914569860876430902910761789858921564891234796000214727915157955655237465050242327370540189314589749877989523774950335174 1.077186827678264072946436747126643302959608732517441006056079367344474625306298787756665342626536042014748215625306025344184017990884853179653977727234242200613708842531777634783083967659529442878330754020828241011027680 2.871178156479759149022102853511436313138535507436345398178784012201769649230491371091890425545608986872392214261460958478796681617048761538533457569977815351637879197603868208324411511329794185505776124744166954272290462 0.2574819285909265733043514030505351196030655933208624092910400617408956934575078426554965819697082079734264879092219522073951112852101052024163156752507389628501515656038598516407357033354202276522636705300066193700609154
AB 53 2.031217428130430567073554507251281276791717790666142340235767502039559310310675493008631535905034600495274390379996302246032682192997082851215523222173656970974557861473700345800508883502436400747050940059162949556427366 0.4021554099265853831815640178777063691754311140654266350765204570854385999851140089841843366547405901381929206992669402701388756945511906145864125379396774238515814585179804904921614760968670805725774883099552165246029703 2.890231855852369831738499039060351046926180973322617052795104661220970112986331468187151568206279996226207459715005657316655481567416360836233369881149510152308759285856818075504349271889651978891149316327482747576437322 0.2573407645971635651513668051538238976352354442021279556641057997926982670174817284040313764653495423288102829803282073831116786799699428495904373673278833726037851640189011323004045638106105951663424849497196546933547218
AB 54 3.231470653613308543412883293924814375325653625006754379967323593067794622326031436111024914890935967155656270661445700823317189442580251424720605406245824305074861123432284353980722138735532445794944267202334004905229528 0.1726015380925365708832400978752425213216812788486046959076151386968678632267696711234941613662047109739274822014689467330770024994365776561769853244233375245792218781525262078827607709354901496382128021484061291219696554 2.908929190324736774858506662583145887646753113980596291374622748365382831198795383431624303631650352234236759499604824521285404610309315076797850049807828845453906672490816551578187616353147050455310651329162489165492400 0.2572048286579929056313697790966200720428861855063554445292342500779892099850034836713030276996248555877919571888832307843136937546411504828866806284575208453482827999678112990869281858138189471870151012269684329025290152
AB 55 1.870026503753060575779097737753051387800155816323757553487029846925169524017535752758517453285575259875138073384172656883641821816554676535693486240676823212815304340679090839863331127280568952676113120605952270140493489 -0.1410565949017845558148014052774538657795034320056340345991465613338945781900294270640894989691347959011818233091905264876379030721122142174851555065021962127004161769504979643671215356773089140810786216862030422820938843 2.927283249340446133261636324678470545192342162459054547620775358441825156070140752209029800079898617309474438532304095019378748227531888212144670900049361525107147013241986814091415715998503650659039913520041973141170737 0.2570738356238842920230071903099034718596968772514885441212895512298452012425830406425204258960744799248556415417114357346666200955228832901343930541491058058012924152193633944834851135415718770629781433291662395275148054
AB 56 2.491972156588392988660031558445616293598637954208198393280358702199198680052347505439039265272387223166656050900131072827672128583183186364513824053996916027740999216257778364251336854119646360171112825552072646453333429 -0.4746968166425824040301615790733806339057576584527344535469428529134726353187675982290805982367689624257118545632994941926584561863394443349491418288899098032713619231125511670528504496385427706031571502492054211595067216 2.945306413975645116086025451663653025552474683800761991011714437195255602251299510225704165432151980201319737422130193236931353938033134121654858487403099438272474830232746163075723394177982215945137836982999200726041906 0.2569475207116464941187574566384049414390605999568879263968637328025634330071315762095705508378677200519016839005983908145406132747602993978758494099941063836947359454655794880261476277731771538861546572147379826555017534
AB 57 3.896400291355841906529029318278837530246174298554565255810292309724207461647747700034211295412043181602605450771214101557334617270934495038411890628923535093866944037568130735152781939267016148920428426687048279147283203 0.1743947582252475045473430859568214963187797456539185117758414538900657087500802954968579347122062775075538095701497681463398121756180669255915174761322371753182397138539691193542064761853538514573955160630548115123723713 2.963010407160462351632975283450258587927785832926579088167544901346771637381204480913740708386992296419311554978003023308580405249578701463359480063602049630650038467883670016397172031862659642986352495898496710240463383 0.2568256377180585339117873023878337463587160092480902456364414758872501439196066061179436162360500798439644326359744509604229241831706931590935446932660286585291069819541836136838228185550407422215608962341260609354970806
AB 58 4.520710184862598205759205974532590716041610361267702462642156842649294073104832699775004320874589222146821869104465234036865254564010216584918918948321374817294558317795712873614853280574467394782308052552228217534519908 0.1100142671525826297168942134478907222304377063064368609353175583550095309210783076134433685894358228224200976398826618846781215526968757834276531321668673872719739809421173600618871551585187736373977834191906933267339780 2.980406339526079047628888366556614853721738269074871048721921540542424850560901998392801924452943453017497230021788514937333472320650636799169257407346825622643580571611794454603380210742779682593713506478129725181305403 0.2567079574182797525563102841461012325497205995106131002239068663273362699256697406127142456760251139466921108175652367758896725759838752666190498567072064406432455261506487313832969928452982699878490199887176705964725518
AB 59 0.8554258423500220801340384371124264538084342470236279743768435609493700875140886426324122082321784133156253767793716102759180740343801774017837942272582702492865857596700928032403808483001478362121422725151018023771589687 0.2054123427385241530890546638645256278739033618985781874899098931645278714464247139419861285711052946896608489776779427273631754498408696657404738935860620740968663560637450377852804331864146786316787469037734348134190628 2.997504751326949838081892327119764231394630279152963494294648616408164223773087072822846741225816881240926303636478175836962281076744171572241189130256013537135526495260714997698095359729867976999397112606445850576708811 0.2565942661271182092984563641936587593298872247114071784634376425060217784771161078393170285064002958925459903182775387737790010725200656547550917502942730688339717931640484059437785289890678057527913923002763052242671252
AB 60 3.126945242499236869920810064445597876403685769812038127626995074497024638768887412071876532731979550764167113193595151673654980459981750492370528940312790897315060237145346991308298440914602021528016387464625020860609636 -0.02866077796717995365350314649934898882637402258188140186002910730699744117776139872925758890786386689954760467846444150408887397939302551731415785242963386049642829691311656267238812117000202297533691363130731554076004958 3.014315650834678861190692129467000378602625037483667115364946824548043525777153550450271285315753857113520255462453628474796572832820287123309657022185542542974277623885128612210800652808912177525132893529279463314818560 0.2564843644041592521566091841971427761975936672927191550291872039386366966443815749001202117502211345664034008633744501460188859757448228394722525458666641656650011394389101990285041482947799433733166935528561028056204931
PD 0 1
PIV 0 0 -3.210921224671442441488340346052950396876573714679316885047391561109132465643310966520610121708514885787557478910390497516641733072549191793916176210220638651930795639794555136037033950014323502335343805246508236265282919
PIV 0 1 -11.77721063428102145477679071695239174696186234180774093815648523259983387893195327656140979874159479964006704290945441614029869501053297586841272748130250120906884002367063392499104453473206366767123615182905184014502966
PIV 0 2 -17.65222524242928592532372457402913572041445767153836448700789476744219438211718168614404964073213036569190279222213042642991619072007600084514431161228161403570536564442271498410093055196223011875731139332172753483443420
PIV 0 3 -21.92659599141477063190231565724146021631008969351230040182220417661796402840085207514407638610472189852053594510822314290247008586555773486958531377805270322108392497889150315763805873522568380502630284969803096481726434
PIV 0 4 -24.67116624031097101543995577068657590152799505742944747285992967620235069659357031203332202351442259536443814096826663813168265676067685590618967163796702300531397931779874871034010898462519896528356969208333204693046694
PIV 0 5 -26.10376144898628650170026047543997309162044418013878736371978278761614967152949778861090910729951143292392499835503055012148206257700362514402163493502834399051054597887807574732049873915376096324768342808434933030846585
PIV 0 6 -26.59674750256252322576476972533115106508240149295440894083230123115149910412053955231144629504637032022014930158562841392948333546987051514726876881515266767520419842633291162878402420636586035068366709944893882836096570
PIV 0 7 -27.08101209727362549114272492304526522292450331423159435087910593062246928811625296797108039632493644556658849660638737600207173677769877693452016056605562083123952336008687359603259445665393263041749750895768323221876962
PIV 0 8 -29.91924352970049266717429566488159471102138298043203082030704056964894644595464782409596358868817165170939769001231846378691697762976636939332700751379640943414421618958433972576181820785364321580032878149382635847193461
PIV 0 9 -29.99216629162455792270334900419999602241086008384547750720831486718192695674081314918993602333227309865820667169302688097249849275105495614518989193610435568602918364174069635366168970316494640087704269624810940994221057
PIV 0 10 -27.41829798426360874998442250239476935292551033962563791128209851652325876265548003817102480954628289993714224297752493296529080874515105391542263366361753540073459991576022847686276104228100933793546976000535666398058242
PIV 0 11 -30.68146812773765199961966542804855674557710967676163046059817779036367857172446340319178622051038715694725643654489608863848441938851302900289394228709415720608886426363213204632031158319078825354833678040879091777984000
PIV 0 12 -29.95626054014813583410194695732504809667388588180963787220204245778080402731377698637534996600936711840475081082873138613904635812515492581673432918479563957038402670556518660898194828088407662747861884005447163246751371
PIV 0 13 -31.93011473792090087067168800602809702664083478950873007997860261636176197611740057600872318995105964212307753852116931561235897296596974529005121945254096281078765726594803797246201668808344637579181904099584455654821589
PIV 0 14 -29.69065539728562023232303670075606061395419702485910757309911280076151968454402325844088278388180556216186899762352187007385955533587559086898754033184914533030803370873851052899959252920988878828789119200900063933036349
PIV 0 15 -29.82765278260944143410044516476913908101475052066679969826231182466767166210523804877404496474322716641455238108977121903685948990575253717689914924425160632239962186649084503526933346441579677609726121598009956791458620
PIV 0 16 -31.31249515005224132214571196621667024435974842671425902771915731108083439446721179938712912018310509925640538486182780202140243202524417490730339453371034092803424629596569370442413243865159363788583387019526599981257555
PIV 0 17 -31.53481632720376179629059857218392030834546905966469720123030387503130102257831788476491773786023746750515262481066582240400670227370042126509502131292374911969575629640336585553231360080318069970558095812476646736324000
PIV 0 18 -29.99197992978383868695552437476555440779089609873924098157867771056983705551020882865764593058863176845722444150231620024350648171088071473608442590562778303101073708794400889962581774349600165176631909706914212654724674
PIV 0 19 -27.99338672845960017041248081338115012565603114582245513262656352446900084696189957517714062355380803784176229509559958784843324894801987816164342176387580789331228423437916940580511249536388735956821647190119062342821115
PIV 0 20 -29.21837444238583406249043328524461116185310784727045303842221406147570134178322239820020344034309954410708646740814529396167287697981326481801344068885193994586861866822191472309293300380567365790416522500847122617244982
PIV 0 21 -31.24825606326818550537029443272770497196023980960500292165113375798628641737407571805251778493040677865106827446939376042777211659138278420662419844017607291192104692935005189800186559406508018499330507246111358434918016
PIV 0 22 -29.74761175504456184084686723113117004399098215863265735577010950108778095995936840768674865669146431583694811709464346538695678253998652664288321916408050279264306741492094678846811043238460467594640761169494805202267405
PIV 0 23 -27.16546310813348884786854138328290417609610445739097164801770617875709696106017666549116036756354676563159062046629013428600427149973711930047796954712641612073078960931747309062996705856390969677025444342745924428762607
PIV 0 24 -28.94877735274940267894967586556374403020369250889188530223838646861019564635330158689115103851124734479110934899416615639396250685026578934168052593918870708240963238019099605499973983800790458700533527089534391442574164
PIV 0 25 -27.06096769019844133904509965339879117206537168851517308390125470771576904455083013970462534462185706474062566150482428829118888192892304854764107134007463159187089432503736657877612616225791416245283302876608587964668616
PIV 0 26 -28.40272301411644488659309435379415223150318815840602966512570239723660346606543454871453902350974437476562054224699380817293504342527621780516180478238755289284013001167850607768983972500310740761334946029037049585487573
PIV 0 27 -27.44266874538325685595472228577208712348643378655120428554979825113719330300675864078174954011407927212213036882302994494475145651187084746911827263333574622436323076234370975599477028439497341613858349444469989432570619
PIV 0 28 -24.49543873935526756953784063410307614672201903351270246860047941867117031531236883776046721832197780640818879677384912198703056517812749825269721843299786619856906895841894374710376809993063060177874936191081909544031466
PIV 0 29 -27.76130363216559523597244547466637842778704318260352186179068083493620869099398766513470873422048207160390341795384011492756832194888328302507875761333103811283711108596560071526610209450807541178035055275375368398806269
PIV 0 30 -27.78482899522724010560965158117983141748146864348547627083899634250151008874502668699883232765945254557197595159418151718572938043088054384216334518666381829439843350089481231632019567405272793833041228370201647578932871
PIV 0 31 -24.97796742119281908111692463830159193678933002198602965776015360437494299501083487750767519204394355786014987656007036871773765281532724917550465049691870842930167700087898117975608371913477057101784436590465506322639574
PIV 0 32 -25.26608965184949509342159638024529666448081619422933594699825682826548861998252288783530603200433824280897233918220848542208089563335920916223313637945048689515802569278955455122705919714548253047709050860520953962819807
PIV 0 33 -24.74708458209164446756184357465239012591426849657884481244732472962474758845041442267396924695454018338819477219897199337810697917145693954721854766171104646324063323591612673119790169839635587407338907206921108364873960
PIV 0 34 -24.06402072988074432638352286551133960239234659896243130857617131048187094421710675979203230948782122934940552334408166877201166311974381375045613907650588023444310488195525414879833203569015161588624914971370803484588177
PIV 0 35 -25.30818642942128133397830135834454140837811765767259286109989000910449554530353032066593283166448387339598012023108721602751141449924740787348762246805366732230594891359059563626291726191328361039428973849416340818608660
PIV 0 36 -21.62529201724619419349639404505990622179828425549081216582334193369543852892935167140274162275468861111451747770021288247691641239241549396089055065116945716396362646474656217149802879781207108080582786316906657965427798
PIV 0 37 -21.94295853143930667741651743325742450454105627151522683824602442135603584659371942053468061920466254780904975814350555581852286428462837507970955667894848929735052002359467689037800418133823701127335697794025507566230265
PIV 0 38 -23.78925233982189648119000584848063677205458983652984437583098186004827055521991995177944815836644566780334537873455909233541787210137651990538265905827903997809020204410238649992404851845536599739186241843946025886066224
PIV 0 39 -20.30199241656485051034931961413920494347260277971515156529154099152211083166666770112071497043001729063912047369675550242523979445213911823938143328379086134851676255272589357110462454245468341365778876263252495790740828
PIV 0 40 -21.39274003145148567517461218696465605348020330830920575134751902053648128074961351448777293533399932349054171369206305904673705750327932333266797366127703372717703091218304901492474801735906694090288033113814283614459117
PIV 0 41 -15.44200798085832505061429360325476590701252313649542838641934890396915648750538170601187087867703600144818373264997799062817916996176942084274524018558659721401660711422380576997310741090372415537250927905787168326960614
PIV 0 42 -20.48019764968606151373515896224975832688157599159047624125152717158240188435145128792195166540189527781721952498664163312039291999081192192303818596237838227462975288506621741259167723656047906237756507394422577047404959
PIV 0 43 -20.05641191580389599213132021122041267435403393656249886546733560955572028546790965810501812540755120409802839346414902543978357527971324427570606055179694572411335951979597288530777406256611466202601622659819727246044680
PIV 0 44 -18.34798047770086939299794945002340718658582587464000007311337043239319741917298911579942373369574621855703796757297832433940345791130400184559878724471853770744071501089283272594210203768161973583838945643845273505570493
PIV 0 45 -14.94347581845290197169639479704870529518061707406434665038285546840090920439502346845083505098411019999971259538350561122039737739532633570885628994716673764852192466389331825049751551722267002136652863029221514854910119
PIV 0 46 -18.35135528477832344662167502593068519890343932056919288687636191990034621048914273592902051597815347554417168383573766776921743189443484326592720504528529570735435636254245272919937452073589840853731195560949477356726616
PIV 0 47 -18.86140929701139329157750984672089940031256501291779474293796665272618454629078219004987177628844248642954446224220677569492137656953307024831980749762922510577733681704933019798020474179869824910839150709210183390752959
PIV 0 48 -18.86081285019706380801077773282727048536363675545575082671349529171289750810894839403750079940308912100592414523870772159691218959375693284630586403506865313498155211344166290034548736522813444620140755536127539125662922
PIV 0 49 -16.73952030612693155365030014003789218247471480235737619944638155232100694699325727508947041846007116971995789341906712513551455741066597499411751340797329235891741709585460233936696662662067084113388979521092165366128910
PIV 0 50 -14.94915761388310230964001387045370727219373131576808462953962793201223899446584588782943103761085970331445245779784963395704278346875776729010783518790995374392939306526560803293308052238034562867000226890759979718186701
PIV 0 51 -17.357134506152046648890321021969656617216692097494169820996082358787553582135094547155174038621045575988052598802410036182349373988397901679565232959756366040693350269192477322092728386933393000678437046271091644752014
PIV 0 52 -9.850264147670637772303086692472969941767664906702523064137257410381821530296683437899909336518013975609352963112226684103901377479431036653907456385114648979784264605993105049857767407690916498883664076146088280658
PIV 0 53 -14.9418818705998557178330330121495667236390344130620335588310834804216135704481039307160715081483212595088078895437094260494246382444505600797316069553115100179304694103687325892741149675516852957365611646018976432
PIV 0 54 -14.3511616893254720394757738769985845114299535131789946118367180242054003023214087686313878368653922980593446290195981974956060073294893897577586738516669844630613444862944162127620818897160842875941848498383816
PIV 0 55 -14.65055797084568323837990263026699014391056231388994803585002456308257872036333674978598368807583662701639542499302188099728524575251967675830128055211331456646508644381702627742394034954459953620480890712737
PIV 0 56 -13.34237839154834318529623664778446833861799561800555707747382329740617599079825988006521365216596972900108624172593375586508412900751294308690761149180353245540186163979359275542605264089313826162797963669
PIV 0 57 -10.413052007039248000794433913558821083415751189903929360797628167836169095555799944708892371562818285587257496404790013171124579599768363496081359837716622317640914398550291494928830555684932769408180093
PIV 0 58 -10.126332666825630237023252792550265081479204001216255738478562777945527159756609196084264988281429789065995884444416910770046599222605288162754281935421759940874893081172392660882593984288695016321867
PIV 0 59 -13.9006493650516446725062868135972990491697800960260986019025931101211581417425567053554404503727543624300942485420325049805011159292199419470983086870855323916984827036920634830958683962278917429402
PIV 0 60 -11.3968814403979585529738224052820163770290718857707097981501490512476206652067356444691445972008524547395578951263038071850307390223588994820358920292576148711910464491019123864666696160594382117
QR 0 1
EIG 0 5.633629448254804239319589157333395225095322008268633942715110938729392657051311870484955914657660117880582153775631091429182133998044306779579425184647202950031528399848516562412088671227784826915498083877895617221388854
EIG 1 1.831729094772270369576096227208855853475286057491096187288761489389424979867076924561977172177594878825972499758759633528373311846378764236489837269363576142630334819864789849767204360537277819067640931072885277829940667e-79
EIG 2 4.725836991761674227725274007408270826788204555419369562136434206004387644200887478621497071137582881829157747548517986032862628202297185204432536295484223193673577066868482215212855420847834159873457109769798888400839259e-72
EIG 3 2.537713438682576968166572767054521315190097758729014783388940759713821588968633167868012146212353317656944499841133053860093450262640475400286091240119099562492556807413126884626999732006519772614603668918453226511016256e-65
EIG 4 3.771506378995714210899778246090782796971730950382413132529219925310132299451141165290223087532194846426102479346758517936535073135407405670508145813010112468434434960266509684494537498059880422750585768043239602022464109e-59
EIG 5 1.577893429030854946431772281739345160356078359429971943860320926628032520375510616969863553639045003192069284508001053736085215969457078689897135981811463943779086214945189820115764958461130564279066934002940314702982382e-53
EIG 6 6.397267836922124838955337153933417984720668018223477392284777127950284773158220374624261613317709100628504333169481946344755953444011886932459523341453146017549224464972344700721047937853018939253452851096612729691357109e-48
EIG 7 5.653509712248014191002184364170603018014060464630948024611658176391549326464366421361292378302836492213122544466379607086052207605914015960933467693074680430547578800857712640489914771218846815487727191467060062191234281e-43
EIG 8 4.876982718606957364991933659451170583226744513392661193983544154443608049040770247452046817324567261892349473702284147574483592871219577416019400807637684430066857171364896243174697596376345767609606009198367120227110630e-38
EIG 9 1.229682424130629013471625449046092999936167030603987892054686853647521900444881454353100140129561436631688959099714008641829052543917648805495347069127604200514888123583068317849446430845934867808861894625910836602049707e-33
EIG 10 2.992136056533609438478819825254855725623608520940489646562279780987121843418577309919777575062279330556775027747708490475284273382790044280310433022519005776358169525658387038798014461243271335701210584560478194663159973e-29
EIG 11 2.759689577599622867080124323185125213753924401097289326470252939785437814694920747656223377018780788304799755111604440135581286231337373029518318648355336842052813327650371927262558811705027676284308578580122881073520018e-25
EIG 12 3.246756602566513933062442048175045773713803970624363514640975954502543985091841169563976593624333205711002448934659135181085255048371034528128568337140538343376623417131018748580203672275530067479773844209564163291159289e-21
EIG 13 1.170883591819198760629494348118610089852933481089611741186343016185433083493795158767959577013559235702900684689347722078669923719239405784212386754214488782908693871195162484231567216579271045244306341895702299082945450e-17
EIG 14 3.677709906514816748434714381362364169174433262909593253337505497024984095269389421481972471222106544881482392548853575655300178077231577117191128809028415790054844516670462305464563027871344550246858542812780286003463002e-14
EIG 15 7.505415773565962222826098805904527016948527787182321060459126897350204087739589670135441942130075088025313219804189675018491137873611638451280495011370952985356410615999709341719249111908777221278920072517932066654854732e-11
EIG 16 1.006522247311486025761097460901387874950197930832693777814608096042440807555443787504935687594599996773155218274203286556559851017255034740929260042158253120497527746514294302763239002870195909162698795603948838044422874e-7
EIG 17 6.980910891763473421085687798482304809686222785896019011879237348861041799191091620064365717543275374364813849255752745241803298664426904216681856822706603602628859344368410342965593697186189155094009950878726136036553101e-5
EIG 18 0.02554138109705850723708054995926084918823800516885964368250061091532064863419661262094261683970355108224765601394505298972167048338021667778377432489795959210176270602951341928640285756744646209406741026620073045189728434
EIG 19 0.3580278443263058129209884164353027814583226998326289151041305284839559738789435448957598612960963866277454111350146985427999386171322481487911119071610122481573362397699564246476783707386280208030369455175048913004585497
EIG 20 0.7294768671277105605856265799581479759959710829268550793427853907001131231171023856576646654276145858304763383148629783699469766300806349793670600074181376902738256512866915392602668940616300763947997963648029496886587053
EIG 21 0.7640776062891747620019014019486413545017787843074251641854984651899803491734247107482444648483649853609829059849865773999447970131642767198146364608265601221720309531613302712877129954950222815911951014564266631392209991
EIG 22 0.8539687458818599898062179789086952123200492460170320580989938606690648652204640751342239164949975659254458233714748973353110503220205936053156284685166572207929460858922502156253798032873910901907746172472287068918011473
EIG 23 4.895667941473101431809621458129979436880152931290208317710793321226772060440865546803008823375510224497285862748592326834224947975400450303355984007221730138318644624310593606445766619205130334153771292160900889328486411
EIG 24 1.194894426868130584011849233637410837878571973999171657753596712989474633109142772174494168493185110467794192763694987024026101815571927572228672593264694938006132265192791602627997827901732379087468424535385720610590534
EIG 25 1.333906623895759894650361627488331633393084855169305772158033425978645870376387081184368137383056574891038675914816860957023708995968459104961898077408168353459216455719618151291140406775425051082900907358169336196918473
EIG 26 4.607016297949168523128103714265418441251922996140532977659787424147845992123233592652535275054908783196181607544049076617732827699810273259205760137672002257263233199442795735125929109899327587427516098240113406056211044
EIG 27 4.555865562799812876355829902811781616830888479676420262748794470398232347821138758396414690498526259714551053344061005715408158416366852183836194360799609990003141117780104606543233781408901760904704957661175432797762919
EIG 28 1.620954845074343433401665185680071591411069480440402914732095830768392204186477940888069730918198681447492265074786390056332509725104680958610367829595030236569246521255567907403270940280201620732521217104861735087840744
EIG 29 1.795030175783139829815332755578177616242160863146843752198393230618840474941425260481173094151933976498539201904823198867279450560433046077023920741201886703511341673531566159477669011512255058653746023153341865170687935
EIG 30 1.889959841839236913343946634374913543416882674310258369379889505328291699601958837139611062734747459136846248761310295687110883261944111359173920851879522907315044247978897686917689466932916247748617775927253033569697840
EIG 31 4.371961416364734549548510711291161428638716480395530926649681412068546598289971659634940518547342713875954807725096943587356662884731698661771665319431093809245208573784956588988791578023750860457214212286771972085827022
EIG 32 4.264706064024902227098491517231364284965466318537745905764144290262140515638786330463559689962843525578324161941092452418594799623238908213083242405315605981305376086340056454956777658605458145606659977230325302546588147
EIG 33 4.169252230500377898831393063437463625410180879154426205794677170707005319130360678674280615923917196083454679433100567642899203490978292943231585892604862262118667938314791591329178759388731113636532397327440055925736941
EIG 34 4.099804648365249901507254009554433582070611267921062600099833694838083283576659312858387568453563067043622866715716333685515261272500104314129753182533039374935304562568840826075417156767130277055521202730888166940361081
EIG 35 3.951084453147933461822423825816831344188990299494225359111686670377020683208013529378572684153658783571660107310596510938550275547763022306604423335708103749117356171478715973438822716742321858481434520816295048305538847
EIG 36 3.962822252460666046388770236445076070362829671081125735304119524054026918980763096103751116458952951379355149176012974392926342418453385935264110972083179249883366338762295715622103660797563369966096324038731001605182282
EIG 37 3.829400375979852860957964590209452982299567723732275972904302653459830422598357986323762327038145612353967063158306933748374312334589573074662273966876249580952235027790315043857321649182275949836238064725281856230910073
EIG 38 3.703976893338865439270211809107704644739704500242068060299852281469569801104328605303349256849478093261340941932656003181266210016262591738793123565259794918380096255168610174717230447200197089360993826218990543718850920
EIG 39 3.639642112354434237830669909450826619412006042145510760453370620516041112494764160488471624446505172729885626452688691221240629003870743663915540566967513565714592457085189672717423546126196656774319020579857329991891426
EIG 40 3.583207135655627430800570504030190023736253893800589886420268403946020869432485545354317601174465111893169093262446783135114657334294318560923317936951063394035650508585196493078663101938056588106175389371218533859428520
EIG 41 3.544357162033173336128230063160164256467780595680386664283494749234509461214955623922178171910198241069146340644358158287594622890913900936086734181096308664276696874447170666735761808589093728956269751463742040574449980
EIG 42 3.461838789243043401417694099080628044016951989935624890817359249222343500642701950281997050623676637741430412036519899974011665120088581128760939052628981333370347201886576527851936822340769900021918720583014076845477238
EIG 43 2.093667950888304233049895765565251594162279256078281919438487965910239710824859383409607463807145196985828606381313758010284706352380633673657747594313066708083003527770852531239630104685988035939862516082036321048060861
EIG 44 2.241625419220696757453251098961940499496609552666720284035313887785969774061264940178843857009084622735737154896766803715967379984499992611461782610162273800069023212794967184216797481890747964578291552755139530138777668
EIG 45 2.269344551221959619141906731414825740719756862804009839004452966083807798748530970254275860484276451097844385237793184049448345486146232693963885831967936922091588161041975048850718113135723610796330862467962943746970801
EIG 46 2.335175481897198819275712632116716241624445244747023706106593865534036180145244318784617701707799428981477198643612544440355461807012098220548471253407813663398927932326993144831662761543918757977673810671257191113015009
EIG 47 2.414883346083216440417369983247131694615929681674001134790133680471579918148376700471995906509607635430629242637141230924918407787607638068715665798618124523207878552986852790901480851311771493503293056868893165978061550
EIG 48 2.459454493545755031401681982313393779070489906364524375005011159433702955230338486685142453553904966526075852664159901197682473854688367141850705459033768498837785649936877143459769947317322215976854080724190174053640328
EIG 49 2.507681639984579568901639291993882802773950177883202600065309324568285155354756759655482819997709434775512361362087718261089041794012986027048754569850371833374689898742801023111353787571916925226833165959231321027692813
EIG 50 2.562175756023776830607285884926372065526017164641155760168595540150935989939913491021726188828705870081319090480312447152833939970087203470985818305060292943713004217696849834129039465974635693921901661685151922506100344
EIG 51 2.585657905787250512746656768827011696556189673780098002895665244654755082919455372672762307653079276052585194474284003595792559025712902270349692070268526017165775786765658921517672469338299578724311219043095589603398522
EIG 52 2.668237104389089270892283468961094039786062938355894495219297312471302217377419834284322287603819777225408189393017161779695809416731037569233960212280437047429554359288866985533875136146427729078276376104907263283849321
EIG 53 2.740457995939885916084216140158430882164247143994318298223174672635308665793368367280021521047241585648987588409550759864105158066042899551223212723816515908780855616860577544435986209391012162987048066675115019850085560
EIG 54 2.829915010344794828804800972399436480585258188646519081343782299245198230166839938333455554659223085289351983357125470448699694846692764415044067684014422874260081942353547954478762761944030759275490487171933162594665248
EIG 55 2.925758424518115028775166235632298514265954902615428343792984896389006274980741479491977822464480880755859287175841001459684857593092423698204512168677119733101336093240012056324022170349497451502198548890442088082327878
EIG 56 2.940139744465510185296989752445424512603568671236472537484892964242569035088883804725740536186903670074113739160527803122095369652162373142944059075863871458051037082240773342664485435122381122196549994963968507017401859
EIG 57 3.320395921950999488353588018200366042253236030660008040119272573053771744201970370004105653250561683376565952996074669075882654287827078338986718950330203865372769853205535621203061089436721712131354733558084832761857490
EIG 58 3.254172457796929088236500868642035755513742970262989925056001823798270813904359946985115474368408429967967038988561420442600772461573255874898517834404104815997622500571367426653023016023329578306957977204631473083938810
EIG 59 3.191484349545178103734827007062949294326429266879021374482720501965703509502989878628037865668679443862378057668079168287422516523459401197895305121871963286708809480734366960898984142042536554584981413300657475339103852
EIG 60 3.143665286711901236050890262684503739739829961989967669335392906768706555005225215095170446868534826469930811260534861924336551952718009006633051344071474833404939436601295572554049841134844769919598120650445562977754116
PD 1 1
PIV 1 0 -7.270083665187731767681717887355773303526948887951055686976345857427302187247886742683427408159235370406105385812743928687427451445362471624379556921981455676764396022644998819878622200587638148008941758178120717880684886
PIV 1 1 -13.37667374880113911872795778994395680598429427080239875476528611301003997904532696375952496139764515269671844676951721076556634289332153843594056172041108584672805683676186658042924663097207576273713068652189119421374101
PIV 1 2 -18.43124046246966593660913954891011751657976061877330921975660317882057407184977674643579259343650966219127487085913453330513528093312525194496909015125148254773079053472205187225520145366526251785621649835825461733401019
PIV 1 3 -21.65933210749236058565225610279323623739091660762949964971603113681134170590733389205695005173097006717749345496305918038672417810046185126457339084259217161864474468617140937858323141546443927403415824596855687225431826
PIV 1 4 -23.34559634487803006129290311296914287606916965524850053818617758772159542092826787561732731611898753744501018403356548122111623337329591510712847036900716508050146392037394788649344434202744529631738162127813695251596171
PIV 1 5 -23.67135486307580576515502193465737098126494598198576405596694166113265051845463192110333096927490423882187876443147636773029608550218507661637720586249555267140981579641553673653739843720331475031074682815625707230986999
PIV 1 6 -24.47559457760900887193078212619900234470844824188011669160729811265046941644639834794757545615093582240397411831763617535469215860507244133784167830613304042605453020772762654970327207161752182958585325923730183324375139
PIV 1 7 -27.59568925072240971438811190144918846505591524636691227039824568928526077487614750696716475835994460620214349199831084571951442336731445416218370705197270309177073768050034643248180388456265840868143661162931729101378287
PIV 1 8 -27.68443938579383656278537296531317854704960688894670901189495525542543013071768657772361132514310947167946065738605815387761935371188258188562027654771721140478860403269471627308210708841793464697945453678264839929522732
PIV 1 9 -25.05143684570232290158871980151991914804869383742864965925548510827019322784143453786045928872624756385214167420115930230768715710132429460735851834850423878355345469223076177532964252522948851276234113269562171249843926
PIV 1 10 -28.34702405408073832915929548691188920745137419696234069667013153627355171242070090607363775948058877028380891790045224175894588154134397354152390363865304346869006854064945448526813610331982948286348228421526740703285752
PIV 1 11 -27.98743423045129468068604240906739299977398980012696831749642791713090534370200704790486222280734980041003479782699672993378549685428861353218108356177524757946090529149078064770753056106249112011834915086161371989709631
PIV 1 12 -30.11780923880949738208424723476313210916197811125259661327233236654449382619713227180633450925570302387041467249340882774732821221043279678714090344464049812390574714515705704584140881954370452695137598091356501988421079
PIV 1 13 -27.57404281700224353667415410547019588292722939919753108500387545263946158966939457022317827951351935106975586891259038816487132232445316468202444800740518932809709721487667147847749098991350585795713715069614333818629658
PIV 1 14 -28.00513801533192808026734785216208268233432243149723308591960643503238623587246390533589440798338466956880855527768501195809342137522213420373476306871614885704738783512520264596442251049994830182104951976384959198682788
PIV 1 15 -29.48701103700934325174083687266778144948756207938594614093283073608515624834365181479584038241398430204142534269095881343626340124601967621391004804525909816967312166398440822870091173202100470493851589801642882491551811
PIV 1 16 -29.83485640145559624520256788993758402830240132096923563021980368636498444223900615819053155199381878745101009500394861061509320104796232647427742440192973390081456879475460654755630175113256956776992542314828880792621061
PIV 1 17 -28.37990286797349765857517109093073236103508013573537458222228973670214339655389787223702856937799330984663556245998428086301261526557637451727881250008309515673486935996241798730306635555352951012443956922467077355240881
PIV 1 18 -26.28706950231522351736021465723807471135344960885037937704648285953324198227515058055120593873401833884884994132589747483744837853448682782536059908826874740216338769413257197391413411486394203922503338841017912128954218
PIV 1 19 -27.43696889999180909610687157154028199176796366377444608358459836417100319179263165091758708790011094238595638446182360273243576773433687023273301045035972268487591268839468102237150317495683281661554780800162506579450342
PIV 1 20 -29.78802316501420383214426711521360998782947928751222406844238041666865191603434239382271254241881711982864792831547875389458169787615607709549964293140712717308301515508013296495524286978624682771947172884519440227142185
PIV 1 21 -28.39482244843751910710303014935131029735458012693470650511033282505740772200618125129068449265754915779180229955723072145920234264263888524870389313056693853159991292532044613338312262118857906702165996137139556791352297
PIV 1 22 -25.54546378980993944935492640986321400017205381752647192303015552080396156135642060359629143786652153489535503989766203989448870487415543407426304658498674441240378619610373166292839095333953006060157654329165066716722731
PIV 1 23 -27.61410602252346833581818888501208310665060034539212383362307983353100258189835189710066212158079713300917537391548149666002219758300702737048886331390247262447459632685754481081383732589340405409137020494927362055388711
PIV 1 24 -25.60487942138170997144414012144378639214763433939609671943977222594721569272945740405885319766481149128306082297384751232523029571142289675136349903347974084031391555329353967050499215621566215892461436913828047384765469
PIV 1 25 -27.09523391838057887167740773742307178042239144245663664265813857622115551444704798928725765284800030611351533900979429206662344823695134187232055033571883923732415170521655822476776828161010594965704786724096409936835583
PIV 1 26 -26.07732263282127264945607276096554160299618928683696329011253723017307595461259305209761093575321766142691671415774062551800912344726332404508509125347261703459821277592930385366535907269541911165510404767486529188409710
PIV 1 27 -23.13980494107933379414809827553792004836317181471022607941402925587625204338438284183348825304771797855840182289078132313813244070534440090011187236695188177826670873781734462719163978818390170902058780682090793860052503
PIV 1 28 -26.32509668954940214103417927186869653526346894458261233733793983245769923526273047934718726105334995245411783317495527061072122002681922028875834105083367601464590263922235374940096445144680332202009040337610089235233092
PIV 1 29 -26.65612212674250699573564238753857279449954154216745273800748065628061302569974843620737633945694512766112683036928840446300246628826368137724331099336188861222248116661464669727410014063055798420978446137763418397867029
PIV 1 30 -23.92769510886118002489606590546856894911762894613101066354743071919052847409301838913522120053027161592142985204072499559289493396453105359950762691176977930023407909291174275680939410638011859875194476867957780671991245
PIV 1 31 -23.94252958124964579807205456659354481300650709634696312624849793818204790075050754995621814275075978762845468684632262037454918911621365088663585732707812205887505309961948026874540483238607202351756224994175408896778152
PIV 1 32 -23.74810018391764395147180349551405830457870181265248542518393788163505899742511721696411184968699164077505708768117622027327701443925089278027790033964167997254278954722518663579467745760469440458622620025198416679707624
PIV 1 33 -22.83909162210859652376975822504285477108470415314132120374645585342001692224963010182226531687493220676802888442781439439028096937003708386730095435238765373013625110069762087392988783871309836880507301567403650568931306
PIV 1 34 -23.98538333210802195952390843299639272418649169141835671104625446292281508781677624598952587507623492716976834161785407311025453629552086400554667930886958463527461479261117501084916949522746305196990609153668370654208915
PIV 1 35 -20.57879245415089737546618140343238998415155566693487097946509367986545101865731692994168164502318175532955782641255171980805930374314681360371427059580467036423317835664225643997244491044294169619558301238252027010242351
PIV 1 36 -21.20484173752615957360611403714328930239916595106608802165201883033155497979424159316228247225066219168672059590642317154822520942513322069351076485517880627362921568568357409801967072529876402468952664135628737150554848
PIV 1 37 -22.73925482083376544899342364273085143999144120429407209525823176970127431702868500302523225904197396919223167381112474041939851159371421322377306969246626116422088601903908381693254246135380790324969091148438454868710331
PIV 1 38 -19.23127916695876609036735061454170829463100222624359058684207512724279777216997691940813138687206978449090714103969168533151354908804981121091065237867468884741275622543377414006413525684417984901782529484212565898173789
PIV 1 39 -20.34787169713143887871217236454364969200408196711701531652474368660007077615117835363247306191315682783798921926491391908519645454052947949323917603069031499145759927761170482203367938398464358686753024854009747105240837
PIV 1 40 -14.75947374149707254941732875684098579317294726086205584726193738286171812491192750684713468637031165548705506225855847092322060204277258164285149048842192454442575704765232327841302906194126686301239895144853747173660104
PIV 1 41 -19.55578687946330429384326097873964316469703731960914976746014848886700000643240174976176624673777121222368451939688458455691267110190699315036271179273793317890629607725090091116707200157658082374232479335572635771677500
PIV 1 42 -19.13112433615278877130662931023466999180231736708020015269996825456463549319999587216697352869798070688794834924800894628533312564904633374077729970131533422304234592434056236599877787392816941625661889559074890330763395
PIV 1 43 -17.35561576070326355636595440241216058104637024464057534459305229772710900425982296871809106800358379993976682617384206260657990735517598219044729483018154504598994987340664108079355198022666963539160194230985672550002400
PIV 1 44 -14.21350685766586902512369592619975598239987349641082852783734166534388012885532590933365016927227234939364411378103571723329308115443125108459191266502176864408492742441497947997035781519481498868015810536536259337245424
PIV 1 45 -17.40255866177725752901176472479369572159731579738699866819198153004253317114874077194533478830093883434842095625275770675026620169923105893071357277694616632226136972066337904101130921322218588779692129754752627424259172
PIV 1 46 -17.94169637301034946245051091248711367993111814626891231681654419978095146700932397706225124550585685146327047431194145238400345704621890361166408959741169438612780616587926071238135163605812190668287890141889184537841954
PIV 1 47 -17.88353984049934825562484836135763357330919104179996719361389810142188457987667575475109165199365304370000265757891199701577847818924969683070332118574561575718488949229218909000956459622862919500803570748522922960170616
PIV 1 48 -16.12255599885080795430078886726251052313974084349537014692713101471628865307183141090429296112686806534700207034497531990113981426583592557087898852849123951329994078514800315577639802021066969381656846344954577609797163
PIV 1 49 -14.46174450089405083013962859893206766209270980768509992399888460025388109962813429754695432932951283839168170492924053965637049390804671261374450674023886261328796594791084598581804432513946418630574985023362482740217903
PIV 1 50 -16.51647489764928970804581553072273029808578313977670273451281320521309766272476466352549553622345193514224218291563855993575802719763277155409224800674498670227008736155963061950603603566612931551276003894837813967709740
PIV 1 51 -8.95946483432065174280167284714731965926177730603673624639212313507260616825754627792333588447997665075613596344717497814003615657800426847393638979174248973610756475328610738268695094655176450820672925791045029251912634
PIV 1 52 -14.272005744923939551442538014187102638319231294814163962110839739233555674727195530584723046230376666127410165484915027855061587271456715953295059360009921754695267339817586254223246018928491066977797709018290618431192
PIV 1 53 -13.725213543635056656012147420825327027187520800808662319189669620290671265004316277075278387271709785489086307403875660697541871429727827606471657762470201628302008108480402807765606640212427186742502643454034247335
PIV 1 54 -14.0297778483943948589713152754160360047118551991853580131223925739181623119557579390157851567784492819964489297487357987229984722693690825949199324863306326970432633658316924446089865844308233298555956441643029720
PIV 1 55 -12.70654832006137698405383123012629405851172727139076529923462276907985828453308490045180442199169005697574447761135161805017508163847142041478192329160504365856672330633016644550318986925385880859327085963728234
PIV 1 56 -9.67328544500034603498754915245948451011112396608183115116090692027367658483341680288919858398349772676423635236511552150950418506413623379414976450183199468107781366972163764876100451608342423740944059796420
PIV 1 57 -9.548942943574138938961769976226897275885735716073069047724705887802667923715037447438890770598842101931947564634434073185650723778234583159470787786876256499468983970602407756091093565515850432847914665604
PIV 1 58 -13.214567316473468524333442107238466283600876709276607591434168686774501128927961518937679959716711183865793186902787455294377720506260996454016428130490612343606545853859296885929349466743245346798481004
PIV 1 59 -10.8028946635054716751089217964766012066523140107660365929128539668707325957593204132699540704877997052399077142869683301887024086378782290691965488561792349518201611856430066306495050798075596260043277
QR 1 1
EIG 61 1.290491574388417781135381785159910128354213672389028693150912997773301852420296244003289476751537051517564692652214841701628516080898899648542161089130485245527507806971239902955825553824948860802583598161262037784389632e-75
EIG 62 1.217535117760386463136590525900875324165491354371730795667615434596368981954616443920517342000811192147498152383873939902256789923724517573380013750460631633228507284177746649288056511719014774219259988331485308424042861e-68
EIG 63 3.861320049755775992995124119107896094742723281708207329018719636615347363452127369388597445893043007387630436746587748365946158913132890703590193858667951395891698473920035800132313555121832536843995094870761723059345996e-62
EIG 64 2.442702827975151365974896056480968071501063544827778754589993658536188669111259436968488266018499036384400729031647227164162786657410172603747289828637890255051528989719420770150352888176047824334751799088264088174542377e-56
EIG 65 1.197172351920280261887374130965657043082850030328173533801288456321472746454143341120461014284132324085138302257404263150698613582640992539263602158011753954416834194892979945699387155209907290094102424741343357508323734e-50
EIG 66 1.854148973633909511185120369710819009303531387957507863448674588826396749677258158854147627717426605561508817374604320136297045970417141261051394429652006235319961649866544178380357120568304065849169424709787023799263935e-45
EIG 67 1.892912205079201506875170518180335336583448142768806684736545022687108447828633686096685813976408202510114176373793469777950774479325592960488802592246096778964361878540085368913083510456194629291398090265619516483051425e-40
EIG 68 9.251401338302301833239717211030767119770533791594034510856745791335988567795104193561415518074854473375937803329909818291838409545688147512480547060118180469259421394260400766665894214864941323946853984567744488282530162e-36
EIG 69 1.770662791376599395449973836347488012044139296755128853203015429377427582765072439408248617118764825797620714579772073569882488283713668539675959814652470512429488514114525524352550633518501794737775726695397148513539106e-31
EIG 70 3.249789265234569891547699372963727015640516231931474311110038759034607915095308967582679411939649210943124546221940104079897649143189445225074551473328358104320252141862825850660113592633092672720554212280985189358433104e-27
EIG 71 2.660511268767229208564302408439330387254501519724338921273022054112897968709893206147182299344743195204687575114888241970529349277682505842847592907396811759610938249043682935338603409116984183738330043275210406923212802e-23
EIG 72 2.281001606717103597905458140977694936190288706082625597865362896903051307532765034753342578111925782077017045104428534786182437713439578458589342005132424722959514244108193093222376793012354783695716795774306246004146141e-19
EIG 73 7.206477901738351336733394552589419951605378249978052838299753159678133876798526505125922337005385047567087713320791114832264616951851786326285695840257032853384975852232848681136271908208360236529976643601331079308392807e-16
EIG 74 1.869878353449123013557872874028035270213475612584673793157638667485562416414462938556769200651675698190404259048568892099210839758029812962122946691417119823800152716967561108977789406272347310840488552551807188039183312e-12
EIG 75 2.813102560486982794874563559550300596412490281141737887530588599251910281284952292140544955975521493399120845783489479534575648791545464050082525876331702280373102112434463352092970554140392566640923280385269060224760885e-9
EIG 76 2.268125064055175126196411547641940498234354502375575949867808212358051084001043243182826735769444833996035758679975221797528575317377993511456188481120635555719494271675159492508957047162641153007695518792182451825631590e-6
EIG 77 0.001677668367525855364153493743717330226949615912755181591895687234632900255686379931920434604662100255579631808628902365636953202845096438061889228027406210867698454314949973438014961813881898571308532055577055001268249721
EIG 78 0.1902379775776549464555968595154445318603997461025328925290289180135202455640380766769744764957901445676173089288507494299604221614227595995538825706488360587244952349844980926576667738254885601899182931961991452865580869
EIG 79 5.571507077862309602557534436596978182418684562302726062658427733049993345352682730136531149811726387328092137034597725440011538549671808805368077570324827906212810318083822826203675212896233308928475989715480559795229569
EIG 80 0.5051824858916957429328670458770964286615792686609241089485076124272896652367076279596561086887071472896731312712177437971102584741200671780154919346233752982391670162838430093284540622347873612819627281087368618930625138
EIG 81 0.7677106675951384205147961457561281592076541928506627582896015878254582056222895553840561707167812177170306545966494403437623420101394818859837295506407243183359916784888265318093034569924403268650811646347000606931190616
EIG 82 0.7591201567702500782622008824645301187484342835675646445596187241492488992251718894266009544144649138926698524677403747349162580212544499479683820201347402899245607373587352340881759704543158535328902278278030205186387925
EIG 83 0.9001893558917414996500199434789280255434211294258653929860866139263698840806191740062114627084912767429785180718411489316352748258984785120513846742258637284466577584569929806896398862777824110827657709064446169816114778
EIG 84 1.344335289200699726863957698018510044650468534023213612111004896698183473582740024781428498632542045386523086236639273015538891640850143491764124329491934665968423050425814045321039581108937491630745792053714726077060322
EIG 85 4.891068422140692392771884488768771971479404561288304571457359887367002388538592662116564544284477370693821166037661600737503489811841037688738340850621304082885602303705420018933021421913987071144540852741468814398296564
EIG 86 1.513857859888461270583503966693599371687261824889737478959480849757388269421895304777909881783836505822925972832788274841388704816808660404149709260210450229528698900809558928537750227935040337179665996228595684748088215
EIG 87 1.716528659536906879244313641347820969496003062785253045779757399881039643865949015212732313178198319552604717360548003566998364611726836116528953289563899690968481546520918704266899731492432520364789131229385996499962805
EIG 88 1.792535198209785553164829954268315359324044020855284244849855448664845854099062638737842514290707102809155673918912341356157672598839271532533032699902500118145456875435395261430945732802133391752011668806455151254948357
EIG 89 4.607523320085600340695486348594829967050384012227367437431577269799736548710013107780528116420561553034479177851181359502493583723670333436260238245587620630749058688325260956684582300545873402987404185903990010510387567
EIG 90 4.562520894735252218720882279346199265119350823440824046703024233421389922133453905189909972731927281248898497209689474879601998883011810800071800873950421333247512620194674383849365748445672792689326910239834729422028196
EIG 91 4.354540753803382150824277196818664474853278142576542011873307834167194719791822586287872990540226260011128959481899008569947179907976146283031141275692891196357588487649855715724120050090528511323467239622967485053265663
EIG 92 4.261761849652162171840455621363270362031334091758794902726599342508392772820555700019691000929364543534679708563476211087053952805827463854537858856388345888326150659150086671233534439364101711904987695811699219362482609
EIG 93 4.168699365559820206024171720895781611657647291424462497823984509622959543398206372289487818373199872248715438547314152215348606164781621047468876386150898815861464443453542655467294566680113870371814791025230420332425829
EIG 94 2.089065853349846632271065618476614045740948056881261002825808585346921017120339920005126926638562984743576898290003143718044181707537703456166225673387889732133946000755900709652678032143291546802842720604936617085759453
EIG 95 2.134940164343794616228682624731600676879700877464311100514650055211092467196423956108314730399594285025770941652556678841215143980713730621688942970928730983335076731574110900987983644740810127966968706618778984045771999
EIG 96 2.263005079860111547751253691006524341783770982657842388415673977887857908335209964909758566729740733287344184490260789147189960169044177346277831170220858464946151226663684027658961698551351830399899432750910382042705426
EIG 97 2.321871608401325020691867300664619491872819064077434095101398362117258397550587325188466725339820528248470805033043631112319677879246625789085956813365978161620992347754524199600171917281221488813448080031104399876168210
EIG 98 2.408456038864667009594802073563190000165544842493339966308889538960973882685076962161605191491019101421745098046842544728118276413362099611014827704650908632804176598175513859613415209141588792436466472053977573390198435
EIG 99 2.453804060360864496309330369009921147746036728365075756679245485788665377912125249946283258462870083378857683097228841140289975876582207158793272024977628913842039144147325675939461980323169391216946943430924724771962755
EIG 100 2.505019750308472492365878448214302260213484321103969769128131309755315947587539262061885513705251600884104829157806127839000551716469735131413071634013197754135345767544036116688102237101793450697863900990479293406417451
EIG 101 2.564574585244052870602438097650900554322541828928674434376973762918469263304908023283263649884514239932679845267782144732020182028632586783807051432634029201923992411668349521526515904576825613873701815571528259120570002
EIG 102 2.586589419264201652128625357286519834811453038575064886968264806082825324501717609206247691821831926130415234191689241350647251303843449766384097228483005871625302402595409028746978537454525100677414830729556027951330732
EIG 103 2.647027420438875597133455984617891731196555412876681276898037231122504119757182521592102038081459913103051634872875908648753285267685098439448042600651596627435385385821007075956007702315369995214524694546454612471786778
EIG 104 2.741587971074107370142263117470495103668211937230219089947676887600474036413078087195094536623090518108067921969858775024061689898819442360523046640029996688090523820795770008770376313421975015739850923398170471558824098
EIG 105 2.750368811645787727917751929381802287254386838317813374227457285535293058746002045009430368648551538685284930490574378675036425642821559176025292300898394924189537442316327156540183793513787943049029599915294186423551438
EIG 106 2.925391043181564263169916421693802455232189111368811355536145819661322481612110997978549163924740712267618810324459134224685653728142201930627926080824804249275241170717446322551100465845795474866009262169884671265296981
EIG 107 2.930961865644462631180083060053175218953345794737219187845832217380841932019860803303722229776586766114713351436712734738772098187677485148871339796226852623689226593742536211271668269677069148220070469028181956144568853
EIG 108 4.053144569225331061467341058182227728711597768709294375227797362417433137721257214017759045629972498687995212910923490615155582772801190388863069838465090306108124404543426485814903126823379562405654564997777396006145635
EIG 109 3.952438488774053218946083715248174340613443769585708860319663702866431403324092310884148812823460848133890111050997415461935052041078413746684092580065994807103175968378094500224415121206370520474876419894586998464029504
EIG 110 3.848769691485834331007226326794853460796559224248793689286269528626553694290958607615004617750199141729023694936238753190160768145236805719733655695686178361465970474340246123234579784403256160891914834959729994294834304
EIG 111 3.806022729334289291088365588905263864355364207975152750130305322329242585182961521727498525999676687631145913046857798251345486962686245442000220638745295177433352166517375575967465197869584534842610809009750926286319514
EIG 112 3.652335663280768149171623428497385354831564292856059514626854609115026781778193340799674597326984457066246183687604793917113504495906104003435901395683650043978418283000630263373183440602557117786836724965752512654445073
EIG 113 3.639389220808526937265222307787026420979755353381587749882682307325101555533830123938691852169545525398854663335584486223870669467096232804460315862494390915702246314612281840428354898943329252024817898776603969710360561
EIG 114 3.552577315360233464934134532849768254926001076064418352304203918530868910809400465097765305461495594486755503146483478531836305703858735799444956424833309591197042160507204105827925733760643312516991658434063888560287140
EIG 115 3.510737514090164750115535552655198169936214322481270735609316994148610937936959037323365213483240870191207762136250673540391393768281794661628532927898303201352293379203879101503514270074554235544034100178797729656661435
EIG 116 3.461692432626210078273060388128329344714963529936798387374073273630529067392144547806547785371440801653387741427524678390964737838376444047038935051524100035662736950151439482098563664284420959447311371501462364941462229
EIG 117 3.319163514279694945051101420370393194834969443359299694850804907075998994408423827076853675545483004979820494014414084037484205788792895380546183447651991117796643673087430947651363873730748107999004993718175791136535396
EIG 118 3.249110238182080222953810666347498001985909171614997667886570800380918333932657650263474081917168324760813789043839166185857156022624158510707201935316783631797542355252535246361657177671693728555687285348387835750237322
EIG 119 3.157460143109136996984341336232346015942890019416716810710994282244774311780690431879232014741965860017447358634560466043006540093822476565720332141006449114471731065714656808601667314240678277960088967297624630851107134
EIG 120 3.201809715709214124772527663983710444266596804068455392818156510208445184933601148334390751323292803619740584681075161922119798358426366932730824741795930814876944552070830312997974978317813118346463809756970927066640728
G 0 0.4123315806853516260622609839689516821512878844463595531066541962255189275186867358125972066006705289829757839351765507359981948269763895970851050622672198984960692034110303124171906521072872333663363047593285855023976869 1.065298624143084424322270877208722125867673012482403400259751378793054521811780377654886819998036605694275692434255814032911877940355677613543630176649058203991192297644826444960022856211603785868781080324905730133090423 0.8271300594801923029269198537903200419069788625256941032262706677729830956227338729334973160749982555930814189349891317866199119098729381267592119681527120660702238986369114616357180166505871661849182298356487300149636618 0.8669998470749273896391181650157624227476378451014794249818297791350888479389651615858384674844628166084499677316052966287064002063126173686413042765055929326482485438742525685669668455130272976501083849163657730803546542 -0.02047261484695714370518481557753038702721780236993699561508000205460409005555710300636812345822885074739050288036448545679753103590822194572414812611432086316343731091004995937860897385880050350284176685406350786334271249 0.6820094872571729119798589948372456064157919181104644367912962441669948705918185396340943191920768828452789858793497500781973851951871838024246896181077550254755789628509089957037856136791738886725928915444324390725710804 -0.3892613310029123151236197425667519442734658293959996984358032523403379604295666811711519509906042625614073547943377652676665982210023927048054696621387062956943459183460343600736334537370396710334045879791668343089172844 -0.4780809713910210946373101900824584714495826936207398746922328095423065786448104572115799519448509091532186319063440145000066166084505554791234902556480007361483089030254027951431150549327371637385037347203973576672017879 -0.2561570912982922130755660395524253812251385974510742479965156555228072961767374683599657203366696820267671076820918420150048674184012691492899400554824031021660516375875311626759221225978107507889775091324331954059602718 0.5187921199097459489722566242306278843384116074491799857988924795205607858685171422266226506778665815320003276701620913096404013573381784822007781977963760391513453534333240325121162723928900762444172455689416278628340671 -0.4407792100503645539892599397082053704467017716532234686105004394301550310371725997411606616276864226288048220932282215813034517758610468748392781353031848412723867116334626605015572084693181394810122361895343759365817264 0.4526126965266827190830050222651558031253438810178344892537391567130603788453622555279668544501840308612511480441310068962385477830361502378497915203250860839394616111851544567694893140691120220100068290547331322730383368 -0.2113668325762910083851003797792993249645549246008150690904978048157486228236529188395128221743965535223489685183008309263236450123195851536747933871477722232874951157899882044208525180957844984812907045365165208200529696 -0.2597354154210819052866592287154399329590860023970983739520408472005262303155918233915660552861791243543813569042639457717607390705270937862838301325191173428014299969336710829363227443808163926391303624047034468355586973 -0.01461861268628587043513841140518644092958379279319751776896226843384717460348384218704014086513439352181622180924720268878461128090789846491670227717358274643285881547755269938872794376821399385472380566895887025652246748 0.05738576116723426680986557760901079039703835842107425122403439734080848899022035544421499438858217250481644979683704565751259555951726672076950624320739784034237812611894149762915957177688844804436081225462183863184237733 0.01672031531964747924904563401157575663959505491340843554395199928550713381610943586254704639019255498625884339632467518618748787816577724596220618834241017688506407086437510158797465215025814137875389874043448960353819184
G 1 -0.1369328804845228522749324990055893834079005190962035876133474137543879263874566030073425343987443213692696657409738181253894145886049698397777082689693603595813851250217317501977481066284762936325366938830345384880350936 -0.001263718997229927812130557051767146434032534157974013576865584074885624695434158919819017060317656448999152600308528523847922927961872089989001344864006375160147709911985533325311305736428147530040083194964133886261681276 -5.527470132586517639726095380859989726678874569343529225662761365737501278136477633906333053378618804438287947508304618801317379329704837508771543848299576053775274517119879432885744425921689028483515161781999319403758270e-6 -1.514678857157093303337074006241318476183240604616553876452531661255231337317749149658409369903192691295798676485980124305968782476250846557836910990951323742957157404276669312672121904207365403730963204786333375893616612e-8 -2.876455433232107294481214691411156515378300660477957313679156218431253929239422128663108617831359393922619472591042469061269868000831235806085577113122794455909582225122996754031688426854764793966296487726508526814343560e-11 -3.935360176105918548154440583206511467382238070799014458095216312024985259361165119362571237290960151103542293452790634095465240924794944239084758783020751728039128169334599660489439199787908636118639583358458098406907986e-14 -3.911246175108765388195658511747069608698647198027017041167576750850839015560075026517526965421987426669868010043852601218421870487711770999723536384796720606662823708543288714016808468150215495124586029219444092981782530e-17 -2.791692154826205842332396398201621674281833071479891607251673102657376235482743732335601572934031022188156611727364936725782403891267869510607062170709594903850064036701540288162237309066104588734211138888429292167927866e-20 -1.391199559291396690184542471833158431569529881422166946510618862398072005192163637609808781888821735106205980770428266982120161530908384079596557783929876777881497531099392482184279362778811493198402188955186969236844070e-23 -4.623041106842982325464120775484927292632876404326382669296381405901453001756706725094129561172425843466918868757569173602065224973375207417298360674791574331382811259595401959873213935099985278694300375113123386082872569e-27 -9.569337514170736518294501427364498687831683418866681583948345273380775004997564277583636864068118338792867527319856313107038803715610356034221678241239144222535620102672137638514348006291739692995662396748199203181833240e-31 -1.116880891676843677586972799544798237534980291243455456235427879897706533409196536960869645088265396166168370543598793688070694387674044216540837959204088263373637274719792817392225435632804151663250898942872475500765259e-34 -6.335091087811866168965216177296180448936535768007959679943838825507898764543212731442878884101275255321126459482732932958863633027877573126904273467251248180069359608516104057330390433256055665941334022398930697362677157e-39 -1.382951126270513941726901694028385146068722139413366011733397392898034173993609705459227307031986874251387751408835406705916824353005321595410407779622745933509189886562778581701376676599071749931396633037506270278231108e-43 -7.799354675619641330968983714773894846344324995531229696623992910542104863852638067391998964488325725224219327860557200548129357786771867261780974894416758525716355569569688196046554571685353418789659900820909830208205933e-49 -5.177490106756734000110698527279693493326756229274733985117460480618529640991507762989730739573166760589315121748960714623639829783151025764575205762441061279955013830008081989540333987797250787908589701387820707012221290e-55 -5.194777013569556557041609918326736457604374098289635327868377836594450892769706545229547700858994243941324062846848460939327320269628727106356950995893469083476734471402293485942445861760216184252981517122556255361304560e-63
G 2 -0.5873739013209602002205944267949022852068320533852762969188770046617632385233924690709671882998002049497328644644944318078999088726061026891094017104542496382538114434274117301285959553314444939358830260190319903401536877 -0.1989785955413207756892582532933129901346651004108876159874864266864843625720584259201918321339539689701262103611918160389945799536546423447979425214616745123447752794342991790091363490535681046756198058627482908597241720 -0.005016282196679262855984905955835515691953885881162488597062707672874787389999200287217649714685691194387426221680155261099466639154209370158906700115298200039403775899301506473068209103692786529151375526040852776637612110 -4.733444757833327675412048860937509220889611029632442391495975927697610878364716464674267989061732569767751267844970834802791271067518324495303615632452393168741497424649434621642133326060533940359108635648051770480224046e-5 -2.376074837088775259923101468391848553437144015617547927952548951448674979636012360617465594105517816812406404900458323241969818086346726492499529569770408865053290235189650079419955460464805054025942333632222235465205706e-7 -7.301702550464576249338487124495425706466331191456800174834390640572370514927011982616368961191586961700888732484026717038148021182280024948877193047655694727730838664272824342623854661614536029927498708997554972449526390e-10 -1.460210002176588941843637748874858774516403039167479638686198332255154475295824461050002037702529360956631324535243009190559595700098457841759816584041156398991929186152762805167536378431749215992783322477514332833030076e-12 -1.938987321549139787559001057418313585279241011773981846987144666307793907913660197705812611243093536815021333713464030469166040538269401418582477985971147682035745591627944840397650364226618033053593846058936365461906400e-15 -1.697200484424329050117083448003974084613539071392778911732399911661151681309580698729743275874542391446838810041807442317968497432570741211168407237586738800935311337131066774809245237333337973909534744215863796339890020e-18 -9.494588202589000503932911073166757519627765897740638324594288536326154886146722461685630234830502231596524939518055771098199031401413370523993201210703250934098475910376575855426741732016590881696267518425044588563291865e-22 -3.208614908778367940398683731941299097698995953881844531483154495608874356853782518663348416766189475133387968975332409957355056638831409529680903832705236205387113762853554935937407958816503533350412684837942762150120877e-25 -5.989685778395841683417182566099263900709110276741291624242942856958506719060933848807982631243576935602473430407282224096127597547662837623701713622329802751624041407565393864814884483953055066663990501978066660893271813e-29 -5.375513963456415408629265778089697236203070374466082567904793662350115043445342773278619594645720925376634112456354766109488684607590555813832722093554973132043522063523477002325148021893933899261441815914965529152813525e-33 -1.856897056245622829401132384618434549603396994438220505789963796099871805835364362561695951120218938880464571283826602395131864915024624864995267085556620977545938013222538844368213092644474746295066283354811491243524917e-37 -1.681830533221759311654869709990343262577752876119405586838255440651718781330205619416974720559592182230339407685451437695102333984223025511034022421147777739706866204510195208053637655746410033083340663510321577424091246e-42 -1.866134308642339475685054324128313435068152294827351109342304469752144352581017610141417453061650946547862034709860952744898430322174122877494221712298205746336006660591645935245622756757886576941507974601001769564456547e-48 -3.463803569549331746890487449168406963371273004248839251165388806093090450148902726093818052329265673210362022331916859984712357755470257506654352240089946055059642972678366966015135547684534041874024923625821767480491769e-56
G 3 -0.2954001487363619474051023081472912667230535970121710633597473071975264970313938026628804519046912974534700372015286480355916124151931523162034583914619465536155553404570076504123971655707441144958356686876175045994114999 -0.4928601746908606251355592871965423791421467864037157426635294303052390206360642350623977099210612578310857565904678138454201498116478207302323898755223923664999531758544012321513410668923533712811865188311844178940551843 -0.3165559665301681408476389849371478127882536244405379319777643581120412395045676593617141168093945941254945462321846922889463590403773220343245367712565706427664862482071401487795878071826211423671768982357844091577971061 -0.01515408976958423706020585487818674393878889097292683597215260244109589360774152161673817368201617221162140868007366591249495469014558260541544928237255997561798661024867886886320475247170671518920382575855377233663710131 -0.0002443188342166006876123220133085761980733745068827078590114899045027727701703573801667542817372788954768059918842958384608328428682259480971447456769212025416320573833289097750193211279027999615634738098962301898753555413 -1.901280786986626382729633333474153086099365833503708757592704192352007173483870721187374979077986262257035199084607271365750085229572538488735414558104334509625993103024346371902445415848662702521460524972026037672735251e-6 -8.306904694171594838804507413020423447991611929767122859026397307265640110657785938500542276394133844177171242450449957464742628235886997140254187318526091062383984876103025613647004272207765101007630276761242733937814463e-9 -2.180093690590766699338222252078314492935125061784343723685108259997847411486001006663236644583097114387123895695385164935382410207594672209781807271018696502746641454208809405087516750964741454546235546998977182952112468e-11 -3.511779384468711007301223595694295495484595016478294777834331798835105995183119923733667178105733446805942039572484277365726836974155440923641254953629714514305487388010919158976141851533041079445366044009891016946751890e-14 -3.433031409103461577920043252139841016546486204063471589467245639236777363970574740381019446451048319226937007769496592450850317570137861818293277877574163575721126346231985568444636632216605192349707508456272932660664550e-17 -1.953302297772536662184162336543342990392634456588369165691606360923541355503092928645120631519899267102007338830640963013383907404209347133713791377864098763393005043041479739994549928003435981025214253720965970806168775e-20 -5.986399622555328061325932757406338469302882129815321375313314406406909847604886830988171674537373982512833007715917341158791329357099794707955891132146859895243273947517203731586891981308658476469609647733035871872787305e-24 -8.697806590208845603909089276625413183370243106913585613706829983619578412343676621251857379018612910223303310451570298128146184716664778714190378814098081674298669359395734038637421568415555308993756679460310829017892731e-28 -4.855174651839458511025015978168686929760038062295462392200825118454192803019486534636260694400395430609650879984485820072482403542995867802838216115371701414011275281720258950860450879669866055188375903240439841281004131e-32 -7.207577545747833884402302635448453753491214252065674554905459599561030647392503796715781137909172203751856141589345281699561147750241995523258041323641732564051350467372582371425127298974850705306135075201205867744920814e-37 -1.365861622700484687776113007577203873366419168166825915827932613272895127684096818910913106659905983497491446978685858544564013705879912663871183809941212482099887637652202279900115544786604509433773730540236919723124556e-42 -4.812748598431436502239608293646233670002431944328227676676916574698863514604431731992376304070067434303205102420367018404164079403143616889576891857813814705655836121271003537989898869062993552653312327099577765233552985e-50
G 4 -0.4473059350563543844060262832855606060021156252703251998474849602862021729423539800171271737918722911553465342185536846829261766301527003535500292037399969964013792558017108702619035007376429453756669984905762713247662585 -0.4669559460236009808963198502745640650313608995953850967331440175037182597923389277950294594631290745638198601563853885486355199801253483496775110840689859417991660484623166937670185472757204960120376670312493371716722011 -0.05455543752673547393462849340873257748870397343548116568412646047715577492062678872955165776651274290708268512171226909794724044616113948237169404694487368319803309963253127296728700565841715057955614142594431558046606640 -0.4113916893508562923131209702064639085421876945742350071920184544410696454118889366842194811396760091734589154084843211197409932928078035385482841791865277180747307533346615082211102511646430161811243253319003233628858048 -0.03449481463216103562831581128674779638921932637487672434498238278320492032756945014692948788161416996659537748223667456928120280113475838855879521612051020853248230338166623572618557950327985077090828492752736844308912627 -0.0008526944084791200989623296132179606813089531835792955565530633502280068819884559633454427913411954862481646301144786168717372137295780581321984788459036432876366132427451492545136903871386720203417155356534752793835538542 -9.317512460240349587286640554492613079814755373519312628807750802368151968463499982578276459974131590938100311491400955505169006148478675704178336121149846304394816672464049744978078929937281388334976820008180504380583474e-6 -5.294144977948494862255321398617775212343002700178108863792154319426186869146239192835125423825589789257587725187886045130731661389529691061429368104107632773173153276351919587896411882087648138389045020251437998270968095e-8 -1.676994471873328117971613175072357491371797914914143958267200300982457958225602275266358833461242682459318960284863723342286121266739232710664712782649970256412279370043760360111233989866332830549110549787400491452744717e-10 -3.013827706079489315652685330305415272691377293416169077192822822671219981238141169074443154197609193339427862767314621593419336888166931639372395764895657387272613124997187013177170407261952778591453488920433272713402421e-13 -3.005410762812370125465707819984944209594378297925391118673637369038000866167361276557685119686835261427462251879745968765541764684827631058445825330379258080157827685126389482243679843828485645086608899971838220929757086e-16 -1.562130038907353630984192155912236652996588043843682743407078897449580936717037167269892032609616296593797211717368609422249570202992288891368288575108242302471582771892335001899617656449013899277880261218233738016184915e-19 -3.772931571435394790367323064880886396168249700837601028311687037376182109720737893509532278801763062065824797192863076094828118001701068768620428887989176050866000837108021653650833544500394267453716908547186081646209341e-23 -3.476375473023022949023725327440385547326929022383194383420767870273698629529260373828956269179502507652709047912815873661233483176112444924713646111021230810363386790030420108616714962880636382792610963474235501594516165e-27 -8.595553676834308093437944247220918453437888225963148278714198863358498821975798062719754908505544055250002830845490741679684172424712707518787516325114931598057671569320357482205567377735043413511166566118565552618512331e-32 -2.809207152839991821873274558384032871999431690576418549941415326450234220428314023174889025243661978111732272449895695586684838460685280108819139636008634929618061378176132014827804346610291371227213081636063221992150849e-37 -1.878467138802959666278871077216207394228343358919810974364031509886436357058132855079932530637604143052036787236514861367842243759775652823602739940062562621382905599374526582564904070970537795671309049182700088591959777e-44
G 5 -0.6926458975524420658607023602090813080567303266205936498124965078505674777893330700365129850181520329024832273958773586876828270598047763535222984160457244665567161233162413874503193147992071591301686581270133967628345541 -0.5184295963854538147053284621144277809552133612004760322454014467864847166339119021227379346095933721517558611762920029024915013397818256909622243114105543481089702727332278668194115218274304392165381830767672861837910485 -0.09374523484366147906033398927776760879800711296403700092368465249328623619226648867736914042009187884491166891823627873057686034126323091746971441037323894498085245604372199045350229892653794098984693970372889333121306609 -0.2064942620822487702576554652465138034318799524206628172720401679350829970274547575875887770757340072641270434951637737148978971875329009847101742101840734528585475984398119260759600533602312647326907370610374970619967628 -0.4063877089894387491748780371989704221385293209475664760225824681065601457230618564307504532180041610369939551549910598449587044863850692675295025499213613548789103942613967419893221021977820104356292294515777845247527918 -0.04588351757066364748613787934430059971200424568913881643609350566457052061533969983773337374710033919252901713468309312789867054464297347614823812785191707144233412479722301644360343352287981762535303194110579790562271318 -0.001503493654678002420812061776505944448414212398437959879805379198640186822965105154027530877396013559128372767468121283613200304200507126642298890682705368866483756860080778701511452692946872157514192515518162849848228331 -2.071400801303963543414493945987369129686639044916251894964501828135076396944838103807722843193959516600841559601415559087614183049574639673671112946207096022289582200251784488763898842767115646171262794049027147228692866e-5 -1.397341420718676107793692190837679147721078424632267741063478238667156115427686487749284495732143676520196569490226351963236944339188345895831124186558465007446986846692002423027602061943653636863026504674075825175279077e-7 -4.905403745599128499939391609303071979454849241086990897988006459195011766417681425530855179597065771259993515403529313003211549307172940145723535771097205262090483611452352564803043841779100250380759335083222731642817897e-10 -9.004006766030610232139983375724722555498963767321594701584006623434577559584093822239773503718519548557140575187882340240145725884210754338225724401897079092983113238792637011736482406155166280237439433955867504745217856e-13 -8.274665259597603130397047059877467888494857868770971168549152229321313036756467432512639683216951704171849687579839676760165808941044706993502925288324466213009178078437664028566245545036806585915531269955277442458184195e-16 -3.448054029030821078780726565567793013619015284985092638181926424931171926550882703369304481009247862881671577575275315331826673066626243462809432808458508603691497688046087237474744495632922252203808512606661505672277266e-19 -5.431232217122229067034420266769302324409501998456262845556103396005742662021253804476421744415122679230400468263880096370570308004807885860946736709595328650355028222094729656747785860475323973968049223448804971148917096e-23 -2.317378498643671492081282240145268803130109712508388475473060550426734585681403634111923182859276330538123098695959215644950972903477234543132222782770210317452035670270610407282049299878631211812933372483610225951216656e-27 -1.358967259237789333138730492081390301094352516981337728493778119707485466096611759528541543295214604831028954020370133368476952094989241802976842528756001303857229787372584248070602342126905181269859075622445960049297344e-32 -1.818220646037530374649688313223923311775741905572732063246827711759594423043807117348847928097895133733422906752076071478894811139223193213311465399112928244205405597011686002218549455248866998315778057440156382247916650e-39
G 6 -0.1661248519007238684413960588964584608749104658631465918936060277339076595572276367623608432359393374077494014423967542456232433384118681721478208016003717985866932491407349050329775926828319885644569175673006609739281095 -0.2453142482849479813636660309699891641179397345924209563948905285194269447673089099278107844349159958890313894582993260417005185749678102277192910805193419228552682128246265832714367217926766267079895263120853202664102269 -0.3002211778729746895344908013735744199677740568825903495439707387775159430328643055528194376967881275424226104292725205312997519682195914596334320727095068714680843189079810133467328484849283760332274252952359560262610308 -0.5051487195601209407406595327810538387915466867165792871292751142266449541450837915491980075361539230938440634782646063219183140554837663907476575105635248309374644600348495815566505395519105412654935937657222479718973921 0.3464212142862515258921252835915490831717814787950416914168259034349728055815235451812985986400110089974105585387976912334984313765384658574037529037624255161569852109996288129659869962458115823379918675388965748389328891 -0.5338141310951424127436362571834719081132866322401241176820219913870382779790707938873372603303778918512314444081743307679401597242080215492633640782313739603000962116971432027516262002571528265355329191702088819158258243 -0.09884251165774638210484876770856392993217443278622633739558555252066883724822470286390585191273255569395788568373223286790598903193150014115649745281439797947796711031948799173040460742516978410018235276989008463752756845 -0.004323371799482776909481811976203274498959749583157334422421372207483822141774542243093878568865474266562127136906314795011407326575759847261663029685406811900833406284502817551855067428189992306252854262636791667539846244 -7.253601305587972851066688496892556502594658994758493274593093285009921270848220420536944462856636389806201110665832219686427121051767826425210292682257084859341510017716150203649824264018165790695404877302516259512281856e-5 -5.515773839254843514846383017114918410933392436958633723139821734111031842843302677913851015785605232019032115464443785906358368831233132979957395353849745663248750979369568534342069160479439565396740551174511265616846802e-7 -2.009743720930749584037979881125929384883396419874347615974387248534692973639730375978568781657151945249283576848863861562801200474199863897527151711442005129857975793783425673281703953523247088548624744956691883043034071e-9 -3.463994912637409781611354894760944620586952764185282216539586652235716292023825069602828698113418844234412539156401358631853789167865759338760880030477913668929535038561594583759908551208784427956709028104165175417611737e-12 -2.614485109401525325824374019859979756911951208503647650240327765040989513961276545755499213654089819510666225403087048652444291328062444741847224321467050065267708664694719933289173438359300650954924700282979568476387764e-15 -7.342566124013150685788405315975588374086424169987632493001249456314847078458627844783364415455165587041829307623733323842978514977895811369173472109467355736272686095771117669580548504376272606927775270312018680378329198e-19 -5.615839632021409628692949688774280407197716640356140452390257005310391413611066749442293798897848182948252770146286312068144445669948594637349447694046725829711151941379820968227653245562606841806433814905825922421076455e-23 -6.126052261642584796459186470245294923733646492863755015584075144877977023679380680185985902052058461105472326611484138778073198570169597146354329951668493870634909022131428831512767438286668998849411275140471671485664296e-28 -1.699823904236934075595450895922749451029436898033398233620671737686666836306908660065490247663987663913771046714623140219757237668584065691536765684700446497940011426171949406996665654707903163738769634190703927120774409e-34
G 7 -0.7456769307004534298936958007754902975393095608651010194906199363733314166932551009491442806245015228276158056635780676677452869386629610833876139670768240686261045814575300102902339172495401000174848268116681449216048649 -0.3719776666465426313067317628274228786622369595165677813566343021269384131369164912852448495851980665024315061001370488907395746771379251628777944435610525706444920277584074417092701021791383033859616531276826936836289930 -0.4461459998689353522562310292242171390564769687089918639087385161082617188721905989502656845145656874371762592291337078037334277174085029521691975666273850207250967047171024882093964506181029771866705474434987062705457073 -0.3320508217914428096091756524639039058743716336802843051135916050888697382687213110963155774266515597944405584731132371929682419665137782918724818090622086461392875580474872330000773962898855647790945306242160799960894625 0.006442822236464518545631517124463738344667333474858421793064477666934040372550617389507205326275997045322225662522741720653396271859186261355097247330835870335989981704891223575687576284544210801385875988342937161169215659 -0.04381238396782722224744739408622440015889533578985729175317347557779119564045963709838858810745865858125596989285025533984919659967505110005854234933394951603997998419885814995643837828467480890883880999419871340844751892 -0.4685356668013938501669971584714923745423528475950739265280277709773878123179882369736804626764057379723864589154522802496411594004451894535210145800885321369700423583452093501819834309980897171588363481320744927167432238 -0.09403910648967002062868592289504286058181981760668253265702091504179602790314836451122385135804015968479364735082348877616854355199643206027412477068448275047265624848150864883363288387420321279292861376641013400639301730 -0.004674467065712343001297646310263677561049731514759781680387600447803120817793403324656681390489194550999610142195538326750256517168744733777429238531961153386474711426100189460737799920211585309367782075122070009229867932 -8.573731953368338944076644312650737355858498096026354033964024442515074146502265652787572866504837006065659560819274647225779023971428245415755308201702007019782376479655085131690626757474691738590151942958864240203125891e-5 -6.687141028600872006556271918775843475210692782569516668024985936851842582433937262821073198821301466067485493016116739055984047216409193515472867189712829610408821951688819042431269818812713564289944722553598687810582572e-7 -2.290029240389074906238758447181555886412574250887356465372799157945052108184150917825622933436667662468619562826614737244591404065023668132592312450093411470559496551306947330337704461738355101828052379505107435610121039e-9 -3.281452030196559670410808906054238404877248469221858323626496869853778773902849832568126434852808465029979028800007333995532671739095946440619098242894785353676707015078355474922433431136828388266677763844767508873234983e-12 -1.711241169307961844190920679827618631195446040035318009481222753120048918756108062561861018445999347156638896710142795635685661073982951843997315254278530176142429511018434415725480247300492162338138701084091587985576169e-15 -2.434865627551805996156341695435417389002091459222758394767985398878588296216902245711570784507923929002050673475919711898419670931431025624645985631676331110260946991419367398432341509744621280254723141186373475470594785e-19 -5.123105126574284413141909957573423319673501409289409601297606681650389125763684485160254690810846259953461111172773651734743488156679089522634702343537131728206304207588954852347995273947881756652653437566446058949118199e-24 -3.066146617462144406869553517948354034378554670698931797510508812427324121828187212091715762680646396018434460448735511630438662120574516834267129817629579441811051424864280687214326168021260727972562459893367728378593904e-30
G 8 -0.2255042222388704780027160222078719628257961752342660863508619942972716675327703757258025446867553281400292252100303515317308341175054406173471391962817785214072548671327300575437867077383232443546816757473947343857525899 -0.6814827714650086168314690791131166083360045882708937460164677704417454912985995179257579803823416786330045750021446486082930858326147008970317544864505842548318695937181762566169192374628283041702119500451113339794151798 -0.02598133635993693324812268654403491719343054582769136001739669832370546416546419904349154537576805348147840677907249628141614051508900047152005515466824312629478163416454851603604786039789384973259510807372345921520664549 -0.4685231515793650655278894609546657732693740374729081245056981253446234568553747841352833703426267212655672521592172450152130261236510568125378732613864845429393290945294324465306519798621622532822624558584127656796589073 0.06189497898401119717745767871772506595080416423768729036227922907384813746873581093386281353155562715583351667910006088305752935712675150868344858732516478364764017579515794066423020463516971761685234029655652843051135002 -0.3775994913960673431822541182745752785034872699588565661704643824918012765665419564857515870694762136623990878391847365133524176474761867863465456804916403594716662895536399533463651698627765327975751375090056450659861136 0.2439572716714307242905892255648257376765971113724509497806662736050102610101375153905239315886713633903541034003099576101697799064520471624987469916009092930316402553352472279712592960623325232428251912138712979245225000 -0.4650625981319735044887995019702852184902891993914607034909841215487810144619585329430470989348583140686048898894719682896775287768757003872237804452234145241693726275071067651496179645641790968236109421296840074230626964 -0.1311155550016008558668773011644539684702839124555813699160033708912208405801390483331477069508639058918469985633258110387870830328117240495992814600615345214078478098296275898657197503227655572835302033965455112864035248 -0.007509329158684105394813209418945551984521888481616891863766924036213955748727715640436877355129952036624992663641285270734607170604312760629270014944789071275263866162526793751851662510939717498581660672644256235163197221 -0.0001444736140499295391247607298522015299576551866977573669249933616154538283840445244551586947513173853113186685515872338876018915221956246582037987235710039888865916476561652085285284313751012346744383668510756011482898247 -1.074791836785809441500943912533815056881336604407988794544502824482939582692608031889861753674884709998184884296509266610660399699671187380623042685003231195107892828557340003956559946004651039150080840166171933292200447e-6 -3.105987901307600793178326883882564165937614765617010420992857973628003588506124194453837904547426286367728236168448527192162777782935369407604870196583020289424809911245606599087920849959992751055392191996717344651103975e-9 -3.138775163584190366407211242529213964100732416226006046460936513476789065288880981883498791703116470269140193892228803798306024565306205741303914071651730204101484640859876355207066029437365181301164943471645706042708803e-12 -8.573130461874902129354927787923838729172280265523438340816421477215558033165390862344905553958105459583055313216101842130815207114419862975887657518819781411830842395475560803253371125886998669138868027122706979229908733e-16 -3.567795202088255014894583888920569614969351565611938769453552141140207344254163642313835401209589996733597017654890500897830113618683662839206618479205784442047781773792344141063410083008336317061358039792778912068953428e-20 -4.728451358832124560640378059696527765807870548193239175801588456849873704272262210962974249754484166752900669895838564745359111857199126729681425439408289159061915704196943396556899199529256667127856344115794541813888438e-26
G 9 -0.8861035494692432934724940147260455068821458772963198544297964652904191464070132106377856212300634039859268781679072927783267133942295652097895349117871354055638638538081850201902912651615472490283054548174811145475600636 -0.2847315406823448423797647277361737756102080258264860370701176662224272438843627082892354299056766011736244916212792817319552030833057739904479466763845923224454546410117187568934929382205095799302472798858341284214534589 -0.1118206508003192895465727120908682182008000452356581124786584791389898263611961508766175407554089137884416475173475476725737505444982705843671173780384511742799962409487340316152421984696058866053794592290815640618310925 -0.7021240248207848053317198016765525360027242007615568615030935392714298500648226333507690961577437724065003427867726269049702006414170624369689797326160026037134691425736519605442939309665605464402458882619635348558603654 -0.1595326339995572966971537125279672891938498157142367381567712105479081100068174817508007590033731986377159935257187493524951189778779533616246022061099608342714253227037735957693202009725030309689805054732267685878152346 -0.3776398714476048091731829824621549833211384830194944077981950430053456089986360345964219610484528055549754457189168665026308233751439320199561095150437799494718317654466337652065270053506426775682844323874588194655312199 -0.03353701623901632890164765571948662355518457416667127644545532605538938825179504608769733796681145767198396112918305776123449520753121307179766658666883438984594961698429599422675150357809158127990897019788327617146993594 0.1466737966821417645597180649785648671306651625969059413004999065787455646904338564540825899583831508994418967270959770571870512301783496282782197795440323678821606423465145693646613080225025277920754261689757985164259412 -0.3480772029180483531359184763769555135239515160917524297226720425357900677733513498840214300968943057430156221387145866712041749171627233488836769426947290510208081692400323075228165648120672092659639103536866433155103362 -0.1179126340535061217733554552909171405124134550073011799487877229615012073552539260091309152109506203802258032735324223227574227399384341075135428546082799252070354667982859199291490109571589178249785846711939587694617970 -0.007186018393412120894034862864361256841545400810395250039832583166533804901648226186493796639100227378841258360559021329041007179714598044227560732405490208481500963966505267473136557084197492688157739261079811038966566577 -0.0001334428575178172665660726711843083087563220935524807217206824790397226659462495518789548738708462381005373578867404121425743103453013328914561639237506918366241483867803928620555355727549875280728059248533312722293606545 -8.500107281441428698190012347804124804812749657361870014342680797567390052762755317839724574044860731701870264470610376804710512512024165300647187163640581367070740703534033679419482718108475073691095326663798284064747859e-7 -1.768510451174507968629844897183488413880810429477640413827261695822156202957153420500328835711948677974123302729848452095202836800098412705067473310842989684626816267408210879737090682134775015394821413134349944940716693e-9 -9.664023568771492620788364431901740332371301416821467049031840151250403067136992441017311277589416029838114279590696959570571461858011049178875686529962133354160590315316951139778333070377300668384247127053915179781522346e-13 -8.156473633025264183780102313324022466706653608042895208295424685362289070211969961808373272118400673562513450151428431992280144825239786510258836920029460318713404833169432915960834719143760784020826330316876693406485895e-17 -2.405984092025787883442737256315934864167449996052908849804753502099999185449554247106580642592323922265174504946937206539094631441419525181636140611068858886797758193639710293072019521972077496338460069226768176738713288e-22
G 10 -0.2115580316250414900697427248268246994177851891776742479445889831037952419688128676842215591473581281206150579546395439016671778464135117491633097299162499666023585567056858617217406558432387454084446386773648219393157227 -0.6968612419258924416254144589429987311482081129305180038852827987633782614441415110764489247189975215514438234988332753527232134796381283295453953206918787456912367688382979028718789388390920247931902243799714897538879924 -0.3583715027467845250189792264181789430125041315081567414163085253349292320278573834968907424056131718832481699442330074542601671417729616660736309593996263523509389527117638729578596506524132126477255843720164283271075809 -0.1127712119687991630776589899858601693806667608598425888772246032777488411108150628669731226111127850092330879894054185277907119547538529241549651381995494417606527401424362696623251760080131522611222392935594269879590942 -0.08880747595733700007404999396693746354214007099560244103066006073700837969391728644121345171539047768571058455449425662427289376507475927877317205480874813634195532406680117951527280258765219466082486570115407244565534296 -0.3883111875400497414272986778052229262868102249855670135439441270740539870559249663591128153477114232139425659439695346764228259512123038827738202956748004355922097425066990062181185700332655669936717138803599439842001930 -0.1258166527059198282783576652184233879564991427114384112625034367866321175195074632473086648305163948260234448315651165426608172757993355250849110255284765424750532283105567720867141671017804167946098964973394984019298174 -0.1139262418891842347521777012656481621104968104357692627376106140470802392313010617634252762376486358307534086699284871834708702320907463048363055589442397417852477611022067231760847155014004162666194293050070928405965890 0.2387491132426134065582428912176058198636485116402190172528570415959823921561112471313956334691921156129866118487794740925830690611106220750120883953391037516717408718745663815281047091948514675596540554321753605804816024 -0.4910912092569882496454420521433100327205613439899023976098151829813446125768745195703562452302283046912762827114399279147246595414589837151384863901281088053052036015747610006837846260363498730386948135802389375634581191 -0.1636790769160646141019754256154152816670420305824772785553129875239979898652378049734261129864525126853772962685335180182636296575238102383729640801412410291653658836259815584828821991244573478773488939443630371777889823 -0.009392965265083438100482502191696538784139638946040469372313226718529778920551777407060126731026333309913425042099862266598908356035501640033916841728735193425706923211988010795811766424427125709493249780297587819814233401 -0.0001495499516691974220908177370995687857395791218378337226230673312052532783593435519143957835738090359284748508920620485811469950397776340575366649532945250495881236402376750574657029036657386885220555299020570565083225440 -7.006414220833189456125996086942264502922728062285782191005230347553164127131686870719569931509248663548519911022437317563347950726128618446047320305871665729965441005357323372085676755323681963580152299236528055459786194e-7 -8.236154761923620787481324393685344825267333410904656816039232247406862162923499611124210482158658431604502956820860331285079203876668421469943655068318643067749569860411791148548434277360544126242556264210254310869580336e-10 -1.505910294156028538603634352182132802877059327064867334257787096214857066221269835450779435288298684333408468703077951506953351473804501736473367207214520875041674823527505424264467486772982299027922532771093307814097721e-13 -1.060498688691099339298924392041449930260597146038629142108377799212362999560610845230856635306368551242210471253032200606868722358034710235113210936515310895848274080854540930021179019024661514850637350765192504750553909e-18
G 11 -0.8356974333570466870714324246378692562072892862065200582633173137675859948720182698185698915643515846118673885587060757149251231776122337661707823298923119693007418516642729570199610537511657030797221442431548860322249867 -0.8873764469473220842487600298607623647843633677611056881162390861055910520895246208828661944541005416358909638465163987949620997169611770098997633641825577542903283069735838787993479683637047723050276527342811706443964493 -0.6046593334894190797308557631648379878465057801524062168644506276941878454996275949492677948430797749259163841138951630838467058699890073820883801462329137275913918125905152551315265787475704764795730972580884362637751722 -0.06319682019877167653328290489915399569491554496439682585127701083212952707010370598181009589836824927221504285358339675107131503251988771706676052443400568905229263946905342361606166963691294710270834675783974284916432530 -0.3605182346378944610091927782955455615282293732560581449234881947707648996815988833926981697957382149439654946027202266176825269492191170378110509959591599333738237110945406190127095646624311173455361039462923240652284329 -0.3546292546202415641540931142987791056456365859803521137557255302117250935223067365859699512354697899251225475312725542573474535313565800237135693285976519357847488989191312919896508980757768085653563839829391553589566916 -0.1619441342718327525632083814982894222615080697927103313340226119181496053897980574870975460076415821282421607595062096919558816110674912112309847874072413310302329159796092394652327994985658562041755049786252876296059422 -0.2067217653807993006716693242128409359918664609931169743488706002607066360417592254223733223508842647102149108124178483785123182741639538103389081203795570612753754606287103816402844804527469778064973545875245903109203508 0.04170198817116828409484719121927698265530520013583807159899357118694022425128261549039807191044749804118522947932196394545383415209488263444489166916257367580533851161511823635397538427004499547610755768477059028852723696 0.01433848606000316192243730989350602528435645059906609843390326752305382934233167891776514355025598405023157949707150111355123253907136177290535482634068346625443161493816407748127277967669795518916627928338551161685068685 -0.3227997921829409962497247030664708379883528739315152867025536637973501484426896685491806894704408267004286930445099937725065538648132013439491610601590579246346133680111868130572803779391751902796778134575418302480359833 -0.1076008417853791561922073273745169143420830799213103525659745254975164864158494968954951934395511748543764220419084304038308335742722372794626380399249312256176048153589304996828480087161919881161639719909478986612782288 -0.005600426877091987497551412446597356113213656266985423027644476413003646305078785958298341868152529047820514971361297163482882454487367433346659361638744861640061614273582738962257525952105483915405836272193910035955061354 -6.913148154022191448106960859674057833302396099752807457088670433753809805473916374431094517113519402848217893037251105023190720182109182076984655866294030460765762507498219516903890504458588303303414067123241733997537086e-5 -1.948748681615596223812126377514286760465276179608598596125429799768236440434085126709514353029519692904487419980406410052198245560994834675139144680416217856400928328951933790049608817790428544468455739619486879909381483e-7 -8.410055040621450123052831776975959069650297487528784314861903677377363092800322580770847944481050326425138943050094650317566688810051457520351027796052713775868838138341828554799419251727458861011022617727496246047057451e-11 -1.531730239958478278270605447338554636718982781956171094047483167381255393128106701566369091793400420153418610304296932746421812224650673723912143624111741883397545825217344220770868348286984435740495209624989884103316994e-15
G 12 -0.3019874624463891376406421789337704239797174338973889616279576044080852511817672122409579190934897108214604137466114747925834956784007650946611729662557878059575402104717777987068297165105263352912873387748759883630400517 -0.1674760854071735037220229675341994842809498644269861927436118585281979948224837553816287959075686976841559883982532106123745950136539513819020736909160158141004736347577814786220500111547519526390897772873297382290378460 -0.02966441688764968340008555666408485645195640831115802916682354305498754026859244640633084036643697444740785267893235728504424680230487611891670742914242339469682214609142027060294430045527934449408322759968167239053824343 -0.4413569125455727831745687240897880163184137482474456586716476028288970666302867208039965136342265559125856209693959587088817902792775132290878918713199427511955869546501249106097413238750766597161878887879423115262423930 0.2565041071553078310860052454240157335608555059907839239010662446622086568696643398174809806900032963653865964229572584013226614149540300171902154089498767529777620667242918509058502588311886580795934739203842380708297123 -0.4659427011974081469820472914437323533539043912121030525584429473906441528656507036977254371611986992502046475186300224417270395999358830464980905242294790158615391451946112069230043586535525504647298502479604280194954225 -0.1780848299196101348007671297321764537622840091749267531339213105583793054760535201661622890072339836274424568162696737648755606554222471493818302270690072404945834691863419874304839831241178815554664703289090697420466525 -0.2102087356436528652326530113833027365539666987777557464696898454039532588593753269827377862905529657699211462878876157485605486415056787094427308213554468924062988797030848705270137857259818046028440668418557929912831748 -0.02290378985228034430772555037273166475046623224007634912097818720844097214058582436485992702928938299340457561664104971357725801654424150537605804797500768190718520481549785501846083528528875422995136059413392617211411676 -0.2844170140004216446110412490409074838139706448918651625758980752776526303542315731235180435932724316484701390604045707419773560184752711793161575305057115295750881955330380699888737090968428193751528996326333235574042657 0.2576068848567870137365431551983044014995094467518288764611795559457750790087754784782860208759685991672942703768264199200713199671165539048519308642924378806031319017822077762282254917924529180275720013682884494981491036 -0.5036985011452457429929926434097079632871784721375033044980373281091692802004334906322623367829709678405821870288638800336781931214595142997053595998842728674496407212552410988731176789596930242152229017602739584177546753 -0.1521730493107466931931198528225820626558394210906305399133279584204507225193505108317411387298760226417653438946127745211330993557839558028494942596537518198880345203640320533119419106891104415836953165895261314594682138 -0.006119146562346308710812007817366295087322362008535358260963022591778638052210410121139606184892551759444468788971884606517026716308143496497881127374451320148382766815144182654270349542347901432881211017799723318046202422 -4.668999889967217889162275773836852007513585234855166256613456400733502010946653328552996516956341383630440650594931309447609456931612732115765479466127603425675439377223504509167962789756672855528238496672278337713581793e-5 -5.175305783171698490929317686724692826703087259156664958428219008851407964262967368691472641118627572275457457369685038290293321112632292555315427062307463921475887057036529847061540778990743367207876418624519226248609076e-8 -2.609320414963314818467852031460865040013986732834951330344724375555582921459447434875953298695868679815400961286678420750798032866674723634102037445953006981743805450239945726127740596170205099014161270091601027631593206e-12
G 13 -0.7453070487715846831972961766205860880649568161801431054793017826934026277178014576130863230570186877034343168864542276200474603604190788364947098238946013239642012658220883766226060055098003437737337300995113452542226058 -0.2701145500196371276235688357479246040455377982675074290331272902561716399108662171805094221438293745722059448027285181467994456138367865125008711649976696757285176160981441101439811483476708539337542200437076287553529696 -0.3994568700598903141909925241621306370680853631834959026163057178511313337580688306808081832978865463911873778743392601057363746642304491115927820713648074074283376241890522608293357096634186451910287395002425913610244072 -0.5322054800649007968346939390093529022498534465650054170714734684416106185083470908002144113695206656483781563835122099286973656940691808712340520117160732145671879987871884616945679767541769663567718400246588819332486709 0.2401536782651507349701299741745762941836122929525914761360182805315465725489158821131240257970034143142903026075065861496312468797937277675924400640925030332722888290203505170275421279603677382499795677227241739044023967 -0.4947323227683425401990728277220649796337983751376276062671172692796310786646367538443956391958649724933602448959160789668319017978185049432799245833779316917105227968623136421747490669769933318841696295571856410590433712 -0.2952314674139283259434862463159971433857056566023988463423038749818245917279372406893325005257938776382821081877054196007694302611536412608122346179769530426992717677099020825334506623408556595474791843807801146367923979 -0.2813834863401411315222878248649370985978354042360454001641073776499259684060036048976366577490916924519857213882809352358142125489007934231789199188864666641464167627339053546228641367786159623934993434636442545021060174 -0.2098760383182319341807758254506910449397174748770229932233906470769842914872210351148836207268597447500696704135064984224314691426889017273755128336917889431360186424240945106771715438676024472835896055109001260452121945 -0.3011300864434067535202001197971313331011357664292704354782266284465265306398487128050754249133147153587509330715420555160087611727943806020773275241908513699977793170982219132296594619969181350541649600809865599095199506 0.05024896299814105020796620781412054761614843319072116600242390848735115687420837967150914719747834960239830392416599285489514888799428711701766373736375916330896491117815767103231455111366203732090261584602888994074467950 0.003875062424296677183837856905672685819246145406048030399010980601935733747022682202581222080222288430276497355432458919883515376485239789477166208212631653232297803268828326336507412510793685481800678332745841709736499334 -0.3090870851918925662799635315114963738802139102077125312651117691986704516822745387754015830064615091430072452913350170703793140347472596740013269069394815840461049901039466950805711524499702726164422430037149600222318288 -0.07805923110232097661511527327800946214480900415111528433302251307835814812834162095491840205940770178147562438916735786971077634628959396250313907456150087530408924442183896029980656547848247106422833876193485124869484845 -0.002129336791497014473712521479786920208796831027221787412050370326875088771827720535902580283177558668887500249290312362118565891544909361827373221629318388510248096805544846668082968492882211070984495313816564403135241105 -7.126707932081705902144778421890152114979886743427569691391190613538742711725702627248694909025953406538237660263181108747200071385964321888839117182394678436560671192826086908471125189149248779446893613269393099437834505e-6 -1.115784979764022912542326103661678209950062319217987472273531662779376676204349186310922184290447767687160328142680800205949928443581477661862800451799313860089767684883219974122798118210061970262392067466358061188486292e-9
G 14 -0.4350042928665250417320501148815383941324632930519770975375651039974582835123295603510129998117338597568793585377745066936558467690857444874040432044594960181408126936649836390226293699683371163682296872325197941989920437 -0.9295537885039378749490210738740106632013655858503974782517281720707518371798063148746166764040806261776608059909743587683629841380467692194842292918508900599372785852176651868848238115060334648511540578708889427948206922 -0.2453142805319966368208354185801670375092545628637677324945534597350779274476786695549303416241850357765392492194742003941628316837540131791485991553946555961965917154215168114423405577939793660201059944794727167353137014 -0.6611283953768213237152528020655750407172743652214389678162776972505108143183565999138306619970465428514337667556007943314296779315703777162747897625852391732440668916344484806133410765042600925826854094423167315713096136 -0.2494490483644971180353535175667152723260008632108951320090607633783103632613453485685284537875978028702828068039364531777541977008576181671398612745361023630215958679094736540544947274925918678955896384435936306506282430 0.07135244598654531566678942821082045846340840048597748970641999029432019293083126443776414094931138565347723571488637861409153966214078860651862082430933637943479141722175114632190739837498345159601786453635374535104176414 -0.2104735128993564392127671914428576393195903443660262676011746222373138496500101320519874820822006960859797527971489143346887075729700330313537459207229748608232336508673573369856859310319190954737668891130913445536449251 -0.2351078262414641782201402127677855320028167861395879703121213482264007861679242448647805678341644643313475012131632903752847375332110007341294643688225243754579793852839709307069070445156980745217791797237913896280032536 -0.04179903140728867135004816514259993505304437450376258790329297785992018735289778799003429110135593086119288927633060078915522799200522846854501526813852702276168668178731504359275010882433456359042992330029950380938609824 -0.3446886412400708459685803542835096544755593148718482166567563188617655868908286378475133848075247387376800574278752907441012913012408942946871714229593678471434080247679443204774575715306721427454952956096781896896713852 -0.001841793472544467653118062134187750640140961451309628588913736433766802758982833209325784020273373735740185509832360752155297196394716476972869869448843834077737245932072437142737467228442337415785043219531490046302319687 -0.2451106656694894401749823279099570709581080123740005207702935654887401048391235625140941077327561376948852572078984043709659567655055126840619325530804766293521820122791098546876028009689526370519090437541053088157453207 0.2098611856232322104285880286179706692547693868954847538471555715915427210701559147873551347702170731588491542101298052586890222359327827233887053774210094698718683919147613903479031747723925368481141909068192641532830635 -0.3249500710522490295237891416261687468422569997524069794721409915183144764477870378501716732557867926498440468532542594746243370908859749471782961250605250372293325059315277769093190921945042549318954623218203756786968981 -0.05535023645488739492700095303992617330445227035230010608035859351482550923432057290806806138635039157959897270347708030510230936805868629488300781652684637357710464222658187710791290608607602218562012388316376255754572754 -0.0006973417694362218099050934092391602097604650458187443712028028692006264135335632953383033043342898009719257100556137163450238636023463631906383409635166871603764405598433021043805450557100101816957263614132893055334802378 -3.918553311749949610029241663076958309509165454528960362670605844357775850370445733707175472826118862878642597294028115727089410530557998941381161085662548103706132727729800442113729025508779439789699000927410041402446351e-7
G 15 -0.7425443742069828431789287357826414112394575679866222065250051339093929440472434212786587566281564923207290145387817125945661711578854240026272000078138804135559944468845652872766236877943836662795183068964827595063302445 -0.4242277381124402888082431859476139528827960036743815447518846950780906777867174342368734500134419814628084523499791922950040001072188807554208013493245968566656927579072132707012014360311684048182802501596767691896503925 -0.4282539093482039112834839977545823776316359911891888060862392501110772454727554563192480222816549236053735947405104967977837867355859305225435266571072791813825716004241634656589599226366102726146927822140178510607741350 -0.4254047054403201163630871703787698934461008141833981622444386670788651907419671155127708652651293137749112391759630561491210668341863790129017647585980652408096840585064281102298082114142561154811178122585724096594357482 -0.1106063113090934601002050873030700231274883812175634315289535258032750327390853053213360767986635779640151914334293925148435503520990260103253038458524122024669545464095442751278193304604712727260492911267332148977898867 -0.3013957198315287818229897627699575010586593217230425453381695999861830415262110075484252262142639155063219180847005597353325542097480590540699125627887323667633942927632210036670798514903082314117012054896989520151332851 -0.2112873151755278613640654468326745650589734429125818122333909711568403294299886037811597240427277962371303178129541668948933338110194059044727423803165682850959213668881064434225805638965928129557561123335044215730049712 -0.2835230641667157902478998818467933640888393130297132520022219832698697768235745899269654996599813957562753435879438753613970134495033879179020052507146480893540619754515305208559304680601849979576284134285669584405084736 -0.2076930281229239852298223014019861559367682486620978130323461896648928398539120485908342483246996186231097898601257012040340518718565304635351236989826104366378609322632079365413861415441190515717719270869902362931915120 -0.3348768619988086389509870060315105001865494120945776379640571696937309005397766131909164134503706019847507976869707880981935485257832134013139757297769231526526965329817816641347288638084353863754929708824436981517617414 -0.03716928230120069175952101060776999980194644102531733678446523637628899461029343610277906453959632241147250597669887209673557473879414181703382000068341588721850364068889638337945395314023598040232312475482161317731889488 -0.3096586631895886582146889670689604783911754562678384838141359865091796747422799828059338997385268697009898302014378241378798551247542107600643070435818380957734044657969009136084856057929923340756244092912683880698635176 -0.03179748294909472505391528378415983372324620152670563037276546377109421893929282930585651401432510501648831698224683609745976373420052507295642366162780810017234735684057002916944875288165830525003662591681157320873703111 0.1379764324219611495394746895919237209379440601696516914678747373767491986117209072768504906807465724508373966091982076026401364057000080023549670227516839741715464577506740481445774984233502182783161297861029745538179827 -0.2995383066180100256765813114766426501149720344957529635350808110374363371470048026829009142896325975856842913390192924092062875754100860518611197926571611707081704673937434872419896649945060817239518539454830999397728738 -0.02415348022818866910868083413139732422340863264383846833531537843776723955848830370208017662874933531209409927853586870857991007447484870599918708593638781841617984127618801284224595618159761650307491411944338808371120165 -6.255181444291379820264247080990559150894090908422599050236465185838031761528380190713442053667849471895591513684413030392352740125437929529210261347915485215866407129946267487086908556108009474935364122324384645353181429e-5
G 16 -0.6648657669816144128406844957291484017481883348320103800993140091114495111104472324220034280451603565611767604752257551326170599288735327364373600986148167308842993029910618472235966785079382712912911716025746199002070841 -0.6298132361539508146459306932911967363366651612449302489110602728630474027658957789044420203489609280103647762460483649199570547438422446086449590697362268882073322873725701323869786307386818564445932782844729317949925533 -0.1251904302406830463967155655564649466099101028838967478063197704683936859513883589965053530657036861243426324731968605829270704676029384261953665248335934993289858653831635135555208182831343575529691644398023346484257649 -0.4701658756276918864431299295800952446788832457211153409265006583224218413003687134126676031361639506394331608513125495693067381801473564077061167802374796133215526983817434876285408500578382569751277083135402491831358174 -0.2965184367991306676670060878991356236481485666038702000852349510833274447958616273371095302342654916888872458832649837842516019595045736360880562242063798914027876643826764289484516886197802145707680341315794939327760420 -0.4734536521365885643842477932484885730850795937349993869500608367491302272120666030649431432170988338324978112113928361250538950448347767992760563303936643162059032925922110213536262369788885162740601224921328653738196015 0.1337210506720533521466508026774044274015863083609838312680853934228694761412280159148174790351779219933456722190734367155693810064827225235101050458768375686643380693620271712431133530198525573477618207087155959674638847 -0.08013636686622543072602914928774923596980428725284894536938833576196013661368682034170768998281581147806697087748543650239643341801511006732412410143149341996850610103799115318897320872193486583875820042500820933538726343 -0.1535317424829995036367956121546082567581394632997997625987511754530680644403288256025432779603967377666619219546247990304779676991270062827224586522320763038098810151009382164352260678786941594924483181087998986362524849 -0.3660884754708411531420172676506133997604758985593275579281205839292928581309275658526016604209104325702087196819697652695684477067058735425839109030145404855421293607350763642750016487779410296195658732018073808014971719 -0.1647832149588385505404784072533678192022860008371279903240688339830399203999599897482602525121855068698093594306278787943228756694741880190935317473587229398797513156296364943918393762296498623327033868643954298051627385 -0.3400883705075124662451273659110690415949448285645007959692493150778250209644332398965257026875947732288248968048726187257260839721396062555511037451918884277973795561279924845974216280570459871388161474151026470335219078 -0.1721205467349732450229704621625765289328346296077518648601334867257779197745717012274161574467885835247697484296091171517582793843216254579894811542571731601032403570185032039161533275619781382518286943277784628426711984 -0.09591241444430075930871926415116016189067365152252015895394139947809936774490560139228782117348095753297754628906615849976773758963236611361131086759019632159156428822698414591266825301919242083327089163991458251233912041 0.07633610566789650679665158582840248162002725387846425021621749657032817291103553569127889301878278748431971438176819829254981428451990553172641141289952459862428081942464616088028381916567621279215845645553153350966935998 -0.2650860677043592560559665302667931379472095447685125133544123023539021431400530294490087113016190851537040650701113645396281253927418356842257371631598720379194101038431161378900737985143757920577765842314738371800126894 -0.005176501482732569128904879589946411149443068420720841528561027149802489780966045782833884207594098913064354680839778929472064806518405828150825168394104348386519142002234497416693896859114229453208051748382196370219770901
G 17 -0.7590000624595371117588321161667417956804512996473065310006189460600292845128328454802775001794553204170753156428014562621001321892572386540873629378205526208594686421746804956090061425830487611208657409886385328919287135 -0.4797878436718762010330236169587892724914852348172327170383042760216751542094642471399780597565947316691759939262598866658299065521008513082930009430472172168256726520110591552889153176870366210805583096553852359853745946 -0.4472813420694708711467132260334294164623706796505040453153132069751864222868777863375383670186903897457522117067766362258492317462322948677485029795074567914565223895694422587726262233927993097184829371479472575773089422 -0.3750508478864643353678435007376043122584189915246836316545467430790210148787079333616748180480613575387243458398931029391378172097692412884870799206434448721985069033074255760162467314340884697765086774377434909630065532 -0.1831194862379274769418277849363296760909780490648603543465568911825836933183336380538446866047049472774023385887561598139560241141480375745539544279273767891658523286572053335506513487140057224824902200371945785174587203 -0.3858047057147584586581642604818045428992650168757048198431166738909176412331314360686432292382060219121008856901589791980856859822664590184462421993638114722169891275842486627204657368981632837800695738177035275795920846 -0.2700756233744354957069034722021071246814575804123159052828667657397140578961513690451978048310911896153428576413367593396467424008262541143307119106526367321717511565617293962012670233184688324974847856853107675696267120 -0.05842862421849560299838483512861938602775769703785867181654802428098275312961411937427292989340767373239666055739435676504954992688723112118740584311638868849583592787949157757012742052136122359940374338638857776500626949 0.07696361533730118576087800813440364164859903663760545552358054800315146376617506800177524647762136422314678107241108463021482754509716607939587438426778775222666114225723280298390126135164661666519504096793005856677962759 -0.2822243813171104192044094040328277707077539507838381086349943084110403547508245888782811338475562592926020056486009960396527253028541177041550375859685295638411233993298775559953722974443284867622344931393717496524395401 -0.08034723867987065886123548131043863401397285713472094374501632113135738502980347973355550522394060986299015168284385792317550990206887518656033920437575145510866919295223299269443740215922946754132486331085410804251393016 -0.2808885339405020433279957780605082570717533047211980590690850406750891287979140267225245062229918889630852002337022456105271238245767593859151417715111581554421809712071745896968114352159424542380550849340594083983765178 -0.1097209638929417852712368957395615563821299920552717399967171621729550718502824762537938342057012782456363512954167734607104043847496207124822490230411556185038374711590344949416964106463311882847393459232709491651239675 -0.1449826198270006451015340952104666375245781158549922346280632206583744657601050520334104579979156240171386462721034215738302184854915743363448848500953262613453292337038687698788174960485755360936223584749361327822312326 -0.1179964821791471427337002579598175360928959224383118453556279428125189980370936903281250630474226496130625572028659252650833838527356422707862016824849021421552537565745721286186844067247082322426597892870143135585774754 -0.2439327294240264428398255781318282992014327495759429054005986340865108507394788655517869956706751910867661010746745039046407060023861789560383919737772286883684446880449474583192024008944370603242493740558495600345771294 -0.1196283959491317961501142751850236992034923386720879575099940238877416724448904386229174237316683727470701414056393260233680390896891318340469743879395594464581911172792052317294047855339822700510799163128575630445628793
G 18 -0.9168825118079920943725483890236660281613510404012420483917837897392423618446385215517486920657171597676167257066620651246496554999241111741508150261727876641523157818038168720475145837702947603013202754033803643834825845 -0.7427311746132383992767191623783046433065535155215164476709071925456667893865797172887787801324312595076370136983777938398330019149303858776439800772031294764108061428250126480467681538530972899926662694713298148924139469 -0.3783705719807716378740218872452857027283766874981798708713640473866002951971281533629076327653519712712553578698988222760135165213363249824198815036466041861042588884876992978770970882032100258768585437418537951758403712 -0.4645220290183032394571884979259570089232116339849108899532425895234360176152739440744040813149497085422927708691432666142773911136385842875830931940262465222816782956848386370910712461174188936050653106306158871122439214 -0.3396187111066212199838684815742999324951519924527609173185466226061428439786197352800340884972394147052033090790220085055664015714538832142105620162564803456506992762933355819105491313988827537886694307168709163556041660 -0.4424531250147474111523489396904021732722171969013771746987094844387221013427344473380464091866993459841128324213038130197884765226056184259961356135511417323469779013982120943585700275092332696819759456695358473131971032 -0.2641260351822119806325471697746472056338656686664702303529188769747413553558898314501512901606501438728588586252086156230964161816092845572130229033626830476159751170177977434060702792700020090411164001623245406815292424 -0.2780430036010366547488604684796738667627285921485183831543669133590700904557167754585295017240498489032978436977865190310883851850687988534074771833253950510493626217993912131560517442413545778374352415757756439856627481 -0.09420106312399885194385935725962439481633143442395361187662974921220567107925199199702991131272193650074317768575660613069472382359016726109777585585814436428158354316371683910276228914478432527675999568477648767300055874 -0.07601640877035419295659539002717230638927837381561067425325777496753468346895737931192644591715361245716812667934774194662560985059398224204615762829477954406725481661765937105802941271991558810387755677947131272244635010 -0.09566895610209625244057866460724446560967435418844243928769269122201688577237214980695271629598616105940742439095400368211438770152239977769314215522154642328836684926183981176355630129283894760830265099334017118505515322 -0.2828045447132079170331018348674221449437652146775032786830871170606246388244432649293737858284663693912242490498533236216421459963057283567062136664999146202758636182865572982290180210588080870551521845123563067347262288 -0.2171478472191696651898482509746198168138084154952449021855781045165876925087713832831114254829069399835788949712384099436179265344917449127884878299950845786616099741279894279341166739594874562698879714105187435527820979 -0.1877041289588977067045477990371708526391126493991472892419749239379658799714469824690112393951639884109944933944994619408265833855851362969439432128057047042848806049964347007684275982859386938695317964077434144478726432 -0.1954814398589128342275350724183413027826946217399976196002002820199478654923494986526639049381074152234090881165566488719502925555319389525324585996057689461204323669697749990026412684668607738994956621686202086007370468 -0.3037618308946638203167467238500975653746240274091109400963063791161118086719017890609612300611736348116448890289177763566605794125473595558333741078773907875668509973910024464294643484523746146838587389080961376280464518 -0.2251187586688323883182022996251821623389708390304945680364139765243964936901940834882768076177281646461324800276625102026846184379718858021969562293892618011519025179501454760807475030238950834726592999289037013296787797
G 19 -1.316552706951217867111542970818030347782152386041899126889439571544759802499804874732156551644917488292567571647296023758988374184250979066998974370371787754837113324216284751196665247595719512243686972552088991915639095 -0.9149547003252836928166114819611692460305337815062306459288513544735372132024486158404985344216842815856794294584046319587955656952722955507843119260044847722465166207396520772575574462458557329147298726169571739572964368 -0.7500946966082892784399898381192404163483333267113038230855603131358269534079972862751259605082095274887267399532428340789301873829969992219623495312095003348518841842947199461331346251590014252117864149970816638577602101 -0.8250219942492865780284534460015001195230448951001357559601575183021363264375427398156558565567172656785622319857432185079446564233464868355917281482601980710640734927462771428241344355060514837376288527618942744385682728 -0.3741326503759549058654723797900936974367592522086759790194261173910467889945382964197440783497887317595009311380079028692403981270858102210054590871832316377368974486057961431350556731500374639522329482264289333212815511 -0.4167383189658729195119209204214488387915231194928694908080162656966985667203819105310381008515725455535351056902853829268636527480740530955502841611482550473343552289372543922338680261613358868908186034800595402695783313 -0.1924847976557455056953702979670427703769865382811332327704478282273454070120543762874080828309130381175068811137689750597959039128439656951619703955816064355316441007561986300025620283129477823171138579746730811150237977 -0.03257166070079623092837582417110787758097750017002856440845490542076000883776302582117000137850954023481560168268410645958258034772000029453865350618949778919257542260985620016658444061470438008963181841490316490245738502 -0.2760969001551091841072662303962252178782684456843737295512629543984511644930243322483873925178482946476138916793386728216051178999777127549567748939150741597013022656263404368487288471362166251759645727100892539181821302 -0.04944051924607592839091232683797633943466220997287985368369806399802895288855703331870852433197445386334111005324129303381791912737976591577549816217293085252268521291712871178227891233161115402523244580934669505612923611 0.01975313676778714113921704784842413440628962373822541992166262936494460083134692980562728606989880452578392221200375149793485039067107881385598003727203398784402780904068760316186244954157096968106400134870684082706094082 0.03001786726258275027554698463986476235674802798304425212080660271205118164048471324236630706443785644119793182214889513736505388694473632514752572949471694184179250747499947590269540066013777765446301935626639358009414924 -0.1282748841559598714188875577180646002345948616699050463845288285616913909174922999181161006521308612302072721742686021328990120615880527727061949806992290160827634596613732832869958723841821525274599796034765177610785192 -0.04098485465189024594377044696966118024443280024072779024022688559528452198258504987108867834323991359713399231161980760832780673153095320001569082355602426193395567238672402517971517339315875938338036079187545016363829968 0.02388112317687730110513813879125964549575374003966433647040398055572772648918248315152711416415630253872723236636485863222601764583748275039522493415420986215768029909715174677688387876942878667277653883777419998786429337 0.01499641985593356985406417101518185438988974490816253583615470182070284055686482257136007463783415858662246075471399230343042237320596331127894353973195223490213271617905253448263102363151381728188077106575023724132423582 0.01637712392256968578416740125192132713235902192226234987576899025310341636298830045488976141354868643658011828684578185886748722491412554616505170534672655376981398575511928213252965431543896462980679022937579732817206018
G 20 -1.073824361185086749352460620871718021007588701634956080794429505200617507348460085074432699253126781936764669543852140681711287703572851960955599009534558103706596102825622305650435242717125461467259905759081831925525649 -0.6121824958882153043214449282260980628815143588758512467209305830723804835713977499303160728860300118206298610826733721842867599265281475990699083467777456322996378877104474971671474658163307059241751081127486807840761345 -0.5565654239121560068129387934346397478765780179697461486840340289434157101106839538157457196111392567417229996103167740115300953606610946076926788118400520831306207707971354585680018585498755816029469190402909616569463101 -0.3610962263558567230957565099229447259194625006632929448156079098766988367712467673217157697190788624193241743014221384425153389256806274369635900236973592317489909020140852028479044020301896248615773043661993824566310289 -0.2945412521876194199777897399906779276579830525743590209145730835065366893350276922782806570567804013479421680696691284085301580198469138439650225097574526228359144113526961428834376454363381007456046722589944679439164487 -0.5145675170173798088195830450752534567547321732659299536696196185356330871068625906412087512079456517994475740832363588006846636005843562022438909927673958833514913889129777309550182321837165928103138562044459762684561468 -0.2288545276610262845193321578147906920390318859653287916896091904458151097652954798939943573879651745626037104208596650310300732949453109285875719033285334461290753727171582941429711758669198146952530188954090478276185995 0.03479725188752862744169906552305620560507497933140572239436778969462614509115796996086776840381671381794550550196788890727683666662334000060036807107164773176209310744448744305294513127490879176953330789621935361527545772 0.003084818292591697681389436395216212612751693633494328111483470268705211254004354410112215479689224909542226551425857408705342768894071769366538423808364268568199111045828611993744769426452937118339358605861191991524542214 -0.1220799652958021012118841646948693036296911814480828938294099038038246126588443593584119188209200278245229260948131577599433273280288948494633897382235642920027819260653907494049141129821006829248918151854987178869158576 -0.02439694552102432249685814450292671852892965440866892607963049502918651204693417215603764328422948962666630949534864828472199968882208319431587579486402757097257874142050574708413313158313508703186410276697573180854435121 -0.02517344739122159247355172456079105120329189903644246950185588119647514184863642091332582704409558794638007842134947176642027310880564284265572696245115503113511817512702727884389106343838892489946405078841710793427684411 0.03265081688462753232349109771792009805333210814805623806811656978747981723147454201798535043827769400070348028635163598940768630492950089548061031973100835612767904278116595338743957730653994058458455796570159859809966094 -0.009043990745481149024192454777953710138452171149839795642747957132313431337367734974374205742875023305551702790851773007625142027247270381206615914069770917118787306192518356460476353729215573970702043308892720201548762847 -0.003459284752916248836832330981829204796275755407226859866457015290668926076363824434460471655465213661016738459294086273426281202909194586107626973320633948636187892625741270065147367624568152547126959285223813212587741591 0.004693740343834447025847023825114310222641091979112404996002498647814361606001019913399125253653296466068634804655863976972615779628284796456246890059905429658320948194533933534543076811652372928368245261767228405340492266 0.005381292681600860770844660759151700185908576135474955585363285358065077907885372163040284240148271948486125273953242907451162597916370365910751194138387491190485466504232610528281655083537612894191715864549613314542433807
G 21 -0.8488292615193907287679701774878621789891756275136831679768153156004168781378930489262259187068789943290358404057709653656473767783216200075554989549280291561867003810987547335445437731139077070859631697303940579639979869 -1.074492553162815004853354680358757436295438179977510992604650628179765666016256048497201145187755924468270937443987686639074920676939313589140899450830681706302588715071844239593785272258646482640893229153322506042872068 0.1080272473518061869985420613477693724739216277013779766110220853943559231448265260188171666447210218307446738611713338960541879709698249632300270576147048879368236575196808836645126397629149804955814514676782273913774259 -0.3262876344247861271116453377884830179172168370706179523811192988512223225682727865257559202161367028125030652405201468231097127139295807091628888462978683424553299162310553566680535441399498454744974474429301843458571994 -0.3160918390190038708221435432641149434769191825755475271661580766954234856276521078809904357945150635997563658828847166172618701548442765646380724203280411079770401223134388468275802827874277159779892528949925032323932159 -0.5580453718576354511417858695352537945586518649078618522093841854954683476531766700465016152738479576978186287364544260866857460022990018459536532624831732005686534794433442705055199722257041705552541537929708228752252899 0.2854928334403959165072004651585415406293557499368433980300199673965626266439947708356514847687898050316805603273360635447073817292599933065696614666009252608397685801647897022848411599658737550855070311886687905444773148 -0.5781221245521330941614281570780100463391173650206366878128517903521110122355997737032494769952332452283758453119907834567943689919793816520477970612958943249424114969044992559058007483446764937139125028607422203516832062 -0.4414286231968087745574460053169180438884178786439736957682015263090934333674220467981610402579533791272842879744788408332336249090778276248770505171055855724758275309395804102741074826881178979038806826699074135232421856 -0.4806661184698656305355750654856860871903208365293832058333805096962563269621476827675458754558445619709425308817862990435471154558355690668374046111121690525179628965406524366909481180114505978854806066657703337871974151 0.2012453022941658616232447715603138672553174520286539218044293122795416563505825082794160491508189753115407932947545689918364498959424985086998546177161009540764989864909692244220228295760815548376891341879168523633006519 -0.02203653368296530454525889953814248529705716901661901604214667911649662128758899247218618197118975815523133568905854543910370002041078724376720513797969109963107650460109762792077263190475199173264823957939473868772428958 0.06357873523635587682321173082221695753267618465994143307859200202870788004153990390377421974419987031234877898053774463615658036737708921637137061825959080964143352552426370228098141647521805570989911920456968836538305604 -0.1048598630787264298763508614711582031720951221140540891442145630002524016716377071812599304410704138018599330951086160889156712893814467230944211563671771047157444163360246938101616066443062069971657294480509545433208321 0.01535230420859362719362035063353903760515500766253338370518606098702333092849721276512910286896677853975639962209687928349415309981566670125878526122213844249985505214896437330014434914306912843657846881208798406300319550 0.01563102707142061997751297881846462997081944294220270367636232634165237924264379521823421604374835818893265908985770929544904474491460853752269452314203311261887991166263769357751106215990239023475540923808213773635377015 0.0004206058138098069090001152689232402123145121531733826933268388604702409409189927815701745103356275122234560938891851292342445011404861877023322826519656455797515639100972113730040671554607348988994869894682858113781289077
G 22 -0.2238233329459546650525973847977728193781583480053082111934389730879573987646265658542764662923459431744549115459971218406848795235385090213920647161093696930071460382625824377292194434477654841751821453531226119500760290 -0.7502525312089188743340911410917170623535119310502129496901121333524473584029948208369752051175764342845436378166772890167523116269850188885270473888615169096407015311837434040458005426665473740572042335904655217097854823 0.3096617655791936015777773842919976572279991859965577587488114788618627686533300169362823250565621872026051252464482982742306631606268285331018622750823901205171121059816782632365987844040000129847531009865333532013497420 -0.4126498023949680984348693252167974093487360112242058861896785944060485757397625390107796159236162897256568080550709063981065255006279682099219976227032807519364616576228601753773345410192856076707722841203502052318946949 0.06447120238380661095325237048023117830916226553083596230700713264339041409186079878105466880399158804112618022379420319151762048152031112098163418378010844474720437181946670575060158795149167115179049766257029757040242052 -0.6376595441505399340462452307557376473628358748960111338433074975549947408272513459311467029539257851829914760701020165772389494538015765483279517089221294029398089823950166155402406467986554143659862511456049795677002974 -0.3073134783329645068986827115104502422909461181140438204413782746922097143488803174243435110714103075117200974545541518366093618586135260612050470081757104090408680606255422186102941777773752695004413902885343794657688518 -0.5748179278543211979788214819309209074139059150934410001831847801970123147172410555599073757518371281598764282773852013368274738378652668111121469825048926679127477737154737012386390371833813489732197516945490321899162762 0.3478344495575205816353774737020960967415385007550402711378066638488466302472458145581108231249557760491051481561812591156933846345992374583614108886958248433672535759165169648591725153002984795215028084654413968606472153 -0.3837356346732884492948942231951537673949378446592839888521660626593373863195157789034691852675037310011633602633965941065443617726668811353844145137866726897371238288943297616027305340154204371697472422507695136263341019 0.3118072238347320743399934801504320192929370188875208801462990365094149002959268148565882628586230013612896173020040567406549653135780312778173723370984247758758610454878186688659382556001157926273124070413945856824246392 0.01447622653078143035007761731622967766701502315708658135395838183143175859058098610732783976605726128936249083291394461173302946491383068563704200282724021258476355991203675555065743455039496971557424667381502910966962930 -0.1009095423248093234827100306986540753438823600529993464409051394128389506492602256799360990691934984584611686174404748318870388170509275732079723786524766660079802996429110775037374058953008065438405662565554821182316432 -0.03637401723056449542472451993536358455809296532561150949106741112908850058589549154537685905021852562668285595139898295610253750882182488826768303769589817528405662558230823947061775319638482703849048334951333793389971792 -0.1019738660143655906293606078072810835231560683655685977357757912108502394298930887926972483517878000847495364859587318729160344791076628152974903630936669049781724594667630534913809299172993963660725696684478068557550953 -0.1198420547969193602268100163222728836777936465844712252132874876215967173775063730955560841413211229652116415214652920887654152487820884448036577306813398887170904242671318306720045219218744542802283676622029468593620341 -0.06557870422315451456694261138228490236175129802258556341469908883840740452403583252816931384446929471518498668549441444323576536699363485810471948552953820793576605679805238567638124143528292863227676339102044312212153494
G 23 1.243700159812294531167728655383592699338155422628999923366531139098509389823132010824496153270562620792807788293878446837826486888656041680338483510135527635035590016859973702905939401346361856273969003998819918121844870 0.5216369588975618050330649256204092988913520508702207066450636701263217083283122611989136101261559809182428493334953068082287937978170230318025517425285871187133078738022789785772907815407359615886588138426402303263953899 -0.7364561524964089328782370833376574876976579140551457274290395908626330842324659055080403451983735212132897832451141600321893912550512271608107459620929195851519455433796802780307925150239910363504361223464818322125387688 0.8756787926241555222584165055820738029085334817017156049528299912395031033432680704386996934356220139594986689255298562861629898065475745597898218585316580886770645606234748559946788085353660078439935492122648806535292985 -0.3393135696728545663105447908175662566004408617525458547324089339886091719604935329731748007672827213818628841001489407609799796906798610675694397390569727410980988343214038103114832892995444408488109564268139852915577072 0.7109404735491837866643353776411485384375601166337222065635719251701874816931882879442609769918855078553783160057235078708459531095486727310408356617240926190263566724857021146534128737325563294429778311232547594649540621 0.5223548975315167928721153938642439262523936278044941268223837714002657315132670301172725892247207170790561579025228581991122130099182909094313248668338683044600130066116131489264150937030190449780022436797444143308011004 0.3677016545955195828161859632403620416421255761843647769559370944332963534774282709556545500558053259156771311058594280968521889914770927033000141025312897118597408895330388704770055455954997396308768109219790782922753525 -0.4867056222247028614725079202986037995409116743613958550509460451307114382831371822003291195263935791170164090250963154026818373167396153829528363431018134354614848387501782916818481105899412230370931607036748660997101015 0.4077457564087975590147970777321906919616860107478297505856817130250108650605155175823219743478922452544102863661525041866587903589412465915547824258470975529090048555111542970880497532319746203759592633993427363149334882 0.03858424745289703840485880908692618636627669696745444321266256527015727374291399845782312282325092969909389748006564516928621000219873021271459715131191146257717889566269314450428203185118112329667513644721156323698997202 -0.2517633402755906187575691611137161895151958479700015165346182416576991081660246128292151070583166587406296510834540259537761287152343441583829772508262889441892002861499463804580092042608879754384744134183728373104647082 -0.2097680996077442980943318779370109798308258304946730667244582102690602253498680589622622297414661148693608492166167894525940762247552451903657264321083898224388966710951073084193032383758818106460101708222564415000601954 -0.1381110059500095591254526042662190299682943896667243966737924284944226349339526770465382247054583965128812855121281006766839004742029785673517661989262441087774257987757670752712178420284294354535621496569762018506188146 -0.08656711622650730117405311470786246923252198041209226047928129958176603871274072708625777525640105008879010752082018761532840508552372732901087298478220862034759683375175940982746589669900801599833564510742612992035879967 -0.02187996616996886115612714088426588414838136436347444869141346938433867713384298028926251117054383992023705544401274252022138948107155418149543702922646895712745472403111404990830165361944859426379657188887176526712579929 0.009876543156540435446610213029650252793006252083756957486748764445910801783734371457403463730998043858706784682406674974024563792905656012888731042867313088494944842417771613732411676068131606171107459545096204884026002759
G 24 0.2270096601332171058231233789296767088206654450934048791096032575654907661000487047489405922770011981964211688213037765929516496075271217320246254497096386633835484188993138669891413431463683877505063355255558789387733307 -0.5524705604070414798845151027676460437825343120460327085571376840285308459973666627944085889000175693584174260330518770292549464770610225214547945745584055149997748437619873314298484825720728645470011612441313277389830120 -0.04772713307955547993155855573294092290316828410844451463692450957729953423881086877111955836526038494241680547194484995687789767026427868648923445058687860554680572070716903066909530114315689260354476206140185769457643443 -0.4896013041268459152779409580605588409976018410024467784042379616694965829158009593667959848423401487242567793995200009285750793163020751273447024162141530485804490169133311479510621018147715188467278252830080322394035931 0.3384850976229429834481628934459812759336051337660019744389874892521360566945739936332031026084664481768792682752741264329904826879109666842650972633174171550427582552602881782228900700976006650800082954206271292764760807 -0.3756844721227570816733903993524744052410123741259379571581475765761426202201352342742175436869579237986425063949728274585388689370143856005492263902056801891396548733845620896861769078440684417589799381359635331501880638 -0.1414374769459288934886347918129443287727190476118661861826640619364747310103310382231496416885560645887279225596210701973352794179409975452387752029114809186400936188065693597576834935543072706282157805722158674144204084 -0.1552867205945747958379170828684819492720575499908066151308192649870995923382366737698247945118838134193456381322639229075931667178742103666305967542332500821794911199166133560970730642945884628565493593306770363200700970 0.02991202562536193750585451075496303738601331460808021086030717618392893784128797261617149530408054586037877949849972592068688705662866256351351865014449687409408485147956306222823671354499509073757785923117654642913500304 -0.1016533353245724780351130651711385643795289979845538761026744192368715587179233583710097953922410530645606299579786823497728589296675234494295363692051873716683962643742209104301881761955703207096387174717455631534863000 0.05293458754850236282541385942274987389616006657295637417550525675469134892411046491165971794871710523050218757588613905875800241268129736506502207633876259992245722505251464704102465213122700184444925063652651847604721556 -0.1599052128970730291372761205257197451173259516429438732326359338542633879396008619042274438105958506898722724945601790532636488445757413827579733076599777328783506450050253016041297914461903796012186766408553948920718509 0.2279978557597992089605500664737704863166130364648115705039949724555896265500591772354031323649022709742066930046543246232530062604115609564982436774263715544857625256342542733338616036662452218614809441019700480285527752 0.02865626675792886840702454123391796757927461024921374659069791810902225338804098119641935953876745436682551173489116012103558987130606067572577907100666064821778846206675145882911176531507919750577057849829270175750121613 -0.05855592358511771989824492901530322675722979798943465221403959837615798568428966888685321304012233953352856479217864483888663302699398002154795566094126843646956767579398785101397148098260336183098626866920636143375829074 -0.1772089702523779832349154070253148799425522532702649733782939104758699108892889937005160606868165870079340592160698968597752520404110986661265159752458421137475772714382782773684840737429477135850904734878279381237297320 -0.05198514722703589514181822879750948980554805511095988710564678111787800409041517879763745213444420846108812000080250526466409201304921136236162031961583828505809318918191123298748695533396564152843816208258473921464339872
G 25 0.06681581473105018537296705679810580407194107849602972725848224400360610478561657802975877385145452514779166878796917797367030078143711308521747631526134062241033962581548454821501915020278413579295850114266719619329414236 -0.4209908332342041543042653379431683711527568562090586178500866602975034467439486369777958560221665705996815761316880156258813910016092276835172761309304250227748783349230316050025563238553239474749397115923366812948867054 -0.1659774093312547492670925836267081389214276850749665556101863677072581447480930632575239430308828019796559787254474845516093040675739804286478335324675233162795169087496293186094820502288587990265047991606468296857132851 -0.4528793598473365298981909819785411860788576711928319221378507702250572428176921465406818464038672864037880999480516044271559498805759599319036835469534009949028269178928658042326964286600306535938247658076447103911378139 0.3162075250757082309189656727185279997644236015375532070450100541366446764836670812048662693815811433475410729134429106278814715079811928093156492161701527330426155031478882280604720639812930228777916140693028094844954586 -0.2206809225087964095341797610676450158229675514139018168109588924937162021330044897030946334581063121674594063944486947275443643352887072750363782694257789549844920845245905305893814562802499522152591290804433202249730217 -0.1606133529677131647305045337541438662653272028986304326836080400311856444947380453289849400300742036952435456529821060338245643811595326541543447222337882000155692429403676255105730867610954563860113151475774658758180440 -0.2091293773592514343043202199655231990679888465439918845195779189303765182535241406821611461049361742333285346378357121070911144147816800873673402004956971483471981961475240745109327584323247345610127951472910444708081176 0.03618381917847980036025994252681214718868125521421132972186835393999913461013984625781082586910569765878486899201143757252661360873140333487876141315603479549603504704973101779982557911455316568177607671990450650581225913 -0.1841335683028130127034062719460620537796319300068792367295404534352182589820500456425196807374353133019243875562688541873888971682969627902468451201651715591228711269779870642269314968480650236002365153472408480099956743 0.2056235168102727396108968090640543899604151381343954775773069818895722119961374348618434905228007940474983883932965220255429012148522349163074060101872541233423743708538688654452778670245892493682856005167016262453800311 -0.3344546020563694523770066529691677446089791011929084432826343605382507174277624700160979530303960650990906262349834808889027301610175531562521864412603839098294106922043724499178352003197305594814475452045993356064591406 0.2538363943883517489956442602644534843104956869206775193838417691097864449415385172928836326949215961427043487251176947643439480503397856453278514085676396423168388786520112430777872965180807354569699199687940716278717428 0.2169537762290826520691304660249242899184292248216423185140312883233097374036366636922326572309028783603859590364450588862126622909306283909123388807187024796293932002526512086273283019636745218999268153876256865896957570 -0.01234056584662298879035958074437282706235455451882466712986873326263128884996345121883016239353797335607849437722179198664353310847196947617184679035427195002350951216431123172264780445823498071573403338068585180418373914 -0.08435902161213336705121156591866824266548872924174836185185939024857310736384876008842709520043632649168160295258436882534872550770828478860157000752779957131794826219811428329076141678708282053552591449524246778984013719 -0.06250519579045584978250029705639224177925870967606731569653625542281294537114994116243800553030901218529631674259303828227366377833549132051510448309176566670944076515838362824949940283772002628904277642427150970902782835
G 26 0.4571210853194757152634806297853311045449779000937721266775440499333189803996620465150384771740474318921050444838876140576597759782236591952723914303034172715838880715412693734534268281224422691510732369006787589549449484 0.5751636248653041936620079376422116505165519086590795710680692236318440649023237569459794272635110262718669453678495727385789631260740379872009852495438455010836380458941746760349552598729945088445165075859130892163424798 0.2206251287170540910244652551119126738274516768021666881347945102129332522756008764611833963325212009419909773643135297195415688924935047253360257224844410469554138448796987985050722125393993665902321993787189543026785123 0.6454298320856085160576854244703296663718564934354093377409588630430941166982473384861717639497910085843565567967175438972970851512434439355368502058450383866506344411230438520507189678311237689094038528044446347911381648 -0.3470306618768694166248518398261970285971366867719525961306522011562006872019688585261325646574862085790215851686290279461228445240591939630793770851521994027802263260309076103909833958015504110416428147012035185997344142 0.2366944848865775231662141892527492978245598227546391307245539439590180028710366181640911043390419668298771826620806788274426864841077857660982601389788447646324496176152307785529053681271363308328708828485291946103270516 -0.09975195250832331330220953605383842135822075050498421519744636487102129067641385677312510777206900730096403556901512794189220486831640369667731037240509777030902192908324536025156476056237341054128278085439973426379718676 0.2571476535907572139837751220499508196410393840323567721387008461425983012369813615973772680036182503041603116536814970282014741028934539894383424123946175677044470287450676643269748201205304264963935932661889642178851579 -0.2380483067307802799618930232949798171407438309971340226458310701721193889711265085371307795301891131672137577140003180389886701019838455785756738129299707394749977816144379746675539469165393166653714146249999926713896463 0.4094517794088537451703695893639446359702649236098418035177593106448798079974000428238028597080172352001774716439785237247958837678862380038624461975999142152048577075375601376600536994604289399213865533338167458132236674 -0.1395991177489595697867275420632570408014525885833282411847966517838377814804654229347119486869049032361219666392513382868602875085665866253668867187607270050928727220810338244804293490423987207603041923113096094370187803 0.1030655416280662658062784209387306605723164790483509824094569262141896825816834193917192173358918850190326183314075744213975342052711982449919587531585550544839752364484321523677689671387427714154703156646311874680070693 0.04954448898710313542253196487594604975980404911456046147446900493833347702474154700111041913684447174902453352653175928864673575331209024113250497516696143431143668175132634009221898046997047987525175261858722751687614532 -0.08934404088191728587584107326123467743522871018539048735599212245163219899661519313882645007164509105795931469489669640004659659102881389725593090882804521242885976376278879759525656654419126639024839816547379570399232477 0.1042658968103176222797325566830598259946246368368076489546483489043036823375719187916014669524870006449055497088209027033341249664711476800270633438007809567559240254935881659351937142193660400524213605639328969704717105 0.2895816303163871474485589948316324641013315601415354678163068054481951394407134532021283891599040374191947471279006895547375017657382911058771430453707229482870701997880652610698726396699259257398720292530051125321657065 0.06051115462489880800331649142926849183068915402299435278746573264817264396384305534153967838703198053783991473427397257777899913919894822425696581113282563253797184159689086960649753340494970353581742756952202346956697391
G 27 0.6867482255320068545038728537016455686230197559869189391443085040607084529663784848825629688797156290731452033097016559384322314707749420805277054203024408500490342842506221392658201371905241436636560523017190966475295910 0.7059888571195591779343886483456268173574475491156164145582877092812373581679875356052059777764720532168730808312501417993409002217451517576696011968030819557989664719799696335787988782274622654298608819847901121944763551 0.3601396307932784596966877484109646374581505552269257365911281793771732958443988521287460871716035828331302435099565651798880931571067801487532487132664169708959971980234810175099929955726737446792519269878294571540646381 0.2991625448324500510882262602751516468404677734473093456556205965221964087572499448140471347422522751590532412515837898365050447225401205311730804238693599204081700885069567116875326707761548512009418885886932367953972907 0.2051413195746702430107276881967071068191001586136754801088239595103668459115388395587793364453247872347239757600003390996556705304224869305971802057692671643567114541616125616907005918331046794894396227309611118325811039 0.3803314795195179799520518393075949849678719942239084849394506193597449975473251000885842536464404596706440210317924104578503029239361042917815180605219050699704156106043652641479871994124097468129675181387512589108831299 -0.5450066215760756431618179963471511581428565240161456203628124881212436240077919298521608202956540744330482385773341514447906958864391974118251053383520879778149956710167263339406820476508574613865400875728042257038318419 0.2295291956762354418549444909302777030374463616832558366170336502069521340730012935488142508428227141455428290656191876819881710938613007486708365087575666295838513899814452094565748745944863196055822129361287652614648163 0.3561008214801526924057230959127371984702730644911049165301436489735556742170998930418542367611925463248367857326939899199479025929472305250873638848703348005985933004012798128882763909132695198942084721026729962028639657 0.1047435020716234591515192139827525462096217314740054351094271635202851271974166272639619708669972354883935158874859612412590111845892107825504452661252114877043704962407199609626431912562875042121626468378293477381025509 -0.3253103097539729583774258401365695860966704136283192790824655547950881097659672469274052593351701099639799817185394549718777995126072233771411969823044242028122273004903298582250406147346890801637756757180899823540360777 0.2780807258660865707924300898034309047232204572082270606597105743121770811108109528385022630751825254984343343214335651417718537578026486536919179243111810281679633653777204713740703831039363351004330095968861364971675428 -0.2240453955036315006670625699459710409131580483706774892776662846619790217987488763542763153454865229319617015212679284455979590051107630736899674644355713947815836859152212018027535767903114567501764403231955287791971546 0.09864230329528675679204137157239399795285780320992878905158560702621779300812508775156731857171702279915836310190205464419034379309583976190912182667318062123051375532886514751483710402689113752354807918873471295415712020 0.06197271074180740357695854259690604855405973540797372339984717607119689047384597206471707183823664067314801276438805492607909949862479907561265512633383346744506009762262761750364657641415447537448177874950841274434015419 -0.04348245975683020710195743190737594197216206530586410200769505449444946817336121529993093938342620983829162434456146929274352229967794925500253693395080280446219294512872534222418293034226250944529673731370104131354795459 -0.07172589109318428209440539228369331562781799079102024662905330428149287255542482444870754857579094119557844880098309817677111615915041091044688949204970096155671962655631019018549928242404175281099967540996231824446962718
G 28 0.8205544725333251876529774722263286900485085222717121716547437540056909779347873040862240468074916236896059819110204175497377848120027746629982632273390639024661872671229281654235389853208764915167518860348485158690507957 -0.5831877412642462729812384833688506211973328194456831784963029314286804577722952311413422692088036706838977972720973225762388714551114289039040790477620258606757536913331026356839873473377200163503972088889990724377646952 -0.4424650721904605762505369034335514595717011032671948585052915411380966110810490076105465102685520302731761462691067871712958447469012014127338850878225936988265175794245874852854128013288725028802710655410766888386751534 -0.5824948889475785391451349000261840648711476229344222269248527670835251109342748169862300994906700313939543732945632737164402177180670307144011851843928636653194737222949124351301411836152727736718551031416682531573680737 0.6254131802339986294485623946601790863467269435298155770243711826828347532262349801727099032248057854328120443235854910048040665154628010812525897142560703697698834401382450713272079469660082793006945236847265972795659761 -0.2260783821795273764691494253971492128125287524437930168641794262353757241001844620193837169645077629871855914772267876182810499678827056945953712840596168001970971532831886523968955332378554780937066677973605831545268211 0.5198845730950332485770912179692146817158953418611850339658819446404521083489124609062890240577675095569040578972081070238582092867077329912471991814369096806564485162810968758151731687410358542307946069048099287253614523 -0.1603118593174329856370892994744367565783692020138986052667733186435453121639081970394030113559624309396783204135391414525310998007561003913812969625590067299639675352552754192275260466106418908234839705630087531907617798 0.2325555448611963046137677047990971884737525050022880381809952978212225501457143725079578320928434793453714063330598035347170849398749000067428707407272770382944452683296696520787016050512312879117835027936344848117883121 -0.1652676437117718862461830523842221833531737737425296950899775927233229429111023088019616794006735874142366418770134383277477452786730249394850519062171498093781575821027907100845186888311254256875558841907717674924140277 -0.1486223203258505090055477261639420712719033509730778447209875399634101487373286128956378698012859737168383521909474384125180645606961155313311275575674279239524536498129748939662006237888764882643321260260752218631853151 -0.06753759852946361150328194879982267097778857601134529996730962128360039712592964690651048136121959728671224648288792303203855111910310647865393930706415045733553516108311587316241057348075049123773717103008235142124345396 0.1133748145975094024100713714797057890854246516654709895212458602808512279793911291907933352515970300264207451115711476187389704350809987955841797608292188443216616500879390263429823692266189806567160828753508526538429751 0.1432233209520277292715409167348009426608002469815003072008667963827185314846051401661008098662201682616264940851478814569650960449491540982451361787163039727804784995947663592238433659295268735076403682791640590624481487 -0.1091743948748089785985774147922479601241250335339932841912615242256034893030143178184482718971048568008625488086501148911249605828233323123337281731106818439748700335158101739843509418765031725580001368410508537921010500 -0.08397767105918853598558543032304130595960264340192684260850120149663242587950644886541331386942115561175891135913482644669462797294983645162659430912735813532119880579459982842697823832856133059395884783556360189451210180 0.04567910185481874880863933342254904233054410146027048536105752475382208315452667548469972328578830865435405107802804922175410622141397887981571465118869851455977836953171758245062392527777805889816183257481647815708139182
G 29 0.3566292441552059962505795171027628216119454297144829684802196385338195091438221017977596768016347563814201616956854071019975093670229148721193323741720551719650496199319307090935072724420649850886607182230432644374815254 -0.4145768901607430338231452173013331535399892445844776408551052517100886135793368957338680858399136343575908078716513758413584049165028714114769465386486301915127444917105793511763735993866380898041436075694541733808718963 -0.06965579869977055126731068116057863881215088579411842572683786696884309905259474768722180429556512106906416027692906735103192805311923695168824711217900797960443432999403377055736820916621705902009471745613995177324427211 -0.3536760847596804525103206065881255378304447246378544745547370202384263235560132349547489598510400419351801745289889563266496023133023633684478432304645447884443678469786344514832834640565814606474340220199059675536108432 0.4389481700959165771851464934758999842283888772465421009889049934249081187597882275415171977469391010915007652369973616176157579801362921037210162806806380084127357068146154431819028582663286783356587023121815455789973059 -0.09523160750289888102894847409186961160692256099336346189160312866894910100489090829767441761245571325231417477554494575912968341662210112666168374829394924615181153761890016869943491849288573354730326105940504820277100773 0.07657390600359607678080618800977081258479476869634055436242646792354622538269344081074193664514787406084496336663518559672238603322301319826690668580585222121483874774818921526307929031595415300252664241000066240349404390 0.04699989013849146593829353206202613019955402235608016815906854865505521610589101742327084307771762914988283363487103934885753814742228371322997577153887251803775256197027116782458217105118233012628596921914981124801377367 0.1720072489104032802595462474492456705235999003674081811498527727168548188156277527988584831963762397006935432141000092564076107382985288998691906854912993110669392644604754555870254023879965915999261812805121979651571111 -0.05684295789831518120243602809773604960327140008681785423485797848725910720910784755239539662165651253860735904379662662693286837714268059351430373893556747548308103716902991552755982229191121273246360403025502132697917113 -0.05885286418648342706911354039967658117587889967070716860418313754550615054073850440459890043789926279743456023084843464674596520777404753256893089121738336150232591660108696870658797385941571499421989835878841660534534538 -0.03547875066230462909183295611838297677741035288434409166002386796802498895441953757216232603480879555659025364264177737676851663044934431476923708542592607686228652768961058247305998991316297202634542248451518258612072542 0.01150371566404263997722781965096258471385355242641275663839168545289482561038562395563670978907462692408389691923813128788137374581691446793715290848516927059332546718375457722027387978870514883806399308826085080510071755 0.07144937169152530131154867186753455253351306432293543696217932066174578659451844302158939994761614503575275003686666142075677287091849507806781071035090641838849453860101235208107115363264923950972660149519246225062915323 -0.02695314395562454123788040849746850108629927710085655539261638197247695935807628954431691327601639827744652870870702862101120338418797922272402063105541918871988877204062065375527319275143908428141399426892260232888262467 0.03025131491386956096670400370364416904783028588573446433375288373784796485955551003226684849479973760512404872808431683640243061960141058785947934996487722602225843332543175928070565870187787183623333853399497449099226409 -0.009017004886303322257135972020445543659504049367638362587826746674038144797475111112325399831716958810465159694445492242542644333421730217383862659058960537079881378699909134660346468877764445141673235502503166853278663048
G 30 0.2831286221645897577485123409726136472514077277334359297641024997337116379053675803885042556711507316537724033120017059625476831310204346374184199610399514746198541427910842038420786920910557539595652201400780284007655453 -0.3014550090645324931613365203894506658902436581269855526650868542933917121008363344110026460173283391633381282402286622837346853286421631323081930203600417986974404513826704073832406557833243600925101781927323154189086696 -0.1136036513761575577328760780436784291106306226190047954665751545306358988484916876663886484723383700807805359559008633929448492484083350321464327182215333410322933462900449082939120354747478853653329933393772853929963762 -0.1380132710346664903855732673850025193208088319120764837416797385036436545242643090465536541584064588225385199951220273327390100745269860213138256233506097263125726763367538388297629628636367453034910721349774409988207654 0.3753031395267451946201445216421365319417546555681502552646702199196766190124121531323273888226068397894541243668957764288687330350359637897114231905038087326160943856220882913969801346462495455118573211906727698513783549 -0.1480909208135699826452182343129728371843520765811949105939177113131742787482900821321710309582631450796538334341804758101949420210510130448628704398507766891144579359380997547553425043162522355898264344512799978149957696 -0.008090994157511949139488309957431265015586417394745133057113733092819925639022970439512280363216558086247594501131304156178435197655365734370346200063031532384924521769740609712512243142684138080903606754492717263932924611 -0.1806598557793943573949001953720250422916140206248715888244450764703389448967359482626898840962609190926112037585726049606114668281182412704364650167337941349984647514482740990131935546529586738007830930047490557483380380 0.2359402586753961098616549572983771626495029666979369446087688973044338830994635211241210714986737892911667657504182688468275486140004334759256929436042634407885137748881697435224898464870079865858992972122281806553968230 -0.2137732737454125169278328838847826211336338833078024777816416210767519073579121429638063408524217011126132110685538649284413616345230107747187232017100580276251879927302121647396067052937908454243527403140190372085907753 0.07173456851920496838281933708385097578890860122949940342489973439722800012718240141309334746380493402918103715068915544926298134702778468509144202013715511023832555372277362831792193432329511128610400783099586512145581594 -0.1855480699321529747389044992681050204120858208158220277754149176990509959040741148622738827738855513956297592511533495732429682027405772793330960238956914325950204707342845291534739905096600357830526795612343239190144527 0.06166613270726286178794313373956065872598036511745444375910935920859192129394937157971709150009309458687120675809198370217063803084126987210129933064871241945890680235528997950242480299480740870832506951086042245490871039 0.2071413236587572941981809663280225704061491967106388856208412426757914767556246313950281284004922600680439078028558677321716177587893325427049791905978232370043003313391347319567828117401026592468602447714004316090140717 0.07791373477149272307340238065654658468731509755829431466543350588083251317706689131563048480180411659389844759968999054778651688177504371105531603603423601800825415684550351218928017407454807020117281812794668638385531456 0.02638593163357501925661624739937935681664576368695337331933231697598895721417849628323661741486037049216134149068507726359759215583123179854151085328226558543996081576410762522771512648132819184036130509336252033153766839 0.04818825746113940801110692155782074447349579500993610402165937090215533952427064983312323407397600646976093638847514829177551481669160872051146809178817134059777784706255983553484344122341184694409947710618776106502773543
G 31 0.8313178808423412195037945014013272829637982429145583849315291162555352855328769033789415845468605478787707811545207804518088880296989377955385112194324931687643946361351101055055663790422166329402658040961834005556579810 0.7586679424385651262221614968681572851148562659029918012338188679945185429160385392471525222256894141299447378531172584860925939632727825285709553260554927816379611072673588566366247525339661328643930512046165613845909883 0.03109763817385874070269061166941671476852023203944256611325616278456226386218998320609720276377505882343168174994249848531922395446439412935287054261433033770150393508476425026711062411826740362906917414978727984216402811 0.7064204121099473359064433275071711933786708345041916242272399963108794317665922451420732299161782662518704480395495233872258446065911813506151975728351033236910669175256158679008395331630693057583997809383967515151220767 -0.4006888931457000758659123886478379175703074533676988111074747441915567082316549065380345733655686365184935103032678254503921135622161551241376847900897757330066402127130085683765498362032363849593822469841393317210345131 0.2604097090335621189471596788847841203112334002917867034350610613359400798913489305897752202175900000615977151780228486950092152467930235081693437849754835149144899653691795307032988007953787235220807322201499108472377427 -0.1096925128840470545608476561343705345907846426878545274097687399251469069703128522223098916421469520355054444722890790285534632729559590854144484068986234481100583421949998440815523608984972698955915447655072903104758493 -0.09496676887800227035134175184434079670449246112459744936498061485250063500671982408618474295416805403889635870829229391879018376918267768735150402449472410970137871064127264265371181273821473800898692842356133111986284958 -0.2836896501800539971951873189353325440399966567650439933506560123288137624347602478076602530832297288890960836594815914291657948643438244066447004199548509580616929889167087718504542064361503804193321130824978360404841905 0.1907921937098270193885035728810072525331237565220138549709152054952181383237832774182702595380033501208871553616642165770343282742792085840796477205364765378626588189747605232641308982106190897674527722130865439287799688 0.2361397179012580225043963359992128615905588452888143506103013781192371707916392074545170290387791051862241532581093585785319435450266360458766373536139339188827353013434496564359486333777204315972023898461421227002616219 0.2664397335918943399148459166062487621714510873359958200366935372896722439353193567422894363703395927372554310048933409779602248608396364128948149163962411390913244123663827033983226858812687709240588560142162538086566907 0.007933510918721944682791885741004947738105426339241352135049917266606467578262794584235867268029801567178911292196858234125079365222474846740175577164445514585351990599657606005849541674688085148965031107471270559594636373 -0.1311383006871253733399322824624771878910721667126500593221405074535079772538711158010431377341455084664534582668662299980617907631646924050671689429999361612395185173169419296448033094880086646407135045242451954556761599 0.03563149604301785305990119771910588608246064757111544503405017859750714623844671637985448078123541838779992138499299139800854094941332895929627101215149540606247555922262130915709702487905979801405840800512972310869418057 0.02610046252429290654808833266823351671643352681500928003310165239574919860811564117938982193671758977984091047275902555501670807274793521506948766010313647389059118087594549390099491503576754273582533061659097012910737041 -0.009067627721302165570082186795830114912411238543042946432783679090999105050404184626581153970670038813927340370552754786190519110704035819868668785273879386740028342393458360644472302833532512537807014640105974538082182792
G 32 1.056938550680538499977034395972774313782208621949214197259105202938130812909555507576461959300880437683978677569754715930979207345641498611554254756105242277312762612788378629535662894781329717621537723732208508304198775 0.9408773899081618870796337233687033167334866756543667806280995782310949255649301332889883781840390402117419526638793816353627255785924007204900945670905292361058213063946773298209347528613480418103253929411383139956675457 -0.07980273668776870630870680262917702984330731986119254754726431400836895049930522570889586576428099490960204828552869514358517646836558966492884585617064298422219402069938217222284902877546116189610458602622158408798029462 0.6286123295000205728708654763842117080381258120897963465615235512779873035845986742593349571848780297521501285647595034609433804170249483769048740821582424683979558411122181103471654182352724942019743135667073555423710093 -0.5412344537279624803301553368229847245854798031910061717395750097100290871077548856548772884009367348356174289803992895976124823799290948081385899526501592790548609273442287886771625554358706659013845749161128904134936387 0.5285743878192960698252114955565796989221143842877315625487807717652984726562277445562350031069191727218327351504051343772714382204429715330840053325018195693532264530068610049005016847964415074454345931082309258026354224 -0.08920134138490375957042048130462816502991532661329770987166421846776128116255178906359596873277048289258481453458012912703088495264917458233343668461465049194563026357851327045950126075304860557998403956263119964759166514 -0.2825554112571686898078243239207163248479629927180645405183022992422304445410880988552034565495707354455118719910285890622671246552917123769399879618613450669634012431249693085689849407693184142789579249996109794378851933 -0.3432808190931482850095366372971915493557556948987551072964587214976396048657809440652260794139021430111147450681112142479514645404985370183877557585146357650874728832697033303230928262806700552027366336057635550671672874 -0.04713446119098478424080673929748027155594385545336640547461546790201022887974816031514684621878564269171691259833590016810007393457978607049287432101596533498935010730544057654606232432646178748204423959745182068239992695 0.1885816406064727170393786793806637492073092787229943504473455500405769134756596471276130043426922438243571233207550100017022587565169310568687079986056493133114540711331547338116604882132057417722054836548210956988703379 0.2464509093219231309976681469228317903994202597073746337092080296443053149935745905335399252933515986053937477243449092588647997149889708746790551619187438196406097994611901959515990500831814229660114775753925618060537022 -0.06478097536098938462619994211724984818705226259683666440461146981736331270536023704538455406094357237706222807354937798988124338414090511630091297589627047835029305845909630474363028230809754079874023742444848353769208013 0.01009437847545163903448608192823727097256727573883638649117582677454945247855051028055909094395543008111090487418275872063947057439160499985524234143879292245350532409063283646920274782888804927834909873578761300294513928 0.03705410960069378293703349848513706810887539804311991982503208847720305942852894565679856727354761943424776104371645197243037135877680555824430374010609525205134556061609110403508074895236553137719848523623494119872030279 -0.05106144701286994085303040267769986799251125738413395530487649128303221923560420166977647004246609320946249283100609094418652859935979694877906402287146866252270176920705164584289802476964109832524667854218183749490521650 0.03910107939161257608590190957820882231040082565193929106093101521851122642230551999960607128002684440939640568344933204988819682096300772947357272520838503803868738836057388912157208142345274999392770295107420553734125739
G 33 0.8648336758535724715995605765724512847633926231205849357784406721393451972662676232347136691563807839229588475412777420800425173777584927744256403081714209005996367932426612451693940415244404579914291627807596915228895501 0.4386465461945110535418309624854006155128858551976351032776786638722993049183420002938401662699813868244059250382594082241036622441145799906060447478941337245960306108846305984258052421481805002132872045308046467947013174 -0.5224308126005858405043773870061120669755477544001283761963019531443093377029629127172089012194691202586676245502892506675950590726796896810326581417769674586604942251027560463534231605659687654741672720300146893563743723 0.1854682504568752049890987460185870397106741755644370647554614596682882616339035783489862988511137449264838323249812399955389512966662521840185393579623488277874247540856663732877011803802629200975472143162552700049236997 -0.2075029125172141309323611320054107980915434719086498596215491531348199717887063314735815653331342854869280342140688569092556333193729111283372666703673741599137566587335262442264796570030921368207956170034814670233561212 0.03485340418085797152232058253817313854404989447658657217073385425392470012560339587743331180457276372763394651981563140584983249263036730291896193094725138405547802363604557750245656892015271588522844373803580463939274808 0.4889042444104256420936589933227647943778594914873879673189596929572153682377069644497198785280542499927306467504113320250713405167829836478062172582594009649378120685054757877002119452669219437981263764771955897293292386 0.3536496199005335830497424454985472350673042333934930152251329283553519032006821982710328042329284315015811100554225202819601116291593525665521694273040890932269266186214134521333362045061338390715450036304238081482907521 0.1490271459600856060298785057711654464574595170817770928679248559621128258883535613085699669146899638705324860332079381115231569106621016555676971096858860798872439601180082524588687666227858672732187156793322961788861394 0.4388973181606828177385620214890380684297087205181485276181328870196846479118302645221048652059295071471851401111605864126938011902369770704585188858046065351747220021040953679927253632419687617242225704046193562634179199 -0.2696257265109010106360511214824488969646538026369568467073006211789089852563315883260479989420314272729953198408697174208489732394584954003850698302077920344756434299332778558623751882533929921313175121925769533892548823 0.2208766125207850856182242587207451774385570533973152504061796885740149774897416276559987496902244620599081416568827028955564337378588156109013722345678714969529075071575589400336310449457138385918877724093675088673606556 -0.1481168422877936737395414230783021901412351169687354469217724512859044011895023144639942641857716365145251079241791950883433892935748422390868799664359643307808544301112600405872846912705628460373187472180905126088973335 0.1935944902991497476010186559294158487420621225351790759743242740606043930099101841905394584374499230869438954832020140385052286746747326644921798932386119194856304558602324353889379347327927598053581137260551426531823310 -0.02938377283308879542882322308293045269853295195430173303889114754568852461757295388708293042073765165445833823313912573643734587128826168846898803870959222000914071659117944347016560938209939944811153279992459802315648067 0.03161123013600471066805397115933218549842831777760425307623763155571397283019228056671189165362264303784577511361635971469595693370579724305269071186411412807444089858556720172637004823329224318822229970566953053513879556 -0.04572092662747894217911246290985617004952777010600203433066905028135659189766692396334072056506597378805699805908597105842966812319417642877766269864849683652050263117302043568037294471597677529510263091518796420847523333
G 34 0.5401008339327964259403802809406891054735011391167075332147672566533420122860003657871991719410879428328033881181539136386677468377959927953483387364988314529727984351874319629020456316057531272824773463901171417240720449 0.1936460202393455874514854636951308344903699837062027379507060394435290867476910085248357352749069703202385263294878829030036385839740251269946860107185364742352869588094045555474357831364170976766817488053559395253781968 -0.1253916468476113234190760118110409452734400071599060420134089770039159865055749844609603280048402475120326604338205093889880234158102481072124743299301251945822887366839410046328932347916884302702308092305306542772128898 0.3322366021245332964055454812307609710522444200297158412594667856226400640511695168940427046761461754411527656129736024041567701625588417664651151343259077314648068221649184400751005223258087619666316869546684313168196923 0.3113119106698612168679364925506513223802238365833278569751109623571479477431017667225039756992505849675481747452578425494610958203889503560964960090943460851784269810262812594368626199487708213915978120411653680421319084 0.5144403265957708731988532393056144895040570250511049993230624981406121294774156681044134977016226403732181380353694923416695051610495508658239998002159679641899358511867776507211900184695413132328145167883995388585881042 0.6130689557819213444572996511084207803453938432899764488135490850823271040978928836542806862097751923023788272423008963886175602431591634367172877631552817581339708018249283186118337221445479001724617936922664077100859070 0.07669817102514188265957527560368560007303258333722848561439473376210970762618894628308500789272598180955301822537648198133818440165086457399382378442889836397802894904861233004751471799426737202115766495787556936423793195 -0.2675451930386368482703708199096129514041144516219179946055291568059299268977909949733023263584564310283221538920367314498467503658019205661554572285966794073555528110612863941420630463348765941606874733749751096426369996 0.5935553458784714062821056857381505196311534071873671816706987668238027364865019713904462257040316312287692466896911119053245060726269907477759396303483493182133238986763143453824951746799756030179750714302491304039217428 -0.4524633347027935554641840938629014455586077570860919949266462495075235301261409337280633935666575894712854494928259767400143410415074298833620264863499406460866301861294696834666666211868443006842542790262307119239068075 0.4424138785276873154898848977735747885289153725508696416279118878999335515714231800573808827126703736029262456271477334458955598040807937696288808457664395455454950608158727664088278688330955437196577752836196241238030392 -0.3721793551321356923564251522011801951036480377094388285324992044823568210528528694528004533794591737158430575958960215025802528522956192010427049715472714051843765664312111648769324069309150032381573392384767703710607375 0.3407105073676329814077658793979403504308484796794480237582796666658244829916165684944697644490716247089036535469133314822764600805542429293609579367398234689225195528859604105296940679338597561366524941707601104985326444 -0.2662197925488395778597061041328642086254487295425208488385971200636444210630074438631016920043359542106599537454180142078253353904653869592466057578477081819189409249772679955058983310110484628940280823615026588631050642 0.1405956842030391344537998867260043778285581932050013915086852772675107241089474472840608387098854354744023268742452559521674702155540080227292633745894455894697366642315970052917738126681525978965880216769902084276354532 -0.03995549536349295101961466272219303343508664206328809085065649225281662266393981400173500891793794309090916228853035358595221832271450226626436840470572106370824950675542123656415876887709961640773849995606268569608183583
G 35 0.2148120568004276890489792957153950239058917239280884197234222018864861497514996572459079189485563273093087668986858448433846414095158704789187423410854165176729315025904224939944079301230979943865350522652188140258722211 0.3192917016731704607391536347917527733028039583897168098717675159852296583113397547456724328743817224576135475217652515884408138422293562975459065664133011774297342028436225072190567781436761540879406613918220546635221623 0.1871976692840369017382252797320408132256435456803812064493650165685981166355845107545406024498410436973119555809047614933737847603113549453244520219479051608335459956692194259342025070243237797720005070368667875645744235 0.5260851881897995080913229148982336759095565313813720529511638642997899567950715503102337777200095807175862498929488217259254225002831318021181199519137437041242176974900274585036566918532061863245112182113269881093031234 0.3117752898763866367685844622455589542934070897618969477069564858111544941836916849922653779868635188726945946306692399064936991352452904864539946937287366444064855382704699571098685534527083664691844134546541757094213996 0.5246569127548995317120167921905883385561978217057778099457621657841154148901501410778097946911765729379473597912155392970200799424396352890719950094643911083795550101242699274338902298039009107893731097273039379609019048 -0.2696120281380787954080445569046811611540379065472680784167841540936253448801141524091657486007604612890419048703337460371017179734267722695243484936642173395522167410313121514679758072918100321227161996095071425487273454 0.3563292450246442627351840873874406103747428994141980896201036901346503114674060473439498981862652269883945167488527031587891720566435418594743910841168358292367150281141242972555611737825473469794033200062438424168290847 -0.002209826117820933096010732225181934714968389775217549281834612840267125174825668228253959072504808163566957272875754285580277780987989129754873408305615467471873092871306350389209720753663423404572506277185020090471790114 0.3510857344513291203706606108216878760901617716473862401975458558035583599493130041080606328158621731797701467122000335987421610963836825724255497033012120425124865873730629580137208270270313786086365238643791424875806626 -0.2002131176358676924894954022892635499737884980238734817479136339996986693596525731626716671883788995774392851888322140793519948693991618622649973620205969338926728402414157597473671103645028087445349950149249163853419365 0.4130356674191602924005454245595860924188750576905170381321033767198125060259022237623948791667671462168514004398456246932102482653365291043057694930794098472882452540613276816337582103173383707724830856967213793795208521 0.08216900200629000630757739738617458635999686156094518058447412440104891137857050590380802622529557624674364747849403313504957438758534841662783653827225655040450021692363634857675259231619979594446176977670583108852563460 -0.1727240814459619379366853136034708466325757017733234890116631502337525365332930033463511307750155097883220797709087995060680319501500140444662314740525128512126821833728962456163406301690937964894904426644043987700230468 0.1286432925982401418234701710332032850363135681821979592557224376780312211428938830018821147058335433199462711115166538542150741271117052403690170878862682515865687262014251101987482035618741262670493982955325190347281119 0.1104641747654566951380549601004874336207884039038741945240350015478742410103191424237961522051387704787900701203073463490968731093749194089750823487313709748913933541912639119082054445905522449435476169533344427516453132 -0.08500343829957941079061305735036690496151359706991820072373461510396267975828217531876743723510889062151902746321811581221888122079273897864394765692386973251632191350591822781503752020785079310246296351645035678552391917
G 36 0.2739660518028648539813422620051991399622607815671888041548117523039642690289430073061713363941120448263147956262704800605050680683829340243900507851171195429422435363642146044064972043692514323011757057808518447275263975 0.2795115094590664030706052449166859826790285932388518369889060461044427379886596281497831988405159440879700872881463801875921314985567087826774432048459197624854464265665920180643769445147962167784625939984706709069105702 0.1183039622345525676426957884378766944938064185801389979491089977709830831801795648891887411170680365116607119988101451998572041267154028863407571758141761760157958046411730672244791785310700586352950420170036121100829935 0.3784084178102256627630042375975799873580420843858825351504438765310909095630897813687775414715410395486508458297565232414522327497855920925950839666271472271310933386416482848085832296499957454086480424990824177163430343 0.1693533015718798847919700576551616955293682441230933201722084385965689709388728907586492263684486682811277133411308282721067550716953789043629000384363471592409611874798492005634963063547309338568493378121522876863844943 0.4139041555786301582375675668304240892819342643554055425428293716713444373816105070953557519064505685623422117686860088475415864440518985714005300074633141107918258797015818758934158803521566658047140007165225995174642164 0.2414366038123370902775435921685873333235770590480040408485059600955173191601438997776535998081994555576645298953570380683777024691816653806014527000333049018414962810839700290054140650411692281692317070388906193642545532 0.3893976570875951055754916008648226910608244761713543570361636960599161843616104739308832936785019416247805833293606910292727247293284006893648553017758193423943530217947751266286588258952885330367005478129735097221786511 -0.1929531612441250930189971375861028732837340760047199697702050019174489252667672705231695989102325992480676933953101984543585117033435874920034114447710719720417537173105227164957849298943388873500081912337811797537583602 0.1957345670888906346824501121692065644366091329857289862370811231303509006510561114731934041894030623545488231790841027458957807955288562865861687198208204841973850090078451341978622791065105303010912628419374821544278867 -0.3419495048276990918567221252170922694025409747456029358145066465964524390498308828846639404092328379561004331045318784462388711229014709143406710411226002385487423375816213674347872831328688183482920292350792978683773887 0.4225939369599980766573851479270447612031411530048713784199233503008516180722628979860453684374420105241149046402784362835765401072528956289518528896740198835981439391646064960781645981674928334640032167424377852705862355 0.1183324439647388388131129624913954658856710829688106886766207818196180478351526190055589852053231294602532932197009552286974921668790512182615357582289251913421545098461950236631204080871220422868484198062035018391396928 -0.08558897040038550446312539900370869184545418874557169481805091126827221059626261356543469199712312087025403593350531769313772394921651966560864806454884540004076763431866235697827030383935029764224504697894291705512241734 0.1366387616485949598051453131239699051841357426397097748953688561329791436973740194162286478235968440744924174662720286010207420734421883679959553824916550404700565934895134254104535140746578669207802648857314998326667490 0.07555165330731175388893684813391670396378941764781310676713423729747229270379175401556700642652631230117724755357757923530905784262548102320655814370344893060259820827623576857662040753456494757633006936186366292880567222 -0.01941986845937543937596072834729257453138017453438708347620361758059218502416816948932282886235855229451777494255546817170557319149849319583625424703457590703843517398938382896763617280488360572548151270938079790941210734
G 37 -0.2585091418415654961484776147179990889479376216053301573583500862706372703536077037690677047251261555292037852257128891923508262112706860352429262493012153057938046092632158138829284649138876847776184577878460533479910267 0.07098356348112177382031733723092586950521131543131459777498471738594588790927160804956253459603494575520744391798068859021843014655186554679746381098460125434257221779616180699203320899973642134066508435359003854922354346 0.2380561797312522565503584594119446286269104150359523232460004287014930997438733013043918936747493673884867480888901003825341560338318675257636234746358622083394770401299353512406051227532391606266197173065263920037121431 0.5778764189142499891623744943927781416146864585346727198790342290527952208300107585960598715489236274607378348368160099976764963092758572531368439548239923047605813350917129718133550894462016979386379084113142895017110907 -0.2888897546333896614444780322102050853882314046843895413145533366409561300461484944344673648061820581227684200622031715827398844248844305952983968764288363159561845147122084161939733471938381745294252009463649321478349473 0.7168559842217084074287482689614138225518379191756552645460961271463533243394355517299242469481481585214175672570898989066064927688255937816046269512394582298713928177534066593379989143683990625469413719471958198335922147 0.3038376718718441823741229902747665969809769460393899037425779254614460696218742930326251093234475029789665003490862634429952870941789575409878274107868531752271551642269972464474084607055337560674029161855590166420475891 0.6071825851876117165684938263026292216269233813821168000780681066322731188824254591325927209621273896171042412571791326454899931226181514437069826939180702106993654542380352139381339804418079953657341847186537310927631327 0.5329367483874039188799141831303898788165510406215038894147110657639267017501889849425881747938850080092445246337731313625634970323383170251617680662921786310706959862943225205766458137239314986374007476750958108587786382 0.3022239148893420427484162841502678641121423057019872373810996284347034604551300577131953763372651950972597471751894629186103704395799433678970978408026839207406264061434025330019059169545086051970642564864566036915618179 -0.2139865718832910484472857175641441233570646980184766894920702624590301035084929225456061121024256384551674954177794923659843154476041164773400620397155746534742492694115889822904443258877764489771238767477137667314432166 0.1997456470269549478949453586806974725489531362188813363716520649350797036926782687663727018133408472783296502935653566980420429264603051107790365870026110145618397299756338313465286667306979002174381534350759390122070251 0.1252350753123508229060376610697187230263217971263072232148103040828793847764851150849793958615454774321824406301182474300854676505207175309061439507777755358158864934890788066056407809557448559405153974154170631557581353 -0.1911778701548642097907643133039823792706304937718520229036531218525222560467171029851017573455654261987082940394932074876308706090845026934103380627892001260804782377501479966758645241570320148494216670344171128475089798 0.07702183871554480960221652559652666055427956870471769720465007259003971078402393951622516668312564676621873337949423151051337342069212990910059047373452014689002366706243543226235057151444351128716602841735874522579753294 -0.008644036198463613870683615247999025652142225517096634336352260344238841938077343414226053918237252062636646030721477005153118735092701866039939151236542387549784509818536304140920052294066701983461302286725525835234742402 -0.009757933422479860888394510221338308540378328228317794909629230557374169187073262902560266967438844500568480612332364933169065421255571784990533096361020693323125426940360667096645893873979234214600931295459952007253283126
G 38 0.2281192702464136466530884675300345800739064819176148917996800663397486663781814189848183040795611156923199414282308765448452063188891067193510907345620069603587275848625506904241587339486502687462150129137088220496564688 0.2226091239022336030179843520387533770756039141591451366181969270728089635601268306270729636002054342253119209837748343521299553993832898762572415604007347964189842317048645555356308507351584663751309275317789611652666641 -0.06627283036529814237144698330518451564983173127783822998382925645653263423647798962667760407564051822426820166080459688687353457992701964976496008469513813671269255629727820176044780563866587209043563082552169477904593104 0.4956796115966638029141899489162650339836470864127339501737730865877891806817088412893506602699504119698700554486782937540914341794938245607550945306892909208488908419099692191439344706465154385498411998955398581082000431 -0.3093825095121628824241227809144036955882164422838710976566475117154617682488477023016341191855859787482690974006356471871183477828773939649964320116334082751259401132359310178643293076821108273806984707603051250294274212 0.5856434085481232877822043775214586199124095275831314716995792636438478235285128308212904571961115813582701921296105598379524965542960229519797607031351676977803301225899084047609633740956977969715950612344523072195279992 0.2619911314975082569956324193894805642842256430477398889980032283076775185767746251060502064619731181658932951604108618414055688475582643226103298499186117338438675111360151807168807452577959993338466625857697761440627014 0.4480412786866428609513551761751024985267665465075588877844873966485346772222862176980590604651437305684157752023637974000508536741522675725187464675314377005591905187758987779021780426305523714243283920703371774261591375 0.3337803225837075092349501546405537294890708969443452229427167345831106628395245103380737717691242917764131494253595321451542428529428354716924713219997569008167651379816181916191021113452485801527615600522554733491035231 0.04614891829364345407870602117330146037697106350359783511361474863174463505814488271547400449834274673459406498669504388591562218691132546711829710816793248263524499300449844742259393979775016296765309830460020742547372387 -0.03554906878226790495261418705627430716600979332057838285238939363363969128155007227258528193185097867617469737102925257192320990159263693173877881248499537292409968144554737149929740843752392512813542059259286331928850849 0.1160375602935949310111219259329401805749951313771103556240386079120901580911002346388496953142334011333512779431856635468633601349341378079640107471184672517244169182024258880948517153886467241178614354021968606823260992 0.09217709732747608013109268476299413508483580083055331883404443392171013631419625240363560325099058319107701272586794972932879399830064017394729261173431616585379060578968989637820201332356604734543658423060511591844812901 -0.07159546455377500631493999467766728834196850975921959204124945806701558205606534404375574750348888486051927015245715175910803849637021225830880761783877387124070244310587862965077541188623026054876023613265682993672915847 -0.02158832648216248548232669707461760297741074974609501787136594225934293700597075460222515268571446141868426520232832930053643777770128047815906973060718483326335213082494078002470097432127106598072519431836796697007356698 0.0001891729309294227056559919981891528846687378352017051984075672066557530541349873372599537345803163092570425407172094859514000760704516245208364855105306215396646821257925606346495556030277143565545703321454973664035446117 0.04184424052732890683536085773299412181428289378674982223463334449533514079711884755869611071618547685745099126755027036846399169745263456337373116408517179796200582360730062597661921756212510338017395799811197034909860573
G 39 0.6200037228925909677908997549890397529661431374542524133716884357297323103003977922104446803901510842517925805359763003121370759257252880774351292087550924537969704272565226283599727990617616621846910966276838288937554840 1.009174273005020748650239843569688495541335205697569154945716019826608710469017561093139907120768987649771941601964216744354706142566328500936015563166263362901819909989278274533522909975822538943314555770339977861378558 0.4340353522887980119870522497203136340839082315043149556089082203468385199609539136832912051659856738201517206581426199147733378842930582169921581238760036542781723073230471024645637724695174008753396529993874164518915992 -0.2637111909573843663126018185871879202826123043442172094092858123028070434833204229006996374305197494040663450470115350031709815936232171593648182895619794647548244199997016172330856081566726260850316692724876966439196847 -0.1163650385248126148463945409343723182234367852967251164790813250446954166148912335957915848569250446991452912136199174294722044793680428819316072443008912409653815414852983142642514116901818877434231099438895545313974666 -0.02369286361048290350461833292396208346681853183249498754392071556486501241569456262031421366207788986566112106887159768078125913701011892581332707381337022945936665148506214234125029826180036875985287243037921950577667838 -0.1347693531094590438757884402639643292874835567792051110309076603979544995682244780145182224827876241109329646682782105911440366628005015635580881506050677863342762847747141425954928951612370818723111312573190206345957425 -0.1126397782392501822792842458514653582970938403262441217925666583166116226082463628937677700600503051581005663017289425818920410156341433242703337921781816374028370921795869589349436675675071894123493441684097529465025496 -0.03551855033107645347653220252613203096556754913639112099855892838641794439313927919861751202035997228254537940882073833748245434547534813821603972815469698857756200845215893796179334304084863968317844700117662039935898245 0.05507838986493918938066591464411718427501852447615641787126548235324509945279575087977636179344578246352822090505921114379983578244789151416164191345816933136735931759168973069496973288520325476529811305698311341854691996 -0.007501697145631762991299245076684190935920292232663752883250399779981141810239546574362455507098881374648502281159641393844940816183465725508372152171973283399918357249865052506918650771945148345412405000904163871776942282 0.02741593632852643383219577358163372120182857470881167793751333174204343692869821448193009103563427195637281199526109333757721227118395833340195997536060849617913508237138659544893968574354947230138358656591374505749841432 0.05776619284160237153333030543544887188116336812888858684997262412430600711982361188980967465192363344975747484360449249623854523238621409927068295468504882376996098802809243764988573171809224402835291638496404398741128643 0.03269715265429569604091659097393733313741718911855220293553600207138035686574367238482735067565391571984384571565412580308811936804479397574364264932725948169908939095121042456213654357060221609593850837217056229539035969 0.01810538002942884472480248692688611111578675949543426820226452261309943878887973439824672535678569342723591316069368867785101476315906648867002193344819512472415360851703736422358984117214700064468305178312653660082496944 0.005003943678038700798337357511830810651882407631427896412282199202622888412551062877603965313925247698664065420022888377276264798072013998532121537036268202458642783087537761125865331761053774972006738070952300807758344083 -0.0002930305092973778335411231835653746274254162827864893269256032205400350796228812315004360825472362935485704294646265327455735083736511046267134370479379982961377587057146805787482294142468691806474005756262562332491559902
G 40 0.8520489923849623788517791606185438886367241552653592830628528379254563879558094691814651140515709354889242185631901096779878091059534743237867575749964058665650389353545511808923477012831176959271742125751757809171979809 0.9454057812806236029972363849212171398626543127859538345384627449076758964313841826162065557195765018877055638126042542982126582040852887170215451064654158354289232572373375730591496605510599128484017396933190633648236238 -0.004433407503252854648998131499909802885226364233359998508663899784072195870129521862083994386778102580121869199065423170366171967364022075389899850778200247183576940004439985141202740030402705215125330801238305252585221038 0.7995854532814337198735554343222545699738886762530335801693651781327662828540852208562593819384268023946653494811010525866194973978645266187647495475742520555821742431058255660288816007316565652912269546726775056433411600 -0.4211515959226572794191789782958321708130455996224276109590736598972888754170422112893744855445527436141575007959267390005146251933667063739155688258764563658740154272385224045358217850778021181914488628130404256278200040 -0.2047646151444112092816526083806450076101636025923716601501548981414883979512741352037231440313802876952228285154653317617777068323748829364131147938803738560062999241110280773299349373258815530858573442622547409302949872 -0.02980163052117884460087158375033791585557319650371364602317474230464051988769532863245985262369812670919779192725690541649021392247416582728002473720162445703597227655750520398717466827439338228992627526838958322958836920 -0.1004073612016396744628317197338418694148299506926595199827319298380550245980202623454124787440849614218752415699808433103073014755162224138988477758302938749567646713066466957338760806332860169453333793876127095057277281 -0.1170117419242755852010184679595119043031240014843888572694190834199866131902604905935408466987837102110105005660684667680751808736780601009731303472745146174161886478074293401684387662027618290528616685713020379857684854 0.1393982136138972817574270948450117354854859702931479672326307227012178261901128532780921492203502389964361637781985904597313501421984580176189791080450521047296120169673391616646962387167035160614654209904302203607686321 0.08273925399370968425931326217046052259265023493425040638015323923383553516837273117677624868422356269862877787043703423841173816996784706601753204604898399699686587968754309174648196642034000469168654568993515501151185288 -0.1375705770824401576853504872895534246446349009227842473501977953521071416224768995819868516380943420064696417764428162963032349230507971175674046650084883811511503816474026239831132091347009839938598103656947109671825564 0.1363979615332121790747376658831411292926495840525990902635079304712721218282904566248255615557655090357004854932550819387308517095350252814056919184209356092985158122765539342001225691014185438441388161042170964432127021 -0.09917048572038308899090541606001050147469070437727139659200406775624489528248622219933775638467386424345115941808500918375417408171579123733262261760405466019250356820201783364483123887878968791050954468897109466711990791 0.03221861460092093296376943109526120394538251446903275799174050305967614126123455906822006260573440524770139682319721953866584611289921945161677282287312862559741806856114971203632525557867522522035843139105404667605377194 -0.03116932496516964620309160088369032782039178919060988614523168084589807414463415046026238771957308522920575144945280542622668251490300554793709994550652481494013632556253674752447266683596155898937513927324745960439427738 0.04063314569769971603387261973803208868048494476905779370226987457256289147217296633645902663110144402649123540215596104670527676645959673449447566220936392217820071009810460868994355617367713562308791923761684393219046345
G 41 -0.4034147002443037246461146023873386846374352566521732647639872602695140158254646406149637438466041645770850992541763187830439046442683505389320467887652371916957816401731507169733142402782932866999330315358910797234213556 -0.06770605418267000778996138909274478070680248829318292945382773802025874206763961206580225417782007357269344146504117980939194881006039783774326378059381568163043071859119834131858587819449941381903095200072659146291974872 0.3669500362258696755178924599522981019139883166134713184781866688972324973702120696099074710242877527513334544513973714039727455005538761227148350531158487980597543885041773808739624238763394073949216858539871717165090578 0.4354846738458780954896380592315200441487598701623410147937150758439817298536013158015403484056354370061792896301890599222156844346461631982653254693067735285436326069315610952447595827358889748368616540806593711057137184 0.4224225489102329791313849167417986560349755470842278462350925936794091450614554386395493588458065414833241018425900798662835775793568022178398889761948429877669355123822250019800380539416605596627322011201198942976023404 0.3933091024743112723675036811870885422345813341404840940554242037769615198476908092228463329944831413228980897592275791229819487144312795534955496833696159764177888028491356117931303980923384043851818287239329922093730544 0.4474933008967906925853804112378755121557540106728862620973241144934676283738401026956619472764817344793115092658739217174085008417669086858944020627522060051968683880246420273909735007056023619891248207333756127762063454 0.1727031502335518774186952446300617122939477448738382270834430788655476609537120258909631964799738582374355747895081976405030442089072928775558679118339413310634714614293120086740816557056895413603124599636990955414682197 0.05505689506023744486879616554001666440919357378398874181575528138922928736535371402578875093113813687612180194694147082876922791507423193572485870676639960499832889914908979567074431700493651915806945102817498922105996729 -0.06408021482191592046730274524344380381783244499006419207152589753070161613900315966644590990238215560155828508408436598822580457360294469938796882806085293546908613926813877444104180187085627146283101459160264933309277016 0.3388869730916019386671056443141069054970072131460013798236110183248701875310745737868028468625956490404316899399064237857450646647541439497846381624480537968857907184898566019573746159270268315128599720174478172211577447 0.3189220789795299541116903277192832082683566362488372632163928597591816244219342993661936048955016743492992883199698398754872161792037970064013145736305975186626944489780753217314650021080264467816558402817101144894473972 0.2853713962933353676189535883500271308471352854353842148003743669156603548281025801931916254461376010772681778524096573693852424206997129243812268666148034773057431854409911823602270581594224984145892013301723536721463936 0.2314431748947118801749686525538986103491642728536303124326573576387325227631075784587401469344355969358704522818716093615440514786609597757023946850985752893257867849234129612868880708086560274135942346766194766116202009 0.1311369224521946708195774846517417963648773272482292733797135821457829697769951846163509451196919880161052869523217868367685979156117062089451645805340535762561444293375402932912354510188413834451947061512116832622757885 -0.003684744241829420166573499517345624773507216897070094026297671646421845725362398541698916314243075978213010731109154053186475381515077218353389367307016712207042164546674967375615161144519954618178137087896472790245568894 -0.06248896041804634361923914567644724526469402307104834087838664993070341997408147137117421270502975277147913925439161858915743505424159146395563217832058410908006575121164772563254831252250969619621554380338626971329686961
G 42 -0.3329008272334591473129569084772815081719066879457197420894082829223407236515332317591271197065113598643038706859511107288024678770016206407289372524241424511879711052089387417304163277447195074709183289745330716914875099 0.8540445060405611301842174370031782248191672923679604635043220344056192520828604700041969164173274632345872110343481813586313086493686932278428334975489085378556424709508142734824918444179675895096427850577728931137684155 0.8968759597082748359299456129798474476347781212679167384849657820681911203999425630324212411749358936598395833311562810654855029519380090469348919748248040553575324890249520180507262133299048906125291303384969251441534009 0.6119200475432590601548458245884038162081362691177085848365583950829141181257976485312886631641768720197615740108871493656666601602473819645786601350223699607426683086822495789387583781641087651773411208191742209250218955 -0.2233861918968258372159522209489693287224271845186911963233758320326574383298160037902124161389429777883972672407411868163616887858484549678607733752429784442043077053043935111009370317875762608775916798216200160860233462 -0.2504493502841911120144628096042855937450236351176001220407963785426757372150738251240849345904244535031421769991179982462547032135219771499428512587501576190709588592945412194333248774537738694280233877494430776629384515 0.2430551859050011373928917314175395512646184423669825610148941356216477604826938895238280042512875518611398131696235454048781421315490196145114647745602117826584993934190753765204123522621940231993888861551397094983275566 -0.1021179644829423264385513996319512663838237231985590804523025469349509350990479530481888337702106210014179592111112983777713932549218389772792756043207803777430173226120984950198435565784064797711331963862227174588744458 0.1599586805597651938344326762866805743480409580860701343244539291538769438600099064243617507025671617964236661130387356084527578232974283346608690877254406038405038148869955862614789197283487047911476156326826934686140399 -0.08364340859201744544869236102536923291974084784884116214367529306111392960194329763775683795772201908223717484425617338290941952120720295059906398196644856290767929728776893208258914115962665907061821771984596776420664307 -0.08680471002313218673193952451171889181056786325757878181519855782820602866404829205384288040164867918895198999895538023432607876772571549440790014516945620968417298910754927576799300007120559527824923768377703875366205336 -0.04584176111237162531363632118691710443025646675917916513258228378789741929484586132465777434283657467141491816383897444897822168749402567612230962500265636739637466758471888484644677441580327335396947054505465484745836491 -0.02781798214556204773552491869262730047837060901710923950604548007700311071526835957865233193897812099646912482074537157988023389368949001002201196338973227335927131870625268833409565180060092097470790243827622277754530743 -0.01741981862936013680354336853710895832081843215646163236527714945934008359915727726448121743515614826736647793627058327270829413144306257683721401157790536969076359465085518149610465296132025966283543903792789012489166414 -0.005449953823933635282901969461466392672567228202619918617210673030046229774523747564746973436541182772092381544260714380960086407088026652108823219829946278960530055013485046444632874612297651231631198769473587860170801288 0.001645745307486844054138689380035903973812228165590216789143686425761662048956811297278799811784616582574871976678662759127503062660537520986981991400338264397640068487268630306915119088115221635001278244165663254811608980 0.001171153468957446264054100234331064089632020379585530486796156145475467238388284190352423149213932531983554256528366945746269967749026701240966606371870021495545667515137914453003936846094387501319266607667285280487438818
G 43 0.2110554566026298845288365421835729780074710090851819948758523702806760071143890137067642383997895621941131397846593243995289943452377374522864634314453806104333597653543426696814562582502303298896518313902631831068111638 -0.1673839519803502024578526209324406061616443422535642697653336109699203023957987061583720758062244962534047965794158365618075962716689218484018673017516268421956544514056612805124029230678598593723187403195877331075113752 -0.2634132636543051283497150221855729819848921110115229539926050154322004636177758741007201503504427131793255552308366505681826085624689446502026220317394605507873573543339375068160055633758398515459964071759493767355440888 -0.3033539375416244359965968478884208976142869602165261967409495708247111926678262633198884328148599790919089852697361838639593837387841521819027501783666212231040649935458357877924574828617886712525505350025747510479688068 0.4654212763771301918744852772125791935990699353719627482223312239821568447953682924881927878969099704804393961813971773740601781063926489366082981558117337453167953900579638488057774177326684179005958843753454915129796582 -0.1317848120709780557051614443672323826629146227443973600604626796584145094630533128343893727184512083122584860281405173309347022948068779159526291398403698766543789373181539466136123651340585008434772244884401657721863522 0.05367599570869993396267663807136549034075096829416791741592816994863220015815694225895813913190885398349285039272257484419323636520040903769034370084741521478869553493294396578630277813935418772071171890568229702736061883 -0.1666839866424576786538497901329550193073224059584639172322617553796117491293009263348169153285485642446369361334652218204798962812657687431452575661772783670321850714030168842308886821676687050032936831635954200230434590 0.09101707431329520973591883977707249448359741671701074738423737299546719234647717041952357260841771283227509911484724403873859496400639847358393430359570692248292624708185122636468769014821226897066939265519290570886727598 -0.03438598124169882251904158188036003071857446061356575739027394559986074169821700539408597889313439686056550971936658995629743796655799495136572494580667516382328011873512357079674610218986677639354509639057930589800643074 -0.01607665126316917222078929430205755863713410098452882133620141295122826449444468923165827898571796941133139778788226851600151373211708384206498826163983588240309474166544290617086508704985889456973268246445494071801310861 -0.1208670156775302305997595446565796658771447506953181951971794718200612159221313786395974382844301287092179520205172224019173488238510991453338222759244162048117698438823075981112195088374028246926351701955066816620698240 0.01692414111223248272702312901613618393936599330904665934898103165796762512581957716434412967008228038719971143133874836591477800958406041659251045912000871506761299862903576167231855645602183436913155206659481118840848969 0.09515765356519621081809864830232450419993379733232729659169769982064689655389040971596547914121530423516387098783754101727894218515550422499516092546157701580470025879109839740380602776874361727620690573264710103533086802 0.06392904151441350379313454605421514166872341281852707873484626352253792899735486511031111217961632332772962682391372613063369348109843830229327589774068949434400245353841901295224417908291160105591376243835231072492182781 0.004870169932877155449666271433062995378563854030772061708272303744564223392297903372903190317045179075468337860353922154826561806243973675738053136171561417701083938863686693373851629214168414974570998629047900977278279733 -0.005497560183911580040572747221846507831984694811181640713717678421660846336956965627508209821513759638294487420535638977987151802890341776319174848152686768184368834863628777691408708097985263830605248633267443414551138739
G 44 0.1629216610912187034096707001134578489566514623876855706653466557894548542209227060317093480249238684621597686689159762059626119123143746907419704315127542702582359028830679511953346947478818029657281650509490384214017765 0.3528234806817686534393924236271844023544314523592666739292421787195576927399783562707608734644590109990248545264356369491536516258791201937712701235097304457140229060531308085427292728497173459092502539419449193186518234 0.003576674124714335390322949585669781157860662323274104402674503115715383675312304793651428480126324032466807971787074949778760708187586318896209436942085534117135920470192482921312284478184807686509561166789060805996834063 0.2664230874723452831560839010989266224187581958922244215166618770223692168729545505646801295574946791052196662075018480766195463845436193927605441673152985612272950541223893430938530653340837891773306878720603137147244553 0.09361534826177963197091343548002020100805106423756016308711013706333386398198350779281230635696820654919909873888337957149273431691228230072473399832397711780651077178758460106699602623277743123282797271481585675909842078 0.08071320211068482633686016034558147010003891119142215656631155908959709815598756266975859185015664347654927667848849442817037769455065938897273709111408639418932467893590063376410673427088443488099801677365280656886163691 0.2112291694008178403308303477724280563862780291761307376253772572066095476410104050412223468808247610825336431647864403702865538928221778357991994535852494761777709910622824617361491417056399903760999921186951464913352283 0.001812584944824875320981173910010866417609859157809465175876369729295255537139130364393665422174075604066435157262939771854233459680047401858404074633673275370827897629942579944007904228164418145260509699432909393395535013 0.05016142268048316185946154628716290735501501917329511329033009033294164853411903097769556562263455153937801322320824800528471375664790806031377997446141313011879705303001278319949260272369106201240059821872693175155068352 -0.05177965780304337702455714015309915846290550057302114809890401328503400045644959320585172313481299583434393423075825978768761381849966937782827146025277712540921794736020557991331369445270849065445607374855215142854098484 0.006109309693910072255905208005153590377094504712500282616678140743808586142041925189133345530269024909140824188084169763639828925629732291682655361834589290628445925689953876860737691639234790406799647303463223406591719505 -0.05736098463940993773913475656860313500501867442767198815564388754639233528250881189427974567869525878106354535658091060566363369003611810922976173572709147134976952127509468553223128531812189156704828057201181122294815969 0.1331952721541361677188318700555214243230085732519391862034180709792078769634642310983666682000265078283549155938956568091221331870100674889874823935220339151389258068938849046540153843363762203223382017142207607449797322 -0.04642537899671508069966481788484877377423837204775323518223996797208441984514028365840306172101552061653306128721440146046377513838947485998177964825756213593896724346118774895450123211336107542529583138574875066287770502 -0.01462887594351751220807675522474743883708335143575682099537379615046296570443926313603771693415174596881437094813703822778295541628834517045999726182879582620081542346951825015267960744874225905671084862027063349665994450 -0.05385026885682545728953549346898127575382043400423131680818288721150703713747281155483638660673129717390060202848264640069404606248791094682397345124726619937707338934616476301417034057204032237068447393366960086145986256 -0.04188047427934578648053612769200998346808819638622536859766744374667546645780496769289799365219967593324150221335489623786440291278451472287657926339477588784823986397462026125232098876306043124641755952569326459031291027
G 45 0.08267513643592463813080915373380116698230447256429727120136909202766480015795773589932026273501559652851054096489401427171870626299009853481755024426178408749399037583824088977032071103140399736976942508907085067498363358 0.1232047887171170853644552268344881960640395155707403035161707586852222296421850371864218890051335410465692082806776122891249503594312135957270354889134251295177746565079648538715805316363801240118361619804271137150627004 -0.5582837743789199491548008071829488953593885435784067427408375251624258901756908291886795461516955123978705191639038528566390100873829213947517360963512414697650400794676033694793099563434917221496422719272674079497043851 -0.4376248885240300503441872923518347615810512788537858591470768643307941853190728932182924560401631273473428236165361697870330129560700012062882476066089572963099412441917937101004392612589395563367213605019850394205557919 0.4537175396978957760827855209961174348244720841503997034654613125989737218043930567881463593020145749371083593575193239148983065633334216611102416306201792706002122465037676128751990719628698196353196576245780617211921645 -0.1674912624598160262021410951868243543124600618637720787473521517630979904325383533207949406466650843463564347286519575526635894557071219258816911853828244975660929302181521728927810751504435560133588691049652241868002708 0.2137731415247351266803833860037528448381985832890700802129827523610763614833576709664887191001730734454822239907574921795917047621815599952029606933125374520705012749189465883382255188046902902754456441473878591011293792 0.02634304360879756354951376999750984104554300428702988095527424810977444192371811729120894245801129273210874591453301269621354418196489752847585306216118144458963561263560667925374827119949119431946901265250599876476465153 0.1203511988634279091947760629515581995409912609285640765906265680012194272858725990513300033067734308640230221062095984905336898032544021686041740644081902078159182576084884473415533985594975872283158694108138228826900192 0.03301552613331843376821360002344719661092438123838675601342889224837352339090672913791557637377821857377875181281751199942979001609573421322666705816054165832241738557128068283397362058782350977977931224377462350855021225 -0.03179719579833043111106415678739527642544008112782410723057261618590421285515656956731454709273978494970486179658609868733529002283734286598550787903405677961026419567750312377800741419336349505521868693563220953386155803 0.03444771061022989613325398569591627336724806034016714783066323503287641867089587954264308416651968725502719639417666855838806865726445162416202385690863032922856348889740829187918470275568619797579613938641642237893519709 -0.02229788491694287535125902780580453288599109106907643291227454202829873971192255428990950476441782778433624363214829159327412053886985554645971379082476084582578604438771261239644154765257535025810054856319167309380838017 -0.04262695377233143681177453782022867201662883206156378753576694666180979374499837427881394140622234814553253252971315742292884343963797206414494511543948615116707318239514458233076334018581867389216645316633800505202815228 0.003144285849496899980078165639657002808923343023238821833138815074651105231202520134481867762605219169092890210626956864048188918701652863902161611322816016459192486052562923025731807365209788039125590293442372862183784337 -0.005835558007719725754430274140200281599739786073555945614467003743496172968087175847296632083605153070110740226847447222749700564297743722695758744063778426175592121832118637214871766908513551647218516046212399082124806987 -0.0007018291687402502900812111251990005722023978882562089583887236571014569689298989242145585103081253863143813398916264760177426254172562171609083864541759315882334727593940559029033086575690871282019511683517533708798729158
G 46 0.07490174767002906962586859417736743937046606628285793759285774181977287962358595209262740070361428958671717180775164019921535491242301162153123287204034334791803949482856672900880671396679976275840985508612731217172850952 0.1614365114130749347740847805839294704292962498840302436934631609495704827150503825047925409695727318185615796515862549227282288633937635248908806480159530045037689389789738511803199765911402616468181380710849440650249173 0.1987233199310144630677407096660182274737696355540989818950282178308903702104551898806843036609557099640358598931603181216639817696759529534537074355763148196697691612961760681329975053938754431469275268165459766310959780 0.2465650265119245110754296474492283375771685172841598926669839111448485309260716226394265846954552456847524875048214799145728988111307499032458037531818816914356295599193384419434343568228102613887951464246231530522499838 0.1912308640002538232594106469322353215113981739115519506509271135858901996636087432922234637229849794981694377464186743895593177684017734121097547692257769338503685304131102887598980250930094238177284397099870293219759068 0.02108563843106230254838535749820201954973854728779504860417850678531671254817522660930765604022058450769550786846520151006084850460426275193136626714818230459802733711876942611131211726212266233794284329457591011749153908 0.1541699768989232265782150331105064972863585848801844112829624197648045822740205629196360500087881778367815085217704206542037775468658156786637272830993794804933396952901156310778819397458790482140038030527524683095896517 0.1089679020475239804177632675941828581638379274889485081557370580761342106969259857905662497953765083152913539860254173516142495622214299199883222328597928052549966211141038079887089578660050008935304637522289527873992532 0.1392273884113959554940614360459187524699619020227824556459638091074162375523544782171392750975342002262236730030221842475226627876583002338323755735618284702718439742973221042059458122207074074251468757823143938673136174 -0.1399427680031043325170679014933163896802780040289148435431471719618110367379154938852650443138106848761811133594416833870528848389387796873297743490409510399770210380767689895548210599897984412344189406929563682828759427 -0.003778971147584081312756847381253227990708061691795203558704504134091555182206677169471127162031624629635379621979816787526219996363458338681044105570241451640634687122998258367657879760937720453913835092408818771773821310 0.03974489558022553932271231333638003600122325646138549516629272242340815017487976670045364046199670076934346380593980381467860551325890546857681016589451778364103195935471278579446866117551019789612472552012052706549320699 0.03939546311470383081869679918014848591551477590703805968276641306726305172729223182323474418985740064541093946573842265656037802040949628736327802965135669951679992410892556497624873270651772010009740161832718196257034166 0.01249430303276549808839730723793717613428943654566492440805890245566756903407877148462478365161902280960855708467537768684729808504624223040960925842536573138189007265210538674251424350501001124844809448942204146721402514 -0.05250225749688782998857951729373666194167794604091689721716010812812771890259339404528199606009869735388353071506792052604176287512848833224706198863558534080610853966930481930050791436474117699970272664787135495272542787 -0.02228910278166288116322641347529725751620512509830493773394193298593868223317999166151558873833385443100403388898598724840751745486043507531019538373701461154744466744492223365227738409257414627710852076967793895581391149 -0.03483885114771027223929215805742310029818323919209665626151090145430993195137441748612839518828455099732772174879827473251358296243635115694790800860803234473372879074861622630136841129897949831117832763625739472930723911
G 47 0.6434126229906181778065797280212933616285435653829298301385507866963309192101736442639614585369148559639742927242904313755053383800991389368537055114749058893547394356383802082351538255491394109928040618011677461474794349 0.6187310902044349305256121055363863064168946596735548145939594971266197493473121027952230016457072945308391740651100057569382953278515378994736502255291455043930952796522174929791426596577064742861967571596319197696762771 -0.1654850345294981661295092841682194586950957017734104200690924132748626651942870177758331108273915716605888775597888342865051167636139269392416105336160448528341190468432814265358019587752663435256396461430522059950587187 -0.06262128120255899343535983089548536445114856600330960222699962607607322784474290951347697075864991743056147567481578795268696687008271687157337001984081736704686477717580733522766414698345510692198424249878236931355883226 0.07420474019966237866312004536224504288403214479338167696963923893981384390471110467056816158686649578359926583741445097885477672715915874412151818726846217462762684806427344297704559471185033107196692445649318264037396038 0.09073797065246025841097480672048966400343694746416462365965607227913626260331056899823859624215032230283424997182960639072593583566578352807919057736389775313137558172734253674445030068163197209737773517599322517842061550 0.1688113624557631998376389427613760723429518851622975205242416042261349491832173785076942850085089400459685668726537090882881011094846346672550885088767947296808113692737676793528436070572662469141564385625180495733500671 -0.02152127674192976972030643404145046955172375230105176948051036214827192299368320365373146534600896776081745163234754079667349364186600839580529629905623255829887408432902953120820527838118111533416024094943851699316023878 0.1308858670447169663806459373745290389346523184670268827517721356813742951574190868032320870266501608937747411630188886724355227748983011955167544772234952925376177571676306640895411679793985673035633699528253823563037932 -0.1290764600677367664333432507043642274389845828606876765645314537570883305577161204526016031240255032924687951035288516030347445796402979123164338878864266903672856872204152142508632507039224448349828722796361581377064448 0.05896569869630188283233453890152844189743706886960663905502008147393202824491259698184730984984309167371197708459628454859475012798322075137615585947584741363564416336654312205574994697065705531714824404854241224620474053 0.01023600290889198352762404566794564071152542150187539816512591981560848768710225522135781457287083722386312421050752118342192223544107344111635317642747333467388787858983486178218359216480560066092768472376090701556193214 -0.004442442754233735285127404166356872708403563535352937079273207198373177514948064325899158671901770271161692237484163662658128007347854964200084719392418918442830383876872978337920041083384200377048172097241856804365464272 0.01935528569102961861146879384636322269977862158271578176200721144208802436131160858888913886784597405128245614706265869354118677035089649431896169476618510516774819628698288885384409818059994344420797133716023276509498651 -0.03092918879834036605721875112200628117724539088514493880888865150276405545074346232955892875867323560607580721211129575419011330539111605990090829931573513123208804329833089422765047174077838834714367431258064647666057128 0.02389174494472833902957845985626124427147766207736392016400875705643300524627572894937670729082176054640246167057732387911198159368062305482251294154378027884241363657797469596934636718220374589710687710395743120823917112 -0.008279715078450755537198825272647084418010492855377199409601020264021035996639725756747219410734221755720298391212921104831694682907234270124049504695760464096229370964203149311598022056426197365575853412601995227151337569
G 48 -0.6911315539535486728188634240822849385989830230615787946418668175190806205974480208372559434214166080371938796573347113739007270985213408963272305257909819340196688881405992264515090878675038534227425668959879880239109788 -0.2889062539971740311354696287517151471957246235760547282261837485750348612993402298597625777447860236613448289709598089596652880007302925865874496797169569878918644123230078114754853207196202972799425468937211836870090644 0.005382748971932190926496621739680452485282595023893956615689742908264058828425650166974676659734420161261605593734189060765628449563857323895899545712208555564325052838259946311496202244564855635746937160048030628303715551 0.1798948022899961647717735787245202981489988136944368884866071186943301635987091889266305108137578169591208535153596865760440239381195246510352902876165299912928690727174474429097900590118616757690303957629877898682594826 -0.03665772950847821359163764856588654551646760810758605660909163205243033081433013640799993402891541087043964007655612718734911344186378923138166316728867841334132644422876016760266195010928578527676963785072100089533658935 -0.05512098523598136341525639529061816205162406916263156847974054610852359764124645083246651977024249871512172991317952601814591605718549222348968986893688186683656496562516890063425776061854969422306598870658007840755964439 0.02801351094479504346729107128350804258340937445565075226739026101060888705595886977951237917244861731988280468331410465418554193686214412391856863227204456089789603304808058088515188455347398943515154699887473655673615558 0.03556289754342775882021480276155759068225469117388171452865214549269210111435086698611494369712902478227929913301159022542394495103681268199723316089146045377373977581038758144958593236371727591834860843407156675911866171 0.04998052263617779959477416280634184691241278462787782545691119242762062751861100351314328133158636494188775460883730461794768594641935086624838926501755596731380151060531701001233523844258710872412802685005301226219694120 -0.02117687287618405050972065477422377468572197558446902182332297352814377820486355220646510187399144278258565715448645362692498294464278678344748420937222035207428166389720128494788690218330800224986865505135680392502440782 -0.002372538158606642524327299170192375474532512755550832719519221100777134422520659722622962021786309497634801830052610228756319144877876104922318611609318355184507281718842522098560499485421915360149655740500183853004488307 0.004332992384217925790098688716891776846952493539987943456972924881484075004771054673281002912453092409427593601207224757317390403074324285578253222141875453957582286905358762790804304289980825339943029464117000897704031465 0.002996576276757054667365081475962823519234533851741380305902966827360423465988410230055238220901330731024315873376345820016369408276085460809355236874420468020719143656420812610402832770940211402677479835223997133578552680 -0.003569187485546769038442339711522367347488388906499062467003571278357770892818958153174219340414908972752298710284602262323420941036897957068820629217145621623158009197387826377509077157616377848057056354253714515671524693 -0.006621567222194487413707435890842250326966193137686624529111893663090380927386697469859079645056713938029898698237575567718928504268076025002182584058623142571897534488648867476080816034148790104403277516341690078886569182 -0.007900337893558495381913203780428391874873219042576791407693222496543644011079332343137749121381969841173133426995225713519295237137280613311124987266774463346852349272043894174550421920126276859488176037558623719777720445 -0.005288919521686537163534099772933493664801291874565341595761301470663710036758861685495690994687892309707902728730677648120416703229750365726095248814318625316791387585605372023398979683116131196695148595553423742123697925
G 49 0.5414073463024023889564980339938371272182783598870641200113345978407504519901881590556135985605475082225462758791522037120148989592331649896081463194876081756441948579522205321907424057800770780834573176530769353774327582 -0.2578332776615092753147546105320239980149354698598215789651485665609146591387168683081770372039088455830507070023182310758721794642967974985962781787129223552935397916939009606605280020124739007136598043498045279642558445 0.04815280747245943473186502824336822543114752664466251619281080302611742937511517603569490358481936482930684395076260847354615438899173254338144378747232724755380174847383532118576524423391165495613891169061976681762337313 0.05354087576283833524909858239401506143275140779690578439661345165067874181300761757259115350179741016417868065314887321459558028588075722042775108857555815607435196929989830434022373326473901412372374519762159839645285478 0.05779137714556865686602001963265630651476585742467964563866064654975610296389398032818866856602302865230746421761540187553019566594164793050843075896974342762049384526127403085192705206665463149976259988058083335791484118 -0.01947413811901310428786909715511072618681838272262510782495446070324054920930774480461882691945742837958798461877218369770395180350559727810073698428897025663134772595422123853592628314569938444766741881849248918240996374 0.04149881608733760860428788554430641116996194300278129868716422478873227019108923588416446503907847359129006177646630372094230600117904172275005396412794777666251617544556984980423885074038737425270172732499685442920615891 0.007230062533867513207075456659275789833794923756698269560730160298182186265756780714895683218074976061411433755099293401094362766940536159723348208471510596522486110679607373793611124680813498898089909642525223993418906015 0.003522827361309321103018850223456254100128239266114589648149746490260271540043460606682681568706426819792128154454571624844977098757540696678913567504640952439879797363557885972051345460193655195792158735598156735540482885 -0.009547380482845627382017631232202889567054841224601982935832644153181762317084128654111240417793481792294712087494245823343627139629061355431946836229358830988433992668129362176376055860175167867436938225041710850955271539 0.005316059169135445072790457891610413198302076407958709398846525869080630645390479688340557183894956005750739555057538837304188473166451088283263338769556143393746441119092644701110975544797022879017670557113183769967432170 0.006044920407563176364118306671472751769112498319497566348469695350602511652543646132041270505229681238247314320269111720079370001164534600427185896732768105698237261247185249339563267839283110134386081080403949674102509943 -0.002921121455619667790545700723825414137421312634160180040710025851965889387325411227822846402036783898216042721491900196678538946692340376264701306668372593505909494733613343074934556029706645855872447138500289403203067834 0.002891976807276715578011186318049097523063623100063376988485849517273884827572299067852425531418929883906809621139113709621000874710285090901204375045695793265669431001032588366334280675075451844063818334980289678470000242 -0.002782871940865913454575505763978435624880327486334188639216491942805468436288866125156681132694506817693841440873322000172436308122343598678087099600199104739838312784585596922410658466080097228687166883818117990270702210 -0.0004986263387533077413243124325477530921777969856469283977710849684360270878520875345645073845743217923784837474787968987374555959710818644765685061564915279324940439336542757998034506350082567806134231965645818792652592988 -0.0009227140552412141865008583924229552118274694069699670974422798912428451956275477022787547618081266119674052448850151611553932686796899691600588087407580225951351700863779648324431348591111689341365571140612675417345474479
G 50 -0.4814005695146743846357097426333699877964667221244398858463386844022276684690097051458068640173742919171065936807825020951206248130597113695846361768947198742629587545471128885010216588968118063414540438815017168925490436 0.08188865879989792303910522226556421769157061575023944809568081035981357272010925332413796740154228030955631977759773632950145088115910058416818074561264134616785904831650441158527609558162770812824368534592343678623382215 0.2320783000066707123014356937792302408995339157706980971744463416403338037867622179334092815181551490277030886322464771547721406862988522294850272320035513262733848254128526510529363683890680930416326870456758942867666686 -0.1743117597673270564571545392095325135599733820906779906145444293003543999732710726028841816472568512478030314712763457951187592412574983127174571478274710171292082930740599847051442152269077496269081257252470495700168015 -0.08319604801941827056883569532382293398618960762265454725301331192980332530848567463595930608744181314544821547809050430592379167541435935053763108208554710750151727573366112872184087227425181036249866276900631443840331237 0.04227194717331042356797658483195035889688372876388761196052822392654018289139338820050093092903372834127405800394317546942141004112557936614375760507362874451472392892999121335260227065696903852027803254408815998318293812 -0.007276091738177590215597461734373850075004981274475961543941604015493010445184152545664416981842259283229495867053370143415886227964076401378675706197914212308105100187141859275835699989890378387359840477964417779624575746 0.02042740266357555217399693982320772709775288315357791940358164602826225535583218271871773543466287197611049358985421457756735260982027546949750948242096048668087146569109158849021508368316858925437982195937010757720042267 0.04176280394367090188325370554034420993442927481596594595958433682658127044631978575896319966208299890808233618251255880644100395302479121020497379503683477347698757244857498042206826766396319441672142833805501891662813743 -0.01315882496531644484738817128003847439095491768473571816012492913636209431559361013313452454008248135102344872911454638295829779670165452812524129674319510856229618722882295903882614354440675005146054276311163936521532256 -0.003207559174559834876222449683575631037621239288765970073672591800163522543422861311915938892367447572231119270635207111022028382811240596591979936133213953615773628056511379468630942658273500165807131016650576866679766255 0.007749315297366947490346664690395538737583032957210533538749513154636940693282166068372579290848823333735741582305963143211268068809183684578297054867583445479982359339436086425502672686682195712699842863002338972602936272 -0.001251089785275866111659311626173374356575283899226855072066254393118405056342698688527838265280314039674650026163275051349669061478137697521062068157529727645745431506360984475521970947932095128030750215162312386422630770 -0.0005293564822003945058960931572973525729770528885044822401172948574519496020527117069664423542306134658225257935752025181309487920989730212476757909698744429258522380140406719202099874636824469387182761168310073399973682044 0.001421499600891147824640825514363740339589136704908774900487661960423475267936554699738048697598128609844066251885774901349725925585161495675956046208616267329833775313824842546749873578916956549323434047736952758311765403 0.0005274973549295651935537122072281518577472667135801317506163299559076983484763690049764255690431799918738201896088028822851246897469610741407789722033448251887253862492449276851835450384674835402382764820628113485395491352 -0.002880748250110110523220931657102069523376194280092663894245968777354902137290154044160894153500023215124919333014383228429786504182187756229647749664158577965461758407356012394752237499518213696776702348392301213804163063
G 51 0.3182888439004058333489756963719336798927844828949540535118294006546307340030351862605906689190354951949063965471990841099644321810339350746226382181675905574008904289550512703037045505355661031248215313578971132670576381 0.5088054897102249732280839401352835154586558484746540031946760585900116547653337917049166259779284227378131037622336179930163696517393525490819986778966426706151203726297634691154504471072681659686841174269045038483936761 0.2865347659518580244895535375029404541577968688889669729615907216427575887040420339295029634038209624982567334561894347052313109899149116715110281443241829873185800721694591971150781458633596546206415775566881179816011501 0.1277973296839750962558791945965177903375505641025452702712562453605795703794097326196138859635809031048858874639921188361553864679273642514149732734808307579374143658586696959868152931606724589024256013172113387609087324 0.2979973633423004359738304050023548298848559201962573843622521922158594058707917098168456384303915401392564718650828941734879431738808359685901544547540071375179943921043573999053408798852667183789474799202938425636419828 0.1866175075981334022815868948215013171050765616553864706413264703654690226282714239753819529114200251116609787728601422930061072793705696080210728509548932366237279135050011677435090046582425202309865763964761556249720235 -0.02127861466060295249358085513416347527613744423534634703423347872690705036360280330895835092691737130466261792849856692238422306663710706067404255979232901789842390976841208592007498682206746473288290573768557954769466829 0.08081483756099069440475262771499069142174583017489290960714183256910326649869548880989754588038325720415219178786037677475581804279019170222852954794443759526029672076641808299843829392502617210490711582748103551853851841 0.04925300277254310597590380882058417069610610926218836153537047282189979983855257364312826590594426760108191849647452201962953812724868806247387454255506982527668258052570907627828608912762589887108773992511763946184735761 -0.07154278667997617492538646508007738113188605123092889904997151280185260944700646240562376510396591479035147200581062803660679960736602976515815183399602974280581418250521356840473361756820511373672046827231420223899827269 0.03048363419121775074816651527280821196649199731310221514822302277017148173136616500918646684690668623877258056734065575721022605393224781071732683700160795107423200523259222544922301100803600897645735121613202018546727511 -0.004030157672909265102359279563841501768467056450284807725126817725850527024851102796271141016932249846013390136487417021164197071563368834403455513465561716157712559323253105895729841905778088620491565333924195987084144253 0.0009505496377487672475366623943153906428478699225524799816594770613908430694116075922191824589545996809085159486078264698256159052464787510305775630890087245290756865228640959454611180096040019556458056875592300774770834664 0.01418705897352756756263948656888758610812798638710450584181459668368774508190898097646556968578785779677584896346857522066554108818069296950956360439186166034723059566852652803381210522705485976914173487782845864409446896 -0.01800022256501272916878902374330439093290663396955297650306167707803064973649229116992997056835287609722876769893422349702738460470025888434997333845794013463283425650503360951114254866669097702831012983272225641400660046 0.009248311844238961823947867038282437146241425246871436012326464108105448268955836535949613320598893414700574772126084190836319157946906052927367113155857764314922443230380844193029645408714994550174243138037377883932563817 -0.0005055654330540385641347147027747227806861128446486883802454150242340299388662294184999921817692737870792329156335787459606421328502431994907071574633715619254510389609231527710162618449968517308361184226989791324098930978
G 52 0.07023315635023927056643689669580564230745789099405973040638538202097555676300574202765990618599311982456182637273536305462180600003804737550168205754130024318430512470369517200116874260865946165333138576253014518939197673 0.7234721645266996733603532162584283113977072813842449400102055310803457562049637093877327571337548923613763882695076059367675757327179958021529597438036792573630485946115681376266613121746252845847578624711008349299366587 0.4203983381150240492480044286913182141797171886562097128698260460574665418799144978223342415205622418796167605068673687844524466859598670024837528090094652288613543026535377228058774670875001431871809802898721415096101064 -0.003055058229368484468610361826497924749177952824094814244519167621539920351082470363876714107311425820103574129171030228360598402318551280539516746680546534027376827728450816418713225705538976290196098515773787405302318155 0.2691172053366530199723810458724476603368427745219678724619694459348750172087112358311077296701864088161287121413513079019233903204538954804135038037608225738183881754398952340749110915483399807953427749100309454826082835 0.1513084208839204329130128933207937874145081955122307266612473030883706664079714153245605499683634141552116930033052295066135809264610451124294784127614719205602360333961083835180003940398427418517049266020790498797779250 -0.06558413774757082034822430512131436721065036659003732236735678087239813565039353588755239928775920592944259536041291189743643894267485450599881215879083705496535407077035085835748538187698413547563426744733632429758919729 -0.02752563313988314355784533692210269982299817944022858949614374688171651441346545186972479397121947951570039755634379038339457870340180924488131804031127103269025296048932551788220594645561799097185541434102300239184743663 0.08139948088010315082363376567165748376327346502731974187700839650841299593899069652928608683565152770786336716993776700207998204590730205284702674795407454879213459564923757198279961805090555213236553848222201246056102441 0.01490434764379181848729094538640621752037477948373507101824717369923851085346615328479746614753910230544635701616817710919304995761246275854708044342055058074538134375058027857675233738758528496956433377275858379365013060 0.02373377068923459149512609685780825516060371984978710567146911990497314128744859648132965667636401637821210740634665621690825587071561549939844878374074293344614918340152362786487249950464312717046362915882407166321673100 0.003974312921007980740738118956022319213445375881943254785247691227809396242885665387937948847124613350569269442162586666049827698919974156859077885333641181201592767705521191905554518390734971374411134249305837017488562190 -0.009848357605235720449432541549302613117204910696117038154765164565824848241642293496427217072818742420765567716623628823701318127783001484354712619934900173654891647803923473574949523670018458749776639373117391113767360109 0.01754847119825056614460815577805249532595093091341371156915759504017351493234947582235057017776308375851194053395342291463700154393664714012287172127337799004351615413055037373151588917629659382396831768284649421769760329 -0.0006431458117140682568679266225694380542572938896021736638321685435764603090983011860593292580482977382265275767282181713644742831885114686740761284932181791801855423666310380897925175933086484756048449444334507185652134396 -0.003391669693735755320938327676095036615588649226282409303836369713961924061635991633325461680902625153996768574418758070828420307689113176802047320222465672847857915672475418611691398831282075538949738512308009342920306082 -0.0001314867591253576366723627993947789055772051728706365558528530167147392575672101410634991308337648075966522150526541288266640351000511077941929635768478211248788206842156732272750421617403306280081999636103345369413649163
G 53 0.1084514190167011295910789271273059874634426437366801345392784353232969206948118539058422766218837820938884465179219740446966316259581194519838842463869688873229110168576445713462714578833401309758270318035545517969742545 0.3191222161633783859185725752127003858498740752968764696978182668487770746818586767504676930701154097394591782917979250442692685402507615292657635775322317082577605296829524735847803687354818412883156007596521826711486830 0.2272006246038529588506626204141617202900774658091042208114806534917353763143189769820812692683143166618114676101365520152864308906635294789451791083592029323305574192584448441914216932609109549822277990135518479832773982 0.06730589517188979462824442531937261659009810480878859272310667082667826516430165819751157601233675131865279967954273791103953985259053077762168149540834238861208295614314157393280247938886185427991968236470878321601394478 0.3686792219515447552504483201263925972156147602416256120318927587875451503469862737440774445412047639548943822282729491877722028150733030395478991055197840333191880546105410702892853495723079377218048916320039456496347849 -0.03395758311289223438210270794626506407708437133830046242790872509240872835067287589776393517435148781014181840116091425499841514822430826318994936737337245880869154519871317859235742867615547185984693189740964208561924345 -0.09927333101224039826664801633880903634520936731639092220899616565909715219779460044946110703019242349806074266419535553150274456908569817529785646859287084943406137530930292779695549640129100909622125903158223224235272666 0.2549892713975503085259281779844528765655662698761630655395385757292870801654278107064045177886901540855513505377684130306927480441599225823522090852058022046890347277892372058032328269806275061394567689593715753394391134 0.2849137277523288469295971191644271785606112822497626095565630572217200181577663180733272068624673322194385375026268729006347092131089336596210915044061009252708286751181117281244929921928747374531237187234693783469382314 0.07721003584788652419950705540010084990005880024279300765524759504407070251155831420532127323577335379617335370146073230320294892542435519013903628193556522063150861790353583385847940300486969928433906975486335658850895426 0.05605048301734183683009292259949585158800114051313200334288264418834545824970756603446014090981990342999659595842347222780536092629384262456490343298233855992638117743402431901089423567833570760386569998290778580497058987 -0.01587712108608654201580027409691814443705917101196917273269707458066924617509533459077400718096271318912055622539567942021797329593385047048077185061033520325298263075669536988735724455631408381107930905503878398951670977 -0.08128210220292850011748615473115766808178838182224224078009498651653592756450869599577745322716220711432635007700482537634635365797264540000643497281985788997591901731563193259463698757160797232285441456702745930363081008 0.08280335014768597142627783415900985266817437071749226123893575056632226854010403079988001985348392499617514643603137063523433604546613460308298515483322015706799621577052930730995600674760242110651220712739466639654829628 0.01570554542727577359275999539583717848697684925298906612898604557956057107032976116352370649718008126121753985771403661934589297567476633455286975192303095938665160416929064186271831319794873136486750719775867666253650084 -0.01604469017455492592891416554683453587452275090176520085877782291349451984975326832583567857561222983006891923675857309935855570933148246158665010058918992078221068572012975978639402344369608556805139034829497556131114185 0.001511444094865971568904188733854454087852486831857745234971405943246541774758496148282775021347159972517322168029250993149160496511768472977212058990827066168694471826294039252327659646845290166766892344483933562178183651
G 54 1.261571123276107782785505718173840160553753313534677653744586584780988841357963221169806505833511652269081931995226078486507931906635101354087818027667873093918648173254661000307714846661393784007431089592277727086237439 1.079074152525860045586661092467060507299319378458266456985838242430470755514599125016549055733813811364616856036463979549841292407688030737410804466046002270380610633253084916701893812642580965203246759841725104234832399 -0.5657490792741157142587645685530556251943025728821035371480437943048169370987976897659438267831050423793695317115875745896322346858803369217738582060879932477403867757750650259622163800556303548632960162269039654146790676 0.6190261880530529564772448601449822704270786597932977284397289459656155842113025676768697687944710268328087847534077510793450943000538021407357983713959036727185723321276960642669484660408340900364523556536195156372763662 -0.6477743580704109392614286451289212049356729383879748831277455623516346885195158468369037656047917911565983013530088629178039022436925602286365777880225472090088282605579772387195073374599271827404863077080717713903151159 0.4020764586885244850581288440641725888921104618967806153215982508889146808185137690084480231064163535799826085432057721134773768990909034645456358373514521452433828075808151657431706269893059537385780555201045321623513114 0.2003883432760875907907272400034079289814446518339630140718761429254987657780844541820983675402453181232163480414380208709183877808251510209084267411172348215031901576189413648452236918883602383851456201753110427440031416 -0.3169265296550530530317216442051304187080375691980736653109838669517959404199237083689204429170725514288255065941357251947480925704083245126510780978906139769515135564298513248926810238188376085761552691340343476136576492 -0.1641265866388200656060670807336191974228713522941903455498969131533363100129549416605678626955940386369204084181366338199354859328128084386432484790265305118370909929909070891161738482696991522932251120380918989505122369 0.1704229718956472467855898663631847080558463762195004778127460807650591431254102701955599448294890970498757457120443349847681060847302546783287023097278270868522155119742682113062699799395106446511583257168426999127840977 0.1822902355656786146733820309214115686692122251728274282318090443121263606657963411273024713528176429974773287694377201954907016086687734626504719457528959235586322476791003549742430949361927980497425482858373245504157856 0.04352912538532519331598438344525714474185301739096489502117318133077244228400845849370838356301134668335570662794817534682711627375454650304419082236727156247128098016762221315205516075454902852100972285065903869097093789 -0.07674148189477621114833981426594943274547647918989584659974203153615825551455351237315549165150127860656455289393361871518339118974887684498089452774379912713107308769112144588158320077461404943992202529521879698066695976 -0.09225542761307001474235483187118022843578647545313719571743368683522481205065578983908963409049093183431781766316985116251222389694108725216923114499461729172599217803325336898896881181068809099065611792914351695700771499 -0.07231301964463399383211813420734011140179678413793425654095224337333907692873282302575421466262114414684881541628827748471237127813800748601903907421325558990637025713977302110453047136012025546638301578107563262668130311 -0.03880088774506461177842550273505733491751532487717250339964833051181251917222384953717903439814169738485958875833895018240248732901208648002212663093292349197888874276666847946161733230052644127397853896416645472636757148 -0.01676303830587629560292451823104617766970285537344696313658197110316305123282323622865677270531028827460376955388883948128014653839210071666215727378443886804558267041446558506231803828324160853775523804798143243553298013
G 55 0.06938902641427245605231160396944999759714588333711498636181145628739318364495735968542571149591450656781210660244639963571527008753975866563759713976085705012592778909695406624280840020995725209902848885798439100576683598 0.08294566830769448710727131536444069804093733165862277622549643939856041301896511689677529130971672139862131691916072710147286528403928533367067453959824402043802748792676339045554939305589502605055186443572758700329217438 0.7759648226606590905309952368595865874011281452314437418521453972328191878315960977539555547811830737580773436836503046526563553664263163289666663495302438757172374830112004922868854481218809016937056525590670852465405207 -0.1109077061032047849179289146326011873458646115512204896499971715082931669109849548294987005023330030851352599096417361366311634989939917561340357144064161808620127135003831839258474028680182538621653754882003898281999814 0.4932898548956185219064106060882150829186085337582349230111045607956743942795615594491671482037441541972918151770560043590368966181993022517851190199765041962317357915150130178046685959439993055872005007764189544981470451 -0.1591315912017195022671679017055311971802662603475801597078933201974866898317968606416556496738164658308580199422605763146434183664123930227632782926485028336396692637621296643525134945952174401376254924870600381142890634 -0.01113775541722433582850923517691589127889547072764493319459344192930218010505054663937862345442768209096582706581765006630729765392200363164882757656872754239747219410855042806182433394790832924338341788267867465540053701 0.3227417681218029842327892616719535435614583970145672566625485378966207326155284641316632187260064041536201745768614029027432332104935922845082586851993417605499536708386992349696953836607831908084866196800555936797112125 -0.04773069882785740316809311526152562490974024787489155894317814522707289000382291853841918040848823885428893270526884903092422141141782349878313093017372956316601355696138729105733269369241839458789326969567385435119038467 0.1765931112837792695799870350774310415376392004524825522843002951722106626438464939957194846799548186100064639231995884063613708529177018942416813828050630788981209886444630682473949136451141315113283601571014391413282480 0.05079082458712337957441482854274586621669714923235592862803454646664287595463590894691231312927803905866066195712628088561418635319702363308971820272783408830750013390928777828234917873598048938596505022759778929540885069 -0.04523478963608038831312006957024210020816929996134863735308708057466621558336325436967054633566515510792695179121362800798858546985032643689976611501434441884561258097501220227446929211389989715096977340370312919421650941 -0.08032683592479497695430772407225952632695060593021398086080335285041181305615706176533447716952795577373310236621364271672974724667501609687098259777582950961321594056581560893958851962499207298466794741386561211185478011 -0.005354462651995927758923373173431690220838098593670075492887384275245814837098771602442920322082511558016856918506693947700164094508534302180494237909882443827892277495280272351603194345858973637799350696821886076971719478 -0.01420619133069054211804470772188718303789735390706420603467240969978553789122218062975477672671844699393082021079069187827078407952987123222707110650338756643858469657180187561195893287765572334259317713830355394722618168 -0.02489578726779784568251100273233355364930925161259989805076008425928461928364388907185898478552288932046632534561749895483711679067186699540580404573887022042625681141803315287979017825520190545564462330241930416122482785 0.008780292722267566060240835065470703953982799051311751691980380333792410380799479355697205998548173869388451047336539957167328300504134590148392234579205311407196308233270759342925598294333875034468411481399357481512659273
G 56 -0.1793981012175380217922150000774001282678896244678501498106290986922532581186692384264362780096287007321350367025045251599775180450397670206748115896538234509408679207441027825516308711640747371233229761596819333991824588 0.2059241007999834977406546232021610357699863961573516725697553746107357809948987007507378892972579732751689534812827418235832495488343133567183451253266919033069101237354809181675170787153250766485667519134047835809997417 0.6039872075017827499884049220574116151146248833213519784828055919523810745679741596246082286817939352494862818161118853438571645676797733162952658712959133191980072329365298735285549264597498131588045388625093672259399040 0.05064246638529435834851555412371713536030395661079294940272750615586267584734973095212529652322917626652388087117540142953584794958567397024005594956960748774277858530382408822339942421983106630981241464920822904580955441 0.4275890719444586941039860195321788879312917324685622653588885876482310740609937500617210309087769186085580002013903579674507892562118010268169427450078956345184152037083702847070023751229235077703944816701711887707089082 -0.2447511101500742758398738056070366986648779641851236228146575400836288957462399899172593234575822027956032889895899873585844284483713350260901098018746501308500650162635326821770244975961610655792321325335911127057348004 0.1444284705020268599121018211851329519796234999728800199632004821108073427553950927468951591606093490695888311502494535434615718917578321955246068681171369641932614278423757387377058583497464333291849680647714936735962914 0.3520039972209150489624858384574834811937926802647330311141093644563183342450632084836436314373399093666918064764300804880583995762046125974471035205398709166092715085325644374960186998847208855722253282049631212486511092 0.1243127797003312598650433822557192942779868921278626594119619939517283981020024332155254432967692035316860343562019074950887320339452399676419361409366816530565553483272235143971077116352850486992744749578273305238539043 0.1964473144175050599159544535266382448135118524332775271555490927971833504656468166590286917430353920217860079832641746643232438067747107039593037830335246629986084254861044914216808178261311616639217822183790503797005339 0.07951509321231479819090690846708944557734543970567315827856851906971335219831923613582359777356177880869886583324383848843056041474183358750251977183249764635110541787899152866112343925523172546825570334205541967111335855 -0.01318909544158244644076706873978276899937788243529001580965021859684019087301132782154842753617521110140239019009733009142439008463276128797586939497442246450376753013012511823294192460300617801659464309292112040972847372 -0.09183638085262574963836862418644748487696689453288523938817511301285383317601678673090196544594963062874383967152543532427732101255033221126394148435046059556415582448109793962219134874438599544863244278393202915662170781 0.07558309389142514123345212276620293693952791894963626899790994350359230431477615325526507441693153662425867448673215366880889862338485030191945159258186654444279233072206989682479477967784284347653747750169233422153833034 0.03275168711711826697782956996063176892218029352418796658984735781449966307087885638022713809293064983583756647051315148380462085999487090185528374549088481048329948648308544342061062270702633481617431857094839548301555100 -0.01151553084212543202961827247091297257621882166463497038369268733620733895322323718181929273411198987051077938309613534251613947789151249442411705520207137648102727685627827806474779573712473098215100922787445276950294535 0.01117692248433269388136034066178723271130592297916362691189597487449641796398337015995488687907269132831294350790439127593123637443631623270066295456520875108899509141699173659415737803822074972202168729939834066003635958
G 57 0.1201085277931315287029752868444706599829729503117303058539755691289657181927892100596932922953330135417296008515456014232897313716858897209180945223448422796699324462930672561642716193625893607035602590898206735953814166 -0.4281905427538668654211132207410646375911120056725832512945507317965476173483404046789878677157241775965344686713741095832094409194170764325374913323645134521199890199265953902821661171997992534759751832405406462867676728 0.6376284531466806304028566695370332845731927337633791957008862840305764013450856294631676057567085672825100227230394335512715606192009565193365833653169312620311909698691897393427120367178176194077395904981870119812111402 0.5751302602417889767426033224192555492602280863176204848340988396593230427252617446958058240998840990085768578310475929395929850136777925033017752881708787382107348693755722714393033008305369090318517146515192419180457672 -0.1382130010489179279480040122986924118705608980141534324040649397975799254175835990334542137349088275763504378587085162793353849755351489115189426291628129364429768928528669399143683983148781977228593065203533069250957209 0.2246998487071007199065209375009126888594938834221354662107056727330238254031057997147435321412666672206533196780676914236371358189302028753197273485473190170857672735829771912858533918993388376123342669540285958240157504 -0.05098683966766096246246299063270262339686065697365953603556763591800923414225618039882528834319274449789743379362497497481219264780069828538899068666397997355546906984431958843392303975367390859342161997443547752583866672 0.1835871429015282410230487455387035759715573041801893081056576173102673962804440034507210170153869165828878731394420824752700122136070905148045045856916201665646996841253615067606039249364019825808763085089272251546203835 0.04682840425509037282439811917959884975305170409923787630784778774486773180058282348481230577684437787097298127573122700603517470030055730439364484586746774491066342598041993660926914563286034218149286315023268490090702652 -0.1372486056152030758844568625331796065096042838401586439528610258794889686949365308864482780238850918603847601976657756106077529234720697912168898821841782002842643520653236421840994954539599554617970241129319955750115345 0.1596811799521738634144864555838022046896297377316712072080543376945838823762996412266993796770688456195279516744663615074905230271067940834676031147317239511682223696842975652682493442693259477985568730700568763855774510 -0.1262815042253920524690856768396960549981025350577084009180419067211887880081976404896318847385810508679074440446843135829620641220186940877143064062212285746360567830038237688909613096875338850820010840775040357241875145 0.06694170829267111352805057458253932861034531112108971031261674403922894806531041335847249348440250129601332023244363094377725497764834276907036049092540316598985269159893599655324559835971854829597355340755169756150812122 0.03866318760861430013574366860511080894086103934473815477341133705747526701328580397085158897235729745775682818651705365431810391224617064585076294628555065796942604866136114179135698959454945618267135348421131824841818820 -0.006359684209389341419724062664362221230778560958190065263534802217865939372729028843834068885251197761854508605757468830045916035671210789376002281166677221798562624328188846349279182972461109942213961096136031222760950860 -0.003813803876518971971452304738621446591988707520987596654865825621853298695959508815991060163878725464079899851109386154938689281756885889981485680180723822909059174662706795064059329224512794925807135672959363818896323899 -0.0006176524684790243064736515444754816033877114831889467034445777902646347280277460500152204346151051795399860248978105877249653978269852667919914471787132755716493784410779517418324369733890656713903194415143518858346422916
G 58 0.3946183216355243123503051970777971854545187419936742420267395720796087874328674613787537437641383199765654808942649985593550562286091405138268655170139195639024727170215271394679524673610295925567993199578287396379259611 0.7305813147775463747944575391130430381360165928381231844036277789060766542611689298887153641255356960520549625966177605272395187839567077379302978594466427956097006046977609477615561604485483747134167351794971042621008562 0.8220891898985688087052123983312885682666902950214104101819291982005618692093746806982914058791223581043578936775527601757661535539239441230070686916211599604220962481737933087796624364705040197275870975222096773955506402 -0.4223341485927705020164416253829251392202980160546422197598940990050257301219487057031080177227803284063905989252448967858391746032978968494656454327635563322920291215191554956600919823179573823996173983219218338027290559 -0.2539979562463108902456370055588846542626036230795212955474656277326390901348677692935782552252322697913219749499137808443122955885010339985791975801995690958239596572096923828557337935649721984934191409967573776546755101 0.5169957943398783439711420231427641598967264130347450443533012614032241393834177443950749236471897572351930341365559694952164516931913012438432870784461872673531333584135172689275686954959746452592486529914382554485260843 -0.2922399136901593685877733154986660443241571851808099621996294475535248080206441002093850556100838030372018313052253673575955649221601715572384330400832722078730277199399099532729859932528206708684394267761983343394903836 -0.1013823376766183023354092253841933678887824025730340400365800938919598201918419704676744264554733074913952291296232283928348390562545378943984733255378267882284410503442612641196586688224676427907929665100892040922461677 0.005520413155882146588217555886149901516710309475449796703969355866945571748933968449670275686544404343259660947072853047641564711590291492816543238528156362980514592094554594506837845305958684046697790648827090992251116145 0.02406024949605995357952676482713530989487299204877687895746655254201355997858471441076673400082147231693369344798806432081269025827927008359727822837736360346234064905627387519500637484914159740010811088111032984940153431 0.003747663958384087940188504161108477774896296087978354231901548588907945502673016097193581160809674368604115346947940928317359672878394531951502975093963628854282928716812242180294271000507822021580069357509179072210337041 -0.1100373357337977474929396023025384525459404458695201242897578569353899742719543911555544420304032965179090784502946360317312922978250873423846490373181464241309762483232103974767575068132360692200398256127594282938388429 0.007509264996299491687591904142578886723428574713319580920387901267636415240243897310043132640345381669828441194578814635645810578656078914006119646562355223547672131978586907316490581067684268071570924749713611888814923441 0.1214091009837045354925606390696046652779843505653321222080275512392098303459664828101568431898700957547357307299368344954788284857955294083747367853449413017700628236882730723794802873554126124969595094401380618257148127 -0.04189865309361816672126975541050678849587678264613962132426031111955931367623614164869450072280548331267670515403528728370793288223596653448236623516270593801317777346157880937762392612523884596795913695375748840765065748 -0.01125555727174416489618296283193378630807728289446159938001359326411504274831774337574822070358822933002300197883028396882370416923310536542551536417222847267341270277152149464139915911369667028439194991658666768153149445 0.04205365769665996707925555925609093044920874638304271084586895056457190499199642221091907952313369523864054414528585748014355977336850907161993079259626123055490538417453038550953887996078857337889002898457914607504204537
G 59 0.6936377415428417746988291775980290185543863060544699074117464479932542709475190547974352964311848048822518477230191145635649491831874049061445989038342765386445717949415518664832051839238440239774808175628840228654475165 0.5253403310696815196321364431782529588600064918058874505422483033469240023555896856241037044458580035827678443085151855231696345925167535439053700861144081053559519269284868951411612306102112162642292961314047647729532487 0.6591698852876420693397746920392522492716986562254098422691615350188042552274956587439790155158208875683409526684631960483175894374946447973862121479896223032094559355642845766374653089069177738575427991550814404310344688 0.7735784214576794768411822750443685440326576955087289255017546972736127518602628400805657010311890467813455056451472438345647947819403237021912427206597632676837019198221201416117895609230321441089991563251396630256516223 -0.8334090358410437929610683636168492435321783283114515060232983199973474025028820431241456371779857181237188678321554299058762291230010773263043003636803171381477145428618349731707559208658990594899172569749781797371478762 0.5738488933914057823569795119503212170281614880573224162461686017006584456420065455029881305637955149442171361056864291795681277254076653695470039907560174603006898274307956984856593344386537003654387237154168868083062386 -0.4398486342711638785140621564284235489567975920960248463662703580959639239881914707925996366571265176375661342896031993240370120616788859590095877115561361258143195784553292155938488122603791383370472087551376578041468441 0.4270429499003177564521849085902929031304028828874173747443210386982127087876949091005843397404964821184395746409891686659592319243440143179530335126569769412548750404431720764030435480912469078784181569281557111227462626 -0.3673745251180530733921440005568791856681615455767368149039866981958755500448028739222191632465617032857661877783684689651734122400404443060104051083352480065450532961197755382818814760210867172059755042000222840477728889 0.07031335880417558815717269672562817823987687866020070068219874727783088676406140363447351458556195717744671973549687015187753105909140749247258576431356473004024226834625234752037040666766977887652130662340234823592140754 0.2107637937064005900381304884784033069944241979959604609921546944519450014294417015160758758049597681386954710950324833302077464348546598928720394379282580188456494304500603850131298840275388882844681401852850526518274771 -0.1125033320389705351567796963167453503443459981894616953401387405007907260751908528425380128286102632169405089364813517921449228867540829946728518490592071366760336805559042070670486768610080585580325856035120008691772725 -0.09433667994950077584057880748460824327122566739533084509298448470392495978488228887347083766572540695490142453104429653971240121392040806722658394439386144995623165832127829895312361236319008773435235668356043624891326077 0.03729289883640212213064827848373119562769292294777275464694152645663893564514194449808250926723253492082325721456001759000310223360570690810322319620987224348557005154864744745215976909336268405299701230231226817705974346 0.03743681440428912243805677300760923944142705960449182169908849780861804635111651775182019620099278759632030681597644430623203731328459785092761518277347517778265830264235471969004440527275376877065684103941236912336803804 0.0002596620581324276147941658141765266388636680232193221296270712764165758298748482164209183604135993661215875658729080785004160369514762188539758536718807576636593231266290474239159228113438084080531302517334494759440823681 -0.009786325323258465877996727216214475137805647731894814089919056145219635542615278321642260363964553899888015664182110112561889598120801375376382571665117586262222837010281919602186665986494249275341000819397434069412669223
G 60 -0.8165011012317717699011221270300463811890851983520478120847323089523867055387417670269713647614030167559492163115766211388869976787676145417980861685796700280488545298667456004786752337835584748649929292362192835230695948 0.7155453760825309745939017792614359860661357071299303951869510553484647283821544351880967280573877466716196056458110147562016749619712757377243689283236348224261349660274018906615251309586087621302620393870078167142485682 0.03631557170409103232782106602698198493498455927447443628297425796368459584734024962573464299773800511779010426163156856412705006837495446343129710485104579593068756642258470407780837221759790641780583169612647640735114231 -0.1146991143936714744743726834846898149756718044119493433978419432210811584213001007696692697223639672228360980201639080842046125517815578567522932303708665579364174911495161678428739984391170904560025774102102671814076338 0.6192400331400382002646017636714038834896130800223223443990184112941143300641548873160439246769806255847459834991786483265100088439451180144157180747349240772827211909286051347825799145720981346006540019605188380537393346 0.3636707535320023713551679396509445830607550910800150093453594593074384845944345469338127752914387848782818451725788512739871611432385172178177217940389441448967859607567464918812499927661574187734110868520342242901598339 0.2801793945916701531709509902115757198868552926268229520918334999672945311398959276785117597260855561945968548477586563673374434246899472981529343964719271854945743505981791189265923627306903617513018112581221900726363775 -0.08669543253183770611855888387639171327020287858288588292741083242548703729318842943493111228503756735481916683121453071030508355794789147543084391261176559878361122100802577591783448196014940636507391531880847473964888045 -0.3045511697005654979281142442235324625502972657134551937101079272686897053171298869467550301778676536479212460687535596100823774893276575164452812641339661098345380688057732400648742925916408399800154034193214719651882603 -0.1983623209168276885719123707149665518285404806248848888884393867231888178616070559681340077015612407112683631908981298578404798220186564757509236587957202346857805346847417703974670874717543073697791862712063906395223444 0.1300679713561477674667504294607172825889026110784607453179089858009957314055027607441162868278682065615157819979640876666215911703308463587774121003774529089313871798793534851374697119234255720044061487477180165963294811 0.05852885858450902547508282048408639587396496664078309031198442120242033499636638392140642767426925316596889987102040601536662600890744346387797473960067763752770895407861027127594441794638100241779607273727359602919390979 -0.06814648047268592634255847122374910272864200287599170726184421642594733466286126139658870874334464581974419616227321350420439573953948990196439565491692098038181009583767025337924591457337671629158263767115601623691746462 0.003692846766029576971767085888186791004872989169962007676087324832233894213317560375736384777877375714103877890478051985407162288133240156278565322136106882143789604120758945669831207669716797910270755452138923104531198352 0.1049704015627701987653658683184719062455212754851637985970427697094913565433519423630141669030965471763412124047633266112965764531847041839317445785658623615504917843101951408862693288433320230982278334352086538050508357 -0.02044533598102828726607765839874666306777074801357565785181315611674768871040528235461244476869428762744345158009721783871432688373635069405032191789592178820857677668954681887538532647371161486100479244723096547656048422 -0.04567699744067922520177689004721368076965942868477751703289471551208803075934620747794105512475342230250509513780223048679451150957470675924915532812666847341699045128420788758492420323226155163377983712983014226822764932
G 61 0.6829231983803213340115465270366918571189887762389175881852858319607682261722740994133171928949955679350045290412497643210778904677019061069627214402667049576459186649907862947756054630081385812454743690862149118952025008 0.02572730671893249117112995470238075855153076850691667753014195717728070971672417666201499092722703402712137027086047298628415048246686573889769683960867257355096924599945638613786154980906273766971804082760292202533949712 0.0002532942952821104670045184979471708125302056858149057203141873039525371533794920046944495953494760815108713461053281146576078396114335035531383073401555238986313352506752317144995827733958738491194843489899652002083212721 1.251118152280047519946690578232535837229940977072842433514039834407981304297184001193246038644205159134712778656739922473826338103086009104009821980194966880702096856828546299393744872262660621626172457715930663983425997e-6 3.797623158759593576498024185679883981998457929268564883833535705119872524152957406220018553973004089731739601950608410911329097043590376295051908600564064256066067620717215580610465184847433552632470413404849092893166489e-9 7.698966024531648299962839931116159539118758327688560737634039945898783211902425838318487287666786071735578368510118007105843015387173063498460578827431513419114353441089140968499240005932078015490566803487617215292686275e-12 1.076603951407721026960274943185380936410363634790037693221126587213357445372705778754703973660787374926041570780803969606459106328321088610987196598349044938545940344739550194453007993176749644923384341810303924362128862e-14 1.041704759020370989845456560025950483353663445740562589096206965630212049155180469796260012979232808446588849585140705435054881890181907515211130253171696180180100706242755097751800635940768268999109559642868386491640006e-17 6.847145805010026631294532970386756510226312308570392954910248359215275696710820537260434991575494210017052805195228585895650653690244449855068798702764755136559720882813540421598158166842947631493634038264920922976754191e-21 2.941084135241420420589999372792657881905829619263194638461516140598931223091890781474592387456793119209950276505132428943320933460727994773956181147625855739630064222277809149816118598982826495431222814944259500066444943e-24 7.755343926279722806351947055639124502791032496514020224308307273691193360173320338603309526138536612148604923739491323095027604778789637878741250571747764979589925818656724218902619510860363462267995924294145985325034039e-28 1.142065988926009006233006615689737884357262080918457145801492545754839511402129565111845464198905868053549195226877142171133631333689760043092340455578732300072232119254569477513344286259799236362573636141912523719212792e-31 8.134531243829136173422828791749745735361712424729148796137656831159212926052900173775791884276841198180196770724228474724255996438286632441713722544030375771683327416536180163379937190698821266606986513704729006152862188e-36 2.231581960445465524038852810966144067534422929593922495573096909917892635870642986191619802438323832082741298909928440457889274399893074916030765702528245337387857507801063263043567481934523475760633435105830511070492341e-40 1.594882452657384643854667032102397863201240851341989125331946195234500469041044908679916963494938537018145136944597207539711723267387115494368602865682340911639701685417065007222073728799838041836965518388493351157212362e-45 1.371096807090421803812825102292074069758796481602882145436240926713189572608622937042675017328658867270708351736167440046842175606752499873547802504067625084382508360279104821085931119542792736740967857962719656255212058e-51 1.882010035976839693445357550612117564399758009067034584786079364328608878258250424418167225400311271785190249217999013372502727214264354182336900045332073740700738000098996029557518130372761040000477293169875287133561512e-59
G 62 -0.6437893695989706169133305823573864585889221515205706916598336387979043167989784825487938975395957707769448115389943689357645777714446721756702026802740122709300628145742446673797999263539243948479118391297020950182954711 0.6520044929344995028979400027766482822669857669525520449973044171240981676229961777195934207574022866969077083449059656273769361673632706485876294611768216473542489270147972692387527950779815094483099584997131990883652429 0.05417169665102131146204264868063043971905534179400291279634831457436755737208497443692595191757182100134333935713680621551906917196603570804430944567761400965093857478348536646079639166638916280813560649649158289691378143 0.001066692825340579066329179464979146613077567849476533658050648359530829197047095524633364635636339463621680463243628408664300421737446589738732038991459935481926905062549339645812083437163594089018222445036818170966824335 9.279210987997468952521703463507596169810386077157600877183942130390107186177252202097535777855330178024094420205875519441935649477064690298487996987729167520098510814238912066548917963629110786433466136280444418767758784e-6 4.452280002444493068998357622812045740164148735363782740524435375781095254277403581122390625129181732712662187069908691002127186544989358990048815579634914127871602559303314051097989082760384194879280641120148098893095162e-8 1.300131870015172478510873922847878806366059080456236657957640542227246646907792247591104145454635237846532757812899001119013045727614998137027752185418197894923840331349563070802210091261204005797281012878067232235627821e-10 2.406914461870268415273001997477569765586895456705366058215676250720568623373777187107214379682941419625088175053567203509157919408263887283374714206824375740697312080481113511802360253225042128486939183063594045393958503e-13 2.841138885290338434170913477771011631693562035443677012975558689000317948743340302528621200584391243334335031379685131705427954666712481808937427425751115047637845614804943885292649992608114497480601612594136094885817663e-16 2.092165388283717115410871988943440150784991717455740284068281521727845477130422125381683568844379040480555091713066986435692855759349461100261793436886409957369015038297876710276192893424035934732734513049508238149107169e-19 9.146783293683546246279048936203035390644929241822873102357012769627643207423424198309293996438040974437508117231955657618926421609197231098084021064892569268143172225670776940326972612241683801378282499673888139746701626e-23 2.183528264899676710345996019444088395834911862345224977013850315691743897560008077100476447053786017824380833629259577683988240618172238964427894572521320697229826916756978261564387387768221373651854826315105539248233608e-26 2.490689669889114067059537643597324510973677016387662652595362341372205492771835789288255038593824435500586650788786220739603300986917274790350160846257033904873679862171897079850895452520476859154654307813962536442253553e-30 1.093400471287630806288605226615377299469731778228809719694556948745326451527113966877998794410493359237496981889113719094119922143885514233073211232737605230650102206573932735620357676504879575670805159453673086462912156e-34 1.268455479454050549420250723300383443686836900387189176178105018514248876618209050853884594899747789450468891115124441015082582440935268240407722018679684132721449314924509283981076943838850368792725502571028196242213774e-39 1.841561406471141974535979577400784940074431587745416469786546289571661237433676957423656999724390966890199882797719374804287656702397171079763097032661134648943933498399919501212291958484452333638531445539232188613706014e-45 4.719556879563720138896525927716820076188157309682498457639568825517313429940464884030100332504355514713120073751196256313763975568092688940910531994849522664146694650168869829458892795042921833566133465004160108903135184e-53
G 63 -0.1221157160186756643568128938236207525074206727566594566015081167915210212372859248650938447390265189846627007782016796456782489707863343074369893830053164279962043794183174101257030503243682309319094272950381804920023645 -0.6096497320160931469937347569103041951668169781599533138488262452941986828317621969714237299025060639634734863205628529860877150485023938515801559082420998436551668683590311575941502428612215118070286085358403132554673291 0.7457723285101832795534965328610285100484648845653484240630958029707284966352717670681339106624042664060649883352564028531336860170953789777308791376783854207278040648744809765143032875103242269443119324640420373413842246 0.1229107340570499976155359420290280360504889262171045318266237798630886215796681106635444026747019626811390618045617171252278790092697829467275834756822322238303095595802695949929028820576350561691732341188289849891493170 0.004096405100254924736452444887445416399268187931202486521696759646679955697822702780281757299502531001306125651020514966937066095682036235362027206016069360871724098061943762826087693106003492657417553197181294224938976156 5.460825035889230544044445427647833771043282446243914955847243634612285402385585940697844712819625428938805460718446032557601274859201576391275824243942346642053236472567863744766318576560267810398482631996625917361653934e-5 3.690464325240389940095751215879036591662363802020236878214986471558682006428828297434583370866899076558829165420132779066015438767103244033357763510589422335272501330716813277886413936009968561232374155274413621802325005e-7 1.404348096185915049928527026441419814780026992969293048717911117745866918916783865618263294387689296272358727002809374745680784253651146559368057129624810536018223871001713059278470444047502982967599321821330573905612181e-9 3.138049725466712060585144313172113504265954039711268560941812120441610928601570338584476036049950049387833554154911588175748182271753533183996796635808121376849138242966197576599936534633203404955381799261399291451639316e-12 4.123339622818043653926084762486333131091155976235491117549474157187945382373269655540247274398103431510348719426751949626066822900694694400313988471566282639513110357364582722836653729210441225474218247757626025997327090e-15 3.082777392899081237968869762502398332062060822879305913504966544967233550837056499268560345036602460026175676482395727583281462505391040305740581941355636938527249794064611196967427207996425341652552416220843540256150962e-18 1.222058146208871545752231066245769114718785873750200932681491700772210708698402593420316047707801619014744483939942824039961810632770489072627089922279449339135443318868573787204270527676739003341458897632917133341567319e-21 2.274360871206101159671150173087055084778749324527314517072070660391304004513197606600762932253441165071744506694299237149667901649402509207927955787393854759744315796213039510936591261791628867647154097598601403614630899e-25 1.620426530801898216128182382337912187065142325398035471304220161704034779688038227447608296927585412833456154475721070979517635177794679058486239277263851619438410517010854851261541833878651506139305822101621273386726084e-29 3.083281595233320398564776897726849702531705157066512819156245204540528659652964199223644774076698169671763776608026660047915398785725880458711581829128156055720650912547063291221141877575084399922137445006710880776958227e-34 7.617438015090937717300992392346941442806747553088000011725954916485684801843766057971336793084770768719449811697100818411889479087386805953247968124231136339277485246378601107375361370273815027894414459130502775449637235e-40 3.672553585753255556563480397540942774217077681538926669326410539404222370843913060170392114363447846792058448013338995261840309161700685939928006605035363715917905666687774462343824630259215717403708711445620265476300681e-47
G 64 -0.8873346350411077572985649110481908980228646123916679591311453482213897416041593713208705993418747022448079066942098266812176345116469847212475858082874046320768329978404630899572910675194384875829292697586792315814674875 -0.5593284720091103912721599359761565768134111423901748478585508560845387335543999320433846063916664128861376078709829563949654385837293962544926281707190289138052989760238056158862815652511542339147552954955979839159037029 -0.1915922219585210514516234714058614687350645320428521058115927571277191497968501019554521017491703829622444165229892667220073296008383229705040943414513377155653489878387706760971486342886152511239929600072775157446981598 0.4579158335660117865483302427866018501169147153604165335781023050174716874769911998055709640988594849310463420625191053076084144220789056569402072667919896835242357811090617232729252952106167637018520468354415156794020183 0.1361080514711255436921129772542380003907906531752952988282599381274194951771406454790114021618826321498983966007588593035284345418475613985212022973508474079904321181053378186496358772009555005671699800661729549008800074 0.006864724820373880735736925894598955516410082186140648924608314018703059280461796058919921475275584945684077688601351144641079460985169894564360459482810392644950788922239528830744988089055329267297463170137366284474027045 0.0001271638656917323508785764441244848469113209862384118681496104598306247457620550362079639045978228260248635934144042028321663876364364599991804388012459593567172926092955603685287299407495567467104691657418092041150335144 1.110836275981501204025656910615743817964139585455957042288565089543319231353907699763706378629516818367762790930121824676471686941899349811580081264916168182733016236054616777611070020484404572195677240799530046815778692e-6 5.090973325106830713386394451858548826741585429708332233270719008632557615714091602772374638209454357516858086174972018061792603454843245910879278777988851727823058205987782351838269735883654263089254595294826733700887236e-9 1.270922736397931225650656099458923059476137568496808349175930834074618488445735942897306152390030452495446283631240682687131662997173898899134248889311890266873822396096931651795249537153400984982279812470051560877337435e-11 1.711850808963061492374392187136143498796945543014266489590240630281981220075392481032906035162593470325673190166979778294270374316039401428910493359368441375293204418963771866835828768320405922048169699833450938999508991e-14 1.179426861163177609184011365895758843772851027983369129869582342344304006513593083522821732566180944112447436367405016935600426372824669660854779716128612469796245942510551536930511048982520585576626901240790656932991297e-17 3.734258103950972308420134728050981811235536126392255276952928328625482313188122947478005684082807637626173079606958067630294770391354763234421220376209940921153119809295107640802687594069827653732349606825572632159808163e-21 4.495137580914567772306385132417995740702915906969193376384789763352394940310793808315840783169760620595772296820097885052627834236284400526819893314681127715260437004429519573176312692593540324686056874455115364624926268e-25 1.460993543376412738702816752794476170430996797208700934049622130466411214430013168159591966694165314699699269901717657532926628122671346725337637401983655439756840864999729230790912809767400573097981571416575820956346366e-29 6.414475841913623597352183619407928180662476839177143106804899209366996857591692030218340050710131721147421853711337382100073784751961067756958520911484556193193153902817073178825080173382369355619669570699429314848859527e-35 6.114325242256450326616654163010437871580674426298757779904296654678629826986112412522349964134149008395243742333981412694171064246383553307248607706872143953612453675021766836548681880623911499347176908180612479397708594e-42
G 65 -0.1890541573166079211624060357785338315213599929817811925505155871030406333611581374993113608662363408868105512915104260555848328203695424934195973064732237417078416811703407651378699372406247575880488374331025410227983872 -0.2036876567079910037227619616304616548768566733292762978218728497907111495604297328006362793480917389759706256481196008405151818227454235283157907679212256788301856828230550642494815822335687158202327498697204724561284322 -0.2480766228346300089200512141616971342413823864935596827792343143207963402271465722027192235421804525975747675436403005703520828646487000334229676189957757402068873599415101282553560211695709074455661902035204395876264554 -0.3651407231100570739163955723054357460597429447408998171053615110615387407787587214309896557765572882873657999951149892762909365729895263100500835586280130684568612482946607046122691358835089140056337814521507842676425639 0.6875548071986849792235652150676865757967021227171446141598420048971104572335725084425064137500793635400462182013747651521511645319035455856490020277879251730738998255133448074275330903852645555773097119967240061518389396 0.2678107767487877417802725211735438184036198587769960288647827414769879729164320519504419309596089747572093866931070226832949847243899125881070991013820024528159546609140730633509254710357239218510301940716200222111870827 0.01760932783670878793105345290762402221388467377208426516517839550333916276913114596653655158632723239887341339420062565578695710307535259108733487845823481985605353739053635120126606852672070951381945176595154807340094784 0.0004072061021692326819975628145247470300169081957243817755054891486563183660918124217110122038387436809641439055101520649541104531241815485770828881854330546578154989807722269101910413343837221191111044911037552944182223967 4.200355930494464158081533696655892443706974965091657373634283609874829103603926875694636483795413054436402902616463443354887007685571393932499536871873427996409480482977735239627665599243644088600939588232552871522636713e-6 2.129232104341192352506066367890576633025491981620856081184578423020759779906186245834616842211748871888607148575893803593960142683821771131307599345597216800933118250611040853467174260151327704488804623883129690706984527e-8 5.434700526264843232178776266781658347276719394935481702270480352093673935608060708396899783060361828438710798375264036991228490821059421246574629500558045998719526974898692003425719915297128216514939303191927977039556132e-11 6.773464045532758047880053768187979033053672803543342036414494356774884053778998251733036542268535113377655097846289460875767334253044035243741214626272559665546552213186016019023369781496724263192189581512001671424155411e-14 3.769294043252863995816242678915431629438175401428698501775721862315262353124475928188548285557146627630479337873086459308610950668663781820878476730638879274191002597518542858450249055531412727898578029782231687213959077e-17 7.876177410485968267364133538779844176767257866835386753304545549082168475558184219492838733619374554086263093103975973188831638750804133669939872793982978116830423420721993369698706367205291659371164447047728419508979953e-21 4.473027113690670674783050869710990007854005893829818053502875907289064312067969931212768751273731852164570228185147062667519800320001951343358110402014731518349711420062394384827452213825129852897831274980614529709077724e-25 3.557363766049538593854348144744992324099162400726274152156404136847838501142282257326528148304301207779398663815423640863769701618954268746670833831365802784474621797978056066762447760267684966764422849244361670656608826e-30 6.814824077857619114541668915110235886284276511723709513514617888032620713529655365837484997365839576595054597365795142699150549611622752364428536940497391856519281818137265371868516689255737086923003300008842757862136701e-37
G 66 -0.5196964801938939216839484502035231103681812469338647808880439318151226489869555547475985080512806783119069763728770486729090411136542954784820385223410859231322314646265859026433510811199194208837983004397412545423731454 -0.5481545594739642023187547847743393872804603673299751043954148456847174022388582293486729362886001117316823105118434140917093677331785672437942875272662110015777734744857868387081850691689212401948899332894554724878365429 -0.4044363680531988751750299958749496054815495142579510178810159099813962435845663166910597083560424578286674557940955614480463023113625573596653096453651303734883518344413357505156957672619607353095864275145326488173752419 -0.5535654435436806558919824878897911985652767743960852891353117437086521543550433689214654988850051368279192507348359538784975220623035796144978863105897343431401032739481107568011357058902263691709912757613830866822971307 0.1333047330230222143050290408080539154962109257790230254224324807951732915309156694910418989581428215213350371090257780105370671994581506841890387612059383190827795919846645107689876697195692587986355365164105265808793794 0.2157640325497555204565002252032283000591257970424474671063846680984940631953886663617995197586656456755401917425306692021560838269138008949870643679689891236944167829324447201551230526334468858630078003695329490052555839 0.2202108939453857134312980634101673622226101418306807628902265549085941091705418054899764351848155760662605956901949414590582474352545917432722101415017552431372026080237753666914559003785955217555851474981748580106059675 0.02050489845110597973136932146791361344226393565762643055961568753913851390272249173304592252913978145052503988185203517269591658410728351540591015680119723480222844465770233503212448422547247691323482246581075468552684429 0.0005893540923689688177211251241437192725986072022963754936029025038563740272604343813946788816301862838710499207426172409467673477257761381905717995191302497909338480569862006253590494853002491635051576704623981444115423201 6.929481276107173600466775126718847752815720483396537779689377622555222633746188211863913191858604497975260011652893220139332665277783215675742625683893997203210732066420695438467675011165187061458345546101704775482588667e-6 3.679021075340628099083425115866284937187672340689305565562189848349255863927206144626990361588038676172699461085847523527924564819555494017654675622435950315405418015038030806559454577463344296348141187506134301028662386e-8 8.904587108445610595389724395467721605623872585909917717653973175455471867174029054453249145161064037122216544725265085193916156282431404959964055556183723731872891753909950886589131500405243395445862063133067494881283141e-11 9.227635849684690664115072756801708762408397006952875261954326926505566745345454332285282165501686576870242286447113951475702045901091058153822156956976018934943331237983969359405278901669694036970634871337310129667170000e-14 3.519298939667020589998814648702726047266921136690913919229732625725982019225601412320170982047506568674188788939754363627990936223178876906144328982621103066282381761721483784847626400862114655603262175109527489185859925e-17 3.658916836860530059077702999205434197610226861462100884053449096452327981557973837158514205994372126835607196904721291222708436926783036405773464245414449011690800738310781025500716777437199242612034330891477936280265097e-21 5.525367793240704192642925628503391738453540426345373229847233462551864053056249050969407148457823235960692804140668415740401279192302145602517356110992601061331678376314863821318729647621816564199861311250553929498904786e-26 2.247995232601996056257529979992487215384578009666100166492607837283770918489226391533663217155615646866077197988832541819588526795550271595994392757232956586008399543409477324990901631495516707843545870151800346176777208e-32
G 67 -0.6524153893193128060347873714098086375798887398381299523277188500011484530082175498812529943995178241062497815240839993477417034227660906550779374364259747140312531254562704412430351801074007039685897806163805853193205617 -0.3041621019337567415905299840492747577893744746699427279195757165715647642235965998107313122839491514600722260735820539075853861555260708604239243980876382659227796794240432961117061078443009824483530680731763421004840378 -0.06395990216244338777731109522514589110094222786584658704820652738407768689952545466311101082564141309727638177110090566760729286954675322132002264938152258638863911661165386563211438359178748378505611506749637880336373248 -0.4727070772507348122375626333488645713007756498038861119470270084818489457217291169118396249876766547544571697372188972386535736251570633073533857547264516481556678276851471358766712582414061930998541187547557374336088491 0.03913060067486287511962344385063053224072853421324585533248053891398876468859021927419834891039753713928602943662813456632436143825719544765408454947053894947340721446255119474843165543551648195847409885430855384675897840 -0.2387880825276897312335602616537374869834380423579527795066959927241143242428226906171841224425221637906940128918136660844157827043705256866704707034329486000723091688839019907110893725902149249785071552524204836134456720 0.3588840602706230639789204696361102325401201306541618935832842747856372843203325607091067753882283705311220801346777309948001127616060286435975958512693027636497578474027485504876813309115915099374310400106564972736114531 0.3205432079647609145077992573874945692331958785724219149367228815354127321168597247300062067398589878797394181960859878486577866348005914188063857032095525309460127917686440116031668404218100418868503269570274800934065659 0.03224486501977563878973191740484181264949724908371665665508997365027565470190286554099550197972121455579677694770217092313788470293018262563854327905106053925637223013152605760033084878001246583614751990083646817248883377 0.0009898317891115308460693630780475923199813631995219112185059969036288817396077806563319988813611654035420128048701427888485395230516292659977285444207225466111177137649158398035654740361351944275722818682067854822558592510 1.180508223541950841360585189543240698102564708867635729191392524335599417200949060980183144304917129756967869090572328385558981808255791316487417336509634568670039024345638712739826469051295713590054699403509959320377236e-5 5.869964508751905184035528705593015323206805860663276709136949677408652286806291119145428373214769440708867595267592973233560501485965066524618763844874554660608867918315209346319994127826049975860107589923994547443473015e-8 1.184503312613348521937793800646219922618653302888480044479800194494844536597981130496077404440766097283708984430840708038533999490888391664207060364416701141675104119953891975545983541880354385318864123622977609378695647e-10 8.565323313967726735271062119296660840290084498861573156109628012573042042198933813672761917775405499429408488825332976800462578464091173743719128157173334301846656896164886834296203528164026453825130868311885766685898327e-14 1.688402187331066593131086006415591195452929281564264854215571628667905326110924996989045577973930952811350987190542931887142224911957593281024505953334470349785515360678027789209261186278544597985802517638363324947350274e-17 5.016661702729166929579574643736223117981737814710147799259694938404646169704299395923999839061507334703679559980571451167794250818922365251334313023155081458192262638482221343553842737729023703384828566620353527020513824e-22 4.517107131710021657465146310494317027566251705786235577274798637574099759722194233467897182686795607193133981470678522762659269036240026682926490528494480777530884610767484916989679415549090327843101274287330737288009692e-28
G 68 -0.3530532391515594471961462522773822135623286553464766837663370399647147472995779072623731089198299123949128536911721463327088446478687231528625070227804534011459650791837329763220234916566054097418082066944132705601536725 -0.5251507632018141948543752239433000838223234616340567734525785167966114005478529954065450316982730197506515302769174840597600827344063766959421404435772362232161431784485288057745948452642560319731057601729043306759967807 -0.2322981648507152489011479792350480942645683991971559370012006565824307447134657560581136672123781305866388914274419344514320702301131076832218312418987131637024127582726990009545445314908552489521148024909177805891148549 -0.4482977534382878695819804628196334967897012022905226375490553353992925134127154414989973513507200225514505870106218561630592903479086491823021928324613289561756545213309561300155599053678757331096737317589447769647549410 -0.1772538847752975000382395192816813568083990601296578489967683446756336439115114698990975722939830612822192722812094424469088205588144214023388943177151771235370375700655509111396146140557328549258551580572371950680902812 -0.4013409712640550468183757309524898041191822446925482303872987188454571163361510749125750654750407958782884410152696675398664386463605215391204403414284668766090459674777281296494208609448127251302006251829886301238034757 0.1333154070868189996083307003325735408879623939100752990233675055876067324952394700865188387862023567138862009426784805155062029574053626159561854664632721672883816040519067143255298395660074680820438071047667152845949085 0.1872032209639361759300070748532502966742063044496883907301275915478811418822652720683907843987877949516077065794500427853458945812294726995599883880936727488476864407164917485222667313110959341343694195629473654643340077 0.3288385998364289041318093673924803088774479522804307363520904844622687790519671395024961727864905531818545339985195565455293800408537843451468973807269287931173826383275883875877586799696245709018379765869338477954254227 0.03986083115212773747989752328437284227156649357865736079655456333271851402257832144567024821500467660855843518681697211647700642951221767151829317570697778052146078007580690999744498527662887883875858540983273126203455187 0.001307138664173485853349250803575789779453819022338575029909489843822591713447080535903243164678048055870380180781963888449268471931893642846503687253538020350416482097402040723694383561300168470488579470901074387519261652 1.502139689631867221910734075162214140399568440235980539656652737443911074983789506081753148751048061204566366242671253253787457646726362908302408319995047402941475047036355039912931613242275234623419532587944554410327019e-5 6.350594472563580850691042859796691622531614328975489642007502546718678518537066059209086987482934585669419649369922082733780777150205929889742308615417265909414335472938346856107256310808647967007401003563146274986635918e-8 9.106912802532138443614420113714621741903563159647579312511521640844034192169424504670190233746828087891902307525708152030341990459200106943075441910427416231624724987865537350459866514612442160369016039804623116359673701e-11 3.485948475759208217451819389000007262593731602304832648163244957670536986775134142575560736898425805392897500108638084813340140275955297988170911382379311880095815076827587649298824485012244008764714169079564091921740611e-14 2.048848333263592407316922724358223829663491770614015838899659163109306011845027683294844552031035096171562920016100246554061759428395455975098124824149246650555202231937041603095651023233574773260713109480272202838392904e-18 4.021913731423251015151949365139330988626537497592934600986597540329831790345135779342773882038947184621965823035664784782024728840308320438224158967761238781659790165160874485740764499578647359769926943757447787120236337e-24
G 69 -0.4571994180732711858732878102271436270548034196536920802683671020066955096739098278872230333052484556539580173107807879782221704043350823976155648225473075333360538753531878006230561625445686971669463201088526402446362306 -0.5825043479907028449810371703134334927783605332702836888089180476358058253161418291872427057318507304544260562290704644439177446927618364105079094404500251980560460466974063159103826947773733606809769609278591280075831139 -0.3212141265376614054598921685050870663874990712017539671119109050675570013736200275070531993272816074195668573209169929437698713950213655965033413484225425717685074433472289241696419622844017943133231121320135584769080294 -0.3701737328039645409092264975672207312795650877730893881101045186681209101674132232991992868466115139262294149424191616677207154876515504780707132051940513577829544347646768233667611316071690581988885832480455985574030930 -0.1118608580494515752172232137151255796006773145572258706533810384800528283634269477740465294522592588868472624754325773880168252039665647161770288222663356491899394777453901629391997085125571047812633499204992619439203133 -0.4313062092179870228428318776727570313729337869835749529375913799514165290215836287757807884089277992372082579905175591270413672602321145275374699515761502803762293562240895050546705534356447244079647579630972904585570250 -0.07017303945122329626707653792784417814986967382540206538422444317210137479668216634129024261664975047020551503036416735889061642033643371384067039431337586515225836110642733852028407894123162392046190066613213037131531507 0.07882497790351413488310762409936814775232075790932212027573694902990158865190629684417396668963501526454076900690438748051260601546612319616165074926128518864504640132716032598188810120730755760797532728761685183009421444 0.2474521897473414239674031177822751706225629274747717667207053250909733294343791397509766325846097810501900295393416762871293467542055526438282228992163476724457220542856938248515389358154687522724017644360649310463423188 0.3115650306017380264261960760809372214829909809238258385731969726417808357696885469090669743491061482585316993428946606938436857981826729296248560052916949276959582727329437478551615186030225732025225604981048336034168715 0.03727389063588012666739613714054003204890798067484489868987970239473846081801771945035801817482195806556466735626759649847296937313200771782246206835481848053492447671378080663233290897325086989498490049954176705721446849 0.001150230807140365629083559735247880021184253275888678907179371456588448862880859747663330143233070884805089836856700836755258004401123057152152160125627764266562845785124524348797853611594422775814163851787379281609193484 1.125739473956538995595742686478757980902236684611717427812127124373937680459855987988536956238473677664338882365067219274076674628038582742612919772055535061204310519310947986294792342736542777743427919698727639846220027e-5 3.453484003299851635476388415754046875310394295795752850636889567750219764279989936938209903020055984887264724707662377613501144043994710527533536982495649087516989009001758243944545966838886430548391666169127655307899433e-8 2.735157399349336259111621153113330045207463073285781233272915733249164362583286584157932405687019422640221303879791629826299064746278756116052110038572073388994917356592353725583975974848023347155933673403044983551278100e-11 3.370410473098878760574845210310048583455628799848651444079450822497365312011247982597228438447772021614518154135892590057619369718835455907764658636101303015089373244509349912579490778570452455096877166727360713758906395e-15 1.531365141154583289134386480805119880748479965468680939271115175594490785101457125995553673774556822904800207669105480571748631035299315204122945350081700956415704142330059714361321596531612208071938756981087275590512379e-20
G 70 -0.7849486033911660912139656731003440087164499392270898118783826934819835285987809470807166356418712184885551135063071937700105787680102744668785890489488962105144254180303014705171907501768034095508026451148206328244900902 -0.6999077703341631680653404759010554679184471197668424573394778838370380667266199276700615864525177550145320660297477577662609462329829352764218067352544199344257888965957324261393657225842192328958720798203248937365474473 -0.2993447274138307406445345681965018733089452453735233733322748346848664676175124626172969494696460334318638569137540595476733190342671566635277710689933920280457326481473915340660083489559679138080743220646736880014359542 -0.08374312544028495333552935779661617613757237723815627568112457496594209256408418544834562509201180043044429021778024794539033854827914301313630429409240539563291542740218333150726960611257918287043662349823043513349531620 -0.1971927301304341193760861854981725860690468859273294954774200798837711230255477239468421540464000531492959435630477918036988872359719371647026473633720822421971996380207215352136981315919298815380876688004495742944542699 -0.4343385074639355766622570748535532343815270117872583444097429578827554538547418276864593583470150891199143882906000740336006999312683961144340091723844483511684337241964347536692370437567768224338997878785784800769587645 -0.2315061675882340125621026765804636588244387677339585555973565488893584715973901009968801606353367486399165646863373520565735821981711310494415382759039067500036480341775477435604143044778791049889141778784031818798534130 -0.1985220504632013058580382447720667289543209717541647917683054266698450957618916217333016707381999605385539357751995323952158837921642099318150957718295941417372571923687671174633294247510035370125409361214716393049252932 0.2279378409238000634062841010597056204531661118457611360903591032622679858863259123495197236587819388018348043490928324178966055876642282236114346192121420607824047395682341290540812844415326530125671747328537530198762272 0.006099505175969509835269932185727784297079019004305545403713017331949640790371373306449903452023766162802075053036676154227503982881390908698905604194581074055231573156383047815148521684720955087694859441518475435689853123 0.2865178988987704431126007268674318950105479996351361988715550603782699916484271508716508553060912478352410203216190030462396773947243669328907851786172528975853302755594734636602869883791432344067785793476507687354752632 0.03828004513536788471465553891354237258643693908487520351644869246372451020152941792216971509221800847134183587033024203858800056514645073149725763413577303390744533048509947191988781364063272839782225952119116672997386262 0.001088441538411789149604067848799939441852682378815403998308129428119154956127428664931031734235179965188573804003402115406373563558049319139279038372227142988271817350128141800750496094055645580166177934051903120192164227 8.219485266226392196845605697162860667528473653730924596529962182081994580682034437421115933749112347094577751376330297703902708559009215436389896197351103909456022117272967315468162942706382143010002332002897487563013351e-6 1.489773537440166347605492142307680293075307343948661240540218149101921956758800257090571546791497408303460657564310840282516678033651905355794302836379248363183665755677036411613295326708245341752436827292922926284427013e-8 4.176216500919936233729896468124004931426339261259884239541527788380192394826116501623847412466306080683197965487907905251625444462376267595463478750500763713522186290011205334887118262645812869184101140674642895544345292e-12 4.737997942095042266164440321695550617306284210467339473312435608700218076495147155385130153604359561716409375077885310741125536890536795844671667251963206341078408587522657056453727522410168607451652738226717704821748361e-17
G 71 -0.5727241011182607776029217991467702780708703512065504917578095077529824207678989754732285923194346079845115528333729799174967199059619846630749700901683469347238456223975964929239262727067914751117495120170363817858813590 -0.6468183907497905990026192218987665714236403518150551267780978432614804334578893365157854744269052398654353820736010180322341388376625205657244122159831130114552472880984917775964437511520420124152731187023257019493416936 -0.2943043495737222192687269781005555629851964468273946164816970334510816659960695781959488493539859415758055788462377050916373894325934416264617044936058919749649275573186095425947171096682168063753861288891552537581933450 -0.3584508097174137781420589832649410120439089784257340565140165712937643945320873915589200960277239665461709796970718813055650693823009533694914523301269016718385963289040149321442177248317823875360336695062751905360062214 0.06590032419513044726652497648395341663031487806376819866654977505893098761324269305840098166461608061163210543415047932019699818384617457604237759489124709684923163781210319164179905683726375989711002420481809427974829156 -0.4038820750304993146215373898080872227709506295138978620327281041124734932699112155391177303302178546393245821992010037024313423079061293027748951138267241368169351496921564302334156237339410789227373127977571898536608610 -0.1290708461655249042237622963904117369591529072480879613723748216166792726929194533860735072360038015487487132884226734354819475288937010248854099358147927074070131274553181777596486792052253184073327026968036777707631274 -0.1785344115810067251846437330019328767797412049815738137189384239933427963860393228544855533265658744535740865061981442125749812967994324934744721290129872019098628043857621284182492633543016705395897734691395080633363568 0.01603666292962675517103070099480290892211387544049189139590259601039648853323678060827694591082465104168871588541835963881571298663735306785534975013038611270564387798824851248623667925522535068778396239768530823492289984 -0.03311331401622965017579237527162013801596687169142689971856910758911392051444257347395262164865932817745902925379101246200960322846482111606081277300267466135642217206319280824682991476982149592528523829898693059870415301 0.2173356439318783317706304929440044083097959433867208398682207168643514097815584743602643959404963596147364190652429307523364063562564913319565308445465510875994380424635094525045064157634120414530040150711432646905269980 0.2995744678336716726065140277306000720986894866870245615043983874463708525975573531765050252592643363518068261904909356223780867028949958359140484457159750727075667016529500896915978740266882748920785368679569440026079515 0.03076339021748672759812957866107731773833683091471580046927121403320552020435363468267011765245953713122944662304619868545105888657967516629295198650445272748896395693826196165702107290538364832231401305606904407730146251 0.0006420021288779062963412827018122289609993102662270755478225526194587277521370109641978824062866443785836547640172030641172786136419546799266906005352457002026704383699142816250884544414215378256147389578434824406944329145 2.879096332730345464018494577576410783899448792066711346423579242917462579396296048211731460532870154442796967352988943773841629277748667566927146834489622346180199907667819775855088624911071015390284785212472432777991646e-6 1.950518001336434463561706166924716830958789779161751444605920877540394613005432676043351940468694084136959649774057232740170466744691657795266195594171905193428200153739369285144723751264408094005783595721314325779511240e-9 5.836968456535985921380639198587290207000465912046504453708519218037499324690569850015902192049114032668797164712111282207307079348816561001717501185367174607503377877712828939730289000717670315298724906494731555909010258e-14
G 72 -0.3111654347566661805157571592987000838991015045232053978793304944423683873015101443697555069487354490891511421871065157813413039845706386214711085850487773012105231586878434583722528814757476329948605553454951176995554401 -0.2477694482711300209337597333530433832235033709041424563708329542475193508528384273748310582403175819983155943470779250373599934875554410722665320807450591557831691104754870620878440426426107348613240169765330599306292452 -0.2528698414501328858371171936872004819772926323662183480722544532415442448387481436552480678821441908673956047988464568747902075218799644532992182396069220292026226590287419648911035800943113845766427779034079603509905820 -0.6852247703491473756668917012334319566947751303217050352919890823905666498394029622025024449903207826160756816391082824677339919056306950291313084805597030715685944421086235058758760710108364883648707112356843932649358237 0.2534809139252652399358922434221901414025658632923840359811102554283017653986664324570333960776851890816048619053625758703115661926941051329338830786154884039636228585036413971659805371830973408688719128434764771601709312 -0.4067412597028899362799844830328574810113267307646017449679490239969925602913398139473389098530865078501074359455492225859714043226482939983424497481679516173418813072269274010526953815611591640063487032093515871394846006 -0.4304606165469246008131125853067942493950384849193706853690728408992342185275450378335492646342672100835618149985565155981374145361762433449343541817558637955282312382685830708424469599271882502056807791488529231603440575 -0.3490362958299725125777756614169668756363314701650071014742045045275388760799485194206934037397159931877813224268052054276442720360981813301703570710771648639444817557680098614017266126323248892393618845295286318304027052 -0.1532581897344894241353608487079572815644951423771265569729200135122816588419922281472819603859368387452087564441886651028944935695671773077078991771724467953936876229476854547288761667578184358501641266126831274239387932 -0.3090636196745550371590664027671983333723733429988516378533290212014394157889902141145492984259433763425478487817537324618261244550750538546868690133894604941179613805067837667265986671455146959360433383208191658735092206 0.2966222686597476624349817431113150917715196078040310823390766795872747096362511207035926016821958785899103899194556503103439838134842157959400362221729927128452635394981435269339375107778058054952636012451474945452740602 -0.04642055307317424343110924211523026999254821372638940192670247870957093377543227688154362558329734633317191652914716576578916607602024366891404432919781165821841868036037003462151264405004362206035532280097309714961789302 0.2637591211100737913322986813532262707098910735084390841033664860243749984100001584992168489508437898299510763306211922864316487204314797954799655628791067760228638947991683901981543778647249983078845808604337179867852320 0.02624156198935104953218630535707185847534724839558427399751847757322570574198819907393420106072294158753388479373070976286489876723869814840522463327576266500585316022374910017909013211304261766641011209274470093909965308 0.0003769939220164936355184608960940587658202291630053756932661494082250332289867699403231124120842932347984931071341792143326192668335985886853056340749967318577697500081294850844562011352032128338280285886214497817562878544 7.256978614150882637474807499965465167390517778783937920121938872590903126429652351260006327511532541526052443698824427420604255650018322391082711211855276854551914676796806579080567084358511256614719361871856125107021099e-7 6.488406857494919168321588647034308858460949378952812577384167863988928954629544537424224461895519856489471534912000904490528510662984472421027715876139637058181258792555594212960653364948513477190682913100032188241505281e-11
G 73 -0.6575243400374521543247092505326805083410156188136975525992848675096775595215077323503608800594759037029760246623568167403237325673003555510217231934583873253418278973470050335155011341918752710073008909375405306025379535 -0.4604550676340940571982729479059551680753781234568585049555194642422062957891586829342500384773988944209178866013462714719496475692021734529613941009029523219465758359516398366793264212312157251353173804858265642456562325 -0.4380300981135765540104632119899079707266669047427536040634062738609143754696734558333778109283690103793910743416081847306917867043846271118891069098919865296880201172837103335666445592928573147476540384508429416872706022 -0.3848356904700029349668922470608491256067276206986211177161407677083521746770457975880329017599301792309712647674185886545132588124496771304634896607699556445247475537197369246039486953142288016244904898544317755751648181 -0.1060360306430797352304894158194188220365877159977158045553065333058486512249362205085137786300892165630572498142873804981745488379707761037488381255205034674667187128696961964810625965001729765914740232239507483948374088 -0.1314351190666526048512378001309604625317098781177343278631826119906105704330321115109134556732489391845027577219305881711598871838414231204523940027258952664600908143588577788081016193966820313568193955675909886226189090 -0.1874217019395090361049206166677042842395449750373273144196255422826562873486057892792779663711899565545691259153293552441270934610197432766756721398905990973549619325518527139275513911487616257827400297482751804769974967 -0.2710709261479977779948801749483336774987095918830422550208789565625381463870973575321848732822775885608345325058351986954027571374257916122746532081453995145302594734427020927467677754965108693368582178458703181510462143 -0.08534266063918237686956939971662981553417998903167413902593943402638655342914929958584263307516083099997850442552818266177748485759664829954169240062594336536315675028128246037497784255782055961906666251112735588547752030 -0.3680484902087030125255009314761390755038488522730531749219181443102680354238969735849420097879753333796508894118161582512495473187370288390453055909990632531226320272756878031691102846953256178267790442551401884971180882 0.06602678894915104513519674078893354995249625919712030666090022400959986374110218012333146163029501616469254864948381297602100579062047912584850575052610555740683546870548831552163744266291580936859422964941128173184652629 -0.05501716774993753043086410441018408755369162972051590156910021843296751693674401760609916815378803158749471895426720512236090807588852157806844356456669282237574642439449690951927356756539903401052948570835085314226170840 0.2456341327542348676624989010811738439712770209214308316262755604637424847706883496405408430170519869903409189101555592993431884761372299802548448588180573678404128993018421899029808625112573585215269320028396619265358027 0.2569109813272482923501732253721824864280386021279624840971488669182718042331492781681094690276513882497507427342959857962326899485609225269079016400027450523953704523703686542980119240888434423744819161648610672676275944 0.01429925425796769604570813522367662084508032136189902656994009446766933988271323299264291266223967723924433136812356261753958249029713813705563642923542431938995896604797305096292208456190805246019785343768593014927205418 8.658644930633433283068364325990652018392823974952663357718909821286335259990893459368984481608999022678604230726711247468685489771697465220117494863816272750851832313304966563100617802600808652640121932811975783705930132e-5 2.473390497709405692816717598971657618248291464282857827200152188907975338984407785800107276994430586387747110292500136373163978754426329292650100924902242577389506770443024650622651725070853013198666140671864844216307614e-8
G 74 -0.7312096455765278728048493822946185616478434196334855785143822089205281649720651444380057577784604313181388298377442665500648092878457659744666139585779245530246473373809017278439464345713221046332827069531321523018454749 -0.6198998697217406173864421439116585473878215611133121304511923731691688799562456625518154358698897749979090241795495695144702665655912295298762553764144587752082504298195471700221742557209830549730204016915188814779378167 -0.3356237670814845920080375117408805549756619916454949508174138617366901687526098538596009085413031574527748881837199438553355049395823976130978808212546061840116308950494902528403665948858863875279223241589227761641467680 -0.3459393242659995960491214216765731436907635520631675679481793985049094197619391043090654351087498588161827454374592583723497705453223489203072865537968406846019940747730041223131776243350299133235237033519737193963106796 -0.2079778045098026504511075867146242858092380866530390115562924154908492266230682741561734234650376130659138728100705615963744898547516895976537032757389129871913652341951674201583605404961888347982635969614437804686451232 -0.1177773352392886755356867979662712897400858811351441728655291958836084395436097034992797731967060874510361448284337278513295722011308856772403325191816543675513759152946218404848901417285638110934126058271133728366747406 -0.1400571714015172169580463403604740065235773244567569456341796821145823558382250154793445473822532324468576586941795345090687297221249921670243979240032490384938913132595672069453621420735526919576455037535507458060991703 -0.3259033691713071364726643544283356907270932299182608640728484778896859595878971071473361534298214072530907451182803634101315370283723975575340517913398160084554970290764033449926372085437672347338601234601733127028540781 -0.2092157236630511702773104415593325913268551596159580836334412118224429808647913995570344492219675332392738224843151655638969677634938482398279302297267948025332515609705399921986514900641969622948111769707705089581614698 -0.2797016403370119319532727987688009055289099425489679184424418390489720753784537383180982807376909998623014355687126324723748013077856195723808318156936435100799332928734199662663147973814060384712361676148336088394304317 -0.06452903475202403356514017088663558778094294320563030085022198320805252229877126307423347751646174893725578290879773854301961390177378679100365173961864499164252010668958127153236011212247602512029198255286891149615958726 -0.2180882916063198616013668493878478934605758974993727767041122685888472150421479174890645782300919666775961702721396313686522772183552165866619087036809063009547311319733460962844606474937585291025941979686574410320439475 0.1539015607101462188969817960140828028931015324636803629472590822223830071317674857853410032918385507775866458367265068760928540596470740172151550579822923475037812666201351174608591067201324581728358130135741131888832190 0.2674636017724237920985229259053352096669156575386329546179455693947614579966052680777441088581968415599980945146112668199622103581991981829738503389851403293699916469420570720505370122817441963683415261827506834346317511 0.1821545824814378392423769025799927283079766929862018636472501809322407545274253724894359500328836384857026812017663755163463195082856280381801800285437006429968712553657987384797876258851855615340637272596071504889051317 0.005125198843756805679311111354175205141746756336490368111691983881397609296425373959274289544996658248155494090412223080925872557895810570517143799091914772426526585012358293063523775194658044194151754886042575607786849960 5.985136635884603060830008391412623742365324668147600818579841160551651793923479193744089936920048778761661383490144554628525665180699219641974448534264792178740919495999041103789564366852552195609229956805243223198790003e-6
G 75 -0.4845399933791362780741320602662314448536629926611483316313916841459731786099579760201587183525525301118009200253668145330134506454879968296625169032094891008474743383467213747209237198757269879463631735936232853989355406 -0.5026104766487179529005218680107116973288228838772574721437016659487985439049183815676737463567234077060870768095461030073988368820020681542612885897168646889212320380879384380367551604466825434523946597434512124888611267 -0.03787054145637032357415005713938534920879957837395291052360805616024904684478059656187112621967343467950759577660413476208289464694375911261469562406149524789447591770802672502270125465320054394035927612386920618909434421 -0.5527123145941948029362526937858889496877093725633402227825207202561193668585885995302321329567350628701767852620623398321363153297346437926943313980128687670306141669574902955414426274558203836256784528644376071371879175 -0.2358000754155132743470141673468050689964101009152530505307272311942521596680734409623678659091085138882230154995466666994320912391488124796559054991942865745981728521388577587974119222913106290248598227405061611374851954 -0.4531218045084949890340381861458189814415119203386522318016334044289368636743028782935135166232533655916255527591508878304544063047339132151555619405481281333879026934599792201832363722897217041655301197270792108048547757 0.1102915515954816512459031810804190788336959783642434798330653291589600864725020411869528231532825631364812447720915274863608122725033507862860472142585383273166865065496611614282572628603385737198587068558511510392965856 -0.1298201727309502562625639781360473162079100195786004385633847863548330125168554403687867070107174246639993667820137891109033733722089891056883804929833179563138836283843977805148489921377971738386275075639652306053936191 -0.1712358807940486181694896090684510585613018652287124443266507978694078410672866039116043723233012762294217913606352503202698638252589603894975988947654956640951992248288895815310817185721523906641614731153700734919346387 -0.4125073053987145829538106803083919611191600161858717081895517981676436157981631174451886492978559486371907510952409279879717786171094957121367259647798800364204525746922271536793592998658841765793579555143723016572920019 -0.09877523766874524567987489658761507657335715792229900718632236293329141738724289757963892877929896173562872878056389196566012917180922728863634453418620585326777854682447734149627809792252022373839118420112600359503485194 -0.2907509875196437683038267011676279006188257168993706795172789911747393269090389816930233540583358757250899153449992773505046523247032737978968483884023856730742625927317427289335388759593932983201241509009913866233838587 -0.02181346819102197205676443467047579786503724111277298707024848923534985138198888353104922052614557069755535541157342309195746089573670122867760426823236808099826064385935149665287332557073940998617662788734662296939190086 0.08898596795818804427570297511861651123996474707925322568915184990572608613509909728856806690253477366578464402883212507545705334462275685332294632896202556225040730639718178666773071319102539799027970166489681995190531785 0.3320130994304990982931685636383295409517161382833072600492041675266590841743084238137544441183796741376563549416618905471597809367046235659039711405745421730704646055818700606296955255629541060977283240636980503839960438 0.1017689130046662479687098436199770043193939367019655264293127219171812503857505416345164895453041533114839855242846147913984546054394781378779286822324355887804683310861919405768275408177867488790905388786230130266591970 0.0006483200677268584341644205605080219468090746636515910223710421933105925111124922484226218338785011239970172033295776312933219348914914856959681017219271828982794641101803146811999600140357432614654842495854093139203651328
G 76 -0.8743763571788921625186463001794652121197275591071992988352838006403766684970868228800328553513075143949061719174661911910139039258491631525038129607937971068712881361807408538872472339036024615752406233470732281986111962 -0.7203154632902454793424252701446204565124113974649837407327151452426934268553969155044074513596722804304584223633712726057052895630562190339231261513367700500156476164534179531653562711838737677230003486764079159985663617 -0.4204650504526942755173353928088634199789033594247397094073447760210038136574656227936713098739150085900831381976768982487176977236179740114045275483639571632371490640821312577367675778711279026245656800832343495643172610 -0.5194721829421429499372371122611822110309335319850614624457143732081732734296221999772146510755145923687372461664976596142912429771727403964462810497139568886781435196353190855562125931434803590927698239001972489916152814 -0.3593223038454326425926409322391773450004359124565692162353247737733722868264488426676239742323486613649715090762034710166773088627038622285644915618422827659801829195855588755760811677876987253266014170427281242059676580 -0.3955423483223606386992758323932796407728828282329964620476193545627013010524775163415956277540547321817230018467017477181867957755264599953781206632438476122520557502922463148084021540598813542306258688862323209591087602 -0.1266230748287756841667562526883076426354437869146744406513953913476566960962825253231005683162709535825286960512169111278711767107297460446301868310092031703593915293909423982948189304951316748178283295257461175621155171 -0.09577477911166146522717772935080181920178911861820517944483002781278671610350575787330635233433941559701924719511565113535764357600693444920807736031690272455159519020989087462755517718254657422057967143877453538487023269 -0.1240645519934841444236680418956027499232773748295632055367672913049408719574664383799966940496385521444837847190567925106404676460057484815664685037671429379116617483652279625001322890033743130244683549198705818095783118 -0.3105734694397150165700364856018752239105684179727584832748626755587550874652896365909866079643689572524280275066000594132723900821248053403309032196435549674022970100681193935893270874246086384713441529747845112397362143 -0.1621674543277178512600994510267422401751508114364766197786893654935907439261364156224207738868490350299770932340705225270886728976107078010430124684035571751239188545492676150168653744090574384110470561876672862589578242 -0.2982932914131775065262283766495350419898274206222359494047414254268851505355908855066624256940857510765002337790520202737042430437202737633464521246424357160900560730402979612038766750214534619116348988563453452626531192 -0.1436860626700269209178701356310266888982997965788338121072437327673393946426091232949912453228068568431378011906868127003090802376425549055431118215679167993202341909745788547556597295605727092774306256803833753767384123 -0.1089358697400230322359643242020198458537910147418861836679151888753478037313540407572792257958709041634292870184173387574350369900655104301887367602049521950689875380197655912134997051995780790714277798033571111570709051 0.03165084284203834120321407869938378450637451116484527997339713926144522702349333572003193227987490994562951879588556233451301526458092708173349303286313235429534720026116086972735547852791826053158752593539822986187241569 0.2572742593724846229587868810513748315435906504362118796898428468266664218781804290390374373017109492410995728595287794459980793187025491379780134185851744379479528603856312081603811010168604408017310326860928841841918275 0.02355556504713266536602334372741987538999905801546044407263172591934271502192277950668983004579702380554150449895238382720814638533891726802899870686156114904480296664918536882590585357213237457451752703813897098194149660
G 77 -0.6311288903663020141042347069759626964995105108917691008182697556220315662261041864463888614009740893923882540848102439209932698664396816188279929913388244597858073250737039265964934736238927462423181593807343217808080065 -0.5463264279108171641212824340260625958169392267209077436372150052442336703149590026345318657665525723680170175777374017767326468369094160442704229641360755990429621037057589714618638542908901654940211236833463102883059903 -0.5432851204026063795418857616048970608422876475344970710960073611990766855927859146632466827819573822845584957427446675862369490300861409572606314757067804842757864679638432972296627687623808186449429813655830609863380630 -0.3592437683262047730827391259211154310224912259336087685033736714685186316470973464881374686122598473371800612053079867620559554865927680803947027313378825912355139672474087534271231885369293149392063392718852642773899589 -0.04838801187118818277560024635186953492072748166310478729084046148974884500967142004742159223248021026754355814676965617207741499155805954425246880662830334893088524143843668538030854010236818221146538341438520466523814607 -0.5199548782989398510117277816941142509605528586463023168555234943624890458368681770553733860729066033038146832726938455584186829587398546722008139934952552048599604230626994998604724769216263864016048370932582645539035791 -0.2404013519010651596421835073863407073468438863749055158305851841687933856812132402314593398727176798688790720649685662001112745859809404058883298131987075688258115528352423571952130200767965384688188824825135595674561144 0.01424260446649912133109177210495110543227499012737886414677811767977169147427676182974145318500133639164258643871594469671425268919496334984406932546521280623470404157800321012706205355058911540408720816711790193687068417 -0.04291596589740392427039871965436389670083908862603492153115524519343585533152034263254965351813658718991756909349984958124691033887597868045220726031606578653976232211898535173462601815468675305714456801511481556204993529 -0.2096451213125020826500264766544337648826254528711982238344994980469846993136454292215392185674621082345437509161078516393962746294483558903420392979338433138830275899345101316720858340856854619353913388590907419344788509 -0.1595965110231705868967073942117113905583790462770403102391887893167292169743875949554740200819889203100619595952705816010799282532083004938636240315545589627635504332750463527727330950103788002779694751734671790565824866 -0.3466208822823451064089051737060003204167894481118951594004650083740136214072207605741359466299785483236091470600693204637648590367364131286246888205191244717494291306656703245332612914143767985452805307190295006688158087 -0.1529380167355196034358824147912372256058968459852185123808161596590017242120028988175156820875830807289620355620105263841718414636885431361769847712445344627922383902351875276217618114174485295099477860706794942722900040 -0.1359105938711294055895021978585884864140323083690947192693550470899830523905688835479272186320694464846680134420734193555533557732844792039474604551125557804115398413899515703247880195842407842504682288143379938666903451 -0.1200706391410005538036800750855518729285929060510476264857480141122661872608522903203030584348202637409467971827857670737241337589704403038411232520967779457085609132870910338801377663734849834975951317921259736463421720 -0.2126025748861847552326871391372610977195714415727893787900729210560924880083760221141644735197036468017854691703221992804972423449132156908744711630042029096176539798164338374515105257829932791082785077292979000808818412 0.3260824787678597368651491130503810066642901734236672222387465364742860731764143111912618473465050110742173073885544692205471238640963710754317880272559459175740942202851227040719083276807056892464611462382851136237554382
G 78 -1.080982307895283422887945438550373301368484317717459019424628311500943522282569977455669778064202139626973555848540559555570701273638454212911823077576942444038430986343155970519189353329974824344110667083424254596814827 -0.7852215445717332960107584284690648520393238333144905549554831387623442664311271957402705055163885743999367234366950971949385487724421996731861084373577307314551405568665431748605656692261509472826362981355427237001701726 -0.5900240861095437688099319173983027809591749747814361117933316960966249296779854366822326378981438557652717160404379828684174780442387691525515499246892824848366815634838482427197762250110987569082041131309620232765065856 -0.6249614623810035087382129997068398255247085559750421921632556527496018176766899271453537425797866838420322413376668299516298105962593421449349153734167617714093032652309602597263474375494988248444305973487396754038387431 -0.2491535848531002661340119690607889689472420116420597545382484214414296569100026903289085836556087924166882737275715545379530316351674832154707644414441993207675809896762827342235347783496754155158940876540928549507334521 -0.3716901798608274010586875940601692781206580554857635781707136981865976496379554926330902153448733403825668309092355806592378374634002014021183150285485003103269683250282543723382354217234096826131560401561508797385440184 -0.3526971285599924529099475481598114503647451795480026451576363207668092242025233303870235805223031801603405329643639767490020352966838213272108120018611553223308152455797673135745059757916902675708740269514519015863205740 -0.2370403265955655514209314338985311013899173651585044934031200494851328608168722725983131972309487085766803433974535376356876890598836925964204132488329383130486750914535993309109654105351912172914401114997786590616219092 -0.1855584854587498600762878660768967068018990827409016730877347915507059243057127334499322751103289144269551339495031694232171454700299258696877877030369532404473807676766142201235313482589691257209916305179016689828466363 -0.06299359444280255795488787933690059343108432868649990058694392920458442928035396590636919971150993441894845427389952282489859437519503920529452192382091721279434216480856445954249582081269237707774592153520620834789180436 0.02700659790831288417264208753752282664414343360859456617259129269200888359460157301996027058243022616923294626553779290905338648337669121370280477031073778421340255585659669160820056175634742089876269163347968862224406811 -0.01658760068470026997027868490485520901629694914865312116682807789439186586496210170005962483922113772352683677088185032131383839229832295506767191506256831529252296278212553800467797789309301064115850400736083130286752418 -0.1549381523406710720727625140483263445974953301497391402356713386377553326350826841060821879931433486571692582081610579011827308380663194483839197779945090038198127318662024588303420097352596167304365454438281058649961753 -0.1770129378456113811596420588799453686619085496158235700302582907722295692940816741086351963744229614932023838082920964990835690698369509625673787814089947395878694043155775183701441544813295814752589045606116121159490160 -0.1190834695150254831057265268287997777292338740842819343424253067530736382842242376340223361302222343031516028295541033577385845159009119050059954872838384781822373905295709131424865915543459190409467590168593754375557501 -0.1395874528311025082231250838425677410633747518253072862949550894271499541857695999510594136286451699763796443440126156356564688568576968133164736275258519623630816571716264358047505552694286689962261043946882674031949222 0.01751418576286532767162739989437023528674639751805482718871193578450622203589970678616847187519314407848318681718822190112078769061576416675595817809537530124304774797878487724801988322718419385191812325041169804057757715
G 79 0.4191502401310068934411243566612015307603260084150361749272604902280674582242211183315905863214033761584135123896495704544277307623503323127491044407008201634553109599265174442056491106035353474631209365111513417321062568 1.063986410525455820754254842771310486591187428923057599899428966743383503062800405896531041608216338469817891864843268281534956498539214388668512802305108024809477948133994217122551845480015638526749126794800176862066823 0.8287328934541883802942003987556394920279416166550667830128348947024470927754203364804672013473362013941564496911919659776652728556901405627165570194560081727502996214458249514815500050736038780663625364259781104396359444 0.8557822272236798597259975052644968254006862940397416089444890757779818068543128601908131549137635178313806421742814192482142954938027864100055769974543164118592800652382774893030794298884693460162743785500598006655386116 0.002026493856898820125110858520775233203864628218218311800425227763056144767586198829099837497789954863217736102822858345129804732336023211778437521533214022817166579472465128515346148987863727031771831760333963684679600706 0.6831777476728733869048970937174729321001386088211599662460232189399865780577605481012359896449778791397027801387370443934065106449558628811337752226050916141538740922094389241441578523997983773014748516992641144387746237 -0.3698795592826925604804564957062030107625387301611671544022816536631362342548334291485702972219320767074477529638131567677367614490723127532799561185341981805326519018650339162501892029718803549004623632342281113752541972 -0.4502439288679105130325523031562524095909127245795915691743244785791396138773942504489213028195699660157030616958356200762081297996724791367083520481725730234545894366480821390768539736538214376579976470616560408156420672 -0.2362336668806307284279768033274875118663840079761430832883352148273454578900969456178499685607419567845207457843073326291560929203695411537969138121573501460473748036766291529505135376062325989754351938399650877294572228 0.5088716971173095179218284358492026692344860383419736901804573183109361433052010801200932714265301776719434326445486458592801154897736156253520259303812772062333294057981433757809554298650841864844394741897384007090272662 -0.4319013869948136534098842940989050447327455363633847257587769173693615521773492045541490684787086607889620385016600670899890102298356267482260836559066519606437789106303725315455920735758921314466835772952641735794490216 0.4310068114778436891519266714249450153484128857099538572459742582492290447533221973290255950958842479578914771874414819362941909301161952733184514472135110448287353052959618955422717243086840539398146208231016246115519180 -0.1874468169355149719906397257134285368362017186205181357395427221672892637360733070314980782980028438253861165984362838629442638568201363376239237136332086455739714858514132216422812171088047338261294720683602084654326291 -0.2321364819404409489054085130431706215914700473631503876920355377434955455522143863400799487461226597426559286904806428929047478347006717036521424089748312041733758217320555459032681542079334820636883957844561699681525195 -0.03596274891658463823280975167630860034929649821625981030043197169820756870866810323516580024729084311583868970000910619034054807916444884380924179633606732794574489127896042595097789814021975322044982297424564165330532126 0.01604007596609956793628731862564058782273490897292847370999600235524206644206709894350424503602899232549985313528340312350929506780764808348556590462831016042662358719917331735487653914169587364582684671506506147398300434 -0.02054380874987378573119996579391918455019590735989843097063743187687321513084372638575971356453124969173550517143476540428893030371150954618379920567255831459378471758792380249248890700396538758978043930433204965569590658
G 80 -0.9797833839022573052118365961184387871065777525663228091745812001553656211539415751847324968597344411874982751195760794043842518802994677654398809797582823727343046868938511880815156322206871459540540150329400971181320267 -0.5735404602312290239116198279252833264577586827445568140716854825825874840042942855427885204994974627020947609327636716197516073144814345864326087359737577123550655609840501391879066940251161551290970798139092439544084573 -0.6079585142679568296692299090440578146504221005509846958379687295113377278016122900201557531764497551255251789926801608710587930079171092117129389102633994925776825896245094090397202241077941557727387982405245697492831914 -0.5454640160926646878887775068731638652677651090854997175741219282953233143536183076068044146410943003369114792606352880615383907128120979183659248237035498659464284800285799704708626337552407180791098762341497708348767537 -0.1948648478815707154867208487621696419844461898841608039541205280220515719695189969418849689900245545954173707964027305852896547381566119754853990268842470878199658236022598334829074735047874311456896013737036248846674242 -0.4643133308996117540127799932446942433222078899461503947437016453006329424592385669691473748794522507731622835643928115846353834401836182328258838103702402967072423926484760524217760253245536005500961599598176406474409420 -0.1447911966474594438177141291691105549645878930723735829673961141466043603265348372485025857790935867279161762076482479724711899118162633001337548117553970092533957346034958030977375720007099502834230317272233709106065983 0.001541980503364994689534872709211148225997453942622982449160996913936074757406762897724003326045270098340642516232005467235422811700664856961567000810268061856490135126123827078474504266321632804725684614222437740485606745 -0.1082913113337905509724947497272882679344741454626705360118162588202231653705810809772531365436278354137212718793171663743205999615414397434774390171357888987359426064499211733234943331285949481496702033805514122749583086 -0.1904612834025403181339150714614383470027577613980111065801119242314020162460734857864342416338283031281463051669785754575143497759272474960386759025891477430248286749864670782705050558062442536478819175210215617647177535 0.1296154370827660090658933099575309336644997036540078558864141051712766547514023952026997186910575689375588512850691866718387794734522277955380136105879125802523617022743267263688436140875642415714869599571804495150706944 -0.1966731291646228583594948503252840018675436678688962603024902331602398688464794703836188369621748920318859011525595729511808036276167842340325971315309678827266624028749910849931890395631716755029002421647264430910109583 -0.02234605600819642845188478437136165623912222016512957555862784110913277098440244544849941251645089689739154044305859304377491137462946829772506659849478278849707037231689872737730980749900836354478482587214131937282976373 0.1185070440730435896158884152335645352793566791607725715652504082856284786868305941876504962782703421272786286914382326740264544485385858198591711413228547789450585352041479379788655136859077438162127079544931368820979608 -0.004024649564961735805039451385711277606051968524810403426063523327788993827227562528299532794825277869181903208139488732380211348580700946313746302457495114557995042861888855293556958672920828168524525376916715501399965412 -0.1035574933290071464752979207824767979660437383959964836618066631903094513911400086422755752400580890529483003162838648396000629030684081643784771654580347131050706229858989662399058813818398525834536947746157861323431376 -0.02524266976062857860421108452412682226269199292730365903756400358302285910541508750136043881351932865978645001634697995645988461090524149485354089429417032642286036781837182639725976457871167385745319682420107669687569783
G 81 -0.6823982570113165715696011402976999146965883912634799342537692263881702777029624204476336071688038126101728868516719919115314732166704405180276304892145156820215567865547569669691628090075134372846003936862213714226501744 -0.7414667594709052928603399636253887639468362190624647401988472805058630533680742043337816663036712456047977127321010884741175704474224622163407357777144786994486231098200647284102792956509207381426176556153712143465248505 -0.07913242417885365597764538103872974369265580567985044555635100563654349744116307838749404732519489136692354307467708914101884587266802352176476895477474980594374911605167447378960062567555170257463529541855678153501210889 -0.4198418854990572923851113111040987789826895302345823495598506682340892864206396380044833946653977808156676230822812199875463532390297008736016453278396157556507668082738684197856202807912045227257577768978407192186840356 -0.09917484568590366775180251183413147801406101590544346055596529348624402877376902308833986553329281762408871498537765022516728365727154428381624598748088566461519762521168720958880989524633796876436932238805209642741576108 -0.5112922222224662830880956646329452045556113899400942199991255975055514210270924714991226393793884208911487052996702026950637325362886400102007787353485492669348146380778697354721734034924064323355725345046333477830834344 -0.1245410026111167513609509287178960164584041389054443562381658642188360357378452882237857589300457195672351885878333202597970954923503951367445509401338990384924964033025129634454723432911805158156279037545310557532784547 -0.3273741553694469059755517033334386255147399517101294710021791221188242000472252099961998732493205478805787623592070688978419087857127622358577707667049664761151008108379391944869083965031182819271855037299040145679530820 -0.05746863950030870649255527187449425058988064850140001656002442150287490521352130536015550671087863000642356401077191442086407831729260846069166199279313848541328776406293437170999332550918216658968925247767192005365517302 -0.3357960151305287073087209754999222191298241032653694853427281808237595674216073676156837727247051826497651807695068830426845868526041319979740745297816212653850502481039322144008336091014087189891356254519655713136254422 0.2425137626120191839937806138732963997550193446205539860837745465335397094472386366067641209385691564550091045773371970285791549774360455202669962261222465965242291010542972711847286371472618006741138858613967678171050605 -0.07896566330782670391049025707787644009118005817402142683671439545872163641676370070368594358004130635423229051357970758753628960434653304438596732297191305502716997483288477002523874023235588673888419627341980527617480135 0.09349889661625336479036107952259868732202763772925336926051364861673867899810083008789077095557778398309882639393875872010858021774644863628203232766907242876284443425289393323251864530830244659898753977704939784393976346 -0.06842075896555711079430599380577915129692454014630995647277672738740147835960032115249330961428761870291306082793162305791913006354030790442023398212786824858777031055854054716197087237201095120540076748992795961060877778 -0.06172459365312954275013843011007465283784465835658454960000682674800202912218138662693454895090663699837857268866683645523926460337039399621184880256766140188743611832146442720527145099822872432107303819306688234853460501 -0.02450480268974083833702424891122179954255197521684076803857253915316361389123243763202718118680310344705894861107457418331612711425191550168837309923574004778499883388178462733780756237571658724938258481447986769162481953 -0.003859327568214330856401765876121809248213245345566512248449365809726073043275069448849165895980537816862774525209407648056880269877116699725394998882433702826283987707674531818008132054712142136242960003776330152257867202
G 82 -0.9603756130291244439910508886893676599491343284402315787177653429163705592355103185258888265152019898510948583800557489738025439257232932116723365228048301583656557969024464965594030386884984172896194720295632186931294200 -1.023432161251164972675771477472639013556057850265833792588157381788889759433570932110780740913558646578269550235330124535639975523252141287073526825155435550937914739224023691101588621271699986604889516958232297596835452 -0.07635488151389434864455231847994007820001111015555176098376382879017071199925879049028594477642099657075781208433207046061256012586596875275366491828581647110899046809243930098276008393175501696268940634874010745430104979 -0.2859718627288867915374343729040705259383219006633619886006647221521397973834890608141579592332572310878307864320852885290471624969059008030234229851607882842251391422912135222665135392604092310265951256809708602232886320 -0.3949882567327127679092599688909635899051549859913061907803115777296897046415074734660199342734562138116371308030759534315580202733495660119934508147712192261787735439874705272836259084781167900945164409057170296776729210 -0.6214221761996258275820215029031174985064133379249871014041905588923762449753001034573801957854912095372072943644892441060383554926937741629166604061389521440562015001638925910172051506981979449726120949122690954833052019 0.1767973844966600947181119125895266104433092728908944284794160086900777564139348256694814871629804619337608748316105579714895723196777942182544843677649686784343340673016359745034335651762207810325099412741678180806997699 -0.4407744941785979470963953580296781117039047572231505454015061930600432065892160375361357676794838630232861139191500513365450332304780081938259372832136167826901874646379859933686037038991362901177192588745751901333794122 -0.2632429892691896260792512178784554429460414631639705942043762831585681190360036942986699955395655732236267614978907666493857122897020306868719119006640722340290059496967838860407561624193110585187744557679410268241129221 -0.3694031208115745857149386342405108347112700211769441604387735266660653428809505641602638834173941763513937757236134047328690511771198962884617962732396988949237673971866573674528017469072605345887373961924201148112804638 0.04763151094814883089394337754027051269655198924548385594334571838344576433068585231730736706746980383879079960323432006433907067106811416303117708482423588509289902653236248233434969329235530563925938643462103543899415405 0.1003273786729299780876234110343719563638046378196906184883790886872143621441022014207160179405589770302883664350754657673447374408354957679410684851937226990876723263148279775423354300007155033728201345201173360080513960 -0.03878323737399189048734361782061774390274762421884142563575895684869103089165172224285770324133236363070155081904408370804464070505222169707988048244149614630389569298306561186433790791260251560638750789554628002239011589 -0.04522173904734770415219884604616398022709147320859704249301609783670079361882066958997388996348834403987093260377021702144780640196942039712691854317923118213003897364692195903981237735320494556350314327690080872797382636 0.05861676238696468512362029435488073183969436174279890605561488329637999039824436130321242710064348868932954658564892593962581978024173867943003415553427586688403516739575072594587504731824294135526097954166946843843401439 0.007569078428867961547843633655623558131805970830134483053917608165196805426532741855545214714165358026485901198712066568964250319982331309425070354748360885169573712010479229245885343519800257183915674717763815171009642743 -0.007266813581737204302833275643754628471613041887821339404001499728179975766553447802978333530484746780394105175920033496038106370622696347082034622886138302091308754847165867050532684759541753072672374642598084904179610724
G 83 -0.2863275296228317325607178767080135511947421152747575963016499309912032810393267164420808075702941452299977297201549552551914250715246808675024138262198263417155451973501888639398864992005542366486118460914391328314936572 -0.8009452745018295624903146039987921965422538501836790096748470903982035831318636831877596761575360077275400812674132305186203251110914846036594271113628468541286740289938659755907964867172217122167589859696136612550763714 0.2542804999002499856598711114813528795286831149099985292341394393069111444001727982899534027352664065598827810011586486024979941993576158986682057378746222436637427679191418975841603400927374985980869334333037860863577962 -0.4716018418187068663430921909153983679934850278308119887621933426357599642948569129721456241520141582234325530786256601226530183068915497933414973081757038038592324819212290494459383980457952695947559903817814127772632418 -0.03570441278029445480886886166639765595679144127263123473976599206942659638743187684574927825126169205334192446839052195055264479466590114945716140592245334220322724700505536528115688209084615495842075065853821766076709597 -0.6340517540459391400917818051401341117915012934112882765407670595101783813596137355823567508056165189428939562220427380241619122427111634107916951159902244860766492161640369809970551062212966816982730808361985286689100377 -0.1440640269270568132800390550224098663526844225549122690110863936242265628679281840153442662749145704553639808633996222278801571429020890352526979916453161510214408976559660375295503614104361673127175379955794370784361981 -0.4041250410950246628024247705836966926179039492592393397124961288413765274284910782043770035443608443140725939693892286672343210941128196593199024718853503794724869209623384214081905965152522193481173741230208443708167372 0.3471508303199780542667802541010067686848519545236191181498369516413082217741482797431970002400325292665718753032283203508625745628872426436985087055147805059668034921394955070342215562707103572192756843776755872147186110 -0.1699485153840059554280501174733989024222653447375079980876034428487606503855780603884952516335434378374724389691585917468565680946272498852005872964092173385016943677498930014803518926312080274756516575512550522986542289 0.1955935366302216071885241379950850227380654793473435092658559365190266386447258494450978594208940695785498090730793308013830831168650489820785435034676190100262586756693593551903872997686608514716818581123741908463978671 0.06656254251209410691899428453551871427305783375760587080668920548793780712628250451180840020229146390402521586003715330714657947609275179659106512724722904667542867968119183764370181366165435984896208710330434326448269065 -0.01003829138646418199446704107368358984369213043967711567699895654189749814389844817633312133287104198976504858116641298008798465394821241392510401351867023598041896732538043575898445144893945907775347184738760237722191011 -0.04035000328711573613474812160793114165492941119943917023157110778979984300456234371673931587193707527403666452708172121493859828909737345008813734842926879483479279827455995824217611922909938157220258593020211298305430794 -0.02092088075748574779047612043393664639645018553320021932834876206568568129123033675921767295112153743079340865407692352994849802496876896374498499613489306468130589761193576421636493454489744820962485365216155135659999411 -0.03555200762107045491893129204993439985141336053845369567338341306523805529309285347386049007179272867863846755354709560197778947770428750069891372940052753077993592414244271669655489331612294332057861152606588438293603391 0.01817561008568668227711994810254107723458197015267380048483639468705103016742520535169456547054532086234458553067313910106053496531229023007937665941472527578568517650036159372307484410230357783926792330405660408596435632
G 84 0.04206957049468681077614890583064193589592210368550627196216370105938084724646458669546562655278376263817235618192483127964760125686477819440469947598969738446648630261030098716363909447498598899607944583799500702377213571 -0.4081938688755138567633920636321289470737111801630336571587024192915521495574252317603926002835658735807461545602044741486569360286676365014078213064002413845849052202057339780628652527317829400887936501935420268046469291 -0.1830984326370794398562313561936344104567481048465192241964750762252245108474079933671017005979793497874066864084077255628552410838652725293065704204639465595506023812209959899995481642581971926698131120521353753926284485 -0.4433009204171959029448616565405750164751451255955514785903637830153894569100462812733281554996994964848263936785511469175637937037459770983340586850752865059819110167161595346713434553261861252206409010121521516883965342 0.3048312078289523032420244019096043796826862192285714067232514380085697443053110542025243402413186328660593185645405533054462374381577760701153682680951732286936168277493919885318197324311824569082516697970796816526828358 -0.2000520507693044105603277693670597168700883885867504606403934759751752665014834430415644294301546638517845156853716159548710012513023975731082587949369832928188649843569352296046198969945890062811691473394904025109653913 -0.1594611247576977528430642222016587237012626995008335460415487012595960098611886821199663564520607018356115463313962297641091230834203213865739041911928119678285263590227352870757442288575140850042741256494107470556196638 -0.2206868199539262559930247886731576941402468031610007803640135342520140438864558170787047474638681204773795724743183006208490294247326663890435907967262593385293504299979389638524608451734024771412115436261291810990519487 0.03839030596540166399134853022664857437764088106446292161514048808145918911208285356715321480862540547960068421804665072965433337226542926533837154930070231171482283681289242302586427818718510851646761444416330088771472138 -0.1945096603046809326046269624759749423041475608057646276189271168439380637750383347370462276243700555995481570266995148434955218594119082592866401207929539477624273875030108713937499988676789530463834173728453221980802172 0.2208780693584338907552774353925492229970086664778384773947188060659362651043372683214996224187471909099822589569089984212134813455523289057141891189998610619404964045694359169338048024463636642991266538065092281280331832 -0.3502011237253335346773127157325995878045524521431861534456000212324479450477633687161424261916999807663188027466856629981330849272885675138802041631776126912622303526522464457019662827892729186754147711990800464607736234 0.2584918435179267423616554452702132396767494680212879819952289309885161082041732696743928910263673772474744752955323332316110911663252745323204890497412286263223468596560811992484400516005705456749444517172060716428201439 0.2369092979857543806129880315176046797748689993014491990765400418616866507397972778924030763201639878357912658291271832959969610145446998994150933893582526840131313105857513612178835030896364061297638084957401812147063493 -0.006886032587858493054301105150859285474163837467063863009626949764191992804301325469441272317037044918930446251269166057165187389794669107363065836847626702714336054147513891548573981037688264562722087132528598798292764645 -0.08110183261699401055685620428967061287747535871699905710964996642975286018720853140954758773024872120881649507854630085962405237161310939858598536213483937041300627462389151481513986085280117146545617263725579839454901617 -0.06173004339914124473659898607436486496658433007162066425384480562126308532883915399137055962403235857486471370466713802548809800852279925375440024833091285412327829194390896290427639033061591969999423114324923277793099544
G 85 1.222534606189181166591910993278595122457404244085210062466874839246673053107781602101931039234056244162962121940164948486139752426858681023515223275258130083244623010343728108897646781731128685016484434686826102844583217 0.4973011846796140829095170417805885304074903693215467327663002127999730580368687766645123682179086737594631122257706522724481099487321905556175145694176565613222478194622264644674591111146146113015880346759653592865654323 -0.7438421911622599198334409197187767121604383777660097947356243580529761374891384044244278401738136618572568059751431816025878253531927070494688690516377831970173353926767504773275905948232823905882177042116610424311838716 0.8587131472871845204467954102719950451214505289845181504446258953541334301783087256877562302273564707844741212428426918435984578598997095571621138437428629978813659595981918995875889557277713173891752253151862858788519541 -0.3126490721041613472546540812787644814043589514106597090663312120848425404510197623887391379662806605771651259273540959451518642603011850296517418523185942338173654858447596010595363469692867250753880848983373057694772779 0.7187030996098964869159754343353868231941052996756553334192493257271248658408132425023446389916779273723799192157778604494689350628321569848648753186217177121581576339329317029472958751239942050485641544932553608687904628 0.5255641329112727980233129460819041082622964624121794439833622204690444119170004741068290061546765399115014513178017893278556896016478725696655164599424815347854644249178537980467933729074260586295152887921949483613307589 0.3979859796090102636770943036673542783862282005533328901400988822171673016089930598143166494269877458450137812302204620168113840385310839572199521209745445539259529700111111454509323494568228006964808461094472308536821166 -0.4896250917542873422406750186585520951103991516267199106097980377942437832152236245168782268909779758384864338332536522915240227495103020602919004658676502447528756776403532074362191094195759755065095862869948830612770500 0.4181069000142406302309587794401360758902202813981113642620185442388671651645427674124614632939590812273078730827774786339829134022481864321431659103657076356792268164531648860313977406401864284918912720344114788861143998 -0.002963656615212622550592895711016780490375327702998153207825157909716005050282933637074153909134125868352819774999161413216243363930440720555293281017751148881797212723114107060579333633401526056892886608780846872208335772 -0.2491261532443819027835525386815134869674163809235997962630736168137484005289270005680285161644653762153001797824436819590621660448454754467881561449839431544126729911956475430891178034887587913118757045790369058683566387 -0.1836803602636932360427409668201586706892701733914740873842264488730756892939604686106250786386536092063765618539805023016813018743779594484318269475644925957259938232074073602074280493851610629106449701227541903771289413 -0.1045263533327816562158641152199747006539576912021873601192864013289768807791984519954413607831995059437104910828590680168252564832533605731659465966964132901919929306096167263933165894054415701597281090856340186995970028 -0.06676101226376630926958835542275113945459618904734133311166811119612288541893104639035958684453252424899663843303049242990298640266958948976658019982681972305001203519356066871618769561303470429840459168098113272747830070 -0.02278602086243138446529983788511238032440624196870937462739269724776691111746223232005608939532120147415076748148687712837970195100990656583110152094560964704828456419387388649272997310522081075381877842167199539686983026 2.038827090909313535044820697941181728909385532884933462522709814976564540785060195709845097111165949670453036194694585553021458948587415883669613199089248895098439509135897518246947552139398070186168685290935009349712134e-5
G 86 0.5646612041384587609294090904292755337500647586491504693151606784641618321427120043192041776643256295288993775920240065217598765093616666605627571184204408017173594872823734009771050581667588719886148172228430501663677302 -0.5018949063319015625001719707637135470019580255466424965319947061640100329345525874566770667945993453916467502370304146057869073072253332214293526131898199123696526569535471723677600292204707391306167849320250332154531501 -0.07785251058335253561398377370609482381201131277892045979672246110916211398766094290334484189573075925258614673750968733224267536853638475332439158665971137289631201700704704148839375608485437730713258595542458967740137092 -0.4722625850701985380412459175126467318745711711727083844939056638489651927648964539942188844332846921476412331234280902658365483513376167210557534294046804341616126451791757358741163287151896989536446135178472343180025843 0.5120190510299680428342884211943128406878870606767668359099185239536350184679598729728157433961473456445470268839169067543617864220531651454470658292043289337516045626998456020926671004808421279404107132978298390784938776 -0.3412686461969990599420846341385914720568496401801891427706502118002261207741539924522341992264125591240117304113682016251765240221908016601890392001855004944031121266298018282008395414010949972831678800558039436970260115 0.1662149876827403472844214209064041211531663490305851903205019873509787689844219623690368184175516816143919292531553697036497814226082839310980338841578630510198412220182695426095956472273203810068319406746336301124824269 0.01868423840083940755105236926458968060616403462540682225068489481256102223368546345717388566532992850441566961322342008775348746403963189907778637386411391788733803902901887823041166188467551714240248227684736107537429029 0.2075712262300575611431003851417195994872394489246344592232462127267810276111232048298955147600237067220054722185207758683555084811432330442881822749332763073850913177252485491747964428529112187659856305659229614413709100 -0.02664280870110695486938141269737061116694992672603178773990916091434501569648208949579921877176546175618170995037977495076328996229846047750266264842909624596703162906646906593352972037191701476924226981121297090685663599 -0.03557279010563924330966456931764813967640326068125183967617235637031305192912446258779329798256488166171542549597047605337224423213196010421299854639312264623697212958326777750660912777993609238624657437366068137106268240 -0.1731559086032921817795056918922543374105298457178229939988175028710829573687404865205182108723190825018694627166004646312716192994993803907448190119102807140419017406833536575232998201854086494686451195065915693816042374 0.1125115496843956326529547163994530457808469646196739507358483665412291035334877893589811132364624106049274909018083895002013018910214819712832795583227846258354121939120235552816563999210480696181430575762175262418295803 0.1402254134288618133420406291649998025836095056035939159615500400245079498911484310432320282618481044705288222303415317471851713140360516244299515832356314930385847113223232734186198919370485256420609207241499416066511029 -0.05512334683789855923539947236805159604617424106377307198889270718844869123395526922350751682995312547834275705449974185394370549282858142486769971500286201042994898635903702314477318491021373628017139324806297831352621980 -0.006184361947228151963669011239920068081525412806824271217298760457365802108100388159394822923007750708632352995840574964499400104414486015713312496850828321058017133480942806526647642566931825701993710429985844231771946253 0.02877550382769621344140079161496649548405418086253269358375352872273465887780271899642032919257174247042239462888720433598883656416985025892215895231457435565552279071250569452073491778994661635447145929798209012673040087
G 87 0.7322128519417466744019257789005087935049563080677214953024710869619357091906794808678560839395102199139040331880362574009279319744639161192808674434648727654125560728326148160767533217198146567074596516528233091099940055 -0.5920419363372518083672610088648711692011901264018989747249142881721890597835505832961322034174823736626877488603135257700844069560104643633835160264141719371708323050001830365599984860297212614014972393275326190749548740 -0.4583156281521389369368739084196571450657185445657969111813416127361881520901584783696657499671623401724057751225517325057415816309190420047498179017706339999295158362758885142415426425257233925635381978549367410333856431 -0.5532791447113505540736268795023079078479172467464325307100377436258736206901362686756647879290258758736040879657712307563358712822008560534786405745359708045757648010531591300857745243920421939770746513553406703945642577 0.5655976676787515658420883423871057625875618720346775253128556292871287428137647072127100683417359821089241617646694873182312843874027322196516041239337094440858503566715269081240771433987077259698267331203917460906115870 0.01274931519744752577293460611165947375612374949696651224062657390032778605594351220360226264595562332376120880492681520491417308961986896074626356195587671696843944795828270535019968524414879162864623735653105893894350510 0.2229700036208996097114121715003003432733384131322501374754571980501081926079236202889272653660405378411106718563482780514747824432334843388887055451742134041626421766309423288013843505917135331232948058388300212473844689 -0.1983588277277813074259559082517978947368653026188984331105867311646845330093445181082118017563539942001081889894292366727372512091707033832856988476855379718406923983490456016970783691224457590981048969428691902610096429 0.2805458968745653307687903001666946781577133162162411203836476216383764150857765995530178063272394569761183436258027755254510793963003006115704547334668590767957508284000015196969650342077462953406375622460048705814341291 -0.2504263244515633801819044054033647793873263500488880560513615354939416193648603365915421474332283829526606592192858960389776679885062291195363772136144012610633181467307813456246260381091781349348908200573788016378080873 -0.04150365323724844932250180733249431441672650391637318548017469918655270493962656196263992688176654864664369458377051802187168861410042357402341773939120186078124141252902488516743424987005098703135256194300821525390587576 -0.05528538138745840889162608140859037646417899122859614686780817732822161664004568421150086023837333572322213381755325311482662105514326828720124970755132422374633437599670577728382835230516987467209930261600781141991711002 0.08300520953019416127499554849374208067895334413997678048355569914135173149006636069584387089636833988830232597089120928813281266141779706865060192993431995666832459682992652283059523247047373848449961101340450330080391067 0.1337258495349701042246867515375404718116155506950117690013241686950149698961558082060525265741829908795172799487424110657261360682474684774425662291596414569070112775548925229548840035816700677896117139856770698953224089 0.02739157012374988587217573563123528221437767818776354077421362820797970018331819565905174388242351174901242886846456462314578354730490821454163922864847475476023359817168819385468608842152695355714204785662381427569356265 0.006879231175994990913424802199493556352305221033745031639855592648381190599261897235858298662422219209740720659607588826315061031841265094116172970718237639048153168987503261808664284843220600328744369678602220852853264095 0.0006656834367163620810275487439461780826865610765817938070630631278956743529282368158985284138354283492971326274392314561107800904206311921690695923267809181714316057362049788671071010416102268133276811370517889213091205516
G 88 0.3968575169391701064348840526029431458014041947581338270207084760954981866403185222306575630790643179391400013063886444853593322409176444204842434537221568580940307970569175026967736733466330772033083969716218078329844653 -0.4333169636729913273441153506298801893279757313541305752043418132997518450050294741063257184296750705962664524788823691974811518126339381151631581576974339301669994934575850733957043882289316763094736931146349890753993174 -0.1141110797640895361354404265555066866776052019827895630929514448044432579334545749147374068620567157263251200880728236066945859403659118559997533314969730630190813473945570392360733239534666918608263248473310293813073042 -0.3571704035839634060077529607386996395355115659982434776795496660471620294039560558753062187468564099643101277071649688835259217656643003328168924140675187744112560493866834727101852716867587138539801722621656216042211332 0.4519345252471798378911213405168206577918231767550570793329934139285998843529228563683191457236753803811093011173548761005888446620711182295335636671024337146922196073036394353278263494823272483311842875160447571940450778 -0.1103488160366889186868315177121703217437110338028214106593674193890536111009581006956985991029988459236226268159452841828067116069434552165688988016341020317138472357060084372207614771599804456205744019802308554066622407 0.08191798550067383224758651238962115599292173160934483308199642700926722493997024215018137729950291401346606500782332926509228212501299271312895446554051583011256149776085375324127797805592643589073615216076687419764208066 0.01698505481686279089003086839595082058824660090280668054039449618872475329704634416728727254053577341512535523149114223888885746450000394004886636657612414018667498962050561249671116725603268502648776991380178116537452057 0.1831346625659935702416800959120734035557022829763537229142924782286766324499220394651500031867539548806947832291737679800287994850619568456339205875092224487727181795228854050789405999513147238680945471598220312899072689 -0.06524395070314182326269555930333723586877620111356809682932920607082706465976272262701855922977503150379397876872025589134801995915104937595760431030828499330545734428062856193705832922279791982490812256536523289727667669 -0.05627034545124729989059274308090312973328910975678329051297005293420469264946691863516234919830125448131963627507320497680278157154864951786035009488773927755425989477225594574325484312490381199559703489903789428462093625 -0.05130026244164466264419915027504839391141750363958147145587372066775077151638467354632086610517366764154070838180874591165089706668742616327363794279888608412490462359088458289290243552681915697646583632026905686315128967 0.02205611280634667959038763288384996640377503222220485247427872115041472051127760122691240726602440355251492859194652268462335399343962762315557287724976379049490807264392162429475823511359019027779958098691187152611202962 0.08306550478072396830609464298212266134048015735657607732854425187283740815044365736217667360056805519047947994850110634174817317829039518566366255929107867842523345240685026903928592130662791654550050384695318136758250979 -0.01675560973173383211103696473024411259088513570691324268882398526431173859381727830795447097158080079160783040914240462646310364242744241042369194678295000110293549508746513070514599924356939367026560706102619540590887510 0.03298746592357050769768198737271498045559084087549256329696784538610107989145690044207268438399322054474972424883563907385825113436140967032209340861064088105364462813320819338489348836375551446785641870963400870207187457 -0.006056951846559946373575868504885911044634653406883652468032073105505444355149002656677112802133107643648522738791979284298755966363478540934396919731162985188894201247002962702174370341129451659507624474685087204481931521
G 89 0.5332486790075351859781920838947340267839273196882426846611163304926993712356034665597437861240329870160302939781209622613843182131905886817711817540915543082492622233351089133938320376503557387602268489980926513340631895 0.5955930171413633598030798232454463966837200030906982621867383659127170790429745088727959216698608430926271290870487273405789670751335939385815043707148213145474910791802709333824836304725589279145663317032310002228086241 0.1636561038533474901230020029790682374474307084612630008506064500932090384888448795713829304517324098607572021124552087940245852704191420108304389650594271033652037847072454425994641477392610707437062564023826825982560894 0.6757843028832074333849497033315498062612582657240915087087131090713123797588319642304666062016354787931799016351060057025206123663194273945089305922458865732749189376226123372493791503430702566104995332370715535760350311 -0.3314986710648035138843462304124084145464924911077955791679453138588396049961137177965135295414303903320091328727609306458682844747509664155469980151396910634245180875053229661033212545670898039948097870787596161384210568 0.2540264538184613172556133077671449856617026625044252074609778348524267795341493520151317358423343724389002993940844902148400841538502863004911788561242963261479168434999107915448251657737570486851040736233503287534065285 -0.1433617531732160640465007788721139820606240515210206847186444929393536750024130300908428575828339166154671593976164020925922086353533024918868890985227543987882047225085981442533975967876170067652444517140754045334458830 0.2318639915346298794928669476949952586348192284820035521620671999865622688127695145274996279281487736575239699421507881200740578879003071408854518903305103803942581322572393117386228433511670917212956075362322566431251518 -0.2080641806500048445257271284912012605441956114099044241761373639383998648197703849984368463177684574884706658224651984356477762822453383554210136126220783801879438048107276732664947193471830627172078413379110652829242442 0.3978431168974799463625753205580982962336426045242923538796006322283726002100616511999992961250820981508758442192263248659144444593933535592851651495889199692696656713904524382683787696394080409431930728646611095349878121 -0.02484119926428171036715492234845000905836510817178002910998826054798795847432121814060396001969054217314249181906005575909958301778334767064527847069058135302745386572016788814670377116302522813807732760900269670021390089 0.1193747499604748929110699310148242480427498127733237172152954309735253424153875664852284239137063294058653240658299838190717945482735238151454253718031130532766478641342246769055220095058219195951874285381254913060663552 -0.01102570386364678215386059167824449902922786566770964765180239552583867247097460630228259305005990889929227117650758114125508930652874832179176887496284391502728609327459439232185542180932167952983288555119720362877987401 -0.1740161153629545794338662203514489732081797839528279732361783101433754345317400643636890240335330770913669640678821812565100127147640862547237438699027718728815855295973012746797951262162420456060451055672579426238637564 0.09041142879104827602251113396938362565682794965986396582192283113010808408615620425505426113928498511384275170723624568373277273948145903802587235222976002090575228286430854695073784820667845424700325252801636780617731856 0.3196803771797563321006128145262361286587895398599348227343434468200341136058057051381223399523978679532670019036547396079307965801417493271789717118886072794028826496454454602532502903928008368388292801950136213521143101 -0.01451659207778337942778682436809955263642786060977775773417254506940464176234757417995730203979460813935185110307749430899044261350117157232825790449536679912842056509288074950150797510855555174241856545629369630074388115
G 90 0.6629393479468862516495596844343254642458781034609987551306992406564754868551176173100259567978318433380022944920741115422597910850906798212768649849158185518978148855206550839836109583749138630164005605399916186719840571 0.6941995915408463369197775971551660448368937098187033073033459342352279366649600366842228085264643798568696941773674355090843956117473560147363678503514057234449481666852275347256018103136681483661499629936870879826406008 0.3610174114043914005178097030576482610538518683001856266665812987834133498584737901056260747773615891162717709928353862592612699139694876448505853930860300453945152347649947428936059482461924988635211185321773230756548306 0.2903075516055260509645568226134394338540022018248379430325336457693892415900525852423155284331399320477837170220771386581592117232127544493997142898121552927863345270265088632629282303374322365935756412612017127433593646 0.2138071411891817020886788638117484085479249521935325619570765390830471021973205488458071473451880016647775650274242640764581580981649438984685737894370755649611295435128036199328927730098387395489052190775754636495819017 0.3791679537502578392460797331400412972150128786997700313149197745197763414758438779865597018564678863942978345312509664806349710721032472717781101240369339730373525383304742584357296524672091479167795194653199064223802252 -0.5220670151298465073877832636954825194634134811495573066817497412657118396211232354255510966433237383183187622619996314171829373610378812526786497759060258993248830110078229513898717447988029380732449373650096350962681391 0.2443230504914163633205355766420852029572074011518867941794617811810045217579816304972540974313808276306564402604184169019477063693644337334735403716084687987091396515911717242637100373932830065305283489096642588492871481 0.3581890215664321573155197033291665476108031260018860012429384439283679212685756361982546769612920392435447309926596642266982769491439555565774444157043603645432600103516828802588458876764030883491628421485448922599436922 0.1075755476118628310201359164318692494752517326844985699979306940152042121431801535113637646038820866196783713154559896536934840050715326551432219336540401411317433824085483973587075831875932962426698579648037463856203495 -0.3571079562923907989197209919787982123920433216812348486595164204389248989245515245430546648575076287485115880741270219273042597775522402303186196857793452931629714527318992158931576792457331137464058376660767973137889582 0.3114396116774500000433791046400718552809382653791792436416650925497647702397426780380976376436297560026892500533667183574720396915238746061437342243906651334874142824307278412180218273085228959817637489100795136996536464 -0.2144310541252753940113079800346627649628891331339032819927111165175940607609122637726217480528598436076448438191964599314004708260631923004140618447773271452008041677125489623001080199298052736853098950422856431834189129 0.09806923530870275217356976537475861253907210022914208890766083225213383643372423036820681042331104457024169539381911290893168038313929528638430137460400815002642544767860950777368606221453205036973697335394732542619041431 0.07540559605987367622592134260103970589820161643994846874966876088025264325151694663298235653728765518846901407497263003729665765738134458788747221209768616553607036574058482231437995399613805832379199303898959169292419138 -0.03297066779352817714252080566167438695878020864206504708709669474810451437583898363742122929637402381257093914015634781757995872668500205398432737547225968170131901583033182716530897653805292991281340340153543168689687602 -0.07407814085237644202421995503804081726893475501289256063743370163318977510727120189811357073670742397214970546337197460032199301934148535950642445728652519620548698108603431867373343162552811041087959588044604687383897118
G 91 0.7982538190619155926954251786542398615595653904912983379297113535249798372886578112630883908397190311092199518500417182046833066906913264648333719329649715625980009067685893550979861628700835009191157702576948454772890141 0.7250262699153654384742679663628722688660796371742742745960165205122778702001560850337092543690489848891370984109252288364481139264146148136666609706876768201569342777650489159132533957082461760268271198896210015533062591 0.1029005725448575862258567357749566005411014056538516572810958255367787473050450419352711054753643097987296451606725562100201687727933624631999189956702624570807824011026145806650895002181869859034869883396674417171402098 0.7255250104190838897395672114620034151601075333104840756017439472033798596034806718372964985101153589891301351105739757351969178874065454269224293474762559866678083499889582464297072290051569590345006560052377363853704650 -0.4399769624894929615915781337000711773944500685167479942764901109481893400214966940193742169595742991294224617014525577558389155500622117049474148773706198015610421623714065471498782093577861239577502262488309445138360728 0.1893306529432043251400711545665170723172874767892370658359143377305022866907483877576386549522865623138949031210387786201255985056701664052340417879104387986245301570384781177183188587137937166904265094701611770806810901 -0.08122683229661577478590126075423843574406546769240868686656368422817557190374071721927797633728300201543206358613357240076565913990928594437302611327096540020102143041598669361535941843448978995221147874738535813563119825 -0.09207894821178948227588237794061412136584122352148011083106444805835723166913323140188624645825285072473506391435240852295479473596651647111008295192931279232419627643893343226160079533779941675525684822069087745230237377 -0.2939382836129481295922713393383528426991672808106231554282320900137526064207246027649550444730097791760309289143527207443863153115788827628252293677540092885883939239929919031683490696874843044275660768082439569604389088 0.2216490700013329015795663308258978806712397830645075903032871812005519252050572070498497642679358155442123583197425448845556232707372270652775999239579535047264970604303609760622945558278322792108082056472180724986032823 0.2767087935248933911727984955512909118950592585846313820712191649548486710867679902991600976234871080277918313057331207065028664462761696276434288485182223778621236306715868893419633616684325138084223515588402042961021786 0.2207207537833277328082701243837704622200325410762046751716835267490658069330955149512779749308755906647971563029890925432600151665955393042326852147608563413850033848721185107599002870710526101680065998970357855932389017 0.05417236801951821815119327201892162463953004077385822477265977058486340910029354213997473118508330567052647066561483678784109870653138644256977692274931284195544038003550889326344206665722294853336050318694404472862783513 -0.05315164196916818590780220240530762908291845255982382406058138425831600961934033602855910371391593639702835010899718258696033424156284796885186456360039411199614285313473815510212474627617821559898894620778145738661917814 0.002383598859471737306766257363612749563206469984379047543264340477070760896051822693293940585132996499241751950511778188567987816398294000065365076680520008644595864411360650916087396160839871824033590263039504244375181163 0.001855769213446008861433813388944622606960927416280201360631266084486199691841585001979744568276695337983694181734247796122166315650187645109069438408063505671310016138698788618597374757460006541431260797327367459817707287 0.0002668146264204075383339832988124245300029846615008490339487861856633946772242400881465410918566974835406947072199397687251662023283459606269879103382068658970073109171547113628363400803251679484987131370395240149270978726
G 92 1.112407947836873616631479675307186798429019808598717233441230536273321150495658413266936711052939989273714560510447142598856332460711525339467454821212079834593762244179185792143069931081288435825526371450586763800372756 0.9754819081152449458796527941506912265285003378543013174724702677364029308858286885838825418476601596760759629206117411826620851378479412321915629841975380824989630954222274275213619104834289229822217073923731727748194738 -0.08988591374998791815568865579880442498271866288640076352747448164922038743551275689071355550636336239494962121209887889840848931162930065359392835559102937181795218581986143126260872201781674716575910597335126408797266698 0.6002241377108734194487274107443188149993532509677697621202241784894224173558585257061240596221048269450369854035395279868685946700739557273675501611418635729975548537004942949844917298654294437443449372681390793950624446 -0.5750994492626097395637519443565858643644976212964499220214727227397318366186961967744380546268525893798685023533566318949930977965808136374837551208763415896216924692177832700725028759015167234567963223546296488826419515 0.6098927075242411147071346175181317406532752957593227425556498244323537514902931055363092868217557352179388380990553470873157486692928363990854268806362506208915074358071154963331264617627247791432256585556504753530689163 -0.09211451411879272928073331432221743063483947604194791556186164346793105103049302974434681746546514583335798535826895313264596070730889083918254418057652535715779620053159143486767644667395035275093791374857962019956781694 -0.3081914133134088015345643780213898816998763700981450115907590349144353351670089208566634098750763104266791440984814475244485470486302313245779910979551682816075387674387782903211705551837674672126684227692457125649211865 -0.3323170559684515859730194313729197580808999433954686209384013212179283422806167834461580687005091516112530479949200737551803494020173246365275909505811036913180639523395843166775696691079703283002985614852869277871736246 -0.06580390840407195408390892141894592414899300065550752172041273628483288532618542512704951244650685640257703176348781305303796639134350849565429539974211220712791954660729583593778920400614225420031564842513123918663509188 0.1798867981989377516581182999512402917458192169501322227369595533761446917082455274095815954293504590175150179652063567244737602446550527944669656106752544716165055742762747477046041385018029219726420768837242669672621328 0.2281624916614477430433969518850042446160285198671381369404447625443023056311140834717715773829947369193420048662686492941950703874438974687054530690831162682335543342289946294995314074306230583985550048711766439352315261 -0.1390831491668671237026878110113368270404460873440770612008808802814700828145852043157079126335015006479279802545910124347481852827890977851906294786227457966562872102572470122256684334583919931791019089067071571364575654 0.03322123605903066936786847460806778993667857218374929873659880252230138890913077729559195856577939347586698290263084624149920706941225278041840369284935109574274005433884095301574810022052741204785955194719833824785075164 0.01898549258662311348263788415268897838839541512120237283289491064298029955429074314305385836740620125056868974012825225556543527870330196766295391570849355997155375584003753229397105736372401678831742998690206197016426520 -0.03034730859043638549149822316680208622127033472603864525462080343412111915381165172576321533034226407088113238740411678348667166581610162730477623307190647505629340430401143836508245203195877196099730002323562860408244640 0.01805790669624638255515794635053098347211032623177278510269739848404300534044619609737102066214661823541640506520407083111756352376944027376021287937909969390513992393429684807916391695840316372035186574970205119649562520
G 93 0.9858280903674693254547029476575028317218215489290920497255251331650033842441862717170124863426709111451557145931870693939329073901101027669039450287380084248778639297839607042666708412316237008492115929385283236884020167 0.4935226806563176467033390065122657632316203894766427062631090889285575370420777888185325594191437037927276635649019062482644690764623329935705848761397254835718087986193362133462882094293714476796120114179542978204302409 -0.6978011413341096233563939017556031256244607834509132153801543089186688262013980181575446701556053554612145506354139414282018852615608281858081881099499689104536793779899911727043994457263803041360611074450070635651593682 0.1560025275916455805037419124647710600558194493357148569486643124813535075508415655400603780825916841864860881703546303273400604287672207019942909811046055248788944436303129747922098635168706234421176146084790363330364150 -0.2836151187426977814097543470913778962387764366820813500599806762272007392200433552323022157975514469342498588300104906034674630620380678646819632099148086749834039138367602966211937337585871159036404016718797805846048432 -0.1177434747798878234753498939974647830280320304305143511587242769271153908404664320047832041624583654011935406138611704151770102044477807860361209647006865454390002525465377231088529634360035402330139846474948982678866183 0.4748147524230853642030811353913670842744584359914735780516203524785528432569223204858112745865611314905684401630384101274245838959846168142735805557400410020660435061995215917384560348863852355665653527285265927609827109 0.4270209365738782134252746693233930850435732176304532520995942363781558235326676238049127498967994331725841755383600777175076911046526445137204762281790664644229133775965291275593025669449767880322220178936290529741216849 0.2551141940913781270979734518156307148678429616845971097639980064490659828367167209384941501020726835019982382127119350446894146062582131463839982897949044353017334750744405562282398716709023291762110555103411228262985684 0.4343724786183212781752479448686673066668795718451199908526727678806431615976583131333418119134737976162120639449222491365758687735696850016080337233408025894054557920443700629889681652121374098962792932380920391349394392 -0.2426836117306972492082177715472121087198553680234400646885138860298652008256470077552831902184948307375583075725432014461023934693513678605920267582230237155833137959032573573969667843566055612073262708274147785737863986 0.1592234883064408387063001847453227830531666177218906874665254586626373969104222063921283629876236731312385726246629408587903213282243999091084248673032399269402785488924622355753287536534991696210716506824517980264840805 -0.1187205920451303946582691813616575424061169888362415418617435061422121827015260342528375179031049008550718864593630300554575985679969539098581209852755630170961976077718775241137606580038900433218483708178433566855126504 0.1656177594004103814796396033190260023974947675991129210396353335055683393817035695172125917191657736604867375380331976545927787731228771678779716813540094373619377797288029943153485923784391735618756351728117837934368780 0.02314694135137563421069785827035154508624181991729815520747131586629246847302291854632676513132246354272678571747563242886779633282756976878826703863136290409424627187553789600286424296175048035478442311846403201794249647 -0.04041528308109781696521343804815480688791319759667245387525158913601876180222337634365179707528231461193532746506224083319867289601262630260370741644758030486010467268305464500899098557020703896909705356972007296696987328 -0.03952245432825813496355395003617800468210774615852344650887750205026339234473925989666132140023786781534393321826943484166247516841373338528056167314687942520497254726764837242511905335247685790898622392778203849143832188
G 94 0.1711266074566077468307021298474177349686352481497561129444647258816014694562995138539666945456620051259695707758043127832134339678111511603292254489646882005950224863208571206634983392367915661935855835979938628505008878 -0.06351421770957875643582892181497513451656473465891793626611797978428225229743342669113910276609395827495928558665689718759631026362956600977927531863001033305033276830375569480597698618843827464936930280206975734972374073 -0.2031877836960508187015701163074289111745359556707932991243691823131825885686718687260243154454552616526565035313840846657157199337865059720010376514224071312121919054848137000281795560085050234516095908156127836457655418 -0.09380064338173587118829374640743120882074930703981180596447752853450358242402421401668722543865635799481015006242506151442428653403379897350190099847301331863083407359645622599973481597325765907920665118814365525200354201 0.4728102186098673247520291974543223392960205664658879559097371663953440508887717201618986138479832947383918532570505279148165839461744511127005932294770294093442007629047890642551743712514401367688067550738191320920888368 -0.1842640741738677759818796993809196683814390725803032955967591591151966297400444752426320253993540638956161872657902383288686866170539370870569650582997646534160386651236231065385750555778593984894956925781042173823848264 0.1618575104119865683726501182909935001970787527936632270683710010262670454247263255497070749850442091384987935602677641933276324530942973541990941798404171472340841247767385492920028784103393394165591011218126957842324296 -0.1474296931341766438197515005328239979551634055862871517102377772572475315094857945801916998938959074400590854380456369321232164353288714955710861861800167796349508748330912112672447684399254705961278386432639082872695554 -0.04366016657943708364963299955844921511178793904043240601088690473772087758764127315994159558067840278570756283428356746165688357222013825285871064205754488496069448767011949261189221268937322795249163268044506151512258409 -0.07816594961199549866618488291705208702274362642053095524302208560530131858496191166888411979539060091234649612892677967205663156381926644012990802725584272043043255693237732551125663654204715831177787829970665683028218282 -0.07846878934834798822681135280853025722865502202309492639738899693460152602874224472887178073546003431318463116853640692476944124472760318555817067638670470262318810227125558346939057847831223302880705458327238421831841264 -0.09799984895250241827352531177793475165571335659999790058433417769923397741106367836075251075330241000851951833319199660037638431370588918561417663389400980412123646152104421107866508231351157168911465645458164286773800582 0.03622510726277514418640393895525827680123895448287080265312564436422845492536076937103223950826949897114892765422980679769179416580698151403848939954220311985866134867799316793325462331054818002594548159201097248501475161 0.1048278225074240279061326271578866163364536734975052028720902298135222155964928900945290128536231011187643219910240915317420684070943120853149011864053413676071064962770722701555774754334609412637772224860274609879292956 0.04478646365005064539252571091557714635066800877635477768944227911571142578289374590818382277949050654353403542867293539732337077358101992795057251389567240730708094896308766196890412467411168767514987529148218803672722992 -0.01852469263993619354243559416442443929170051845820182092500229382542778266761223009510765576028061284961635323892674555032409689850447713308278237997784409782002856896149388096697184728709034959447571212439059488265365518 -0.002360106088323123992972168584853251368336533362959629713104431198348453491539226824726579049971209598978326631205640769744265867391653618363738433217107096568586260670221359077292436535811611319290463246889253042805244304
G 95 0.1820992206146653110670771231486395702025926232130276147006026668178427944539722068594680645075470230125612270928951304853411602264086314281108437157152668727927369612959083630226852598570384854939270322723813803796513019 -0.06384363465658149761185860020792048345944036916043890507204299798843907180397136144671099307342975090081027236545172141574421504189236089735625400962329028040164411608677921315490278898217884380313564328820824818689155674 -0.3434680571384432177615108726717652064957862911004039749287892151159320882294748973731724596695579719213829256152336731756908838870063530245451020300305285886742638771179431886593143127732441182990188767626435361403384695 -0.3664583832978706978686359208045307881510075432325448671784524876272753544517670690114426983737418699354722787432517986009248347447371028163066544802729055420225846155441544861177677338314835671946012403905522703380943348 0.3842630076029985577422322838058451738733391412083216170063784301058283443534967223195946466205418145523629857075641743758282311360139867784127306211452469053696259415046817028404343673273700987172559841690799411606448676 -0.2045401228920039842340488644067585919845249609246121362985686863499655818373845635050067316374544314657119754629058785452019216410574577974681768094001943000400607045300275150853439083222906767664971563371000628092534918 0.2095040839488391030640976729232425103232554471129711046021878277267966815799450473837091909481038750378257754240104411386421783453391206009657509951962458709012368538164333043324284124680744530785725329325316023856520807 -0.09657044477707238003621125921676699077716133047438044568880308312278633901508109496664771091332580184440376355288024345561732099084906424001485368158174650375642024834102255190610851778633066678463337635622560470204363821 0.05400792485245733357679549225087186819507454320843506361309849372490268259668973309241232749606381688116521190262029993124010560446741539770749936964010466997257835325179985847791695314527324925714892770570401753193822048 0.002955138364234049798649094976032978438424848337251279930739166610827906719617112350270559114171890869480774888747642887046872372359886502164832779891411796446078340313379738707454351047201775926992276431952833781504397758 -0.02336737780053808257319902980153283581176430245880572455684600994512122696830093387437516995642232642817697980397265175657824151609000799678830760686564845676145329510683107666811747370697887381978183875939584729410125005 -0.03642244376379205195996319831848671621015840154616310938323434523936494267510324786289071902777359058440404813675041675611173302798966242231504773565460315719145271290535903517714180435303990392670021032713864497633483027 0.03972281649433867843374548698869295467487798988848936777525344157126375166119799912827894098419078514142282351459096427302904258661467760851779557895298875631902210067539199668502741983434901507734989763137753297621716239 0.01235505179512511542412752592521396146062671870733091876574969199548705777530415323869971241628594788761897396048583472592905859605906057053789890875635456140939797777033830577672741932834406369377101452156980218206296870 0.001414463167109974206773730907599844164195676849925522804609253328405648267003923617310379482034676173269333144743697761826732378021041017574234502935400256211583580187184260727075627088562436618617223912705045670018637204 0.006986680291220572057708811492305696306782839830829915519043072746570319555127625350287660906930218275677558457074529271822880576287933016237782825702963833333467745404113796228841945929370441096152379315590899905942275434 0.001910526948801220838277026914297535250986583915252890242275420863744193621216168940825093350746270939340579305652037865243304850399567560652601920148460116948637369878345983415128293964917044826295264419504049464585981274
G 96 0.2306394236975808100320662600941478853104662473693161481273738213685341379141007624134874923890420121214052833856082527136125944610379891585051891539728875744199586736285870773215257956873239102478799954012764916287181639 0.06797926894488265390029122035866297707648746689960376007170069488408549239959867374061164368589391997230606105059850894974487175113891625041569981531846827172432372969709327988612431573399552360158692176223901557985013689 -0.2320001641190010525849157167017327058856492181387308376470138539567440987657089512880625843608660483829759399827249712725761120917836272537294772169883215868543158449608101033353598111647640788656170438086433962075657548 0.08823429923611465349920093782938339674345295325852931824687657094389488385973316087598304307049714870574562792798926366095350177752705650053621806037461453781648820783435347746192973412943207416848053399285496465784176190 0.3047679751109124228558158890670279758858275752582055943731456557342060456439928073197080800090005397987832168015430569826031991567648808480928465101480289030858140487104014076242748917882944197900198345578096522510470870 0.06896832737032661891729070266402606251837162667642097365222689600934183151138011423099641745726646808202662562130039789013533673602042913089969544322172175792374004556421716993474081296167422379795159024127644920659011044 0.2791990143454766973759163014322719938202892357856193821846351107830266352534668163065378995109885260056652095046944307867609531133616632635125670951632158737745874096612783271340663307179672398138404050795259011770443927 0.2253812305138544239379203279487885096253262758883407665446167532627885264964825100406455870425208790003213961514454859820035315019609590797406926113575985295935491793327843670267192901834204990439519396471018216089478914 0.04378123882074732040109430438655059530332512624414652774528483718433228842780300840282964852670374574155249191774127466254996346262168215743919787224754257132766444620600466181781190230189859456302760489353590150017539282 -0.1505408765141598900874049562663142538990679567853729136586282424604773482315578708322768891737164751747267356108848035576234137113080442543780039816095031685407122620371444234252380561540503741142848139715041555317048077 0.1248973819567375168004605883537461004349211114476146947670043256650782473424402776407368067606633145270953573439462420643699350770715527788765879642489852462428781844118749492562151892415744244562251420660397327706845634 -0.07876491970504781996269520165993261377157533491106622802468952356982380604580562607508680112627703670512547076239623019974044935688351302458428987468365336025442593010023257038490033516911011551750777527207568242638935706 0.05989721980014142791052145237002664484164037382385169894789804014578644453608961399838357119714291761517866077982249676071018041752849309184127516164877256336646790214902355859588427507516251961375354877333155810623911318 -0.05979023613971631506806973264696012227681642106471766708038979730589276094762329376751126995050895669570007549821743879105837060104058632218109085104349426272002800143690179922239291045636106569300258937028706984618629276 0.03702779398493287080235901010431084592111724402218196166150539186994056919913942289817691725782567233111507134032267667554470241900151859134273626582867489785372571012031443382388509350208202730993542339839793188871693375 -0.02458779716959880544535303058589144539590899286531050351882451695730200408032413072766412327898552604782944789157547097408271280849184866521412148825863049862671643509991948616232030376049128728230237230087511417803663744 0.003880150977295569095798985992176504288761808938366646973039405117325519023825852443360279072129953656016048040711527265351018432444144248311878289182375233990828088734031015250460440915842092651544251632020567515201411125
G 97 -0.05442589371333047646822348865428219416638855189648915818985506075440027882174540080355754092049139027265794104511110731711978171662173332275340753416857385821587535628939631059177988736271419209240510709093645570245640549 -0.04250409554011851929221481505518435991483175327453625990194488684467284244718035382685172040079475942184266136191095863634770183178933903501535507385957764296588586060753411190739836228037980589009625176217531236265290276 -0.3264158690898903337574562038659751353669682457365566391068530660930580684573102013462109983223249357988259836083421043475240068796431231545834906491831636915549791872604580266905315441383951792265881682063776866793790802 0.03002718613214089847143268699044024600595337049091280594484133232258679142290358618856780287633122314130129127953583531403937100481493989593331914081698607605129258903537591170585096931007860917108626554168078109523832472 0.3751785719417824656423614359845925483965321981903926041674558740382328631092814373236100212321899188526842058948483910547222191486824565645033514909452565680143711749584380527897946007974212745615408001964736907007023601 -0.1403148830397381448569566491065834050669939328151957485720099947953414366251311194381124511894513003919650150782292661149588015235897819325281924807103929881337970229794173937991783883359700077901802595320302459563158867 0.09776253956467392293762283342220603153266260092910255437700600424772210169069440074186940531665122210308378793004760991964011507158192055031768328409547931566032863807722203386821383073481858490628921009897684670373683285 0.03274553321404090321678678148760041091254569478194348983209757683350459578909306499136617069541432714070167268305663953476374212976989130180421244645667154177738468746208807730496647260395111173301168440231238811780677861 0.1124393420717355776953596016419342385373366388977724565322372943762703010035989127960110767065184758473505195002758241943182023736196747896112011315341720797760468318897137360126145395192030843991338719221486715916485628 -0.06505828008086999333789334357233873824131446505663489582436219167620532961802033876750567887642542459775647926600892896449859784137161643857321466807601622310727743951335943776018575740414306941799687476089913254691033883 0.02294289986968835983970357233335250305975026782646498245763324043835475938758429960850256811889695614457531175692225458307105751857776595774308953609514097209752515903099582299873381901198411882725378575027893318191023004 0.02157989330274852373340322081489748469035156724043518650096939217517840354248054886785726168176240199208194558251755045564519942261169499273064036198507696458917900332717823287926354205866269036072748735963202142828459345 -0.01927245248101801824933858592514985150420496519207273386630666245495088174838031528165079400893712414776578291515991811185424861759552260067371108840867885987804827866247626207297180774171427951810194296466727263171311872 -0.01979647552267119747809446312545636050347115026562752650075680797133213617651648273813799406713884705730616850771609598855509288270030879321293920353508336717825345540826690952486166289857657435916447466962698059819268153 -0.01571616819437561050891660320792828195786315829104285173343990651782025658003369969905167228220666828943837713021550935851142304777702478944238147169351844873665621046134059231635533574292848176980350831692151441740460670 0.008406761677484047976287298729509876991212115591849478573541575935152245057739073318428622944662231263747243807936777601025839475367742314821676717382636698179410307483524238958849292145685161755320126089558803779538164484 -0.02070285003451576330282159664848641442065012804194712821019032798082595389500069235622982170599507845452308877289075016459914915016719982989390292549575572717992096074325636044154507326924712701269812286039778414619580047
G 98 0.6153113477195562143304621116037595715651316335716523535487123830618420042343962092615941572006226030515552061119954431906704439791212995107750449434752404578206555853011207384302104338971564503853252082748480510041448128 0.8252081191515378478828278066351960594765665745605653879531892378025033777219000845520184494877922915605594673867266481439374322402402562999510305399018014245497880422889628208932551966481983264042093024095437477643281586 0.06336960887363124385155038444136739890489956663152463106789993489980442390205140874224678405117855494927345394349394424557402238421364020082171474431529652218174100756892938463197180711540696044592149025658929522577238936 -0.03178829068299781430125815935940614524849642060508482497898032019635359682002398947036839704611331339951361094656517184549541721174413675584672547879681849650512213463861831374113617331733016437409077034287708881742878972 -0.05113808553445690654270871194481605547533131046039624284646085072568367055915544970075993564282173961480863655501275232595155766815577655237491647242961318766441654773650914685837873628192845855726196211660288161417088649 0.1240444720601973249658026547535786902325833693302816683947617697139048070130611521126415376946211033541156714828904544750430022452536806103016559828830465112210707199464679956943159300678368711862481363175420823892267472 0.08518954796832162854040182497966810350034932052180403349654324300471404556838798851512402229277901124742974249992191013258850145785924378313005398649656366442175867852151703800347368429510082616392350937197657722789277973 -0.1044433808307684578084578775407248311659828500033289317984720248204216626332332292059655980003687453298301409873325271562743465091685154939114647633896365255999683680089300189468210682758607623502497457561296390972000100 0.1461292214412654413658204144699763092702075464288313117315607024039212592370759863598354201274335019064415629583214574163241369792857402590860329930564568086914337548352733126785096850229874579826496712135281526610930461 -0.08618572917150598637758362289608142088709002811980097016205856757581659651917669128257293548450179723200281270925538261931392095858039002745440059249565606128349122029819996057120136211105573368091085200819213165220250978 0.001704062576324945720897659680601968304745338419183080783645192196388282610301918721245534848132146792715529772400597725199942539976365713306074092979747401070150399538053661600825994378681462960942558282533333500816494118 0.008762823048237681919355394297012840426522171760603202437883235913072931491470499662816071085353648991216706959566183317150702312320050671200558362053284756143225438839190173064302320099313870135557860154932765749484360335 0.02216689425592880100521095817128175718214343501538265834342137127967535499838602866585699704893750773766021156276913736453380201219325019717763464924066278386697966430378696748790723134995175654909985852390456741005556073 0.007330674948054969311830974220808426480899383497805469954275556271378811029937297646235205272488074721870089408994331833389038996730684646095910361576494010118323397880831240810327129849888846951801271912343636646503417875 -0.03501587266263278606101314798927662094353871960929699439211161861587633943986960240808092429509048831133167601333645031035124588303292616844705350985770681726050900100087381107845012836936777545268057456955745647938134392 0.006767366214591403825548120682258621626886782281090249600584144902535237027297961418430843193013904778294785580957674038343800208560254486558361247743673319504619407922364346836197047916628876580569213826012965290120177494 0.009942409614641771912892286082406703249040913681754572986314397426323426471001430082726537599750974556257255993011564938251494300766862543813521980572001929560828750199475641120082561943819168902590438659511193275912397478
G 99 -0.7045021516233317592722161220543885648031169116303319858829033858152440033979630802327095240878740675014837335192178750245044286124855711402658042446044218768096338690389846824807824892466068671209155223190267013601077342 -0.3200058043925524031791012454383066806444487518891067352439010222932062186122683691921883748625846876473517204188234095609339695305641288205940644769934560308009714481237042698500295619857136826081448973019835972008678085 0.006767824439498314521822096180099898957427879544417730919000039839015666112175263186596477402597673606997462611319854008792712524766294569056929673733143214679637214162488467553585326669132667214636419666529880226944380860 0.1976159130530200824962093132123607247235576160348071901503424182658624683150911711562559013446375416706085061197854449036397321173693049934407264987973416373757164303366753420039974919324456788010184061562677653416204438 -0.01686380680500985570902049701683679739339919814740114176508551630056795939590151052807368861552303745170582824752896665267925663800961490232882964812970522140696099358661719582629808960154635596097889051725066543719787023 -0.05663947652782830108016642042000736333898604405595266676611401109652136598706751027000535504725524519022327387815752761300977864590590238557843327244294927116254490853127461857051787927164020898221237982833758650700579721 0.02208989326747657646629358943118515715057134228132242422399023515927774879403963761898004975226247615614983909423734697021303840574645478751624083144062687811848367579305267400424905247646124739660094942842174103177261185 0.03025327836109543157383604811801695156132637863142835906235411936813718403752291562135672960175710165740738251210076698808100670667956371909182682406508866209983510343394348484922284300323079547125585547502331798356035000 0.03858859941095333821081093194529367332496751681053540650065958019490080591737772459640173016833521652845999353753045914041776271338527520086118313713855047166454274338798125850679615486584317395870460592486392359575303537 -0.02149123731374163014175952083595131891830721107473430852903006684800249724504157906300837634675953539459402490655301510918136022083800433213160580032914553632723466983990240383239929565615511913389715968265451542152222075 0.0007349730597561551411034659338460779715125818424062689339793545664103447372970530522153716816538344766507937958569111560385584882304833312519604002745732751073751813489140635157941167655651319258426543824734995498430155127 0.002514491250747567146466305361609484351965267019488107970103199701811924610644047282321596182569217000559591532677505215090298056693251752384692547630232052579166483237961547851849680067444928408414015081959012920153698282 0.005335835909086462241826876001562300167207736831903418718922834959203615047663380401394970872221449345305846626957080689971444134545994291432107125544545514405545539337482168588072272003704673110529537507592528204442307217 -0.003126618310863873889302907041551410419777251648323112170891400435567645896517458753619813751837278233416327635472290142866767240249365859825437987113407016817218071800702245047484751496769656981939096182078533388326826499 -0.004097285456278029781850826222634035011663117114977053586966974404153472859516732970943048947138478797312870792368767013458914372053159204992856931989893719899787177282395137203068563292908933840727121473244978650754403147 -0.006769001462709091698524330449864368271382047924299153970735310886708894873553616853881116177685046231608280463798893770612445386603794703624432930591085510033044809568287535937437993272551698801640683176594470750345328339 -0.006387039844926609025586882751826003265894538018532314907933065443750003439425443362338811960298008667399961065954648963106548590738108094685621702910571867301064165720568359205230674306710683969832402688094057687381746478
G 100 0.4628531267581948004440937482843357952016118571275762303584632015565918472518895339157960027458885425829893444497144282015439889473277431807365149932003300532215702122644265983855806102894216167002773526937524305191718224 -0.2924635624488486608604134477341444724166294840965066550742355446516813407549626359622718074045895052303828467236296955245287532245660960615139771021633017743847168488523566582649327923251063478174469271627057541376959075 0.02845876091186344847151484066260012901528172635797827856607890525795267881858474788961513847946551543780419920296371408961880133030801928375690207840554202186773217290584591097367457619880405278492379092649352099351731122 0.08015530170402424526727683249435378263308122073265205037881002751980670074172037824062816629295026933006320550884755993061377033306367934944141009382809634774889456875701432606762752215520166452252663338010525020610221761 0.07806886630374598980472947622244892398987186455802983169725788360013433031892778500022250466021156800826053876149329640151659920558890477203419932496291524315925465185967059431996453885441405120428788597388116441525187239 -0.03685836858297723903238027015479705595614982736460201801973022387359967194992692571279301561872420766725802897321341369680830884489934482412053258682537941383575943422706193703575780027634187792694004737322659725917357362 0.04084620144240375353673991539349007820340091257189146671436769080627676820034100496671440215030011151436066824298545978245696833349250038220938775074939380567222640629737791552752369373313421989180812139364807621279592638 -0.0006897267993563612210560177580700383374117232262152409149073676402073742404499760272766675073054945956783751018902263346716651074531042827267224412919703301657293559164689614747317358574660678412803597604679720178098802169 -0.007309461217278396211193782521508070427094880664275254313292111631845255586984467784333861813206393494205124216681186928027949316562511509764049508255166007858489025613129414265560319946979197018450123872529332318635100100 -0.01053925603119558757069050663548376448868113813357216922135609163385443747234302737736187057440188792350980273829423426827770455471342279890597563347723706843790669879393382243877924489207828531951525972493061155927017891 0.004743302871525537466613087413972820923917063514485674649361642527103341345553268321369728472668975531739263345830943556929806996722530797906057514322631075121861472632924295606084569964663684866220371165539205002793613439 0.005580212796163772122998979767904436485799003854882305172926847199096781036736625539218853614916014419318199181204264592531123180033293472466062319777413416722050592452547542324255523251807253568792848393553619929567430411 -0.001611842192877243804276336131529777487999771699411500776422533488717436222290019366497297060972597019622079639044419352009918151698482758087549228564986252671418838456215859193238789799289565918969320485730633963286800108 -0.001021059961867219120362541180489643511276210846444824495594974693811904414688763743541830758649799590681806576800514676164282591155103385184301870524083220540117610862026897925673394558201765534689688797319337226672204201 0.0009578400178391278866136752039459630103700937195333157174265034545040759939002306146592150440238356241421425554504004421167619274770169023916867178825678614213842361561147413852318562603238901886216828134519285081948673236 0.0003056510455188319435333422505868068668857970097565622238376739322565975924387804561594192787766263418748643235123680080896503459077569665721650854956322223314437922851633923957705410008394815695750094827752910363758013316 -1.343188000672381147693639527148212640314826444348019945608737209807545130084521552533054703990461700066940595097092209855184821588740906926058196618965521384012005048301496472735226701314720780210524265277024626160918775e-5
G 101 -0.4602098930806877545473048368039166069784782561443028581227867705776168960233182744472713905219995364657102278842307426553130174178754108185780345194946526366077706112514309463304860832051315017715854377072379076101943520 0.08067042519844386926233494157351861331163078404198132849553192245042867797432333842135844248852851077981949490081499826586724030611886604677125906315614804687609535523126766387105817493649404270637515801554338390174995348 0.2630781733351540883634000506389546092587312783457457322195417473631171809250514136366230448219940962601408434671830392939408983337971468469447044905192185813334328310770121518103504444603045019241108286168322823223076789 -0.1982574775005815926230309872317250794632309685366312023039643281258253571430247576903437260727091708628422880989852273333554787237937213268096994216007023793761480037396281294209273668674117476038736671742302331035763410 -0.08550684638934544136980589547833636075129927500243144791078817361736186295120755752285799033202582949286356790887439849143796544143708922301156846907180218330589952483547136857457501420907854739613232361654100113695375917 0.05406528185431286946128750707386555454584278363123592834743395650544633717141604521749340688948170434503149170701513423269825029150101416229438376585749137651052316988470398530087587835828446521431618938150785716465939649 -0.007636536343550633191600043070196203148912992052589072441229225228687164490362881514453205349516660712461540047702237603249724441717720678224703188159711450163142406405183912740279933964899008436216197870858972059133846461 0.02730116821881191108042577158787989732353209449417193482888544653724394605868051203233983661036965169114332482157329302558578965409884888722636553316678146323113372445360765000028932628855697754684008936597657079961054720 0.04579848055365583003884218014125476694751341868051969769615334703345319939595473687772136908148257346618826533224706405095833586794918914680758078846245986179388706027379662706121901926818935034795733896482692307633359871 -0.01350480761687004743796253584558521929975022840058418646008820505951442338923523174656448465561213144926603219902141089156987713467546807545701107956202581483124668514805068807502498809769190166324118875665188950090930100 -0.003363110342800458353119768474192853426968134406957617636513558290528341317642327321266171934884865018831900769040321986460601515634660784510550774545124015315334071681007088229220015041951246246320223807118992979810259725 0.006924222645952749479771214047310964789216006701111357934869434804742729421012765077339501919807150515241890703640721493050925924456324460299179350530659878400520661601744932716188233873518159732270122084108427004533470340 0.0001883532115072587309875017415084403574331029097834149404260353197837203215283469900226360981920069945662434028981352128792837673852239373910389428324139514203414144431367730458574638929447987311477475376818305827232611668 0.002522814698129149535593355230338663487136180481330310478929047005388849439396057554215480484594111828734597865621221868363233661195516942210302106740152515139162851854215151673431276652336821715228664581323263946231336612 0.001516488179780474886702538584058815107396315784512120017135994555774521692413613581434082304779977299546719865323514917033014110563744929677349043372848481523425054024268492771914068255182015230750113768578201142094541821 0.0002991077900365887114227191019830484869521365224435313266957503812992110807551635551755265383203526602701542857839339742371699266438726043292478203352101686959797850580506340802649019532335929330852412266565561944279712041 -0.005622379251615982160395062791859817523500263569442316168059844152405978388091770183027055601605513938792469769626736814771839247906443656753193663443732767048165662110843354810983997690140337838464299727189523935713643829
G 102 0.4774765715323365671192030031737839159895065907832338346384842562353102128922586351405404351224392783766459651392743437331637623544528003080106259504018364688586323711370214878004595851420580729398521829542259707639107187 0.5381326951526794179984984954092707962715507020277770754770706589864192443222868806110400778249163060109506919801445807300618247713688047807887460789856044106031018659077148324073358835260952857196681509941687240716647301 0.2209112738935417978913268059748588329860459800121563220178786713855832956804738599159515200298579545795968895020691493918147011952489895134662345024615832361142145259131703170481467277623267572953898713820853293202903790 0.2320864267997861323086226816673069590658434841984296099186171719478309170316094077886140017196215354380112604100005265890228335816430603628088712636217557199238646165996184984182900633391665612262441230411610938285519821 0.2076808455988198876917812703662993694552756263295579754112787368137255067902467081318110652120783890349685471542467705651698312110305875810169282899345194520871611191626574291931122708232398732363660883360225522686695137 0.1722288599471698106656717821852871378261734063697111798943379386954302144407800914687045075489654922922216546050537640326369603174123435294914605418643071267218752478554560514791774952791682861554176950390929722013199258 -0.07133354307764945721422337221515405947330325678102691517104503031134071132179450486353917461843614224559073200039366842824810884368593897499491403032435303144328184015425040347005056875592322432646123428699137736738452326 0.03451616261436845791015456657178625245426555158731816690986062779525111251596667973497193414480627609320378611440087637671882872984279806128012202761737277480665587045525122022299009715874847385719367948714747706902170452 0.06270852262002151426570883360277165387284835113841329554491495258886571470508045834157066635788096591769221580484978228100301016583209000471845756316751387750065292200867428069329328701509708071786924052516365937254645266 -0.04483208755000480588858615550071863017249415658618770619936881290361067080935611462898646417238235216192114147655087861977631622164956199966296386717857810383452387406278699007558311970916661461427800756556159047536117304 -0.01088962597611885419998078843615369182878289206548934086048575451970194945794955728802393177845631704327022197792085905508385663113462519997039318334647236645577674852864358891203356061741312610598803949937642911485330002 0.002254726604887511174712273664550636653670773633630948887733609679348838047526539236243933672367824310957472975723431491811724183039174463127444005744174007161457609640808348322428826789828364247785000402504925564628463742 0.01713607288330406798679540017390866877852024947236217806993783044733042514322767860100664728521177025300802584581284540066789893704308188490884730447512101385104071620076670539114195942062257950119870433022843995317320290 0.009846036979793729062604723076427666647038046806932662076114132315076803329652264009177251361473467203200791101292082855682082382957553556007454401627224586101757323615467243479401030942043768218801878385055463733241589215 -0.02179322239884270509245766850059560488382091409077414136875023160812836714704711136631833483521969773885764232961400793292414584410359400108590852052305057396082144784581988603889691194265588702990542271697480034927595757 0.002426152076253087266467893558884010263797084042318805079814200823321042900726627643449902470071664082162603995904515346289568189183144506588408362245375785051655967942000667113854986279548471247083398981459658310996523110 0.006636197138351956949489379322442151670773150132809574717096469184563212806095606833180380873184373414981818464419803175098100421322638937733928636982325419127153395242480121468460106965124671484752628311255525905165005868
G 103 0.1540518756027751506904380752417867139513555355882551225282246355503660164203992358703158876100153124485919393622617218140506482331525175011777635719766639799420546124163221526506337850714829658978981614855130157349328868 0.8289618429951134455433802848241661062561423721151351905131819749020032374581850030244058843243140944668822978855896735521192318252003172719442741063446757757203417902309654819744850632062416364251068447594872019287561263 0.5182184361885516114957108949668811533825736743483464759604586543824569933650325504193119798358196399124433590485574618427265249806898141555006032084906774184713512512982982227848731420747484431977056831521716600545782688 -0.1308555155617955580691374992094678168414449548074003493522346074062380895038037885730755388132635937690899952407183848553389854275579730684887969756357312195475519721343301582275903060032868666696434114285254908778899151 0.1158836202968999974731591444587868788628964026298398828257514106660661274013072018414031562175804459535625949526088125603576720248080257682044598972034343149196500905665493871626423470736876359367417169333135841191319654 0.2194471788114181572688523508955124339843902172408846659536338857187098175264935431572604325681586333284893108311296396787036541934228126895928772220151192060978627574575916858784285793015821924628424524221100352793647233 0.03176616943174445437140904273380401374882631462378299778872343538906292761297991097935141747293518964307113850635688321776607583901622775343921634671177284373081797565668297868607429372627833069001739451476959912086445618 -0.03026372334227027153923817312805607051575457199306669817472496359152186184063527976313740860274496692558220739630232255061007018978474883665635303516501951136264905708028116259303389283030523264000144448290490321039928591 0.04617529049918411199500392277559130109693258891393002794058616526713323711729224424887438217273024556279492438311481608781781666656078414857517039323071904449707600137865664057992820708110311428233723000685166833570274834 0.02375457674449007183865602543847243886279647616306959782183796675980650254548771351847820406455866838797953608338455232659652871781950802868857475908199273299136191251002316246046133576359378636519427027056570549588085713 -0.005323813931443646118198182747819554305054566049738593269096894205492320172322775090244100539981103801397440008914420132750319151344270391710719216868909025173839973436339480108016910123484038650222455546818182446694245070 -0.001770861927594032838568443855194995949218818179091391758020722267449089935118177431872876488785203900817452357658214401055585368291504853328652407806153123848506915479691132723555368991787168705390904737092876013355839898 0.006046947434231551568274164484205357586692431395852089231761800814117965982583597167910271496552703790016634971221531761953405447388583771076924045531929075744606229448425698497605868408814235823074172824444775719986201876 0.01308620568850607849977662475518739876176980028225865700874706342010045821811400511444374637229496058052678480581937685383723061302694541708816826126095254612303260024673628578369390515696472386322683514170475941912374146 -0.01037270626851244162207975246850498334020035145733896944947150470261411802058648397063498451463106119756096966654740716635640485036526332804691165656272496302958332509386719470999228842676123330067248053318483004964586960 -0.002666100256185656949213722572966777957799260739852290219258143054559037343450633585870631514146229657392084930260405194279971582052324854891794061516095742600070427526672721157252299635659498248489326907163696055556593302 0.004697431246674543101321819478492376657430662954738206770734714843200890480862229088062806671006934745217320524615401378142117980360459975772215393273298453168111695032374666269937121378646961049260622894276637471169319253
G 104 0.1796924619141200237087621956788193074983330251986412216832693832085923924095707603580868227075293107556441915084498126742138504469731574644823420347761535163935774255172540813651263659286100921966410071506838585187957210 0.2956625035514101979104704299617777376667977056142546426255973834537042885139925204620327385890899948711225207262746156376727906531997925692348156124954198879891155964677851728438806183097663665551132626962636675897019811 0.2045713793425781660258340246347025428975905946520494517682750602575021069231876217333481010867091145571945035123026713408622638365776167406980702489196595033004832998657880891575069519280513413610681796268683509177347478 -0.02779513067975241611585033750268519852494828591653490581709176001981700101199464989584915343584042337145301917528854283094695524199000243423911979082820400886741310398536305578345539790598467349710260955007683360466796689 0.3511103381476933189211045919094638930530061606279326457972563247230075575235831097764247318041748381383205653288572586361590852747774785955535037581154755852690072331110219968462676358239828719833041996971671540842114422 -0.03348806813735928974544752260656648092972408644923217633512854648292380228423747842111677555275855325964381474322321350744987438956215614215671526808162541694540207465556249829987912860377625668456102762449142791871276518 -0.1166969963053482776497795209876703495443871233339735804397925316333863998699241214006188893788239382377118015188424569329919726174319813263175273463780758722216114092809318497570952566945405479678793211133493364180868039 0.2651513903271464638993677551803716345917678276997098296849593544344184445599379849507315137890414102992960042839309683766977338634749246353518606270086144240993527724762291061133488681747021501536824464429585193246287648 0.2612690807512193618334099425736951237772979284552152204418599197690553697116101526754814395724305519050529585592216429015616051730705425858038269355039640848554494653141219516557263864007300419522166580247397987677859870 0.06085918418110646142049605950534777254206229577765447694867582894647166503931993754249097999421705325389256418969771885968381182661430313492389166389713433006336421965433943181031630657531829065336196914113184283598220705 0.03471326126015174981378248052790919000953805461777551444307892332811566159395580603622464393232381608792294013952633719601042024516323838268198077159749588036889628983976030992508473645680585070746783832154282298643497698 -0.01951920021050134467419309879496313363932190007664759268354337220890635625824472739119009264237032425932653186876590631428564376441047460446078845382951653938134733371564898068194178053824560409879558022086634372099060358 -0.06975803570056994128943766320973851111635566662684940256955795099129502532968844734225123671287866587169252540967609691054222822953650460026050860468132008881460143373315386592613909565447277339342033920728286958479268388 0.07546535124387801323168992991269376606657393417640769574759709809337140203619081738165402082833908251216391911779065470090472144157428867697740754057844114378074071859449568395726451790855091722227549906596415502867583848 0.02912493743776243847047151254753074787726637034590518723182627845890506594529373036733996014025014894100600956137978108031904255154965239855252111043957178046090641745583447408476242692513392863285534597797740502302631922 -0.01703976545784498333681119358783256304766390633308455977191467061662472545736996129035567955489147134093656050400417958438834682951252071716954436860751219281940013452425451772234119100370235655111629914715622551008919173 0.0004536025406658452152199876781629023265007597103237045537008020008332687315509482563051863929384121103156061756813618011398389216583344034880397785214192027398022900102901620958585824192087920363948957111919078802667577966
G 105 0.6808945758817334841805848083836182212172862671344188902888400874447145571413724880966484999199618142019193472055370704472132715333927431881897503403540498821082025814494652454950246084892693579943865460194347059126629259 0.7123781935920264076477349547160626117788441935536017305293013892877055006191284851766978864059329323663247445817339100733095411755093161926424631372689185911975846440171348902116722578759325114974722805314975793073542194 -0.02717348411515982604560836179137992224286653859430201206610760017239543993204425644376438104950581227449738539290067271760631832060781161091081077137143238324481790229031791621782974754811410622921907199908849606871481406 0.4096931392481851518644410807599057877431414913869201596109096071500523360698383292431188133979196824912404924641557065936621148298667711450031414688063481671820308371495702134222367441195617994797273950364344695661305301 -0.1656508113029912732595856672151891247230568716078692311781003991659972644084865214510000341000178227732797344099341110455377357081944180085611736640687288862371083055343649739065693886292102171909446779842683821629883075 0.4407911593708472414676460363523048077889277595590178739375938908696644348272705925473093368481597713175955661749343195959232014110205192562610923821701239963417430365749459827871730206855389073035248190839210566773846899 -0.1187362354257001075580757285322447299420417480366664868722387929173422727093263780733369466257071349530176049815960414383377235348799810101594418783393420738308607996678236702710236456351364555411759052655080732726779978 -0.1572852187896740230147382688098655725459898369733251558508644217824151068679958975806355788095889312534980741419221888946783691835142674436915414387233462841447945982854937552871289906078515856856821574672504813901055488 0.1045792836187038981137911969170887267891246821087587755129086309100876283304076597407856973025184351041839011429975842079843815943987933106832411777645488787824186677154442206672037419910990257454503741444489366307158682 0.03922113890655966201077073744192434681506258458843914427881098987571479115362225359577443165350050075118614518530700350057963127061712608097791312519863849269996157536184212242050589196276063451832290891279407101192466604 -0.01132378013060988118142039838912843461532019496988846203859061067751645819255777937997728364920964551386797044740210708767017730190786361106313312863840700669634379947725189445290432790745884033342142349557442052497729175 -0.02568352997293737355433680128184409575738085911905984596687041317054987263802488147682373886845242877480764151147242230279247037201294918320063570595703317138291729789139852523657161727918358485195540310135719004377695204 -0.02108193882439153794938314583969507139635597607605089742585009795455821384605685592490545251711908185358485883360433402580583639465720711914253039781087106664370426883461014167888855789679063507607789102196590441002740188 0.01701691407339014655254855575175883687900201436211626614709086737764975390226459797934531362611392534730756155440402811007033356798142767480530495734337104200423753258229011638079136573263896720640869984300130751661146258 0.006498370758288459114683352837159902689400335389789629429269699199238695776626502331616078049817587649278209100703910696162740139769909687377719905664727474057872481077100842962111140832956662161189524077199351836502718687 0.008430143426072931793159436332768760418454076782010543203540654968027625461092342532999548916563939965600771797104761131743871780928515945477106501370468983515842614813738561144773897325358806772711051437566136648542725603 -0.003705048579116719869128777638716685062041754418471382345951541068042616325031526085790354624175162317365873851857553874657947456154712909658169346159754683438409311212925877527665092549055372841942906103695652138567564414
G 106 -0.05093252534530123120315431139234559456470245933721533712886160092759234618475037202309334499266426182185543053011184622835096158141855793970650799955248713576353475509450770186489236726799756803680390497933152430941284431 0.08452945721241275867772129086471231330924516131195521265478388661430548083652624690243763103698414505077150971528106994568409029378006142268577202233345785633370293997231245756808668775385053602929607032403447347146298178 0.7080421459188444887807105936208182262607882253620840831693539766669272763403631377453471949061784235390275050136138242626294151225999966490297651755951166097435632574241252682913678324652142617315968614592226033798644104 0.1397112577206556213504135365537874665465022216978249722846592118427486459170179079303121760962859784903066846902967557891261767045715094143448782869897002811714604700629294231911509313521844612980721852588787579912384798 0.5158152459554399768316038413877996608933398776936959532980999992538827105997817988141137376350728767882298818726404531195462749808931956119459714827617144475769541346168805439677203827803861247472128784965519793823693569 -0.2082507955119842249716575569436840454225794862363283776190143554742715271292375621640690030867095732004343956895617067714759107172992404423675387169348189578912096537027989155362803533150114697149065749095691046418461821 0.09095904753118163921620526162984691247906462039069202608147352802560658863657650167712717186987413774901125643924888858036981983463740243605012374707180890604146081381163627081409116511506641203006655680794865224437045430 0.3571958799340497675152161819591366566339430746374460575881837464303419934301638634027631551519338230679911037335262354683402899014017574509023121046394002098567317718379542567733329872637236271175754503526827431053798605 0.06717457645343748034172094673489315745989159598420593355925281042793839333446666517956990422268881137395638199647163532188954510288003401376385676139441199757749560364779585931625025245214215166998001765043464645558008710 0.2319371513342446400433792541027587968597061408666304623984771118600054246814505780576976294655704958911954515553762134929970853500885679497497826433897046381273215553028388284412875156835790946386895388873408610357341280 0.1388985762690250022134347767622091821738165851130105955964125157639606678411193452530900351137457420771966766376724558717627885431000615749777742716120207419129924700982485545937329950498519538923160339210230358135344866 -0.03752489767465204249581721187421848946381470118036678860052887640527949277407176543199573466425809552178144800753233758078488851466512573960105548878366218883051644313804930942378426368798488594554264398234341695473935766 -0.1272150014984824470581404970452643808105284985117901643515717256851656337027118839185109081259455092854119894749601904322871546017294553136896023907224658494086476386638182672162929838236241339277944067652452075936615889 0.02355249075109922478858977275642545059726628760034071682816539595720523061905237614798427840920737307598710439990219925896906043678893219184100871321828154278472753267868077192836561896467138486904000487379604430356633277 -0.01605127204617787512637119673927621081455485180996243121290640304077780595631874670402187039634960414376255144972176285933706464925177846746613278935732797679204787231411337332011566959288257211206321354094913230138062480 -0.02336896548403942992911250722416062133284026180037970296233777245378236401154300551993987191470956323908321213739921360641876870914044383047779983238632374490469663994206806831403053251968584593890176664729094437415074025 0.01625110104122625630346354043438704335873995050052065324757158025460056806669645597427045636357255844536443373766476217345624374019903054405636706571918377101405438727496564976553738471827635496508489460565977881376080686
G 107 0.01729878060251110445321498607314745492186788909834805187549194403585746060332175860113235673442446499753365808543185854577590561567377100034530958878307318278851147405979657932670101882501367257985474203375379616497083205 0.2680673867590622769399768797868438692184414824982516683858472467412201658741838115584133132715111600690918833359199261340961797368846174191414479544410883080498630266338188626593363658583874632808417826795734390268713647 0.6498363097917223554121833329486685563867064720133687311308135984851055269177070054251315154243193584386040701081776724677861812689062905237925226739494662541117518376984917299395934467416177998855974274264623099446157183 -0.08442335881223595247263391969413938122152469926720319363612865649100659805455470580377407986844282474273964935221476001885243185502491479944062379034841887063479452024747573061709420389175710333250679232217911166161661578 0.3173816961187309805840734888382642101201149226626889929645792264309075093164972487877566034324835553735838933406923088849440140629959026327558806394442009042108808925971089872997291596849838199162362645261424280574531576 -0.1989958884689994387288753818537058240649367427394618237945407764506729467858730128869894476718670908177314965646085828799297542198558278420646241447794789734226657784010376048304615229535163697651575452131682370666599471 0.05894307421060511292327995491643298235331042912872206354207897218939315992918620586052547777825409773880310823938130381221516810805961364172722944354198766675611920227540374668671609218770016923824614322475592017791056856 0.2982526883978079852860589072281217857376708523763959065092401117425470094288353652251911618612322917353420175846724361735586567627120542312414434666367744651909840614216228841521633646287420196495639584531485351507812401 0.03426152003748155869297021482350775653283343469884306750787920351219678411180950334482419645560476003027465654666412518089209993754977086729220860295556467356521530054961339878060372135391673835473657523208012871563264285 0.2141996197796790406635852112800515508128725126378450268845460311834455168081065683101118224855773032062319203518477007024517764233231415816817596195428542638817271125142899853207726509490611493687545819347724604976554186 0.006236147570283962499420862130759509176906826828810404117222507086767467904390456409210400456788222555100097674504751279222894502075890953206691709728364142090300014049780744620960753132862751377509081400371776981679232107 -0.05516541455866315116825437351293298153131968173447402700668889410893335010381720980749297868262482664951345949748266767294529309410589857231609370047476653695504620284483127897709826623372023869147399401085843919023891255 -0.06894288973523381811592802787897210230568521109606175050928566863582935870909248493897607948203946183331860061470693031113420641065505705511499233577368752472522358391231291627252877160161461957472303129523790222062459299 0.06272326477069824384662443593608721706373178298511106410878925531536897093841365648100727047812320179204197460290571108195278090913294232700758817847410250256238027338626017638271274363478386841821736345225580637993765369 0.004460645495578814251220586245453512398255801536913015580126203454178651952223197191041293812894089627259725253769372129359922789742844281456095086617551521646339816443187092854235237891068296181295934154467813379059795608 -0.003305570727785028820589321349850515876488376552415596214505817307523097619408255922989880418411641012246195160014976510706289630177097069710831893678902730247685196823137686288114495849658713150993576029441251142810694029 -0.001514349336274132584683145204818889587160717044396481463027161275014622571902770479304757433294403849458169257041448965197722598570123999877939853377097628745059034414392227520287926144704540330045210702890144134668343006
G 108 0.3909475067883270213718185485143195955677792238353080057982013399396351173177469173726656404903101903477755489996194459219833915959777954829154159434614330171630585925714659915490320890227146347034082213158568772210171083 0.2153923245851211220685416513601099688835013984458035870305520039385711439498797404319002125498644813908847186282328894125218495574857173465755616958057197863019211780960135316908695806811432290136794328297945191833919467 0.06694925681424417730709446803779728087950560706255176397992002203056171376898017179190551946280030012100106967110318778754792437475310088368424324943314792949417518633981044499268107947629346649189513210868658128544346315 0.5411915930527485766807803806601294322599230816529563763427457996329868132733855193438668043336556422648434917525680201294044080678859268219512160429696595539552918702041032040057797868602072814878222809040514695408197911 0.5212633906831830644677805185072901484365852585438602106881870936759837970381406735683270181156465358549880598787910955986860279786673900042567767048796118488535100791951143618272880416056715981150041809337596618270463245 0.5950265069257048564165211990027040779085324633972405589401591914845750804693491843419671340902103702856806443310950650320248751739225904774178227835256853740286471150404909104809217454441709767935116617679119116291631975 0.5042153417476982627285541102835944884532556398703952186306114289328258204401685677345501697373181091336428337960095817932821940330560855188225198549787247251146117623011565360210724238235699243097884767497489386771263827 0.004874490868491673134426130360914775567415019013945601460939918099011740354620891297515830538038895325571325474437653762953447154187764335636249133215861871295819389093817892749884488141552863041575558486274893891541145432 -0.5038605412661518891535655848754538895304236707122615269274413734974653552961536043954541211189735225474933535028447335753982964537897364861023206362882021240950296733966467153053450464408494569994326859293640456856415710 0.6758495695951221489960376149466755212830151707890319418821851680862426510432927638162367074290758655842154575888476599473882642235513752398504427231086901642856849853553375958476715281215828717129764824118318313159799246 -0.6447795589169467224651778991379809356431109179661170904691489984889591151624224546324666438952931411992360779639109389330101437564033112642028917307455418394432729346333488227803478120330295173653689645704665077312334342 0.5869542447909917808912106732266233087410347095895330530629098303797027952353228470135322352002081556746330185837269592691000520787761596386889693885280392280631793352648821175966783893604063048640869691713132542136613296 -0.4353436660827812102377622596849737854036226514385871062072209948160576499986243872181961735761040857845734255069790582226426653056822048447141137593103692238473421645419236138863847191896969185315587849194574799436067875 0.2574247158260726132315960057646117465143879684478546285977090478438549529841578965800116207925680463203629493893784069337225956709416755360687345727267001685978960017353022100709610874746898024850190325220027531428151424 -0.08100187449164660897315206818817628393363048180423842308398376510422011818634832944645703685152872988899415630549621345942298819539183317561685179510590006572508297979865023752762874105199189558585550288228424490855434580 -0.01572792784846150001440210074674192551846062358663526004374714677783771330441449270694121336556760686359628027497874103227730661893680994673272327969556271944549993578508580716328075359309423790664529473716708771881352084 0.02194111858820970344126167138951120020414099096937087003662516939162257696322133562837030698313843910479340038267912780130762685090731685356973968370334878370544507106461928508389655435602974051633126254446825047683337204
G 109 0.07328420527811676966098618061256278138006335630226299575672529714868221680889988189982178735393552067410278975391638835052595471501108653280273516002238504981182300323369628484794370347917584580370147290346133316005543280 0.2547408456921771413291808586072419890235155570901295066724112747902148077967893908226890362211659329774016439708918730892334738133703936730827707998560399439362385455129078773129904746675981280607367382858714563618813395 -0.03610116089692262916513842113424431740814320634072216230873727014016092414657167319626764048058504974771636216666407754168890819324402825255734752861082492567299028824147053603756537903647185561297522757103558132494643804 0.3640022875790466807483557751677931896895131507842874469495719533822918815490686527856583129559375990415077966906494322051249862892314365150423384777095467745976119614610695521095456411811333019813942743214972378139244602 0.1625648924465923042573042687748431484743592606586877865249325833655123021050762232516943860472816178192791933899464280567333275567935714430125968327321344238957657164808009006418059081051720667971806202055656062206483401 0.5907021861094975984799342730960595650696445846330047103604590399233589965475849510772007125543139017383779296412950623822640763590203926722533220704344651498065476292521166780115928764488032703497588154385223168543580162 0.1321303908134372118883258841256534289962692743508383810994612510581812970246661297602135998418750939432140554953166813931687963872124351926735200786392917303220203367163011867328334908869987113590547817764054792420040426 0.3048945983663578041100768363386257696075215633301417573959439709002887166256439012330358491597620692688812744632109933747413614781769206957422621196596493048275346212151270131601655842419854830528438240402329125884941028 0.1812923560105059569908741364764591577693910178723966230870131890107604425076342461540982713493964310869027977281427496246221403203643052179306254606117774846653490729034318424103975573241565638043606042873064580147477031 0.06341821766555374702493503924372197187111590801397191408551821442661199760323003991490218252534853105422413030214033505977106030105281725947967722308507938020177850217401385122228601584212931535843965357152312278087338275 -0.01409406847052480369240538673645061505874007678776238205023188699460934252944875455980177127294677974713305959245296755131934104814145659204150027086114291388284425525105881496093083433857690115432540671927509673015533621 0.3656159258983597945718993770836779858171875349956176422172705882105566056551688298087160195826134799700795217355429101879662616330552193636369275488512473379057517242188276367477270434017392637793735974280515415424828354 0.2075073280074780811599596200805125648264422161607896076411378713713640688086156259642542043744985039533062451866644094553428615279631271108408141143766825657275788360117278265541922330892259038709966403417288104859847589 0.03692487108644571961620673403246602882084058274285466055995459213415341738067200958844580816706752331581043828711735132230734832432023093347709049915528967945358827425380580495207802936592528289930010130213307651031252848 0.04360542570198748659189943279015378906695211807627419049497758659156811432655994280917409516084552215271565642187518701800409914708459056925117748364406491658080600326730171320311713563038517585278439964750388472005902412 0.08430106089580935307052609847730249231383457186872757685934023659157038631099801014105118576060787323192980121871777003000433168002531652947881287818002742069181357173916925819231513655998474298896068408039537110545399284 -0.008202311103831054313595562952530962406144347578910363808013366027051178713814091660673789091622334020489933326774425050695980312594895179134563729863780893547027212904276026787770494491029315595622858767020423538519480098
G 110 0.1628435243083910210083309155898389320792191738084340277286128112158571530863899477980277842656109613466033204004111637464550526723060183816872549862501697442941743407882984550890817652489263604946948772197331784159749137 0.03415790434746605109742072527032128701663770480929602251712631945694364466527279809660035461239877660869940543067292129931525713188654127958234061011891266759871488291279668315401303608694976774078922122781425981476865177 -0.1457141010034055665309229913161447529419907299468528993642334962736980275626786187123738031376149072293226014546096468128332357150821611410380751782782301183694514956165134984434895249163751178694320062714101481920240997 0.4194954531531237252004104022243287034050229358531999323456232525459094372205168909640881795536166854733746812739334738052136754920122478412567442678449155462468102842076260896712830323278714222355749478609169426051969507 -0.008409222511031795048485404736356723999596918252020292886383456042220846525345452103801880554328595852893642522594167432633301243570130155991443002875510712648981621134544965088178606578268549388698585274800002108405492347 0.5045737875825203741329006620459117200594335515692852713202830562463030375193873902523447472369115389634625191545756421794258308210477576389720009363132745029612795019258680175328290163531007138702491534773120648074659765 0.1498176267093342120493392070297549835130546519184759574887402163510508455003617259078533316453026781517367593887226794726215717557786081769565673489359298303970475306114984795677563359125005906182605201651634258698498207 0.6084638771253363252013807620606293746210017695016834054610031652432993066731872186500273985102178759533504089734127730221447241217824666480938745088119823119006985111260716745690841169510775912042699944059583320970487554 0.3596692532182677836841514690602499936311764577135776230972533760563219231892234645838674222141751747189819802209043718839417299668611456715900814730237568633162926848931718169101678277590760732268804691914082978231503152 0.1438189576054917922223916178461177511135841460924884750113461653276542269410662905056373344077877124281375935227371366507205822161662725584623865009532660024158885079567836120647684643940294559553966614191405929347666833 0.1152864554075184969741103449480481930720796035791159715116408304367534471615837663235553992636532129622285724975045277620090137377995195458503309761406638825686316831447259627925914224406058821573591323597771154410840162 0.2691130463175724883113656384417099182825313157687867015544686522513745115686581916866101783056142698766285387954264293088948716472685656747953384427278548711319231239918000924258377544782135388058218289783314662765425297 0.09020732492791924492352372221418884317215748329685027274785532759388099715658780663556456307366322572887384296635391601492766470850374278384602796565150543525557126647313477663635918470317270416057365897970297402403710057 -0.1458776273630644381266898136080964359105162804244759890153956671551226474962809423121970234842758816396816611737026804279385033967792229541909965308769498623635022028896749764299434988189210840032754492147596619312536761 -0.05394486087252040771675860293724982827668758038535299855845904650866000805646240300513077148195108328636758972820831952056391597041339834814558235729653594378606788286395240677631988096501527006074800515041645740656549671 0.01650732328895761805193634940310916663672722321896909639856184885297176757555371872286656649113252263189369768427646764318729944743421952606456412620237520999147936372106232223334091090318329850350911089495985450614628122 -0.01537977409643372773436313991582849751696523212591530727278054307710711422224212516628586713389113114261875968498794972044666446359082372122483866080430742322990084555794817577246333288474733750569180598204528690404988045
G 111 -0.1905724214938290996958202520056520423566596560413485019893943971548601321484781102498794861029066147333301004191226329455978183249835508469414652885441137414262562088095604918849109038398966696301525005003227288893155605 0.1590603874041773824656736568586053773200533550673765882932560923703562704485230232543527706875351217176988071710202458833440063633418315903167994595385389662795485322901957809502592313498740425713477221152148742501397040 0.3865106083475063915828565336836928929447688522031366051697979969557878198032905444421888092793240217786356937579946436049989200514952040363548000957564995800636783956548925330340383489469425545958788897589387826809384486 0.6500732619318031344649855026795531587199563720053090883484120708452194101179295057052879901365477748878642667287654231228475687647026391219681815769992644798680694050550056585113264471886049513027140650773689967641731758 -0.2989159739319120860010085484822190796918123849460075738042795748199955003388173541831979096966652769061573705310063480767506377770057346531575958211073376930193720503854471942518508216846115347615632295353365019428174971 0.6694584034779064543784310499312637399511358557302792301961862069383310976736910186114124932560535125560941053398254552487719617246745669680949586672554887291872733312230312325770391043606824764736423028443599573992025696 0.4475045091014789081388305608785804096848119055979958901260651781560880627788587239523100694770107219164923555642336053341998902217716463957965813131279579029961939907877831547623938933960806814643974376534012513790003055 0.6463341461362348578770050278231526943617225605609645368863848451959101483332607216979234379986179945568290795466988947795638319816982178923139191754737458970493752117302857141012882918093472759349229386378987706930385750 0.3489167166533037080479128392165847384368476126471963475486093923883823739834854915826661182953503176021764603103162000446360879164126977859284319191330614662400086010190765476222326247046806789065628180327758784579642827 0.2216582335814572757082914956355618502887102014394276952024908681555970072012856595698862666313089350581804324239354808355261413375670691235489893779698873831495117395794719062384269829385996651130369858695946521350341597 -0.4918934793482114975560348668017165785124956508866100414532265048101843333601915623299031363312237992675803352777327033884218440408451837136519778492514020634780756560375268895874140146379430255307202658346769968842959037 0.2435574875273268557344302181676637653220946084379309672384406951610747395366622867381851847032862691302628503255539124064342509069588078086945522798978797807925251483715425035938156403859800397172784422187850403317271868 0.06192649075364457197112382426395689551970306935591517968566674929301982303685277389768848372446755902338768892633088555143595431209719473898487045446426558442478944698876438939479560392964723721436762898661928944517161839 -0.2347489966255049335225824833759976384226998408241741973749619077187969768927754583016265407733919458053316433552884246991714767155785695443272397467695345188031890662215297333366746562236628391276505209996765921949338579 0.1222546953279406391199033387548073195374634902303515773231957566590347674128125792332207431518600287075179938040457391785376585817184885690110174801986375465596729071523804263372919601656208128973165495348447178220766894 0.007441866771530220658563847737622207099597454116438064609524396429716599515041304335913690183403747366192212944322288307044515680003596496761622937686043326942889757654530577995644407107317784986408321059765061529258745617 -0.009159025247080271604586394316543066917791632737840765105006256543619209937625986830990246472355896399311219359661532263766011989946127608237916163041539896593442667241340879713165677993228506059031485449583534133993282774
G 112 0.7708664011522496437612966571171517251330660294901152610073936419327015471821453117737385201837717429981146439241229759069802961569190563344515548800317314177878837671893296712028139212594544040410270954248315479792240313 0.7860600354776599108368119280163327561083789048891332922220012153803497682355700055809192228159812640514542345891867605042505155644291391679714469175054959801434163431545053247330150479795384881367156315226766433597152752 0.009647801218329502213625558065999253538635509162002187298706300467329086691617720115816148968500085620457616811654135986744999193108021441387438223796287576403025250824334439951270623793314569393545355734398709067713547700 0.6686297138662758484723182403057793403490783366491917891370435245338178742943354305681720567484191881288582645939745097553687065489681218815063282530243661488837588693299875147172516533912002582051018638847911649335084153 -0.3321322133590500319981574992477136945906090205400171208685524701775963729008709444365378005846281450347309037967714234519620756102551446251208470180227814851602294537922812380907783231499490965793713615060520779499344657 0.1875230225818628285285900116089862888621529395913071951114312672796312147923534150594331452087757603004849877166740886629754472565846884982146389344327210060897941346183263640829885193409327975090613702198617635975498468 0.002811999641677144205597433129465889656487555354303070114179647123446405679318570504071963089769574123573886119399150339506953947365356395864911590030215885368489913736080019185077984040477799419392865471273476088456302335 0.04411907944110227557538826621342833958341760205261758765362945761921153191568587335754887713655361266862057543570906824729013826513034458873966001920221002451299272668826221887034605819923568294587189045555147063689175426 -0.1686123465200171451311904067167980872670669740392756911021172577552670793686187512729602864965624801344273935542635038798455683297950061907561510237177402353160376349947150834429043392696033094721743999365089408099230081 0.1891563756459132855617207717315985837056722876200590985463273476500589149454316141551387337726513413445285752795105224800569877287247874542903671617088596451215050673268947704455902956031164829896437519256312644836507867 -0.06692501189289670744297298547996208762788821511682300901337060975511501884016515008198486515047406656632469629666717261353521262103350022742662666925807884861006852360258244775257784092610282335860877044315054884986024591 0.09511435732461976865729924269989108327243189700332107240212188916493997764672426702999845824938830742460884913609297340041754425577479946342667574975830357900080060685399549212268775289849874293218775494821167065000074910 0.07338319513002444575754925506006139486015141432636829353337167626721877792614087951695324830132952828366174534256630329672499754272815123936869307460792651308597742552459089479280820616176166921574454150732069344600974468 -0.1297169303966944309707791804240492803568735950055964837194191951207678032346981715562314768474603213807988560339189084034469012899634033351024048049443758145397400672762697934997007680724330434335395807564725805869301098 -0.01924160288854039335256814238886027989230717679418851301529023610496393942202736441165332455110429843309019536887244743515730564469354057607117837984729193170320185742550742478893346702305600774142754960009321252597383819 0.07562615663675234266014205035065208779724887109725448700948667529792137231754130064170941627958479291201799374341993732751463486261366091843347959215279332365737392432894793111414602594821608310509690014980455951653392746 0.02568700798557862431647352852423773495387039441548697429934416468369082016039652249006506942344413686553682122160864765280843841702723127962916951293693780409975304555275594402780725577561713590534696870773644458712476520
G 113 0.5884966164355139999377513146689761925207302466400716355219034504454130969483757481259707931988146904470148893911463446293031687755765440527466684643858673966297301851685602252219145086662617119733925962004791259211222148 1.033373111716820769765949502668942923032678567537143040146444297711675666955797555669647163240341681731091219739500315832670065236344901317477041702704330823801235993171382366941015073271520796355889320908900603977749172 0.5052758426665320697567706500623886613220867069081870437178267711346160716768593301907757218880791073862375255623602961319073266270774191461309694270337468855206560584362460148233139613453333830902701540131910948349650497 -0.3138940092567262499666894015203933581544425436811056141602717432212062668350809896745477668310096672106672661476533951334092992782661400993904367315562172398927650902352033509718004850224872610693170235010040302185744924 -0.08399854016726659289192109396248283636441415024603259029609095738997247378651228670995864051923922687362462996031972629567496993456016938835055240884275671898119904283381810099939331738411423210441620582025266316613243709 -0.06500125898752248398026699106362354689585814777159630849349541364979609490802189449715198421321477616871365092679755663937472969338155712842647807803417508171781236008673760843138728371793651340298471270670918355396876596 -0.1434216830422389847266416985971919277123091660259388072090075092992328489359606820596460127170282390221657320887295574019665210379481798688029054814163146396753708758246527466892039362831467852899539687477611484857283398 -0.1137535069582054686640883522918813455765792679480133314141970192307845565450220125141419438242393325140123528188151115970721378381457320748409295249051402061080962951606744894982239044173159161540902974136060092350382688 -0.03925628507874063947525645129450884639856251665805892100752625469793509449913685292097203573600223657729195172124064393535530743640546311519544121312572094961605534950743160627243399982416045642725707983278725414757226468 0.05388339453314402088120849639879916942438625373915100062190347321324532387611887319408347506362913169723546665064649054537042734910515749173301810385254212454033521480379194213345243337871867215842090867187061646587295537 -0.02346541155103701450824972640736241812010443443002359823686816420352475978250344683194205808350123480187059226014275474953531450803047176155022885383384524384505805494694755287763507693643875313885099248112015449302865669 0.02279213075801121653571980729921824185154012649595833275253268391690925683450477717447018586973226781524255156599031092466546770572096184289223176219514434335391659828045392928201029934747514962254653236885249298215164491 0.04733672126200134163949631709288104538326498532843466528560105634877252050322799553615993941596774249273778490969426311586034034732986986086611087096948936384480127396120314277839024353147561271504330654038251289536413710 0.02635072254430656994896697396685211233118701904598872931286870785446761247336879132252737010541882011873475955818402449055082365501969618870475176333754620911640279505144633330869572903631883833228469917099099349143285736 0.01192117567029746306129948293599079229822695262117995643402323540575849491597793376749268641580570846391979977255727478233592739060493118274891578204500739051987470337548128903793652821087146091055355511593230405006986236 0.003786362183932667123423573372739191671762948842207355916546818475842843142235980938183254602108943656824634448885901317668233094539049506252662660563693179689342589910392590724866715397815522569969764028965477789773090625 0.0004447540749687696083662147364683142015853921694401784358424997902607761924435403906882924700289999305314675516186440527686454562479574649780301870961494192702520339115311486465139494949933488638694657282967743905946680895
G 114 0.2034024065273104166850225729447374201173862449902408248937870333553032386827959510224635217096169084165825716570347419973003512200811512736772748357829539701072020734267364322971869411658300844654211805735108975138221078 0.4171205498626237861725242197314812019816702096600100167490626359782355335896082088975424757964663801009545669855940249196040715342713651883553878186591152745535332776353833074260192198162072012483457615429625235310342865 0.2368240629035002380089486142373634497705205779590843803574797410339577384652819045852013107909114544625027990165044807150999337097744531934005579747742258795550094995167699977139732367190619357820604427377318184772597874 0.6001214355452200944559195137568644659813837353356806377121691724584389535450106034965535653280910259202425197950449483706457425308173826705381691661093372400773249052381313048648911747247305372529523187619695640253362298 -0.04898841629275829452626301208978603713741489798855346175092194771590017803634456958729594895472285223838470163064385424157719560591955208275108813067705876189199835147366911788928073276165519224062347600834683687671755750 0.2873506976292017245427171966026422914302174046739269733259769172833291833453565145138544843111529811110043501407840169014901396997000948688721768707524434487615541823814248360523967689058691346649115876263779501068291569 0.08520241672798850863728551169573272989861095327917977470141187857604518322320227226396700657511178653519702575330706326785450164551285856032855555521858030082766717206523439795272190602729865295336404402374400462903772991 -0.05999854247735289902657957426063686854404143691875045430036172115737275210771498286980755443831771288446046080661672387315715781513336948093836059225550565055929797114768678225554593696795553372144274369621331657984644422 -0.02531139550959598169172803312210828056026914220142163405274958266811367442267417098391150705298465933555847523745991909480753035019254503002356274552943842398037698621084369515025369260816299151532426549874052807560156745 0.1821893792043537027265275399826459710540826131029363673085150981836534379740493403829554674734629273969443306357051319973145613412291529255775824634597582958412261519348181109970663697095077862029944768015919266227912028 0.1863471603382415453043744161820109824925451523384488842984232907878752200663320106185566847582150260238354421954707035024076145770964276695737069630693613263913153592444773724953595958986979524174423889202519236045229308 0.1229574867256245138569581480125935644746059159604602390699110582625403923314077182326507907016450980531760307924477906215333188580861993133214006388706559064963887227821050250444515376778291934090074647329689218414940554 0.2979634472230844239877836188498085161030171958802849029165026574317784645227756702160928470735092264968088286018212244666235650942489826051447827550499412611231815876588583283640345936204879809228896687260803981155486349 0.08131048185584487764057715984805716562742448923928161581416023657678496593672946605167458713402578369200024181681493036553657050840101863785795702901113615478379323717401029941357964084146855221697149048054365657764468786 0.05096038140250397289643228702117674953822365775368897059196042481056492890139402857290584003672595092236401422168194547108859232617789275429332695444538124875315877126814753558813911180893583715314506083153372467741149494 -0.02799540657720187039248729219461397715993647565064688663977649421297827561466143587674449815505673241372143852646162108733499290369275482318926476870489926097950637159757445900687848303274534965344711523592238223069563074 -0.004547931375832807125322705115044086359029613759121031466060377636631813002411942083299754958262682980906260843234156242128379285200031167929856251663103439224894630062691653926779110307480016474664465632094038846570006581
G 115 0.1013909642687488734144790987416935909355960852179925512510896123012638713008768171948034355858215143053438733900153799480146717806708810282813740680313287382932269122058295680438834245573893651910347145974161212743781045 0.3762364186119399069645133903885277503021190823534087914048836466643416297438478294737631797510201274178184212807628621598002196081548362898109813228398251975169805900369496469337268646142259759865089930233298376930456702 0.2470117166472269126598747263496652822292482325338478990561321642022351214647354802761806880517410916839163579258040493040323863427765048876847753302885389410647675793795043022792435371344461572180829066276318985621999570 0.5917546138390395064904092213694719477398009719541578137053036340400230333676094974154943040107507367490023089978594665140695923327994737720631029202492485878738085763878005205309678682590305355570748271692005712887002719 -0.004186304957617483118966489080132479296140571895314483752023099431710203039135746785777875598348493254272499240265052069042133337095774310470740149810382051455150804310261066736684527731764715894206930804075793447626631961 0.2755444709367223825794946028213883595057836130391483646829502048774169554943432671386594187363207311330925730820449588083656683142871782665030215355506421710030133108375862646316945904478489670568342867955855889668735979 0.3146444446640020982032467255291700795677975357608875156962674907716216820503238345975347374363753623032052928816522718655847229603782705156853662508688932139473825780819761574484600579163713698551945874419855633105268886 0.07116298601964287227994291694923625227066357803880884317425876155108710855716072985274816956831901839413082510577978239117404648807222324239628615383949955132724826411177852901566743920733874506733854598384284625429582186 -0.04703135487477833745972197266376097419437340185184391827757546442881968521317683660165474851772033235652448697011057444889785208932182073731808523441954855046876866731946934764230432852822065976589867990773843930385510636 0.03706215459653554515336375784356882957043580283671737128015496056566953445552946840548280734029144421217894910763011326480217642549265367242498459751211656133485395631092420481324057459803718373694586614719289084120006560 0.1644799912458934985488633764298027612202364681757996063491402549691728022894455965977194220929451226433816589640384526366060133251380842319312594555192829325745908091987334376644450131042730316793695788448217037856072666 0.2086182178912289028190792650994366735030977949246262060425847725803150575958620300761115477568287751322792336235521226153648610533296670118277428313999109874701742533765430694915894774124089746253886254374932590245291436 0.1550987203692222392228016333676648606178546583603795945596584900631943513180784156898278804164305797936649717706706573341097714412465790440433232025877525371657946814450421821312941544638696639073247747300399096445431539 -0.02104586779365529271338280554771599313223247631566413629094349272649747447738614578658491118993944578980602019577845104210118961224285784434760819782431591289537590774510111946432472878774231334855719125067854783863521510 0.06201617318186704099909402134425654717004765699583829331652285222997709038987588602644570996228151445078297403998435396090129803677394713998779867123496401066829630208523284839147038456802930613358771299682839953891229684 0.07186450717429599778082222199024455593202582585821002114746959005862028394948584165057287960526015959101027350577977530696573513075653608487101623636197683403030508462504525071144238156053940209632045621719128328789143447 0.05516430916515641041044593115178935080772444223789530031528708121995162682677050102976715382950806203420527337442430050502788289891146345943003658655355382597244760487101035933715478774321493497865181507481435519824732491
G 116 -0.3512395518192396238449939363531682102603040644156005496520255663184225307065300191225939242920584219015428795167803420084361587955058222926093615999319903487856261003129232695267897921319952907121695977701086849397391392 0.8660636732074753370449767608532562420794792041158413996680746044846481959174989861378624994202469610048004243670393141584699312042856909738350564260437235544942079054285459717439939967181245983183509181069469754568270524 0.8839645244483953159633217695617606442126081358900764105425676621902290464000644594055476131191637229531339635800460748660113986760927350775021893955820889925108159644211661501014868913027279724759995712305994787964734244 0.6013775359425324410530862051532963858783534402947875882393039087724757956094830580763033404423520489721547001577534183057089368816682166875820966293454617116289749426060705854136971272825964626822025797600859558283964718 -0.2021264276389496785601765890035561376549369818838688384921627822574229480656086730045680477579663832952391068633170360864976997485893674989376727768791399095632535686207802320222277544067643605120430000760218491527928884 -0.2316828204620677887457083572402747259424564306805729360351030683623864844379430123896684075713089728034875655023939047756441700567563065624517041338659212361610307330834203326696373500429880729523962879041170673036724747 0.2584830406669402610629926704697545436054444966324893657732959752338488406946589799169846247125014068945074808009127776797566561065185746355188430564210897413092501750183692694277996601919350791347300432556144077957909602 -0.1223834163985610515984427785198169319940135678921232948259553277407249276203517245357349202317952771776713467801572747335259239504116773406446931505248634982302037779986205393100377947589301772121295344953092368059862417 0.1680829322616963989310590921005563584863669274609391695539663693755406904844209965750303491433576185847227072022172218465771911898069709344162944078029546107448388466531076328457707925662323031452473355486596361670881410 -0.06580509854624497865888274159212823407118112890898736484175307889451118125975354560848329222591640144239852902843742602728337197809777257354932055027066857450862462977084794976637824574908615118549845569974826117250738435 -0.08755326726561082940118293209491933112274427430252903188053471243897415492273311598357157225375855243580287254353322405747083876308696643376108661979002143615823107238888712055728765175601412236448398705493026494169126774 -0.05107802787280689730212538212371931466644757808241848504228474784481246642600132565745879478566602127694908019788705078779608448153814312770521635881002693200475558194511248574563703851549171087104036438407834181580537711 -0.03190639555791612353718587059674989680349988744657031974565710155095971555226683228431959274820919548004507586150524229289282620727556612318058409768652328665288441460351304091072589355043280071587260756143277526807485897 -0.01912809420553591356603126347164046526402848728981622627809382924904988403300814024721750475941407230265334003963550628891477623683485346268117662384917975157689141338732680052925280404451012390147036686127302912313752253 -0.003185399898386418611542977130516029499140934678372771940517902096713412209824650233845127436125403254525154299844479488769646537649092155482033236194267611719672919026753726009635244387291390658768518462698676293918632247 0.003944457508587658114937987208232117943959916403677754991788433130732435801880309112407972174912457778141867828473669038249340762742942817084094065332355810385853127988916814560409679206294617170411584069853304423829687216 0.002032790515343752054329928979337778457224982221628987318448843303398271016467303855990123766680029935709113072993797319080933246341424524355915967408816351498770085110307760773083553109348068233067108785697274836058216873
G 117 0.08667577444902443599239410995538879505920947204557706037234724576737425415287902908618952513546370477305309837371889166640635647768864509393273349429641012568806745386416874487397342750640066357577048111347554444747910668 -0.4548027877886127644979068739795910387254793781025903967351510339583621759378001418416482698980564652409918356026736537920865642299310652864721455759145373320011299764848361379198987687137471930658182637218155630550633524 0.6170120010124021182355763736221413730026135418153138586085656094888492839159960593406606680619679779106712838264182879397339342450843672633432107061724067324168102704781566421957490490568899923373909126189706045991683422 0.6050019418152833696740631204743014473688156011278294881588531100146172347676160697309479271733890812129517648369186358451113439432593418632377398462014933180902560242602058798175134298319327780858006547566248824982354492 -0.1291547726359041646461214489421386307687188618197111629192455186807732954469206749217622124199777855096353499367994620035371564300331964369694592850927399896843907511538445853140130518674892163566575312107199538859492266 0.2081384046393759522389175160245964316590888980774870011926043702349356305503518611007449447376715628122021654190246809378340608310402687724230474555007824557207675046520376069305233231163752105406452121748937324454225419 -0.03985836002612046924055970695907302107236395500368559972963235703129287286031431719145062215302068312655109904262401670332839394585370050190203275791412330298435156195581548740958377711622582873361155506616575199467548720 0.1939285848282737973877515882558809297721994718129654601790869321347314955381181483312516294279451992630246622004407457841822778699950021224478401426994378412481920736529707867360347533987103563090991188657830494047746805 0.04276620172550475055520090130808875632062493468924332489073283444112612710937974669518087785424082877148307133629476756518570407965665470903876065221344123487049405669516849249584371095753278376241856780715694579224367765 -0.1491429978517038683747558044873198276447655935484466685025456462632763864225864958454269144333641917198912734170911348690571982868820525381373530798567675742514108375448289378304616739657018102217649761030846482397986662 0.1630215206520159254867169198355575689547553931284247939968041081822232390060884520278086977293822645536664378885761018638095776490630663826158851186350588862448322132287777096036150208441168337786514094167774137454890427 -0.1284066419831352080348290113108266973517809510173593318226880781887179317257350542048712299455805673240665817456666318978946524061079822585050468358780663744603085510581614429703720671460297195061679838025866421225886149 0.07095078952764253685336436239791674790649088424021670945946099034083837340836639829420866462821635195016825010053676046986531926982055708518907560616283079975415578030236725332980190828543490335655300653408955693782102841 0.02682753640605547975048270545712110866760390399146523600197121565762820321251715778778162040704004609144887899364531861265137514026356718236024024341219763750937128768704534827399899404075258458494199927204934009544554536 -0.008225065448396481308094523972543504137046721526810862520935205975508660616755106956444014917529085381615574058544523670252638515042704630476008559939952484306567274627047116084428829632153921961467545471037300003085657496 -0.003884449277576602991993482467458155077532040199517845511656719043145434539995788539780429403644341529351408237549391287291410600102762948018438276884282490001717009935238204539984621360518235646685614271166434775454389789 -0.0006005800207227784915368775256310648544132470782244960604776563694600397363654312078289648436893364756567123476119671428215488201499569603004524213204767854247986728609596008951132638266938363845498025516290402922144557679
G 118 0.4510443483969063510784453801861057578121061682131389340103082272902677537228195836596035663066023372863886296084861300907794377100891894059106307988911411868819815556022798129019244364622931094909705266801694362614024001 0.8966987631985691506122876126670010212613062207815789945147269437851191588065581131235673786733745381305528341120693876725104662802388813427124132556855690849306727513250606398906138904535872938854047251276256509104251620 0.7759242150382896084159381964360325420816516816644544216845785412020810084024560154397310902534631035414025747589108313919066054789034446874418237200105795787926594183691246736784289466939688492977588115625209512446902510 -0.3779003125780529670466615868452808036505305054770733884256580814652231538358665190309712023913794697416592842661441527269842763299464723929175280573239467691133319718024718345690643121620511016910604859793392144865237657 -0.3311818438630055108079296194808700028765735720569690285102384791293746205248186161379661254018983798784497980401897865077820542307815794445287091964756107474541142681047942894896515101393483697549899415629606355918961184 0.5250584187596755294280004342347947637038967096939647504264777882229404576868246902050042533705842486785629410773032940372033843524626143246325375216659407608042074061878418305299059006206518541525842483322802100522052180 -0.2733883243674753517867836828514623284179191680672306077375102318134520065342022004893953262624382776220412609177081021873148805712868761435460062036907221323447934087389557373135864350792911440744784979907818857710161965 -0.1320654755545751671219391100719315130615203355078098416762310061039225882205056071675100207796333859276484047145268217850662197034819205439332007516173267866639255651703141876536781647374478248250643855888177354934813764 -0.02160228988464176348790252997319694893376186718228017386829145253083694470313626987523826646770387432795439165638591119734157676444379119698531468779846892822469544271110413220862514623020519511071226993095051915322559122 0.01604192037774270156611208699081068017630956202776397161270416354598756045214887791806941654731555904280626973657731692002416970721021777163172580591536249407946977987343870934291855832702495150881775539249873963953025167 -0.001823055142738257271386545408368519646462627723012593161338981076528662408394960128436151092599767160518493115016500477182056693515286490410155162598723168411533947939521140253819284214240464192850863898186246276327299710 -0.09592049353398406039014520504564356435002461623630893111451732474596775738126660163244018290927914321151209701742959437246304189068713580418938919485974955874958556861722756650064235026331379593769266845896623842375368530 -0.01889901569862094995726179303651229215938014445985466818259554423528840954538883154152020554403019816870463238375901206202177119527559082398518107920173052776104394506895944319558823970532531753470914079781796136682973035 0.08194844509516231413589724469488516086790966712149962653425156843261219248855480804348227897904314059537598589151212545996996214322208007294437221559427488805345109058821032202730359366817831932332561653728974495273783815 -0.05765132009191921115378019661475185878942823763618312747857456395783930124376179377636588083276058268903735060014362537154584255083195936195544442278311376902254292427739100132101661938370999096086275394946392211074950661 0.01245059553300418851301690981463847773509390643976461455197579549320520796765101687451807728963815918275544645341855156988865366379759836853911880382193207850627810064145082603500523951875611543731469064223430510935730026 0.03903200902152642514124267360757392571178437925634511467577712763609533868521781379953433168262488656088992350964384583548027672468682212647562052510519308039787114000149708651835031505180354533043311130819366202705653919
G 119 -0.7453407346299571340033261288831839761094276367554792992979373200706469366655218248582254565498986191533798124600506427590339157517698945503022600686113931860346005238207408819511821299134306382950848461421259000965706961 0.6517737793355475928583044416208475373033118301922088660655766117596195822478513506319065522463229043525518840158146445596671596897685213572466545055325923607285430198094853398739908670477797297797354030120807863157373160 0.06388888723925500737769444429286865756625143679093022619931805633529124734870693460992283045421591119277494861841738735181878819087524312538851507882867396224229719986826775133511654472581237728002031974477198167606526955 -0.05053228193572025730672061808320739818932371932659934604115803735143848523633980344507128122912643694248680057430704905501315713331813108912579725771171603139607916110471045415961927065502640966845868735437894216023790371 0.5621197824489449412254155076568701685141366148513588471277815809864754520107343787661915049746727508110780330742502125596310563109728803669689388448270670728074493643148086743971438858496543981261079804307832475755022756 0.3865622241387622086353829096553379620977350747426869528016792306353676444751842755231691884923683740681854264190933804689379157185381485795968789011185426922300788381552659177101397069107852779269945261030305988991083510 0.2463504431595728468251344903409278655973743234110208356075096205866437239837859118328700835502501402113679547618702513508584089246785466463486988200219167494811502729689186117909436565436524095196337631583432340958102115 -0.05651762279842477336699575081361100128561832629222687745082605749514700152553202934253690034793593302235185416659453224381702134062877808576163940957263951131863140172095942482866039756890478715903719725430439664828722707 -0.2959374506141605023123535250160393316609433308889093690339391332946863201713271448747666050537815540333518507887948664238782553142112828876837011262611859299590361857692207217864539411023230827543811984698877566350711084 -0.1640964964964584616311837299813989619499274531432078445488040164164126701819000296981761303725661876714072227888575792924481031746193785874378416729756375208606252448063205322512431862776723242776300274939830931533707283 0.1372882975244536136233602945699657014522198353620206548816215718879109242528991216615082964859990403560398009729617934259746511461048074948586892260028875132953398931045310592637083483324549840766647236466451685294016296 0.02756079227781075587611394342570850467662652814320566617096492429659753241813394306799037644477381767245125571105707845378020679287927110059766050155006925060337549558887019876253137082216705829463366554121552412142595809 -0.04394386621646574601074485979355777415692412668835458259602335480326935521402423935743399322121626507237426082238158862637786947792978657421977517337626958820519250283328325583206511969089661997558589745567942584723270548 0.006822316763842844241833482593229516249696230175673801352574681912650497385670072512502344754272577566682295954429888687258047051629046133409372326939208093697409122645104590282990510725714677908928417852562894048562402849 0.1000873847768542690912802918237417402579367076662697081318512809812776381607299058124647909042020790699596002151288844733555530610611548270050749252441992001155331669391672316106930800285580714014610063735349735144257615 -0.002713097097097414111426689856935699692633642440596669788074366668626489400196524390775678408178386840378522057583827312430242414925292847220399665633332175002309009161667831908562655841700710837071308739108438692690966668 -0.03360605765673732854105586767796620861502199109002164293639534166098397198407662445103067731016250855020318384644224710260238882053712447266382516046289813108514248431070123442631607841486897947641040004006472441968926975
G 120 0.6329852965573232510394319218799076338946239425560732758676822002812633580048098195172185989942838584297854250933331328479955828542617814083219084113792892183175192153556253393373865293584819832069492021500887675776304107 0.5590193741606867130833382012116866926972415627727988414663127557849689949575812417016748158711460564041696621876534162660936181236106781056913140630742622365775431955262736064818063858245177842417542771864642378207609650 0.5943881937662303705815859747481804375730396488867418586928641818407504333560623154498628324578770259052163179451377427315361817051583265335209550064772105464324429437428926990018144562896649957980598131660361209466416654 0.6943549053077464416665723514595718639304577553465635612567533814707845662222147856804388881518438379406515209564969946182035971533120519299417454719179779817450541830519419444906750458165224271478494828159160568108224432 -0.7382325902870793623524089456519900689097669027881280006491519074546251968797215084356532456254450446653182766952149489854468727996449041611038514015679905163710232157902216215002107876277269836185437780235339020653397091 0.5636828245670594646546492252084918706267643511950773702372814088933985830569074739174753137745993075449617623508253826161452297565975947510316025225321440672660854142480650689175223528721452934978604274684758097803328555 -0.3829708740257599168127311228626202373126350661647169539043080859162857153119848871770048918298213090040268808268060379677943503131733906938679729422153683952347676390150159825282716778032747004139976316290731833754214032 0.3636682796239207597133061969098464285198256534758754184909223778954864414555558231950672035325201104980114802952319367247959013562661653995273196295847163681368500759196012216461480744076839645706103742803609347511113082 -0.3481502117153988228415361206994831986125843667135030997591412998541407435729380997945883271777976964929247416818629349170524897742132083306092887922077204735142144810097601974325718026645211215921719882082800695081019003 0.06521922560037707954229095394388493845843987272884435272912872822506662691491704577529575432904608450590811977727792237894547645191506991766945879947121910937328133486707376924798198410552510646270484104251992310939346608 0.2022278431150275871460283390519436920617051735028655565323075244743571124660102245143891074438156073537418708494060368345254479214609185128878336576189268963675586825113465720808707177180190476757945013323869541279646062 -0.1000903220126710508143361584846874168039044824053184839269457881352707777044560152570970534825410268043035632800081678808857116687419155281974149097643899141616002771400538939383939626839461836401526251457578776005855736 -0.09211399916335051259222885150936345128136039539601084686484383490502740287204424561256630217709634604681068852935341195212117363741313231334942855838489535908425820368436296994117010955732671136019615075451574773896591850 0.02324945846396732240223557399497490705923360307569010772478103209707715059197240453735103120071822716536660044585439708444520456315542502331809709725981916095290291751173216110298928827566250679645077111526927481215390702 0.03640000577936919642850318998685470586326247752851385132742132023424784612556053670180034289806186551945397430473275316249230343837393432554107691314370037372433764468949911522660054677722492678083364030775928437328449591 0.009563124668121594432180820890693624926621734322755413222430074321271289302860616709993804635033847244186993626261885776834367395821491463514239852808169207387098679721861114767523972277874157958136474424766581770037248429 0.0007430109639469365711908657129095433961497184269359603535336885334140023021396386072636114336283199760438654007821354619064768189091017048798593177714309742890237370073857964612617037058924427538093292914860640776677013580
