AB 0 0.03226397452595162974830194629974561414986814378236527936651157027369903565528056377664913993537486114876992954028690348244722212197982625465928817748586603197782199485897971452296389760684492017729501781311670912749888299 0 4.503513496208678386785062818314817496305204577618888918468693838151767860934123939782359280588466738294425522376677810669267619045611702776477056508322611591460316506281436854713200988059784254042773123387088993158581842 0
AB 1 0.03260759854122968424781673433265345515506266043391959101929515412923023255509055303555975040238991119030257009308584826725423932451976358627365838425324293659091688331344163486460611246961459314253568473164924062374577398 0.03237792936375492479918688782416247864004560661684504951521504330297721969312323871672398145307066219230838415430575384916772419384311138305397882738368174986739739004021981459908159119553774635401531657186930770845125358 -1.578547451159279715426992502431746634830867078965126569681778685786262348056599986998567410329760234295325691505700453867350227267619185292035702284589910735529647359558192248036268384455681625662559143808016162498618625 0.7111368045894941731832136953504767573978297139820372067533100092527968068610515725954862552300723446243065565061443897515690629831237928504674124326378411470182523433578337542154353501793448814189984487850534564285146721
AB 2 0.03369406311220271050975195163920182488873879625653291296934530113584978417728141887408243566225674459318550396467842881314122498899656363727994010050853075986241350264911767430990555852741428535824974204121915638552928702 0.06546136702782454864142257621379595394311249421898711137988431900643302733890713298939526316054005031132047649143358509105481785314138245622363817150534123386253224095411511293190950204074215635165965888295260216378937399 -0.5687220313675929877934875482986423537870145848862148610882206213379376400070492158951614832880895113227100706653931115326077367644854106287970798136472986754797377001811264040370962971207201132830178734682881424294943749 0.4888238246112019156003364367073980562703683210791710545258380387862500556008367842502573351395611387013222417815389670778770320524275728556120853074857090160749332065522816459260672822336884104338771789137374029321255020
AB 3 0.03571765567118033429471362313727214143116456950197492752431299752823452486355742875462492925689095969173696238418695517484293199767700215508047155135032633761822920407807485947612622108021220677685156856739564185725468099 0.1000758614012256126087040284307001191749409117981281283580163157324592621790425567079283601222169561569586746896887232516649310112384835370228270140859465911238371875867750814161622701505856732751729009720718322153400091 -0.09817183365721036537909201052253237605978863943405390681247378304495804914803508359810538306805159665191984358853137862178610276823323962731745469353364971420285293100361923391074582406575155162634464068142608090659785933 0.4103329526884919934172098982565575841518100000694254194842331581578690854588465145278449582660127880770873968641828555914808161924118772334627875148953322747080689733199506615814115888492228882521159731511164692259569518
AB 4 0.03913086913576445447803202973374720226910669219796183986152641119478817269109873189704953764326720660843672731090078643188574515562915472158037180770637331434771050854690561230572449816043150546581463789094555443684315575 0.1373534755172651896186143558488506361696713079720664242799102785214330625393145348516827271435368521035194326987972150364114533084356661952407540375783541034943105011159483150512880785750550431066148859733133760637634286 0.2129134992345961593574026893248399855916806133495081232733111369437651465062903219792256831761450203470830999041538884574615137404054618177980340992216979961065790207342615506996071329697216313419284852018954258455765333 0.3705493252169827854168108350122625828483563710156042573458796223497310938878896624402995100777746129727260307025688954980294439197781533369365917685431890568430486404802526934317469259453932404817123477461891803079929218
AB 5 0.04510749138627293321876875497107118628833248322519255571460831443846620766321243013818751563149822053372882754085261173401314343268753939649799470942483138247789029524578918704599305864556670387681290407313196113064515261 0.1791661945045202819940854248594725862629205924077662876884321016947912588076358915187561789545454444564617965622495319537125482670950928239360274563885337412140872039278526541848878211222931600634058748486611950194427659 0.4470047283377015802153756816387365074064414547456261734270902651853081468153291744772567490766993151837999958447486744469335917733960866589489775469447126965923350053899155371941509199576432323798990358554540516198313567 0.3465512085300276523248158253571998883777223643592657995374086110666469842609899125468182086152997748417373699768669903425721682677646203102118749292040550965971920036763596280633652347002044456053688539787611113936247679
AB 6 0.05907004266025931018763584098742821135074230890876359753817927609489567066294260579012386353880392166359982290265161940383245806037090620558503949632438789397978229916022614171928985244468779588458995956666006540500771574 0.2299380088416940497544675808004728034478855339604858091921328626963156188601211586965302993124353997546067715037101937065166335818331843492985841631252472588801916373618316057666381784701367661152882361749672607936787085 0.6353042319960121852852198921126203542162699404927865818373800908071590868953461497482871465214270637284026468736165332091051634978370732756935634715630628758883575522896479965417490076817959140546813921006760055968647368 0.3305100986085221881104088851019687636759210818241464557958925115358848373265861421872989552690243691460035054285355654133246867951956970432374648453335381517769938266130959167734212648302537404964008615892084564628117481
AB 7 3.171656741488063956396784026267505707304137736031380588155130343929355463881199833077623422262745216657570132115195957928581883303814464261508410291993914614002901727913322562421560378271803468170367445726733702031381379 0.4456291829186520460734663100218542863236412068544826290186665055092678627615844154212282038526220597592679992486076888546615586503712356453735934436864451369427469737414002262953835633796213887895193332997034069334484244 0.7930700692297852972506000001020376672873728566324056509872768099200534501265605766560663932300178717215805761894492961228866314062521901653199604689353509552856684485709333350265574832064317997627909726831360907214920135 0.3190349388726428447622704854100369488415776540175961887305047554302258975479757671528762656055263311075718334319109298722327608497503755896482220139799430720365268895116019096194332051120765749236073816648985363906666246
AB 8 0.1080855237573421864257637185645743344140464527189658883580206616166565082147788664766731805305157949998379296452722803871378296856744437125950150558396235305185126145903759350681361184679398071634976495293418495780217640 0.3490692838345349210078334440649623385148431404044532059951142363363096058161499717366125175026020572810260608726635305435769342370055391437295649874646775601573845389014183304129116140376952750234386133898385142537760183 0.9289521407384723231187152330202380487617333870418674481381113263224260816924587661713441135878885510332906028245192339044540713764409081913359170622628546028311405658181709464154344374481202725691063596080181974982683729 0.3104205151360312446419483467913673336501126783471892138029567401034538880328539868285700376971764885519849913613419099306598716922299285893270825872433358248371120827524852867590018873081596899043397995603872545658464981
AB 9 0.2054339407942672501069597197534928743672331911623257061928894102526371218901692192402088838923170282986355154496764916342685062468037232247657245465552857205366122455379216533043760000446960319544429831283475237596612912 0.4922552111576772160127497653292371907400763154280140467378234382315582175463158011076282812999268847619485352512021812009376778533139962520901098330245258977323712547250473976982718282875013671764243916367837987012798763 1.048348756103213829103766588471470035212455380166909272899164735532207110401530607152988529803518613128395770589990137567258009042189976826182893132781671605043206677167918523527705409100237022050631914151272147400678255 0.3037162384662748808905698015667309825513096037521579326824589613277895717040883373724469390540122295838118991864896946254395972102993793935466223295117111510214256956283679974254779440776151614653234953464991703144442226
AB 10 1.409590243491748494796468564137046051784336834531838014657250169969249629687623999354474692841895779652406264046114371290228847789252198390523368608165993771818889315190658309737987330812348575087134335455956329681741987 1.000614061577946622655777454756660712926991926564623649496573170713417686712319149562955046586842272212728817033928936171244786550181177041634337344507199358154937939342141837270763046038486013790296343888052029240948432 1.154864436614718865206596815719123069628387250234213088033272703873267658266169847406215934766624377290893253591982822484874609120226133398188831498188341637605139086713526947977366690720628106571732942131216056301078385 0.2983504849470443019276258864269690500083675974746851134479921931610322362238375707720073133830446115135012917673867629485714767373709658163034506387750098898851350986225019634769846851640969943274633768343431855864655537
AB 11 1.413451813503262435068812407977779555042609417967375574125647703747089334743819894110851813720091402995817138203886380664880098700053219099219553612988152225117415101715574295048057565178145362755577646346349981019805496 -0.1410129804103875292421116653701392342759434051793605223836881455374627156786613058220376556340323994162156977405111352543069383297749196909020020804118243540019157807113316037821435619354421298386867448012968807328699598 1.251029834901661301378237794161320508936760334157292497771580960858024452904510554684058432155269328903414868856377466017913701197090308131942622884516167721531779246203469766972756573795327195892760400619124145415672377 0.2939589363602009037782707706110405902165872575125025582331243260364475802559318915242125155805645912955781389672713478937443232381785847204077069376474239559051490603253063875291755970368809669464464226446538741177087673
AB 12 1.564255061101753742460818820926252980762197032778977933279230350006275244071010296181231576673006240425670445212552540437598877528372251317632024029375431785237406259232185465894521971583874445855253064595235993917261790 0.7670826096383728095514838721193558311866319872477409358333311845120376523069350224363114948887382696302494632391463382759343322551017609763225790456593341228705752953932970990300446422230010015682378111011483819423796260 1.338691976113191208647098727098629370818942008578331222151125489975639711214446269526325050308021587255455292647167626692134663343074999369584864461566866346038111187169041108938512755722975478594445730821282197489406998 0.2902984464268738126785350121443923389781038184919537469580564063123084518429314263351618067528303963218244516886474623861985599927233719105458458041799268993729898684076500637788918485096863689965697641178598693569941284
AB 13 1.308473912437721286922809103846085188094450074466065416735322818195483959603379043600878664169420507196300559187485079579122851609334916293840780007273176531540763282643620948053035794459739168509495766498341138011368440 -0.3492221652981491728203166265842348612836413221933203907085871626588849847141136141556743585396523346262348214442227806480918050469517562537713214600061553538467558737048769937644692824622042973781107660930517055168989344 1.419241311101478136823979185339870006047233978530787811313671459389791060906112772300561013940236710708604777655940697259406789140914647384180226217257732394556910162680725454023146055319499952773186069460289599562096725 0.2872005453105616206404458425911297150464651271007563011888467516908718569882317115237114674823249726706049767681666944211141912034603778631258689074407528469748300640724334535183191983047466492153182234898093881340099206
AB 14 0.3239030329284233636477949910049318570906614228824697706732980476297358461296409582289360546340712252763288621026951146773592682576890790927260796332780765863793884984009048271305064484728320221839704517383926948632936873 0.2005975425404663715336497946865226650859468640601849194076069858578850682334380576547455838737902920328548359906330595687622164018933340014332166896525529189012449176172885100248500715210376445212052476242652475859618022 1.493751388510486125052878293447901370886241190975224505923589390870771554900600579984531380562719712118212329896059605098008656631837325093164117861113668716677446155435201822281849730091921914854807460970641308631583099 0.2845448221465953969666377594731149216319629230062252467032340237948688937278714945805685072710518651650436205810708706815522259567327141242791638513977736822593469724843432146096659094746441887359895141664905713166747307
AB 15 3.070796728601316905934161492950060737595294434775392056449095454270876010635580368831435653841600299504739956243680377089095154687948956935489197010589223813210741584848845778717955673903043215868601469418853335106583972 0.8711985110923483050746917583095991366074791037476172315044646154572539907145987382149228578373238966856266246548732426172355212363167496357514739510365697611286539619398444566935429703733014275079900098098691271474680567 1.563068730246213728175085561065536522781083960348282196973010483387008382684018595359153313215233077181416243060717432968422237113216216969286215300357893577910120334547460293078941642563039668164717491033403641575282141 0.2822429324639159726538269014513827714283810520968319945933665389119940731461076632980945341597579699399278311636214086880419196965112503926507442302158851257965290460965734890529634929452390198485164520163236868466791072
AB 16 1.853927285364055532454064593972684258987026327915787230188961757330289146198504216800527717432864440551215002688744256799958533605481909725814365334835097111621268665314856021971533948213668785434826560419527294271238355 0.8394707459446208516307704799524068685274568096208718618851007344491515463151352073350159647197801478701123153159122101583692317410624973946712505725346244304182243391930895923751751661023243484468347596922852849673316316 1.627872854532879442887520087208042859106133878256434158817597027241662249723641399650250322980425533359175921834806001308117988261010083482083008312368993198156330579131251520704062612649082990782786045209043343910836413 0.2802285921005722017575842049674314970982267973499113539312162355786211433818726498814857999460070005677895029694202431877442291497645687998866476131251875478998824741053700877532277019219998464809124197525497989020366866
AB 17 1.124457652096417753286534946259954382132845139425233768536875695354835379618297691036227556141769180518972412537378493193164490013805294444075999127196608221371318248347565778611847026021926480062306759466068651493571944 -0.2193930974815289435690970681744813967369958519797896365866596328450096299035655009750457401975260736655233937079465378214087380937885166817316096513032659123123315972435984538653181930609288153252173229970250317534765635 1.688717634510547329962971010557522849241452891832050112917486265255525933959993779874838653943603199873410098503544985105726609418494001967447072706357875826241129324635000173228779369208248952516261013730845539603312885 0.2784510971790871505387577572337299179337134968325252954177045118136420829977229055696078020073853665198794542547479013355640611665725294916967056403386459823611027025644636679309197214748869028752696821904270522876898449
AB 18 0.5213265925377455148051120872926345153396289990191294199287636954569391008588943763452742695048064858780432327147768723357759369074827225719427018671609455106801333022864614651765511040871360563000431043425101781978883515 0.3600768817681940634989818597056319156285761876007751608755985530362305821233765380839397068075547431789917514433001666402520217724120028012710814146201794974576525487865173938524995833044768824118996111979000942737921376 1.746060565910235739397257337682232731659008641120863094465929219936415457000502680453081335756250190689691794577362535516078541777480831676105354475739637988178355953225581356423574739222974835199579982582442892362431579 0.2768710011333494129378069052383301642835914950983767937772436849742106479385097280822323845744315328304881307045896977896406474767249072697841410807528491706167465041890750044944255561458417572147035307653043129793095177
AB 19 2.857239119894959596655812622794594093733513730702640663473733466954993236828825690434914372820864050002603417678127871467941715338102872646319629348105881286932052574057635308616004075461439636955950426523963856839603299 -0.2197337148979170487180441352249683354896089026275760010167027198912201742825650626833614049156775587693690431590309496789644107212293141320363553874330863651036937532078910197710720839299354790065158857249074017486950373 1.800283960686214748477498479430755169773660241426565585357411246974823691163288026575959667316640705917866801464236739619250839511416255332357048481406592007115930863503597862878357901864398019642989430112936693512866815 0.2754571552289978422972456491577493950606022836151832742941584855868793608133455478478690508414328281504263796848950567981990407850730851787472850878492612643644828947494833177786048674191891107512942231680124401973104485
AB 20 1.971312880490059381077076118481540771572169213421212025802666442580701188929448592450901647121247717797124326113238100774202013273342396949618003485769773741058950567397352281445664605435297873699100068893963906168929653 0.9339035156830565958988449953029083327609225864231842429365168583270807790552371148414633678821866546789629276190358440362454832709040982937612690895190098483671133673987212436272505186380004692875990781298536199547785912 1.851710605309202170159368795689143892670144877280499509071358802278961030420811525392943098933071820086924966268008875495904167630806861172189707407606354419343423086366411419556577886719740147707238303135411917390304412 0.2741846359665726097305902694653394397825891638186573109050250713560588996777079769835178669625421293435347638860954452820752604557799544537751965783033052379102798698595755304290559840688755840980944674702916900647267736
AB 21 1.695933498020693643369341965841077377838300066521392938265917077147137984470370655579009810742716653976513942625961952651442905332422597266988730446284680799372678955689847089969271793102156929420107724070199061544460395 0.1109934422320764240282704642480450596809856053589312063735833872037458617602106762036180753339923147656567584195382660025002719027997558092402094706619260532941694810928626558680234835925200178753173543814393466960767596 1.900615535853453883217859281866704554307520926308886498952002658204787681313421051516862588326432996741764878398665470250814829443398745991539001101837354005072537092809750541696054800298748026949889452294078580853627357 0.2730332640794925098232720932812934288910901327379305831215411242074999218863272774994996283786324888208038133284422851488332220531565135359449130791758345955765539360239973457884855312262500551637174778381168421176952605
AB 22 2.123764624548243796796296060362690385957589819735553386928833485419052560930669648908633177927573617137304207152152319550520141733997708994277150536343722906819476716378146645546358302395375777535913787581540734270086082 -0.6309629053882120935853615218972679036398725067819443597001639419235720320363354442946464612345933263175032049400803657025414949686814989375045726204452800993562797442023843109974798737809227207079827202475106417369589207 1.947235033005362942146362645560872200091768011516497268332274623299035866306938662014956436629594800378823630824762933087327220933243256701745982861123046773627248934844356743533037442277942251824360444890409989997378667 0.2719865270870406891049718690160237134175223249646508485910255477166171975616882485584310540526221771744749359020058975572258649610574542644612207772330802458006195750028649765923516687263377590330539434021378737392009519
AB 23 0.3070201568991623521025971173163528090236040143824417509297956724513639231166310303210185792476213856667121370653920216917089963309577186197936449732138657245843727356941292625109959203060638260145512009405215840709783538 0.06936283498063248540369256683785095430730423666424845098890499951317980787849141393488538483602628182139487584657811909169367856867904965607238304466981107168552376086867246438722769946616641826889454912498737085503925758 1.991773590466705642152441027131696089053437588899722706342638770451207819099945689498349345266119528470395626322318493811513457799130689862301962801067705965006092729969907187378908097292322302606984802079816931147533574 0.2710307826964840607110458292899076277539304899999443731736938025551972662241346851852050511842318749598388825303481449157044790009111061279450718083655999538422581581514137616577976573201821133693653133381970495276977815
AB 24 3.411410877822919447870085224119533784958419378238214752638108375375503355349609128721210572479996515391680584207704158607285043284349065117510347523758765639037140125155013415640469519963472480910338991536018785197425231 0.1910887623000470431637807468700382216587796343432358760441929129084717020918156480170916568335952342496925142011744411215910750869996259953736757535790175714713512043618600864565090939528944450643003941590107856114085991 2.034409381920613320570756335908714001444893380903808720661751543588848827102759790197284819492268489374357246313996413204340928335984064184817680855026147134918708173223634598736788468659012832492138258526645158739475993 0.2701546612099457970017469860999981248756315517460149531951958940523276043491662912008028747121838887746690388226356642705278448732164287398393625841794991037117605630539123665702028947043303060343276536043653476645746202
AB 25 3.144077689938350351026444594561130307270951563702156435981660877705057609895589312705514246135101282511298086823701984645650082301827390257320699399376167213238847682654872493139803595349381128461616634169193780438000715 -0.02093341870575310947423693102096384868574069886032121090627568530332402115753052914405587046036502662506817577556751281600213787078442258678861388128529751008796897658443597247707263482634822111084041353699987719067343707 2.075298599306385109311202027246746201258131859666420355246003116772003619118796044958685510026926022158939967586077297047200702387549289734718249647963047576519623276311847030279953478114326977741267120888409069328703256 0.2693486112582027161052306299697501539844256608043111427367028125412121772099118269919278806804225824062886647152570088498852238110024202649071172590386326768854519517580736350816044284513734728326914736176033200856327606
AB 26 1.798342541632147627582398163671908951386314292747815129693490194165914060986481471227418168433056762642794506967940307176487082610071654838068786014128640660377312804975046377303957956252055811693003341992441475795902982 0.9877171581671752954584889138689175334549677525221624590721030793160644404703868577236006147902892160091734994535356845902156797158007598909776364318387335957964876508008520386406467539988558457538931518417329483779733497 2.114578931335183875662619562670766536444550107078591336325547579836939383546526753300585983144337192505635961562212155696394541977418120436723064110155895201345927820659232069353168390595901301409124154527720648560413015 0.2686045503010408108214113496858649821230433853579492883749901063362953386533146764528357699347456621358428947058568731535391641361861968831130521384055649235733270294106560506280971055309048320606421765555936659375953742
AB 27 1.158629366168941832548305563000672732993484000794382854134260637429314313348033370945686631290292880528639197233629245151962868674921510942554642887918843735302727800610628201461697385601916144084939824783745951225701780 -0.06967074911980938484192028691176262196207792911881235186975834521149745460616244628801437463598248391315165532830200528353228268355804147270623781487663550692548303684866613860879695572270021174422565738052819501282075857 2.152372379182963576342906612753716250802298991639649268473600646633490034970915097461821611811495855495484896946757431291069141791293881557323113539065716890417581305619349290548617650142028670805829981996667619547735291 0.2679155927503975587067082227399448514853538052093378066621273346144509714526239661782829608156892991422764474049127572964948671529512460167003393008967568299410403830341230265857670743330908180576617183821910259476109622
AB 28 3.214673763063810529256975284347863180926031467412549069653708429921358210826799633764554105723455183249500554000696862117281306272836396424049405507303113106426134702696373853858700798749160808158217567645691253479839270 0.8669838951707198366583613600488024750198405940121088471445167410124495222409609437763053218711348967735906345799234095267042658939104320425548329009708349978389574425538328806485864339259384110121808735219970866069209959 2.188787555541827707256013383579309215326707812915353363673836303467199360347718856577720273875609887097866609844132264238742090940156459249581961831434529224401684537874090574473342020632589254096670808017313463944439332 0.2672758363224325757862383170566390043655629015224396579461072445579841861087447576973249665769247322638200853805704994582093227885688656941133555416620742935317586471550508960424008024227140772754167070422064059995976552
AB 29 1.131107329378903825687989173114098780870002846460044253400857258206867688859762981436034251390937674246341299733699511970313267081843466209200202246692364439758744758606321957096592390329666772154687934232353067216730056 0.8134305702391619464892151474420263663370141109813065502201852237196053943194220507073173676386276387044576127745462910316177682217063057665931047604654716547048091792368553491002310068076553628850040991856568656497008270 2.223921576890304533890757521897604850218176347861619411068502395241341936431367717075714322840141194054894690632335718095713318538350157991803586802134364613853491634901269952118630905698316225870854709185727751374232391 0.2666801925712164211955694061486759124158611881672643187921028487571453644041914291284438860628725575504213035227586971352587423465280673838940273652922392191791926712155390875161897404210511991471793005668757890874172549
AB 30 4.085964884384230148056121385710029882334982653245092385960787239509345964820258253896139751710108514009290795241000696364104399027732738891347437767792290028165996632959725197001903817906104724947505159216456102439762030 0.3717112251248021225967913784050296062200845577208996261504775409670049507931327896455705328230199095367164863631203494414021073287364449829291284857920786738225011684580337495181446206955595089519820399432865458651732782 2.257861632492696214604086327864349375923851963156252265302483624843825281030551261556936318714607605639732299381270215969632569406540394444541830933218254702948731383433067242899971044601387325087858607752121339480790022 0.2661242513004128044084070749416461750661051450948163255476283037253963956824496272081578700310315358308111871648599160678620934637186144926870794514445080609972340590435714489798131430161115864755939997387530990239221035
AB 31 1.050459754784470758150484074655847068825509718312150714190051603094358831644745563476007260637775330305624851372532512190033341100894132328452157338105218310847297133549257604225456768877540574044215239725750900551677974 -0.01282875835000866581788961735965692527387874099468887383416647486066800053519270072414564027002482112727804436424667966511491934834670606294852652859595665562840943690896716408753397537485911685128946701614790957136747336 2.290686294277986163789251885374929690493706944068769022597762311745311710081982129838255596428656368239094280954698417475806470980502224025128115715975487410852255634474993798268127636820428159938541616518679597295254293 0.2656041712068329386191914337945623394571228482272053141074536179197934345227194030789874348870572996989214736477422347074526272761563333216562137623511427866574274410479858677275748729485403222274291665739354950487360789
AB 32 1.692006209053385423697119872597916728753828591078849850941120150400053518795891042039229579326459810156113291058379199823603869232308330873785308332752985696451248355734336266142658670232217408228980277226724051887350874 0.9236937271516589297051663356262973080701756542371235037758261114285303908971655884265517945362791752918436520581920112342764033708986999730775436941728103738979362861226001999538500179338123499116674512542697847048262152 2.322466617358515626785098913244483118516187905693674999974493012562401523005468604878155051562685029168285768572053297379197214631322992041622093900673288244073969656553003679537462738526408381109496025359699331741775779 0.2651165910202668393613083102614381670910638752564952395529976898764456168669190271761265187363558720913495173232524689424616136463608625325833665622331573080422764565450858844060083582565560084302652430677924440178543915
AB 33 2.838676239532709870075434488153635133604726889720353724794861877909005129455070715236518779227949144647793883929389835065883652981814897105691163131119363821051917001483218205047916752472936555400643762406607733472274196 0.3114695140486712565145066851760503302645924835393183274083783322119445161637563531101008976528965505859061710631002179655541862245328496509489509458879016113943452366454379009416211849531444763175933379260340875827096348 2.353267070136163026363087937183251836476429326056143765164022806871980159950677798776135346010547073069710709818220261325266472569121133724891008157551879013553683815860922286445389744695642683311027281633404744235802358 0.2646585567937601700587253697462452719191609849163400139889904477341827468146299599941900055290622274987035630583923279698465361918374969835212048600486466690731423731416928482497930071033907680659955039407914409686884668
AB 34 1.808002343910887179495529531416157979797032776460416249843439008161053222239004935609141688890601592833351426364480804057921230440548143188118603313390153093406362383614334765930938539404582856029519675677838685377730860 -0.2485390280215368343532442723405899010793294864177175586439931492094188354053714839116572718354811883495536842746469677693710683761138973579010196470833847626731065050263268217513863991374450856485850487503314414766393358 2.383146324737730671526233838846332533842018621989582111253592975613883068467394540102493622024025883572750510658087413750268427339642455005368014292775308086222065212573344737856958483196842046800943900657467865391502662 0.2642274620205824396264719858404766945415827026504643996060870176321492829547970591778180074327618129583817552071478624355485016565148357769063314901920494536855297217800995943102604041984539188770350802952298680559691845
AB 35 2.656838943284838584601195900988723725126192525278321919275079669548135904705905755636223786990427084484992680334357240654756221314709819203351739118119796553163232341433198792410818400844389457887666718900527043969242647 -0.6234245716066918034205726296611603594089161976859884671050221286141579905801756482900679721046093034567642742936616517803842662335827104270465251537245862834212871649520914755886196777045403549598311050362371150570146968 2.412157932234961770468185351233083090773688938832327329392716088358900694253079764356748070939888358464738235937058805947384729954896822334177463317906047087974203829291729351371368200733683059120549501810267125667060671 0.2638209980135185412686257052959699257791148907406090996481513175553592251435327718349069527591091178378303310207233402934724675841683189263101066228488778022759690800545179320363875801741498566516164479432632905451026587
AB 36 3.502767844912830338091698965828110757505150737084030289072518930064703721730811411516638626438734736955704729913017493036821815527985483495016772187301292223577979422325268352057750759226008319801314579188821791147229380 0.05903572458100756198064919894198457751860058841865955753552296977114769331995032900049258738254590683271676035230789265386943188514092742367551664989107523813557362117693144950497238481350935152934398619433347574061006793 2.440350902246818529931051255569587612267784306254415932800920450067095039621458488362326360479096687596329349689032249415029850667423502737727006994862080944007056895444545086954657635076839636781259606024065836948665836 0.2634371125517428122760107360824043529584075316705591829738702459222593139523600156395393424364120444011906059706833873236001927176910749940089010922607774459017498741634554503317579287150787595248625712101486953081994524
AB 37 0.5585641965851591478545708681702803356767050378023934008266397515026686266960534538136046015817053221099747488619986864443504414278253892548203679215801099186144166647545237066849584802412324320159786704857599851252217520 0.5747049916150749629555166788267005861286943822260387538395218692997230822344001657100894538059012368151580713349956592752478796281252675620769070011098303510907989725076272692658853684648073508878770962924532813605023614 2.467770202737001456984480493177224554881658088097638628779866463536028959903186497380262876318129137506309567753709783199595203601757823698624367061298068118547655306111614285615881188150214933394703586154321668199012703 0.2630739752316642471825030911523323845978699129185833654696227054450728556055428065719977120874782133823593403375958494465578174680493783944963070866366500735816674797669022052668194062223998868460426463343462631175098856
AB 38 4.197435552536502791986300620377888805387936065758521888549836439303092569814357762852637077622886515797630059758966875018309399183801005477170145873342354163862012473968136200304471591253042748042297986336671079120570366 0.4593540244272062342049767277263408618100796026976409686946971664200359184500036201891963652768996124561981915636242496372634647276334550029914431488888672585304595839110153589288517365828919556900993707909211541770379062 2.494457192848470536195066563897071515483996756788895530307544649318302481094999986130627735263882733644154133478017939297704109509190280981470563704385099962178024628981355653810212286046653762741879692462616602666388589 0.2627299482871932476077717808851478443193057537210369362112269992468616209720039534288517273473917680028436415990967107760705796526752012375855212182617276577627638843201543021508047852799236762690667654435546318432525588
AB 39 2.338094450242892426073641159869644693168070217474083106260700088656386316252521251344898919445233004918607854869417870718002872216113386347995509460720133195592359764939315561927435637974387996499118459143432069709369367 0.1242711990614475857411987307223035108883891013360398124078227619025047512660406724606209468225509466198548769722282652940564285511514983610987864429010002375992706894479090779632824109938436467542855908276471417097471922 2.520449999267279964259523963909571631157929798480316618739685003610061792405732155782532677650484805398546000390782677733460430966848709273981865138692535695813145689188054636207184310610030139488634634261168502508079663 0.2624035618980341880635647174937857128808445684917438329981052351923993132947685287342372799797419102505019191577147844285258590794230777392948593550840547118336313388239192179931929991682703496937282541435763411425632717
AB 40 2.196433001477115863303045381715312007214625545725395182153101374674647558575661352331388349287170076828621728110755758319365138191425155929243473802077171313539448991880643619489890045899821310771156185176013935766932195 -0.4135422895485511101223474794532272552199095018361542935053904785189451820781602670372996455743965722532354404185111544446834619994227960789002655882549666893150568634829986573027736763207332278723970019139981290237327944 2.545783844737624665529082815704211721993040929707882470243750657693368897385883222717263618980235295581127906429770104671520867497566272910606181492837668742941677479034803135988581429504406207059222980080573132577813761 0.2620934932008232846455688345390470452759795563234395750104587666825605798593942167124775900650519097506494011003815783137655579598191309261016607412592914483866716027782705467571745160355889912354242039406466850094841991
AB 41 2.379740432830480785282229085937264133646448575671113401036827848505043039465628647011751833067662768173323654078584904934526532752652802573049525510537353094521183620060287733694535783252737736919774822325113014960208252 0.8962185006363185116901402805741216514875049628774300491185453760469449689134113293191887829379432270785872035379231783261726592581838586496698043780761187750325553202471837581902125614041312852364555644350835166301534879 2.570491335851405971140768031246280967904677392617529859903328591683145321389108910764470205518474758410240394336630568105806269875223236323590524401188706694079829773041250389954835255841867467452099807019674056676920476 0.2617985483710898482937381010305073704176630941256912938493709225984518481378162729244307004090139462695106160142211965392626613596560377492915729551297792777397883925334461782564102646675311192590841952238421324549898098
AB 42 3.365105313565529177740796087989496622065028696175084418622035565575956599529817634238949055795268097161978873123761354122628532546366332658783702211770494681977514333245844617939323942936005952705187100543912087777004060 0.5559124106576203462093153979759122907176560789944749899414796651142430381988853235181483767668483785676984319885908573821275436520624841578153637472091018457525967233686323927620617463113355515922349655275980321252787953 2.594602716027671512764951464605470775552583580099943558740379930753130061006259790315310284617543666528290545705939559480441579562723681665345144856622477812673939892739229417688566877192625208555846884606539992788282070 0.2615176472643687695324858348496417142664946143279284914457772162416663000521919331040985681455686336219846044607807881017448904976131247434522552930238088903358841753233031631516564478716074114677125964898226345828302583
AB 43 1.414179451118590777959915464466505008168621160949321593674315324305179437977466986466844309778625601763192138607495844779680544761467804816716841890376247344895072021800964389143845859824058037200342003326990689419965609 0.3390013224468683502243892442126793678638601805691236533804738257355908903152168167358129180697861367726895667196106080315734197463261432736343504008544538774042630923114220376010424709202478485065286184373266593538782956 2.618146088618025430964482832349729006408620358477455614549756855248119822970336707320742746469125505262561995599639405897234381060599151255318332665352991449884290533334113608675693548893656733398359621858501130625780287 0.2612498101999602952487960272809143273345639417019992678305134680972481890525017255665358563598713713007345138270702283670657324268567449523516419741935267371552324159388594422867029766800672438279380120934838923392548192
AB 44 4.390869132515377170935332462051341080337354147239901256532378230010178755868066204391410331561431293490720237126357393103337379176377847265122291760614434454499463379359952093910012926749529376667491849076894696385030622 0.06336189046941698737024066438581211865325463655316021419376377920422756845041754275984479084940731773697028752574514481948214286877161321393613875848157534684321085327394032212831331877409673155783930877905392559180759872 2.641147614275931794758594509877406369892621117699013481805997592355586948989119199610830029212841828808404204468381288127244363208752767650561058768117856099438026650023128496108226072240335112563741237808765703558766519 0.2609941465465409848814539060680066199202145833693781591670239896829308415716879705159185251986708596288696918725602685792714453516934673770853862826419603296354435072368763402182570226445246282705059351877135411385108997
AB 45 0.8536614349641022971874688495230006333878986769360013288084432194367244318104247531510558312870378930887487130558671955385527446770776396643007753491203554096820936852767669283856296752772912602085167469618837828678004377 -0.2333829631950438376380459871562805072966816672245169088678029852995306029960879863186665523403096898462664965325227321365898823732329490378158413554444486159072547057699934750061274807717289078686659294635996333292523594 2.663631686073907092202070140969298696096547535321110161190703506464095310362362896829488685394604458783866450683682121187473068060755785691267445193391681987146195677694669292286663626059836372519113439834134180748261245 0.2607498448294003246493608077675454647282811720017820372358196004295343248638799366299651194712483929658037527126366185725511020805170283023066472743980024846610703163701040430531149180084416246540430746274752426849418650
AB 46 3.262333833484860308645743746137033967164095574038174172569873523570295850772724997413528983528192437499669036767244198333133495535587380330089574770334257699246840630624677271611602322683217392318757823831037752326407774 0.6312910513654816304003299550039469617368753376562658504941670393490998576999746786332641032294226791884072002152282314003461818514630341788568132604626489813507271303778737295889306219815637516337026208422843115399438145 2.685621085314224204911874039001867758761160016811630221233574741478205949549984080577944200631143133158287018582179243508781820344918456553077150870536298152629465511979145399579745354040719753384109330231260804342465275 0.2605161641278005362614380863983153716164126902605734543697136558478550633191322216802760928193624158740189548159591596596956890213454051402504318887585670423604887506242861628981521897396839469068302381735554805601707136
AB 47 3.019628782953410535139585764736175891294476889145722940878694970927319089054579994954987051696625823302979614687734922292597748230626264553772417851548623711730826215461198805676083819878888987323368716738024670248014414 0.8581104389674961366041478429212899622042249777955678025035116003267614740056793691996794893800440221620699127654409954376658836784307993373014309582563058332286559991902941640095669949201382198178150098383322913977995107 2.707137120533445013772786425836782950541697408756452722726793380790521623137958446210914874332094443997976295920658864087993670604111560456495151603011726663819672050549335008243360728787476795925436579672527294341333362 0.2602924265703526601422757867156223278212462343608986185373803113493128246310165110229471610349087251201182728521090115384048395988197279034508948115380216225070163023919286107008125558636207129375012146921760162969975878
AB 48 3.451254360195243536339202227413035319257981801104221212128449710863570680092629695998931911821910367088982610128420687244869440478229108216947910941032791009355153457774890334553521328675702154885176963512258680105053519 -0.1960122960209974866349178599066099980323298662200235964554720128616145393292508843904651944329171828340390234296929390748333209115792517399113067636100834200529972204631038875843257168465307032980294892506670360349880063 2.728199751831137022415402304014999972662669764295035777981572566951321387455318075881874644782931137608045192508601342883519255549815882099492514725952817775066801944934887322230335896971001798916061242498718084579925943 0.2600780107683127147413128261820717030490669938932069736682632722597745419075433928039760506195782931390843226093306469675012105200263250721124045897916318280779557341994928174755117480425359349516287071820882759264420798
AB 49 2.580391270452618998650907712616668716702657284879947495996762614318528827586904371251480607017170094204713940069355367356411161992377331839852068634113863049403627611466760636359708622706255339300993682538749749609805750 1.055173662020040591619468325415191456374815180440515070781866927128688355676172293098725676663894760489211345236164311837340323502910070926019698558027439428776313074339365330851731729429158358366003747870303495491734663 2.748827702344460966086936400110570784201578986295116698791833984038223597193243723727062707835034576783312661377350967904381364450291969838272296326593248414880356756018441867950195649921206757354104976058136958648788971 0.2598723460528343387062476031438794531368363228268582157035733074007316030635853404575745652058572442164189702676389848829446518268444237303346280487860931402111038085211493523432593676487022081420628259959580262366798361
AB 50 1.688701537158034435824058438401215730238628422967186315272212994596675823295153725991207977654971995131678203585876111916642020307237780384884460158165200698868865346501033557762492171523281861596816937231004203028780168 0.5836963776833660286207237134438602404719152524889489600414345162641975462445830492233813198367938187123263267443105742407181088481901842720252284459764733860270763169510913863727663679156056015745222850849171382812013063 2.769038558431744398706864392435156731342100671987287266041213018616437991736798346737852366290450219388175952161059501057481299524553353154154884884720854973897909554202193513701549269265770292889251359157261854913177102 0.2596749074036441353425631270773420991533071041297459515891505987190113705755126819484046186285484552496111272446958603419363511426471482964152872683902180417447569808687237838000603277109535340154388261936479941394257846
AB 51 2.170955939892456847228228341550205023167595322241128954030278917557072639077769832981803435336477300615684163721137979990428612323949501138799806917448658305808021678561024289027750666822346513753562166910766006807931313 -0.1496822385072623931344912210759750328734934424038580141197929349153750587825867852013929018627363301058997218959858994865179799841361425481153366635055804689961224365116898434336595931085530910962101378949468888408034159 2.788848859910712160785539532405231410576301914670002485488012480906043633586695750873467752795910800624066691562553643031326876917377750683581885207763629732000686267227186371228700436028939915614233122894294420327495762 0.2594852109742548497765883151773014306753645438592014979544606653591435781817176442820330863519407521557549012970035185907781960245207543762042502517915917061534304147167758423161946142984794768490669426401895654337385199
AB 52 3.727321821614037696823498982805686072089354648043669137325952190600801388163786214839976774236583459573633532064839298886067023447745584079771993532943858297805849155526532491938519415813205711907403831880599079619582958 0.02992619335234555323622493304552138007025474099563778373988042667621783128864355412878523301093820130976186635687110726545475213811818955706937030295389103699439305048578405662620449361796258783171606197709120424339392900 2.808274181513509729963371442667890212003927060263897560328258563596647147937769079624729293222386147119039138684091201177072766488772459628124537695922670590443890719026519501868805311903374562201869416730919576175343575 0.2593028101334264445952012296686431077031977615404843907114748595718367636744477261224267477626934834340973470799009840999569837781527443179571610499888845934436028881143602187780550807413083689875438407885104258223402251
AB 53 3.570280791126282674797269215348645137862428048677301666884595486564257895623025811325515480115002791563021082748103458412717917089781955760723275848147416344797390281775029657083366694933386341816983456764003193069487519 0.03013196380833541774938246799953182498504001121814525369855657279880227517553104982709171349997349044746533204910800700509758636467147485404234731228091447772089593685584546473793484532874134962676820596067117054556069463 2.827329206565192409839333471413699011113615243379019787664952165135593541179526225390640274000123930084797249374628582540786980742439712041012070007762082818152277206274617878875744064300609739149873535150712234657686779 0.2591272919547021915132962792011107436907834218546452541553044031337972642686830878686594715982204888859549480577711421246106124748825742795694162252201766037764775016982336826473266886125050385068640921962920506245690004
AB 54 1.622626018216144672662229089534789879357519496809387900705414249503275229256244573058425043525052029150118523578519275834804102447001527988345993478668786668790953489508962142766679343003851097113402500289487106544735260 -0.4412763751324481322525238916170814190060292925297939769066543804232601413255072534813241288985149575683752875899674452915680942470775164238266722638641669097624089202672271608059048474309954095853773873070518149986497277 2.846027793760220740818944035284401201170091705854635587792007573801577828213966374948749970129414571517448054306461189711807973865852715216961390593410379262707253376363760043318194832569428619022836352672598131907183205 0.2589582740959448328212722980915960176184648406929462517721286627779690462249536482926787407757759267043385026549781706013210886876729749983484882123095127727696535473709509430829845010221804125825765344969786059921807225
AB 55 2.179794254546012153512227432803349453731045859871480244472862874272206674316818739831100285792867249729291376299185719880712264757279653803186328860561801833585781559902412045187738888510015636210977139377001475954520210 0.7283575520498287399895704497374288659209024327066263158041892357249379190233503226109646199708501116587717255053112653010443096693416905530047648069707865074136407705093669576086558740711256595417687417727812564373221383 2.864383037798832748777585132080476301842775731276547805472504165330588628831445206633597545210477568166644914714250097448778956254964382695425266725967901943064427473103145885226665503992984998716706808325180993963518385 0.2587954020192437224641482584370806038105469610954324380274405799658397672780099144434810986136268025066948469796032996405239665396582044691505958661714363592861458389641779407628713935706678888249270025494433103428021258
AB 56 3.868848463426866272854878300974188992089247472595709489728940833867633611109613079310733143553766602276151473692148299223901221343682140591301043013992316894174793447331970734718534876013961718935585373204078812756734814 -0.8341875312886594692296510977792576807204518215297784364042384123618856591892386077506144929348609483337495298762500156163687714816902387861634438194846689853513843923923425890035301225168351044567238440074985652093345153 2.882407324548788770615907087585044446825893514648110894648307447488114927658773838403695176458702860896775261359811764821718611046178530157915981908477741874424745222205099883743369139933438244840079883047633532925703927 0.2586383465086525877609858657784806042393998378027391186379503651081274616822860251306096155266519892673634672048885952871227973498800781171897050740738702030564415675627505419018467164343222771041256287832456378662295778
AB 57 3.470240161955377842234192707975087014731680841657846831169302274484990855540088438787226293604572151197889685633979030141739547779064673292547970235933773721636098266696723135057692346642355548140409107077452128768747043 0.2167672289386635550404658315480241133104351202456473275801764773284237726853142901990386206791036983537375542847378236397238219849997794777173789547962028267813525336494264245277774828403926384408086720936330487395617664 2.900112381315299623399207360067969404793446693964153596934950220879952835434439816789510931334104723417349041161531991587120811554242713117773475498474906117345313520165801693721441413548636524458074025605217994620190826 0.2584868014491872050969812179768196154953791328799917043270466781432119335053113448469510516898703158037049842565219683707080874032488081685230685761782726884101723297495734241254149657301201139590966581339815519481884917
AB 58 3.485816165424586017138448668487880082254549271130887481821533926519821968281192989721744004904631776064141924029203203539123464420655996556082953812031520618351917984701989895360854768982217138258004203296395611384218830 0.3786680554697564880499498440110852662269107312707049320886093481984102426088848343600202269181891723829571472655970627789149519015514735829676224175127115208931760888572611346144460748993403223596748948544063774451939119 2.917509322730803610570959501409226400942747094214447961857207294676617164695040130603162861919231721876586249730196386527130717653892555348816476736305192206781316779281652052105693193373158196159093079478872165151514826 0.2583404818355557651098758263123939319041690754142526362285760201781104321345215257460593657585256862874708490047599816636114150884941197684252177247617813716316628402301939344185186471789320795274428986127880072844037207
AB 59 2.704244954324765785537875946392181015710539998376738940360675020333243586791169431716465387877554662458598849851842656478335937971892015842724817560791240878188707574926397931382025451951016894279186363984975817625034431 1.154367869543175026269848046129464870446993867392752949562963589713354895941430612027473394127904210788680509742260745490568666241675173645684690087952741867148710174984782945687121627792144540510546446903773177681784330 2.934608692714870998849956780959445807761680508615918848399371191462048136460686348287159929449732771066979082199622764680418773977886436852606628564851588942552759369692615856343316000258117563819700467446309057972933941 0.2581991219833689647373198850434314126767254468852782038874086851172574703078611638703332043310537829561328147785717817541992270756875319938430899072657090507864219203436011421613477776241450305487171269486468352436195593
AB 60 1.574158002349702241425203069291848281891786050843836959353286059076258698735156336006023628164679975736059200037614474497386762712571849283831026718698527864589784238783179713682520745778183131820172860197290290448416570 0.7663048099450010117572751133914042227505211848864445765288523087583973656018150623148672458178029641974337515642174087149399571120352515399453490017495185303569569681178659411323841477605196351084246689305394823841511597 2.951420502901405314752681343803668539631826700267079248529746515596446650564653254787928552901400774315565961763172257666382011768189966543245354651294463835593435676342028263963964182944395292500777373997083155529081149 0.2580624739192100861518436942336644899488740714706458895584622242886155222875835583600403200967820259159082205431953252282649868902557757954328693309625156010832989610942677735835735506390050181099604344299133632105615395
PD 0 1
PIV 0 0 -3.433804010961603962962671334145407754670902556661703407876407101734160772968112062602718754720813031713613787366265456717427544924128543957419778502003375174258771553610911053219266696318627189693443931268195782840938594
PIV 0 1 -13.86204086327320571043775938762325336065930552009860926127356700506438153646218037403920859017867484779044720807624503375471347111273684999186306056928169926451046106555923887168207081199825110335764342589909335474066568
PIV 0 2 -18.88831157893994883276863275552145836248708280004847787872884383390506071914259784200206731271913830298345860319794553220262196740465316974043390674922752013463162761646461880540482158842490468225069319572747364725450446
PIV 0 3 -22.31658797414170381159816061004545628188708594450630641036469781365685470424963363090205880826836575978294341499642044639951405737584155237881184282807268150784355464763565583792058758102364694329127582183215892908376091
PIV 0 4 -25.54149422400093531943678427373838337613792718472331287320745257465213003420935239641882666817312178934045744038802957384682151747089189418628240325916179794730494720384354028242478565211723211153196030264780766811433379
PIV 0 5 -27.89161269502071757921478983444601658807697623729119442565002391400373047204019353248758589164035462077658732016941810832127542685762294608896344698194914548531278363347725107437119053555064763180749176768887884473756871
PIV 0 6 -29.46653876831281427472619083788975433056619906943612140091769873041022902208600969522865580647767833372096447699325514777122996531447950004787929990928259736378304221987056255165743140234380360140447447477754608041379861
PIV 0 7 -25.71992383815742500243327433607229077251144931377318795817858115621843419926870986400327843872285596662820137998168160004413125656374524556198997703101802649681886342417991776859023628961199751883548114775277521352613704
PIV 0 8 -32.05880390253475329410143260646834332958684405874590164041799898613452882233751485923763087389757609191997780419458152596107265217925652400872414705579720653823749953408762114709250143144840093106485921056022837427325052
PIV 0 9 -33.89188612243452373776952330245032705281642822730196525763091569501666950708882287254283594083183968485874878764122694783522080013691097472415304326120070289552698917842414293791868616003771236054987863636923577154185105
PIV 0 10 -32.95741359819643869021856509697438165310901005929088330324744921232242382848514889425437238734117647150456189322413625294130994452141462783618549863264086889043488012809047137248321555225177887836388161214137011479467296
PIV 0 11 -33.66315707170068326361937011395707958780770299677175607888819084936818790600929118012588236232830760793365321578304032440716724494635023045108077038616918531130600751728976536562461651335292456541422806242848104027691158
PIV 0 12 -33.97539442184797126217869799059159969141319485856186619771987030566872615208292102620446887910460761452637430149530923700119606199113942356863550250608245272842221135501003880607782860644959530682102018357776460113478460
PIV 0 13 -35.28041721889906918666651659194555078948780548674942810139130118123943736730049735189563546717357254681493712708633785714970096438401015492681925566668023266335532193479715356750565593285121437349846892278306045088079112
PIV 0 14 -37.22424301703014380138558733135956872408979472448090376809395616796572369117706473426265589637749189761157665546524365328827026019959055130443613392302869228154126181688963872678881193755941279171036615174979762526431139
PIV 0 15 -34.25015000412546383127502629067910717405430321874603617118504835982179551759980289806386215901937905897973104422751314517239116098862697562766729299404429605645898109276119151409259863913829913196707927535826531595718810
PIV 0 16 -35.63709421403411143714038296693014296857891711275318392536343694081766152089498940860202297776936562612477127976009639287143108517973630171636425497129586629747427329297462754304706112860666450635077047574150727420611813
PIV 0 17 -36.39645763537387890138494910590581327849930209202857805673205507806222811231132157105066627395348378630376353426192931846644693402350996264030110436498024627052850966973566153707561573488881516993066563474084508387520987
PIV 0 18 -37.03669762721238500138110972938807206844018647309844481702781105620112084253216272140681661198088895434579926884068008386464747831806585182304361392773662583956209085573131033961021651499847687686061053353821197133050487
PIV 0 19 -34.57349946602921155701471648990860193997737493977324415062921152937621066272752203750215614164544922315266141202867363114300231373759508703509161919610477653665497915820357307514835203055221526481899617601924395963324587
PIV 0 20 -35.39180914642839338946280914082590711835862993703106709315905149379997757566538684691181629711205482714422914180835947146364272643917081416903712766336989505876061876458722213454185910742089766874230224795767835005187305
PIV 0 21 -35.04810166164076957728428365871799722965892445082981917040960399448817244016402871540250647429674386359724816239739395842066813796192716628978511199235708027311531973617534679431058889874930836996989653172099280907336557
PIV 0 22 -35.44109382230172305042743716838441847740190838254161714113275508320023837109022802318291943069031876365243401533490202858871079494067751907639980056770229002534661898111594318112300633509217825216380630153624503736716348
PIV 0 23 -36.67489807277753080746628908178585907308615912154939066150635163306418168638758581332995547222178216624437408314457953031694814931671243999742485779436852152504120805192165222342459330714212047906370545282619204391297061
PIV 0 24 -30.27458230713068249573941848406945759235818171213864613602569548277153201183586209894856721331840519756209057447447563079248326167817142139919090636114185576247613646082897248017574745507959899224920612529632246821781239
PIV 0 25 -32.49373652119058395396934833410714186760330814154350849943867812159944414503018297510640974590986375769455309513326286682468939576806227300026305908210653177920984587152634896272789113968282468562043287861293352269829835
PIV 0 26 -35.07720357662575468034807468845324295384337118740429353327304464993736988675231566584085509075055310750715002948167875683348869802441768329062884875688627554922817631728789802137064833570947083880904787909063534239269224
PIV 0 27 -36.07129727872277038808683271217622468453460264402914577206892212429073368932220466490784142425505170811414387564572822568891479217434366330363262303756952069305071227679968712765525337151286218564560392198127583859630411
PIV 0 28 -33.62549650568572968096270186882809763950250375665087274138520448545817563542295014611243492685470664529638597352013280930627044217717227610056826608954154282007453089425199940360622269741196426170431377467421883016343230
PIV 0 29 -34.36451870278557262856519570726697419414126533037402991217880783954475614694953845299948251420727520926103679298083352680483579688318804991097008457130313115638830569147760450847977163300011884765231419496178064551042910
PIV 0 30 -31.73686699600455062650674494062520481598999675471387840328503196814397274975917391762283519200371724440260805563185075051214582205633600654103368053130945817440096318561921816784472973643911663639998343793860045401228235
PIV 0 31 -34.21767940985954458757276900900651213580056514649186553750099592124091618005148275104100213552738927492238809604890578152086401257934580384044487218228032958947191377309628968249959218337361791880295873024266460522430385
PIV 0 32 -33.48229936998109839327533081565954884319395529146942415773678757841174962741149868466194691649156935765059060168705028725731592343798210015102200900469623334272947654146235661468666914645040140722651614876510088395144626
PIV 0 33 -31.63774910568189089924981375064656933137727023084209669429907643119054210401701308306367819398121079917551748015775168687214082941200441418385894840591033761242163705748157155966169154165101270388814086509616455384708499
PIV 0 34 -31.68544265188231146951166617588801190436912066888021279634608276327021342433451369786246286746233479656160200988660366787845493845406968969439266102044710156916124814780551683946645843575107021862415058562141745876008171
PIV 0 35 -31.27191321219692105710136632662086204009607274405810830935712140625170481009987583882459856805789161538011975014992316256498312750149262402486721433616054608884148234246530885325952973286162078882645473412373878345275826
PIV 0 36 -27.25096719567086428820951648165384149080251067210896417602650486859667241227482911195600597408242303058093494878312704945667742779867219686309934069538748672830465407013538289692503430975727865597865966236357765000991345
PIV 0 37 -32.30274367177868590905164875662027506030247317028537671831487310912417730882117414222520540486525296608784972484626597750140853045304006386653988507354072523708380752537403871133325976561193475446829493518841399361634853
PIV 0 38 -28.30198953777818590018325977927429413966077137409006688131777571168859194047584547312495536544613954475436133741456836127851742708082106762816217659507482409314742393447059603897748199185719786695849287529951539391622126
PIV 0 39 -29.64260548553813197941925769519650989131908591557735239996818882603073553660695070513542775325990794875327470895133938073739452297411512597948627547477658215501483509700698575725955989249882076551614195662635746127490034
PIV 0 40 -30.71262684749351428839139807654775813785854538389578421250595893645335736980855030483052170277861083306164078815113795477766403426615930121084408001015422171501869023076563893802481474866632086356217698443722095465366402
PIV 0 41 -30.24576664029047248253306122804847354236716648469690594743079505052291662243343491748468324261724944437510063503302565292361857691329831573180390678842987121505508203970270381611997009691389130124950556858838598389418054
PIV 0 42 -27.48542787288917511203762480614751948182121635871014842451975606725116791543028071366562189612424251091253895150096799042990222762939339048264584345925517828952521453714633746714027478081666994957298520321516996598363042
PIV 0 43 -28.50437209614363527790634272733610135684442992237821949118687977827003708001850673813309475568076858793042787926033738570743179787477986527853087479560352759980133858569200230187764560589321433598389629044914121257432732
PIV 0 44 -26.05738977697643273040854578166371368944647875107740378315053556245891763291560190548220172189892642926802334347071928861154027676524858381783934975626319522548310137943483949058934042362689044692803813636954494880711507
PIV 0 45 -29.43633207274373468973467331809354414057388092458405758545352152417775039359968548963393966896631276939408356071911581921167824907778395138918696760490518464631957873936721577783195054489704248054295099329416421709481497
PIV 0 46 -25.97020367513068638538368879157725677638823256775656382141887947471479620791791193272786123779737427435879867908185028817753803260044323924263805571215941750531289782193182625391569983017107659881567824594607841572567307
PIV 0 47 -25.156215687830272798183889279570837951811920118028036461605199663497459954847611600256547616413232563056054906031420314450420461504978714807286740582027433719468796877577452112450287329289592400137473444389634179330828
PIV 0 48 -24.647621236545660266113449280056846509592760165324594201026429799432631215207579101196714591930619400633360269093997236864804392324424141220901518983007508729135948767871172726407177147852319072118675829759458968259
PIV 0 49 -26.67581902725826513769648582605417100057159767125947065361288928789258422638202311349584228263847537095605964168614195096907747776386014260975489045693328938218909671997323219691035049718035852730926370840084205
PIV 0 50 -27.23449262152427234847571027994333882751967721843737685278544420506430967630577517041241285569356315476612547602549052864953576207788419999056761027423255679575965704457907516825711633472891787484118556637498
PIV 0 51 -25.81779603748869954520627105110000905039301355221509275697841307945535381531029794120290694931360272016971842330177881358928295256349863464109817587648124595893621486329940575405035735900478405289743410458
PIV 0 52 -24.12613999672940942767400416328398304287065170810765108772148730826180883923007650116905627370484621352471011172263421219193992096519607316135024516579867007355465747451728933163673885466954098360303119
PIV 0 53 -24.83896565781386877893555727576902052257019810963538212017805867589937201579595825112053109852850498947566289811710698120867098465985020969367387856252429491646469739925313728752733221420457455006163
PIV 0 54 -27.8500759792937801596714103518505956750024613561596991795048318104916969113187731572951196675816551025440001287923141743698395371946860887378196452046276358625731307657340220732210544201329184002
PIV 0 55 -26.9412254527846189047079625218179590376219445745175349593302647617481790354579591501238890335285286702860872935608139328789490112362475552065357549702483320685346420476421208379109304087499171
PIV 0 56 -21.35952258663081363327832573594958454536591046478263090216813643104079299433289618332879531616802703909132373826690030709107566695004395594447338907176052331321714698134865748706687672984916
PIV 0 57 -19.82683145381455226532093677265839542359798176899869227251791349693698313313056325928044798915813076975199050795301344445019145213648115311492979953768505472419529517239610015177428505859
PIV 0 58 -11.00625524196522569274671799088422564320525128025679189326641561619241589831548900846779933834420626103234964646721543164110711091981288173921673212141660561828755038960802853133777155
PIV 0 59 -22.355876410511632418552623922352428017987891138128485770465939040598300843059328730147000908114392301360333741694536077963766663689583668944469431600553994699812082117252794620453902
PIV 0 60 -21.4111165809971559124143596841589103331034972298218963108186226145248689997504609188435804439801286134155405840545184968174034030665207145305244545097338410146931597574723716119865
QR 0 1
EIG 0 5.923220670482498627074304937327223318978486998882682380354119687368397096777709902762904489038301346031191674496498709576080944134236765764494524201285804642040861519914381085488553187301743335303424432181965264057330358
EIG 1 4.286489790830268255612388293296051080566770689183228903931784907984032787679301056318455848555601452132881537069389460897219131160019196612402350107792043880330677398017867835135351318283622421893022990095391314288192981e-88
EIG 2 1.129975036898836078491893233522732462231078626032470950537986207735055264656261181076157580878835818499240370034071663096535444355728890672405976895784060828761953400754032531538620872773378612168854091508775429356216878e-80
EIG 3 5.044071122642459815850672906566448849683737036862636043061654444149051646712953543474061631160096990623448456066432109898791361935897760842467334600025031319803756765918802597744833782332739912815258697433400645585223360e-74
EIG 4 7.412464888592556319002485590427862181838969860205338903573960151758514737402228917459725531497460383188099024195036981293333116022662589679267222644843808419845337965169054428419202058878492601681427015868201637814399174e-68
EIG 5 2.055095342891549895964598858955010066514727323962488099302865215639680208270678271561821410210904861885993793473089926979673090538897958498147980256465561938003433275144585087881618380405525009239378324002997324981538458e-62
EIG 6 7.453421495668298332736858433262677576622842893646263095920190544247717897429993873561852855185695116396780016567503781837447058095629028153047875749088212038490736684791731112519457065434858414624325171168589488014464613e-57
EIG 7 3.932422544461663429353489186807156834196729128388815255853704269281461863686138307880319140751768687264288942340210665284550085527471727762975233408251321409907558467604098912967122961274882556193597862570587980712409441e-52
EIG 8 2.324085381891075925257826524617472484137680720004409213945187273727270139467177140279253617363425417214744864520987203560441350775765561461505672532625868249323771156171304323628748505245058128859627677078232086408891416e-47
EIG 9 8.110998449291216421353829440821540917090937080891740888354356955108924688617950084302489928564051891108250169222227524639210873489723658498264939584094383200141328648323494404829484609754858630671821242314551978060571630e-43
EIG 10 2.178348045555774371149781984201023614235380497221375112868088173141359762721545714821802325292283540683293462537855320153856103041007680081005738917726652711558046732765245017092232149310198598522815792451304656551421905e-38
EIG 11 2.593859894737007964205889860577829777602519208194604588627193532011799429130011593468674877721693052260388009924506021626237542170657224280178073102136070451568294665762301753279362880953602492005314914426605518590149833e-34
EIG 12 2.319829678549966824131488564995740978246237488385957265014170069958368718763304422601637205043459982704195179684933395362229921618238473111661962030429266836728824662246208403078786995385406973223793511813115561414607468e-30
EIG 13 1.640413697179724420181638556625819087048586236342353515611904462880631191745040567099917445212116927550247160459322403012522766239211294388210595400754225474381742136142841109182563435105117470542692923072145442049637279e-26
EIG 14 6.225598603147243942131586470514917557846281353401475506922626901028997512581414013411619641217899958850863330573972272711937796302612626682502435946583419565230545775403980684067062210797101812689529338869989250659137518e-23
EIG 15 1.645964665343122800433873020150904987568027906170041518549027101144866359012718974249431488210040748941769978505921097433841188695789438641004694516329992787445974165937655453573115114773334610765321259636290257294687736e-19
EIG 16 2.883031066066752298621358023651537764119514413772002534125933277520271570264394725563991736346819350633321281767464702968505969998245440131738742832980012257082981547443467690257212489845575588726698916704462364905569185e-16
EIG 17 3.802743945154809356459852313095606615237818707964634755059300017031237359444943417451542232062675927312422838320358650770565177110201556928583421159964438682357362834684559425769815743471002986644876338341678872924153429e-13
EIG 18 2.484031667377686237687568699900638526450908788731253292671475357568457134687341694983478636325816609713993700097133346275080301524597532433164900536558676323343433066666392076036577264099338768606780937202762647492610880e-10
EIG 19 9.355914825453752523548623370506132474183572844883639413818363480670739871688918903807562863719616406174704148761123012624620652210389501357893974215397297723365481246722910019817782747019999423134744994144839366246698915e-8
EIG 20 2.757558590452517551929346744768550515234572785413360677086079403250534617552291648866487630898065313529844194030383177695210347695190426168357445682102516896671824247889963064226794860245001972421617992470831976360699173e-5
EIG 21 0.004461232586728529670853356060603738102043400640084797088406584568098300644610302364608625472850368016859674422496136466946288848296222856156813944447234823270715191446821193081520384186212075576862838845653747132337620518
EIG 22 0.2119070440296425303617671153334825546265285564869053740235244666388165775862052311727458576193783714240135328892034374813805240482333783421489977638896810569315902735219640634349827501052516480428359431750584738642837154
EIG 23 4.969147523235835765187152638820197797785408165438642332501794886759739052017498928354507313372589897959932466822164701316122189810475405114295501796133889158372114162062438260491914976876215519894164661368137987806266346
EIG 24 4.708716020984375541291354403482005698662109414159804668814885447431170669309044753188839962355827796103170942276366193017777869847864969891987450003553178600900051075996564288169905219933073970582637907247467911605702925
EIG 25 4.614184354854120839925126994721205545021906345637008437714943325137833679688374775017165135145305961819480792618843027499949880042925981268219411666414405978849807332331331932392403512135768812899424671530717514356628053
EIG 26 4.428814055625626933287298224610774047837067397264133221084449219630607696053635637410286446139099770960380524818356190481361525683883841811730321928480034043511132768297362108678991981082941913746358759493658777259662300
EIG 27 4.347018835865070990082856760293222066170721974340584085341168176551645005700762400245473172746501997776188077578824954084166335373127773960855857965932585837227881293759769315734124094780192544659000145844127299812391318
EIG 28 4.261176257455548885327356880029266941486303330503336774623328404226118673574950344073075188357977169884765441614066847044182034993385928551557029517289329926218102114138133770125413065020149264523700527502285543160152681
EIG 29 4.167274787902744788250874574140802359979133816921688343323789838722492082313615052841334342030908294532022018906653965389021402820954756184189166393624122986291565636720288093502951689326484586005115760128978049881495701
EIG 30 4.083386419868206752743193916938543649241235660570251287990892115912576470970795175802048295741631528599707244145010416603833060308956419229878461624125699217171319959913361710379349706643434903785516195735142053088857196
EIG 31 4.025317698897943029793124784883654886000120936761506778882360455537316678919101813345179688894687239420459524321322118686522440277225399220655005950967039329829544342009697011664295539417642192758270255162877694883727276
EIG 32 3.746397956266976504376789081696126109308593935584208170563425431539708741186842282222546029221550347504262824927721607753665487741123948767921170926898544010056407165060906636586950174694703573685713835998788606604859020
EIG 33 3.663732754911486958915219307036784398732488965147299551359950631581615282400569276759958397692613947161808978684455453291253320419437136474766494517548543330858619162203833038275953720869029056273578585177272045273230991
EIG 34 3.637825517062592237430940705432266451825297720911220001395349348939002060690338711693377120589254690962121986236217288210111730062318758798222454071271907762024908566453977288301796910430341966484897425880797581388984330
EIG 35 3.605260146269024348598455796836274751991219232716298383187514431865438391797893392718909813214572497364801304137398076389624334942823309200040822860251737716708147277472001172971404836787632724013930506793326931499458532
EIG 36 3.556253853652162369549366153420950311277626232337597982989602328154395131785516337573622552907601787371403464211361724280205042692262684796231348109769087139505139157204300673655048604780592342121419622012288344393661370
EIG 37 3.544900747211642181227505245717099019190907239673119744003983105831034049637555182053642501956597274998240019514236261480269297400424796684983758779683615735710989598102590967206389027656623221928497387265152759536393978
EIG 38 3.512868979402852432871473790174435637980218209217157119821782072304597042894129804373945565658937382670235696969649399337782559104005243706135557152970751251298237648926203590254893613475465402981586790185970172408761011
EIG 39 3.458395431555830192629128059311241189573522409947878929863766459015708955292985186961343322838632763273080130767016364578795293895576786892415020118364738469302529327421105500595516881488696348888997785781593155312841322
EIG 40 3.260335991576124258351108136013171074864417229577634998391688024440467300859903251786074882816252797025365449446213815345425763110057591496375806861896476889640915553854552073946219148181642828905737731450404462903220890
EIG 41 3.194632194003036513079329152230160115578110551554879684271254551140213940626334164613568696163267826737592623218779389761528723320408198688474129178793207085798691408820680623155124400262292260695139792513067801324351576
EIG 42 3.151667028047469775863829838897639387469858002403261255001487757276856525306858540779297060471651888662629009723650244179870569534686124871769986239122110544945573693863726091939066148947980245830966464130481001666778280
EIG 43 2.892815544597013415979580934231258003372004380598431420197853594470269414578325069714019158837780729120575185381936623298155398461057954510055723694502908046623607157202380554844690502351570178325793501003272604283848528
EIG 44 2.721184613154516282012416083043636558075484142109470026921453382721999214454913388409413128814662159041510881386180818981165376315420045155295502504511209367394821203166443897884074333004842188221721441422341038468460833
EIG 45 2.664490628174412820471940170151996561585602382777870118314073000239872525343325055732273143726297057690067667098967372021272436809813630125496604380173920107023867425619048968078603182991550587627725753747015555515105543
EIG 46 2.650947568003308505507776374793074939218738744969616830773949736590936867423400887324176793240957095165092300361875402796928645546978584930653047341943003607389236587297939730358506558918127793332895860820780120088500094
EIG 47 2.610207067103948563576861117921142593763972791398864648494579593482532456329703450116145893465876137644510904408542095869571018151838827223413830823722651882664426865766715645755286765537655750685050316092701420600074233
EIG 48 2.539226111824416580591581806595673520048808011653859453126250877981321045895693431041677507174556956967390578069039360066806399702733902670184219067978048777389797508456891538364089360264477525941641111803503208422169284
EIG 49 2.514913261465119323189241730283287425768924042386906050192629135634862861023641138178033874641950239465408863828162723604091624334187236248248089972413797267559254657227142203297475233739206918498765704448005482568030273
EIG 50 2.484931421312799100273822012949008876127804617297587448698197400662469474233226579638723697933707908373033664812252977382685924665568042116604376657664489370648087298693392863076257504668002435378333844716346870759235019
EIG 51 2.376486220999914744225757571766082876308196297431258704482918810777524529025396799590420585278751194377177397677607566131231631681095740499177949582367947023099246009990791709902624473206846435531106717029530542952013287
EIG 52 2.328337945458783393998964644060281540838779649540990110771231348467317033968779363750358945059906467157199422648293066015487940713362591096514973209139099827142985275233476810373849172339223198282197132803071193265227579
EIG 53 1.955133720732706640209805182838762573215576282367684825107562559120452448880957727102508361783451067617386098232166937144917761925106527650201907383290792894072844297611673885822725057639997885273195108437045241934135825
EIG 54 1.876778478473356090116482427710226099460195806651416861693912881805047316761040018109312306234739301441364664530467731913088381892253506213195945924133434340328037144635454242313868078598638338607461836131007010766032686
EIG 55 1.822455966703980993472329168855963932854857365612822257111314575680480161516770294375287342609810990217653051185671320886538777886391979837718458053817974766749048545139007449223923347166910168470052060175259978411239471
EIG 56 1.668942875476304039555105211459783671906290913309467523177514836521494452798139462850510479342245650531256986794420134467681282684965544742176693702974069216108190745560972883122634857586245029957353058739397569700269944
EIG 57 1.607580653760895492649664251362607396714730592916637823474196215893735721402822895077020426524219482243033455104924374147209287079933994626325812091805075592476475339324426266716484505752056701442333539582169481756280322
EIG 58 1.396484378038009384080840138091881216820737252040295334995888841667232766834857520212242847776414831660460311503653765406517285673873245087682590193326406141721959198752099111050853041818327847000581709634112604979051067
EIG 59 0.6604724964078020278623943177472617058783582253094312161648444935342771853986842900824921366803924708005875077560720352839656765378670615014886092727404064199552445981296386753730039726215785287402681773448582776384098875
EIG 60 0.9437297211274509520629198930744888520858190792797597630615075826650253401122803996303256676081753259079125119922562450192875659809511932624293656675658941299576659961978128048047605530168733181026632077749508200862776629
PD 1 1
PIV 1 0 -8.378870643277498948564971213131505760222423748065821003364990788307101201978703790134166815633199598802040231129414861972110070715129427009348890673559685730408976350332216104677654256588081545423641382703733468014064540
PIV 1 1 -15.56451577566040412170111950123395211301441281097493747171336063984341159926862476834101762517235087545347808850080031907411669014474134196274689180322660072686123420253883824457420290629510749294086486976722714462402974
PIV 1 2 -18.86329768838632407848142116822697991919460409685163111107244061411032446291524676462168066176094280405483092752188717949640615251056112937836045806941521095889326484135506341724560172382246704987318458626675576339523817
PIV 1 3 -22.32826215757660675923476178476260304507312219086129987624895964621083505019523941295049152060032953910351409973804361966003983748157907750447511392812464558765476479079698003169101347300936437445095802829385224215596590
PIV 1 4 -24.74661653772869848501444605830104557506123064043734687410014786689325314871812594894470071561772783638301627659548336293643655176658048860330758238121372410851381107384027949923010341883362467230557739685685376167311695
PIV 1 5 -26.44492844274008186266420918026757770136851043713520918461121524087644238167581338733308539327763704432153172402721825116740816756152210391854323324146361927924506082532961525445286377730335778265595260439278295650470200
PIV 1 6 -22.89478367082929506004201857368274797723092060225823558357050860273500608739372174747731893691890825170419580578970602787306098544462149660251732488538948329727596466899878352177124524228497078644453320419030412154116312
PIV 1 7 -29.66283201449441925075739148364076770250165322875063737419976879631582661985140595880134814215639652075554351542299262573977358191700076544298212830396944477149949568975389026436815529468132305903655703164149507228380556
PIV 1 8 -31.36857083699929944023142683609955040194729095324403410313714142333069705933433823057513646072719731668782996658983794375083083781192187281280412297034063042244994313889048779888450007020127019227923546440725237788735162
PIV 1 9 -30.56643788197265927373019878634843956171237840344590307379342884253640105412544175090272452438085939347692916855192176951969012274790908821530070751496423410868071221818021495172399783683442952293313720540327910366176400
PIV 1 10 -31.26949414651027185804754935141516244158691165751395154460278091935336033625986491626810451935628386951347822507996129963333911757565769132920911133814601081169168483987610335508515875183297459934381101011201731747711524
PIV 1 11 -31.92709388467211657157925139692258542091971455329186687457632272657645650234722707910494922731154527085336263623879237361887312082336341194648128633424408174357834267999430770197021736814416705481938305643768116971914441
PIV 1 12 -32.85745512562855833281979905268916572431637303081675269321704185010993725120795963086038241466181287247061233856824866306638408616994751501053425576896023701191929464772515616934569601631924488085306704696915678285363472
PIV 1 13 -35.06979509703556756398940267039450725412055545436122504192943634172631639006432148298923182599676853033122343380366089104291284874953981490496567995849700435329047538700704159093581918720594019908533741524748174661176237
PIV 1 14 -32.15548843228413819122581693009932903080762904786122336287211327001164604521546888664106796803305961184251259430145589498731824988178080905093978947183844268739845322601179063976532782837814877717485290687889383691160343
PIV 1 15 -33.59574327813090870765176424072407001286822015546116471118335178197078673903193081847734610360323405204252875766431700149124421889933464281134313223394840061246135226651342694053279659491757988873709959018744653778430269
PIV 1 16 -34.96782503159417589327917597193682273318866582997634302247399277962082234290265370080266112804485805750173094352849876390669882808076140698237632273687580544400027814522188152291437662570366586496633564453317438295922684
PIV 1 17 -35.10190859989324780121989810082423886012581131720763399212178267618228499219437214741797227053511813090241349488661836524246626854056195456219610681964990807121082437367392085898890699586855700548695131714596895781441284
PIV 1 18 -32.85314912502455280626577743190794204636575696949248237294754993320781795118973628633651813704713328671089942931253813834369501431866217775673567590051855355082738425680947653551256027965079793975934839391586103551505815
PIV 1 19 -33.51742320014793648765763531873918127368150320528732161932482755870696992851411527932083415590341891338797532111245181887076760358226356736958420696017151155054549797183426728099188428931582741578303841120683501178005160
PIV 1 20 -33.44837043624598464551671539021496913260243155365449674681800410453433140460195026192475056386417846866119960643601924482766199695055604874959610202863373455169278724581995812608062870822722055545396499408912921822485914
PIV 1 21 -33.86281990809557253680380900805112048571257192759689102557335689800775200273773308207799921655834237014565697603345193699979471878734686020308968494585668666705978470511527931388348950345174300686140418493863443742768447
PIV 1 22 -34.91851367256219536581040537862997231767679877547095674073325646682722794207818364969536461807530425735343995618954874408512331035373419043242903094919300650860353381404887119001073917042400591291939681866566711041591810
PIV 1 23 -28.71092266344932583051403979952765706635174474733270227496521031039972447734785574254494696244835951465560833370010866848618407132665686249111634380783771906149283163549641168504684672943312345358248471355647697307570504
PIV 1 24 -30.97453120431790721197997106746852551631453488856627314375223336700243067024593253839976357775117349458685866088975802798185132908457211368526193892591313109573505241448779771296058288300591893981729039417230181713836502
PIV 1 25 -33.33509339392949946993368651133167538697600140420346563232407860948366989928849828391987608050249765130454903880656219938311337323912201605322703109493614436349989049117064879393117986176182185408479662318997803126114780
PIV 1 26 -34.43653180665916046441889781787194635658023361995479488155305638645564165951219347180841057879166424692678812887227719052627173700300256207810497828170493710298813123843231406501451402632284316054997740365443324930543977
PIV 1 27 -32.26320762598002267536191021167702395936781129089425510883191542554940432506605600071489316481803198098222756772201322404221670038169737690575550576408371652258226226493323262035236869777052989844137805083681865003072502
PIV 1 28 -33.11052753503916895576553702178457241256933502295800060412755496409493380676985067947816335471370224796494823488212931309554749180091327690240859757726145789102153497196394634400840854170684630162837444719587920263991287
PIV 1 29 -30.33531241679260694361635569519510648097772646655991853888501775641845315755212787984479229733005340999974950434037907754110445041616856639392421156470246507742474238217469087980353579456351874742743695448193636591288018
PIV 1 30 -33.05385098084711660910658072885588149173276885068888691643486893917108324374846579446968404352445321582293584303207635402222675143027290660353152833545222404728155236133357916851098078905706235478711184056678856726969939
PIV 1 31 -32.05993346018222203937623303565096731690467133839608320247525741826048346990931211950324990569515134177567148109128235762676075923549640392669531683478984317582133584125383103576767849855343885785598624915117466539937948
PIV 1 32 -30.26752639161426363560338081052948202060650897163590813656240585899612659297657166297046139134267052149827806286869708265451688239879927066871456035816483647024830859554879941404494627632493649874928011000838601576752561
PIV 1 33 -30.44786706728707747829021454653702622440931058452314870489020374609912966290423894126246300708611346821658346479869007331800629694694967355137989158504707091834469067891228773762911842858657779354548608166755880519030483
PIV 1 34 -29.92137438925638487852952446859619188530788949938906276195968634293258120559797768751102846715836442832389925177769666662218389955269740237911146794772710274125429267759560559971879954137683904124113418896447617725927636
PIV 1 35 -26.06874661902123266784893955615694312713407018900243060424554719077598729916449446974829786967541980259342028268071729161879566402414583079179513036565523476505893547672593989596468939748234854482866975886477769523808637
PIV 1 36 -31.07252620122574191472143066303459270229348050494548257204514024029072042066836328998554272564218076188806365349106873999742115871598884866258269190705891171064907325041335211931692742593151186711347322659560604210876327
PIV 1 37 -27.11157856669580141840885031655608825933242626398629995156462803834494721628312286214599578505883440464403063056147248067170330408788173615271054831907721523183932798153334847821090800975396442661857768677286248772407483
PIV 1 38 -28.41689145194882345034007452047729179723246963059995028954569479787768991603295702236110304610529762580155491951842566217507863639212020764823419052250576946183652351465851064919476893738470117514548982782786772151221972
PIV 1 39 -29.62799612444737710987646754136503936787833204967713508924914705422733986747543174354553314410557459125871665760689445347349216298850735643280034939871183215013125155628006936720665985632635421612249958294481465106511397
PIV 1 40 -29.01614766738642276909325094822388110429591568132556723882219838867305836825297202133892020739966577240854455086660275842999424116235392971544177284555821421904474973828029803586187140066786437072094327468254362952606443
PIV 1 41 -26.54854148157299968719604320923786946226307568130604049835270786385489313077264469503714217595363494022145316045087337740587595465465851866592198211300076271538172200133841310333206670057197413841488045559069760333065062
PIV 1 42 -27.38838793188714932334315227275894520830093893869131689104257051124457621512125035266313003682462163912805560788744152651888743458436670444311619895478977236390303854594648475611954254847921296844121891852193208934830159
PIV 1 43 -24.96486588977081125907533621595137904881778802387914351670933133561100152121773375729481877562578226497314052191445030684704106717654105957645352619892511818610880919249307642631912496552328438406745158742350569388118375
PIV 1 44 -28.30447132328141196094247648249309882854110851663428342879660142728980216022708856230159402023465963971386034228339348842448736455088943696111623511916501879522393048677222618308706809403473588273556655287133715009222634
PIV 1 45 -25.09759083693402279371003832639274269562025966556138591949072064411428382978853528822005642842325687144098546556226510398815678150581468689655775686722053356753571704811427146931948087196174443941915086604723427056004620
PIV 1 46 -23.93279291207979989603163468176386075936466805261204533163158607249483380865519973849534785703555509105969192735219685007776461474450713174485429785618947260346976998578158554736986101555471677425318531043755248544055220
PIV 1 47 -23.6860804582106313898102709891218036115820226248541677527282687096128503821068559135067522953649220632246868638113907414704094754479423108517178617149051465632747100259567274731395119268272119966076493270974616992654016
PIV 1 48 -25.6408973311171771044192261847848753924976090303066105124203666438280162669639542708284352111366202010425066017393302213385137095840411691222593502490139916071592465709726389143279461810471522921033179971889324007273
PIV 1 49 -26.2398690480468575376621041509354832913825249164794326192386745437706633576433571477718860154925096130319208394217458113957490840668514277949479590533761514653359605137323194882714220632364359755782844249774289961
PIV 1 50 -24.9151811903426473759785790229305845366390008628363494455083493571401611688089844678000369981983185390625686968546493452194387190579866410228105256549217529598097817183233534141600690897081131477806226240874146
PIV 1 51 -23.0966065515801401156871734395191556052291065410839065419252424130220038958855172953391454185868982550295789037754968451592311878497535883337049394184408020230635660958018502568995025764427598530235667041654
PIV 1 52 -23.8177640256268849071027164956739230304459163659856182395085967345940167256990443598244940851183633151460793444478089838382551661056203260498822096511016415649451610428051497463996723389837684289747164396
PIV 1 53 -26.821254846244145762689417366071850711574737908980151015966926497834200779387866522634402333983245753857318844370878733279494662400409390105372854867513196856199452800962972836728180181085286008090655
PIV 1 54 -26.162476032068981604846648586649266538342892870418170195919581840829759318941094207832031693628897021046327134735401296281228320791153950557256728825092356008815308113095376569058891879717301051724
PIV 1 55 -20.7623472866751300916579966753594147194973092674542127264163889972506221914231031369157440704624162511457626286815886021698955599256113634085746663923454704394129929067207403570281494721021644578
PIV 1 56 -18.8485316045394690746699669423927261830785490619946774169397633593537778508464000366032713677349710807516104550852851845376229017326620068021139884994226714818024264791609478907880798284765191
PIV 1 57 -10.2827441965079331440231735803393227082663582414398639632409818230369920798476862675614722751402369717348618011652981100332293582674206119888612335425755874499700243412531693505071801464208
PIV 1 58 -21.86338451591504390913479007672323934702438223515320133203543885992276259941887002712273050287316255487186485294844967752564058582811668640028213164516768402792811258111816365487370918265
PIV 1 59 -20.597889617112848481092579609080837614908953182213089654296994299654962707715738972500917198172007623490251838775774676020890625204893447743667751270915189564634760735948853738134877097
QR 1 1
EIG 61 5.930857049618156971712635452835321245333470277541678783653877798063037260888617152168147840075399812392639468733488591668604617986577163077550115821675081254900968871508643604747249158195787750818828748691992129934300731
EIG 62 2.969133746947382944215976552413019026036491703869255902577881275470034399624560494548804076596520385123750547822262297522675470393372728391767759368504979706288050059655725934627804876067351028453345242912077364893372299e-84
EIG 63 2.745690188170230899182903128518354748487003574719064340858203442421549410442921880694997479842242486240265385484735647484319419385429094141248476528441647027852130687078080301637324709885633055030517312386836445489286629e-77
EIG 64 7.527496797228899471508576880130394587282586223856507056534245057080677080105320484887656925944159600778961174345373397717145026313507696607797738560515466144665394296342475572051718884494252384997819324987262788827016495e-71
EIG 65 4.047405916757802822064398515616773835917589350956590184980142814444861228443965319077100276028866282181904873720866683520753278924998769096257915236170007830474197164565778977103664448949739827404212321727768636375059556e-65
EIG 66 1.422696190229677603971175436379756463787237375692942263593197126951909554325448749974202518921693852347112097437580815881785641980328782313930728364641220268249964738080142411653147873750671059716697426941655594123645601e-59
EIG 67 1.816505935606078283369946497401548093781665115489305067325082086447560197426507610878774982521382373884911259736855903860629724758746146623917059185835499705794333958416382774716123868463631567239944113673646756277956196e-54
EIG 68 9.990931434434427280329271346744343111057494886725167811177472350142933542667815944595558552857044957346230659905479050125052154957784740100768079688208911607542639806470474935786930498014977123995135074772507832876691626e-50
EIG 69 5.014972494105785730085722035833361503348811874233360361843970391067243980932182234695968786454448903102594935503706382247412248864859168594992381053528647294946221835741327599118337643344197694732663056147726047609708230e-45
EIG 70 1.218918737568428507089310567856192520524818760169416949449149943750592009162608281827510787276078808481358876950966338127172866877474991994798620848306692765166473405119661142084516603259586641790236428389341792382246914e-40
EIG 71 2.825423888571746677228551659084321839618129699685120032571525249729088703384781373568296130723568310786704301399171596053671580247183523487094515698673444402875148085555104308577997221125829537169066308653381140423704911e-36
EIG 72 2.061708181130342821803750545259615529913445757414888456425874061376292111319236342589775629868984002326649813730430243535869496217228241849370038184460629623548509725093400459576693750110587166410056434134678820881778433e-32
EIG 73 2.534400341033699344560425531402907417043232676403805319848551863045823283902063520451693422607220579916809692960127280608620155835543085209152961086506940163296642458008991091173399463536822353631756869287905270023307032e-28
EIG 74 1.102506355591175176189860307266520458255293573411000629467869304376115978948693414854791412436106934868275458910777502519528155970823733465703527392309478768874061728165767438686887673606188446517706106809155362637516762e-24
EIG 75 3.216036584166079791215614902496471341921033277377445742697119348591457775245889021263270976362760889751102964162484011334428383222131581396085219960760766266604639917822715366441372362539429282505048121516395933029502025e-21
EIG 76 6.205009975338494063606634517356345880237254304522957380356663742025544334621267025406171400130342546045030934231025549089059506798527852885066605140434278211901775411884783945709365369364530806912370138753201938464965625e-18
EIG 77 1.239521505069474828940730953259745626311869416764744154304174953005929381623876043569495602496503625475010469184506278510742434823703415164483625903567515715393235013072485720786058367873018479945253013771468279255984765e-14
EIG 78 8.257674905713187871128089544987646111999928275077329112395621539630013098115668042984390825007684516380898799605027794087960361657594507149454734531253487963070319318815291249258699084940167819125775020428053224573989422e-12
EIG 79 5.826855764084556531246559251512946887182368725487726990111735900638028688923069938926755970851307397995844861390227153970065885660120368255447939816149783687906385550185552851162378942420726445474576892951983612074902856e-9
EIG 80 1.623523267286544968785111132481926245479870479691402753342675571521451868828201385561720264261623185951464262104623897120201561488174552516623062177829175289036407453431044973869475511144529148755362872376787586302715581e-6
EIG 81 0.0003993599289263939902493562819687461052792799221136787268620842810956075638238597345054526821216030452555627640161135557385323166433456319647104589048480640917168460139961090977203102092313315917022647460855979237519381253
EIG 82 0.03816401952113904311933504588056407403644535788474926806957963774825994372001077854820199729996610020461531304868944483778989587797336650921850697049398032562845288317687172529337151887974750672590450565711776066157599846
EIG 83 4.956752566709949606684912720853101479864261557675614790957688473347851786809508347629056767650468715622082013838483660662797024517407854069401396390212647368480620242034154424063538100874524714351863947478514014422078103
EIG 84 4.720598715715092516777801400418031100164466154098902670574244362390341684209058930957892433569230325384656026549280128407648702161286667006891439274066541567827818595225047048357124666540750827999291156267094547212671388
EIG 85 4.611745625283574832044439985551572939537336540904980244158586556503949939046684556199930056222939177398977983239578818304246539996374089579682638111083484497415024822548327175827702307302586588598085753423547402493617724
EIG 86 4.413493217849464242443025664208066927561949263388408798404627064960291567003064378324584199039778550348711227848535812640822349687260982526590704748518080330029033079119826251298135134340260887226522349124374274126491975
EIG 87 4.338880384590989817778112761101767368373255897693635976270657747276321189272928608468998255450041132273945602022467792596158611658542600548298938779200535752811612016861439752486304824979537557726851081157527944498947459
EIG 88 4.262107139954809631033765626220134992472805034818312712119098506596073246029357155150090012703372389460158749692751012758460768545894571138942946312719389507899319524116578257377180276925676799293352424842496181352087334
EIG 89 4.173760167326754462900550878318133592660374084538871887216067049859602310111760899869137378589943449069361907462593515046724159128476322115878346124240470489695632761276654101496646259627883051783684647902184044224712928
EIG 90 4.029714867260738814997086701186954299530076749721923465146685366484501534534124325764321321773137144680364614978616994447828840621123879367443115026949790560660207571181478620776879750520811220651071774363202051831450700
EIG 91 3.748653036296878511741400317782462384022877309357549074275794465170381874200257557922616473712851448585573740407138526327760188429311146203112447475432063039782009058903637103698129961775335323026443078229119232536540529
EIG 92 3.732980940173592139954487433911055699244994169391390747253635588324154686530607690840369907867367331644995381847174993566522640657631295881106543920228716396168935936511800827212207437672270685372792430208913932974700413
EIG 93 3.669742516713986680638885676064191701390543763264054940430846361815035050663617806468489132518362826625329026116319296678985525254696863764251806864843693074445407187683239801515009766868443799986546026292730104522586114
EIG 94 3.634255984099019739023358742699062602528789607486377811641854934653955835368691150216175242126750061472015088277054654334631412239737792528818823981030480071258551972317239548892220086043800706795442725421013509399978796
EIG 95 3.570867443135415959644876053172370070350022705998087944596584966805408411566578630518039045831417717887743493266779346631295707700406683363878054958671818027610510875309461980335583827183867533044049332367639706927456274
EIG 96 3.547502785480708277590245189953436652054888525603795911353077181261996831953511217467221446852065916672644237465308810343163335934673891308288611618031972977511966881896933093843952844014210563693579525158163825059551740
EIG 97 3.511000706910707369000972359788717771260845102863357602191662555445487560120353662377420520982419674094929527401118303237330972547571776679776523340890329074757556071895879335198770746296448032828897443507447652289606593
EIG 98 3.458211693109379703492493986543709278625655000093834567959898907317862979262833728039595209826637295042355043514378303140208324995350438622423456869355013205186712318551213040863390519804569201007203072720527850916050247
EIG 99 3.271607502099194820799967627081689894168636383974510919046611549662422493707862805089660832567147451520105456374584820704338260118530415418013379351283349559939048758910269057405595029484882265491275404486888357727839955
EIG 100 3.224106504456353798865475080443530438455590598947615099734089677302960429888286156197534206110052346319378262392340664625944305554470652967846275358246636832018065975787873117942149971546566132063347618299493534850409296
EIG 101 3.191375598717424981122962917586672727526674903917400562621426511502516718342156780038855570018215069611764511958118794000715207994910187318150743314695607460081854947566350542110743668407291878718244734356393580907994753
EIG 102 3.038221278691991916800955778803380128485350260772797442539943615617326738701562153681578885359420522465742306808532886408280939582743031509372656578885642270015955342755440788259339642722811808758941405715160300397719679
EIG 103 2.883017029221010901084417787480736583825052577675478670981401626860037630688232854631003523880875901781768094063558213112779826196509793869079744520750237016794773649703645429254297275505445277775396650340197875071035458
EIG 104 2.721962022640756735091337184649630777018739083810563388222906058568110927127244580304146357297713041412612763203386045623790347656793347516872027998019268860314082085161106326136109490739295873080716808995253644114455004
EIG 105 2.663387677154455748129687131826382794611634414744335779865735805626831502405755731305614607170745460687576836017513723313740865184172842985732612211211176561053362105529008238286245656723799237833228549466989201115748779
EIG 106 2.648522469417923381406160433558572454046499885050297250988247897694165188137274480175946553011854271746045418191376996174163131829005339663667524014863535590605043593632955549749656387494299815777890791141213585613002338
EIG 107 2.561003154091539733558934985480087599477929412415635697714536260162681051143767872635567190654353807307689126559671080719648468195172308050338733323122975132233659846122539319090443860624386530654661960500054684251666893
EIG 108 2.528792679888672970811990463439720520989858359459892892028380018602805027664502774786355158293200458416035191138209301168696182136058491662865150370154848425992864351315769166693036424581845879077916778069946204542402877
EIG 109 2.484917605762789541013165544685263256449750919403897937272308867036458359010619070390329316946881168495934173527198502663004186269304808252752408238200035615048249043814483044351921115589037958116362966234288866755810612
EIG 110 2.419717123211022420187059943109917791273363857356044387637340245540180809907920303282475471653663395858857374919253034173732227510879476388410752622729407720033735067953219794779368743671969115640218316222542387531713726
EIG 111 2.374346665695973068200548568282823597359880276589551404962162087828439992257430063951776650959959752541328811033513935568014464210263419307225680700041383330327624510331588866825010120024282791726757436769778865137988059
EIG 112 2.261291733213383436033050429542531089269912961342093632905293090605126246849277879351491949263946898964577469316374368127899276283691894343277973185203923314292423869559876603234290372118049036702083186409448207828574542
EIG 113 1.956539099920253996265938854882489198146309292628652528241686510033327493159662000581761878121792971640490270304187743462497269683956204627220404836843373468246189465552572351142709286672853033743691428393110832709800060
EIG 114 1.889586908942037239892347496679826016846052961788811787505574518174450207209229502180129823607059292810545173861116788215800233900219478654356548794469734884559165515806844430397720203097752249873678518783908644493190686
EIG 115 1.793476318500292436585499724005549704610848484099614320421796283469399923444472194804554066103342481270251346205929244905189286810931606046009804412838495740406522309044310580929455027869543844626758859076056166987090403
EIG 116 1.670274654153251991638698585144149092636600762286840403953003935629862424625488795052392725015894757530239763654431532199331718034378111138706132534025049620495033990633863437306814071476456007754383834351880335742230487
EIG 117 1.553759351053853318508875931425428346824431583071913612534008464073084590707139460151451172116524566514464572052042634966121790659663309682540932202432310442745094343660806975764763547485019827443279504420669222839989446
EIG 118 0.5166289155870883487801398641887752968053578679633598706206974397288936992924294025028091888475286684922602830144106547807508593769097137739285538389279880389391568897637575034459946919515721248758530142282394876142840356
EIG 119 0.8339608259988240082244627628291451643486696387185230337241790112298652645584819773955990721937021427791680724796123425849442899032761166320496145710498596165068198898158896592042586127858716441927803349237574634009495789
EIG 120 1.083224441687509135221604593709539906702073528502435777288168001538084317886660399914504626173031119489268960003286548375819946252617088909252499703837582612633901428633310430386848396417284957520641756790318224634423474
G 0 0.3986410887195879955885415646822853208010598927153431454598857263356040445998889085115600634435099036946032517713918888910128308343054023727687496969139304482595415849146665635693391258125512327311156794928185846359648285 1.005578068797469920070446049044100157491323611126808149372295725044821902893990473528115278545828144254679448352906170887778113560035741139845156192575046141890753215785203933309818561890550486005702023018542668731409244 0.7493309221963319526379745538655610483931540185130539981076420838270517455024268473012284727203945358512048933945454197988768139406921098763269757125491695410192158744824646997031165614830040456637177728917000071393663761 0.8131388559073299620245344780820597313342652430014697728961596780722185139602469037321310333539983980720120069574250069751771778352897652355429525761769426877732245633764533794766048723604832108569881801133960821550462381 -0.1444550270791768667000680279176363181233971618692058191196150098426619265044082293493692798783188870464690418773999556820350426143059816134961928424892877703759436100817129507429714662195488108720341873100278814811816723 0.6953800522746875570607223433313208986141771776563629684134502817066582661972161400033836295242942716540238996054632289898187299644447048687746661494853674367288982554509215448939148272587209166608106153781238923073975476 -0.4361611621422272108316210824405938788651196898106427007940482620151209506744349770317725852488905345594532756497865238333944419077815464715054581206510657544301514971826173515708287328297626453066071844598220783269490050 -0.5427413381979832398806159423047257318288852556029893734694520449193709497924454024683441866329947463647523201350940330579639971360053475498668847391379101518563144925202353004977729833727304263571284882622652708048606500 -0.3073620702475850966747630893713066620281027189815484081992837602824431963459021728911380077026010779530541794735632741599598601435084523909778113981405058437029687755927969292383406635580789038666186932280350392373491971 0.5671427857225199660982191284814526319872205197387187056319950588836972663681269068563475041958909897747332293100080707947033996222037045035576301247689242249848331738709300849163901765504166716157044702495629894162620938 -0.4811812876365589730977931154320727343201212785809963958059719953661771092020396071758548576388674450855072478052395485215098466601677607771135764996948684061153715294002638700324531757534205353394844612677183225938755380 0.5612800168724728367608737974178464089783447867567396108739967665119651872368629863200776007520065846669344848276088414806268203817198059040227112726852377103743544045997975799805247980083051187712217020977092709992853183 -0.3776246672230716510717567789224160400186078320672048463913093952370148647337560594542414742948879176359129226149266547421105480623349029670057189156364488365362353685767903488093555893028305885359518063290415790694744689 -0.3359853988819870975674481838405230452022730487083970002323702070626018376488636375536268468472268447933750829857165168206235607396361548117105678084778753373126122415395845069589888348196431571477849677671661327436592032 0.1260383275012081808863934424033349705915304913355322199938387185310629006246561836745037908810377496943893122289612888478794798418932369756216872406259363680160502074754432047691405016640076228396572358234981198415563519 0.2904809370092315202411885568625238244511975196105686834180000698094980259438290005129152604420789905783175308762070955197282509472665101845024827540409525890607679505899872219075750656310206749944894299387988179410592190 0.2674910565140569112790713355263157023038385743461945151135098903053129635359905135345924545212279511017209083860541672541710117728159416321895513489566215388046292999696971619694100025087180167998112120937809957493700772 0.1887017415121907209493327387983377269280225175262189570261651636091933888509100296209214648212690743579730673601127418636125877946592987654250135995999512465761143598602235860822638248755257862011511145851905618001236050 0.07029943790638837241277220739893760512971571533358769927070923889858978605155844766313187565120529165799746666122104907131200281315127838544767151330215958253839800227071249015457929825515564040421441441838755189122076914 -0.02501746505325115772727798206733380243123856771552617058379169387943352368484191911330854204436897852006841234631072676438042028834676520855735992894030685715170969252315770366563089977187656283127174591077435652824678706 -0.02216371710681852340322383095584603507152153789262582959319990896676643928869339206057249237526434008756944145311345126759026147581796404549039642763232729058769075674488753666625842553578685111587663614422831409696446177
G 1 -0.1446404227965847929386442846626457539337789635626047050749614009883048092120294927168744836644953183917531057104316032679520040224779404968383395956022803276164018607795632442056719524434919480677266122231870772145369212 -0.001533021788104523076140986902326476696518239233564589664290962066625986620278172030565883182314180987296734836982051058000450227483163607838591331792789274491194733362529765739903377681374382791821088698915524032612103634 -8.401752600786126732157940537754852831429240636278278923586137014474420772700281290084635381150172331776413970964865720202419314165135597009337252132601335205227055012297260958719890665487934474714617709145664278075639509e-6 -3.172550581825155284320779474646439620489851622927348782472362859620465367204371073480050039772958328742937830764303624665820591751680916303888230083842014687569600889003191776125941719141791783971864638127395395759824224e-8 -9.214089199533277611251057764879248912350943823066628947498323835608858784425878426014166909255902086526631006213520537176234381197978246239271038571538144783766567447642404580768032206323683505432279398606659433424127337e-11 -2.163358833893684758677848850686435011643121749026015594742308243264162628871022527661540132090366844124281924764701067299188656882196330969783886904471003411803712814204732181900253426438314315007630765303036214156574951e-13 -4.198252313124384322721956893449932677765430827103325720600541807077536632149676519733457839185907864386306139407971680780394396203552301893438202224998894553517950020181363765154190464176538513115189808600851371175135500e-16 -6.778513964929531540806519850768950891920421760309350952353211091687485695256239442289290257683409280539809963787375043958035860809325076291484824005790903511372322676729360379103233543281011550139703120081752962031975013e-19 -9.070053090023717768076291409312644657741641005926867588664229799998077557491904651989295262648398147503220737278875017044225764156962339517221185277429042816047696676248989149067477437619885526485070518886988971832876996e-22 -9.933372132242830993605506753789757624424683352612119280193053550423479982450008191998914428241238133227832321417821724108971107069478518787864184552263689283082062234736230646809399650040460447807305044594917400198614237e-25 -8.724149874676293551423901886113667142160904198985772880346641077330747732320840885138210189460876250131168927011179303235179175326220747041027221652590896955159620584376458150078266220904237865530342194172100609618724235e-28 -5.968418334161085495527187093178916636186050365178169463866020554647891593602735089091434163161989544529275181224178008022483924967176320849727602803283090713016282362894648235455527776471113596735398140039160507733690617e-31 -3.057380757054905980140777867758244265773281117801737047268015739672581003755402636595896505494382465077612168466109296024292689415510549721863254841699598775598857556708139090026118969512361983848268517414511949082041739e-34 -1.112022631140500987616778600350385626779477542032375342267339505926937846503097647076550580109170475831238307584759552702425274537555151673874902074779962917275420169245575359511525246562760614041256233410609421086471418e-37 -2.671537844017222538106626641562770794707857249409792196245795422884621483030232902144796741768923491115565712065204349196067773983933311803070682049728862984855875050526151851218844976476003713742710252412172831475485861e-41 -3.832377650566356224834940769666102784396897831080589357479068241918457011304741205325166838098310010194598588233090832722078384147478695282286416347632603234838044524009527305760687050796904878402837129108533552317641295e-45 -2.834376504805781067597593420596373308068422327738541236239075896478294451599684012958254048125680333006532933126585525328876267388060512722120322250491931528799047863553672396510797749490725474778987182263185166911279717e-49 -8.611348496118740692648100135650152459868730917287524687631546054565344647826181315385375217586483796483197969251890271458939714626268589787186698951344170642545201247476818679746716354147174192613953830075899498775641231e-54 -7.313297795083500719164682647456289086522088306819732698349059121366963370414850741587043524115940572230877892602156842363671464950142474118443296350592409229060152369221759695431834578044942129475902226627432915465830085e-59 -8.152590009695916282547505822889645510295083439880874637972655364366164058193963184608623548005863198020559054658920416737576820064490008738335059241816090929681867756454829233513273618673066827802118367478314968649212269e-65 -1.663648092223574018888089886018494263510951534042322507235225107430969837932891266275494849750450818391938092603513626752828021691872651230611104483378103252285682339008391421356083360368716481573240178158184413538190405e-72
G 2 -0.5636608168852098999890698354204059699120017775610410148758718048137700170421385361246884969332204079612937729735990598508446950992872208717829298266110063080496357655910501240051550270730429625529498200644595539063548850 -0.2158759295092906600086098679237680022544907221713682378378949318001004314066238765851873225070692562261325916066355993543607672656474550744948102702119976035016612064358920536870118567569184563212518135108211212100063187 -0.006486729929218267408139338971223834271389474888779859922979201301694777933243988140536064151973180057549757460862148070684018131780444078285976004561146708323895157283459364677723033241101195273985750310494150897544461471 -7.996692664939163503353933336333444702253014477514264034460212428374894782021547673524923785835047088486261504916245782273683958017273457682025155429645568728549263756998583212534339366645513592393970819987345522423389897e-5 -5.810097803720535796694926290678771075352317558155768971188261252786460068697055601294652363245901937674479469425099395558042031159545595310332486645391232341001394688912833715475906547995075473428257764564366219640963239e-7 -2.895940066813713793602554112141022134553331795688751024793028955431942268520083431722496503765739902730567383692754073051127815405275903292276454273517111374513405283441121149616468249171587302336646047145570607981689110e-9 -1.067345149208950529490543525067087818619784202222741407720776799380020838540747247253119237901373393985344654625370760390460809957267672608807411319503581346624934726948956717664150404702544520710167255312807121790527775e-11 -3.021421845491563758423314777401921189999041540787561040397580916589791778971716866202873437036440546580255798313644346019407483082708077936669903759776837759267730642308352861912405751040029147998641204112719718530335015e-14 -6.678036482483851739875432648268586117865432680585291717471266626092660514230613736464553227911059695325796171736905698563256683329454236244452680202627084824890034639138816988906425028749552796304803215159406669976467388e-17 -1.154474152764796070403266569241946270713935811216125240288480742186170429942811137107763670980149011231471109824767083079959851901143359840158973848571949018690752218153543463156423836960290619858245018789369838020548338e-19 -1.545558003027239262900269749333566073435257698120384475980435372105883629190671231532423020290436536459300234083062909550818398587501230200058124662628230339353161528116237529922768291423273438035328763752187809207759229e-22 -1.569069465632919530493598228798439110726823499267710749476538612874145031589260202532717932410346540649919308158336715196892222770568395559677903211029210438489985382033859355607318643852009756203892998348543084369746902e-25 -1.168897794000274221905486871416005125924476980317286328845327202279531722949502394483856917544804253493836594168196663518687489521909706290961369223668708366203731836063549834000670493028624481231749334042712608997978594e-28 -6.094032968162590809382442495341453459788795449849862285920521993054411689102559698419117550167757138322124275799110736586734317573504029049264700082812555421915849100058237663399764420033251357488568884419484715812704187e-32 -2.079527130524140570699765180688327983569828898488524255647899537037628270097150245449323121303647264379341624018107566505254305936552765089877498908596977025677442499849968281568794685561163158596818926624005595855919510e-35 -4.221849464065105828254570246453546676757659799490282139508858248297703273588031379515139083901736593103397745502628471709738454106318231459703189603181368774879544991215245728272598424364276024851924036627669263804471593e-39 -4.430283418427469498911141368203496657416054949551608484520029435389205465821416479520169177662438829527371651473843141025678784494356099558938919069309070809528403345088503331218735140298975360430171859303603538538891422e-43 -1.929999802768134150064885881606968929246304424675151632735915000290280455212620456106091458487515638003738535005894807745192847900050600935793918065620527716600272317746825886216546634803493905321315488137328550413004473e-47 -2.403681228523834671919143856690066195628428485731112024828045108114521955127929081707058597975555419838184002033592733200572925219757711144311803705442699606192822378304480272031915359545298911522854948793892456159512818e-52 -4.107414078828655091954458834982115476144287362980068304579202948893293626302766642119912387235847547537175452032932948060826539624455217757051654169102181615076578508046856459422895227511661195104583343967938498909122002e-58 -1.418272064778752590341107180052703547829062430509728926860130517601886179141961744580225120445764483416349565354538188907305678941776197982125197816298913921452573753436205541244195073208282702492588832222908841899713234e-65
G 3 -0.3130929870774763628072444068478188108243804864643183403566240321880116461356573856894421980439000125845611651162306933156893313820280666636987944826083397686533721021584871692077793877321124125708022980955923429602950813 -0.4532991817290570938792577692869660178604515657656542156881234888610409809382968414701234100398717547964740222174913990350953047856890379321453420776356195901193192801096347854890015197566091385775222563363555390383438663 -0.3462559673337063558217685391880844543000823663164789595110516926085438868682263663907031961614497973554303462711453184976362621575213237470347768175539264542054502871625654110503110265730608623193161489000422118647789406 -0.02052273143158822495504165621973268363959468206037847061934201520250956836033610241315198112196832138150885054198853529360104980620615750764137738624524310664489090493381833311759684309698140891305262114417723567482080531 -0.0004519891321464188167723473540470518471099395527890438704714349035969153380474795153649079523236239207323320616586278989070961709719712969967823860962063989902209958194776980695431353632835419997427129822289131995553644762 -5.371980276708408967233987828349103726617987955030439127760282273303939281519949408185995090350306796261179232005713203825535954216530545698625598592013072024782554232816111488923675376189466590058163676696324360611613571e-6 -4.064782802604638590346808819013086127377639301208201301315106003857486514900433493012711175589806885002228632037985683517823064897322242286528385869300213631083698100740174142196496314419712955721384671021750065075997143e-8 -2.132233867614935720230507760138918817459357503870705679056990585370667962484739226838969244733446086940973536913074873780740420335116071467933598021750266651891037893516676912032723160370488544954435811546696782092598526e-10 -8.109188434725838024960320795731490653239562436050259502574223303054264203450268618586906116755484784522548572967731645159052925707832306748165699953043642887977879116313179370840379857326064795386650510691288847905414025e-13 -2.282038424391999518496824964926762528666476739144388585958839265543995535792174508987325827857167452535379908019116961482706611398261606499242482336664567101220093316193738169700132547401981284504371354800470143610992442e-15 -4.766867663552091313348649793058771000462812526889138578462994466295131892691028764357513876004940640469431842037101799892642068849569477423156053421423293830826687627584363666863249855872454617629843591927315177478174550e-18 -7.308732813504358397444224594483733434620087258101319168734865583497863884320435858590100472708003740906492712184376435234520193059010986617640422672125068105210664690889163364395349020468098027492310306424255103114512760e-21 -8.020698226871310272377110196479320753843733921311718150516318688034543631577338550453251757103863311610486088616138651111035767662997796057369134429558146653109009383758064294387111278614546593689259867316644084489711117e-24 -6.047091030025936197224409208045620158490301538573373224167941755045623744811642136570031769984281064041087713180911193671657661752821376397525141403051200351327088964337919023353966839860248650466270449752044288580142975e-27 -2.946271523452230565202155139364082209264136561229306923713015740833840645495478567181130397747149092075431564341894255152970654099470768605976137812487543009463870498632324610695785046816291605220040579906415027720709802e-30 -8.479340880222756008896806269085828532105007648598547364524163571251596984239008598008721892801564006460984256911001748927345032833910044787399576036357616152671850541797107256590309463725775327897576893111893196851874687e-34 -1.259960390101279985179579537682757652502749771529850179851415316456458355806136337124970258120667485339429764584644491561667398715078259780017256982644967749298754077354391543528729864792151748971380042448087702448608066e-37 -7.822139319030236842752348241880111930123278850572332771524455375339002372738303052617803029907315222926186183270863686568466701828329359032107512985596035369764789303512835844495716759315300154038259206714139159534247709e-42 -1.412626643962364216471954280421327156242056278661168038398377312748207101759379975724782123195027393139674290474354441784109341290955493469012802267411328232961033864229606703940867790560244421085426611795095717003678258e-46 -3.632564966096127220041662056224680186375446122469008048645616183641366665439509475997917765867064286481163853888994155577454610438334600591091300578086306826608595682390831851349335608602109253261293751229343590646146387e-52 -2.058032782475714097952687378395008267240267211431325803303593319925202611087974485058431747744319188383020063486369711360803696863549414673847101054428785521121417195460640313150939944718762092086527935038163313064102652e-59
G 4 -0.3862074042683223888257169941256849245675734165481643365774760042212113227111281960691080021655439206042590112587100712992452715745954781500192818647400710702436375440650486560562232313926669698898015927460483925173267246 -0.4670306581232582043529861610795138746436769036184146746616573956711993283747818107839001887873585521653874518003230197559886261210496293979360451373692760048570814175780571242819563592058677612594002622072991844400693431 0.006441197137319095979251569213579199636223847788896001261274956665758899308389737444031581546235510971762159025924749549400196215514940853903142640922818474822804829720243247543487661912388075925137874123373566991825633859 -0.4622547565902453580339848557017652278143255873501220634603660787485364431331491468117374881273131768561770633617711858673809220904634950112869893151260029531724572634421075424743040938992079884977201167262385808336846444 -0.05057842492859133450746971959375809564054228727445491075235988644316552123447909193523925433308173145348410887974489425770935790700909668119106103125676338451281245592763789614069154024778058744682998724147247216098234379 -0.001801414916115351133737937619500639949161735427277165446108227892975775953994232274286065822068065053712213117643019274555040186444990247688504970402876248386253887127944694773386392932493789914665666083522982612472086246 -3.200671732204039887939633183879147533955739938068869950244756300385756987640827411807268544364385249467872500592000269819340280282408545616998347506711782249008287727181681990801848055364704073347392162583275059911402975e-5 -3.401039570069761650071464987923841627831345253682318176587103636185889715726121139994834632235302024718193112171682225309722245236253792368802791299710435507277025442303988726006916420104595983634456393109343792383063970e-7 -2.371816416151865783913470013726451479373398002836187899487615743598709625433447186983653378428364851343098380461225412599641988642327860222565456098861106273086039196133980503826216850777999429449468802305062790009513960e-9 -1.139695011990067328042779598671781991969367450053368132522817788506802879326396783618455573790597535506390420824347474999443576525318011522150432579766989018510034225659464274886599496017469783973737613276922029189201220e-11 -3.855675844147668108797243662275461272793163517911060953943910929507906737523475786928751560127622829757457412555230004015013539160493340443685033155433411249961977156501782677087283764201227724122530983722883643662831273e-14 -9.200064285000767899761549484344510118381898797924357350514446886277478437396897918230770885971302181190054952494221762261331556453849276481669913784082489350028547228057435209517287309196008294792506296421010157845102359e-17 -1.524655494408832320222728832050310653936112405810419158126805944815831450402174950733989523303177313135081126452692152768747162509459515953444079465527422399972509343840471037575109586104431809604480230984514707966518048e-19 -1.697730910422551335792685583127208534793325381437238821377758629931792595268153909168736734002605571477760221521001327220818987811126098717336275300974315549134901933587197333491150013908950734857295540819947767743459474e-22 -1.203040321815037762615381384637255788966346953948552053973669701236275262881828529937810274780008046167007431209151847407704623792215467192349529147287221318009238120442077032991727514092058473973050859677023187869954268e-25 -4.991135586723684605823676732780979953281389723836685862312993796422359570668404614526077234928719375558115795042442224705166301210736180408623986759938760259892730834899861505566293223138613025463176016964642421151586092e-29 -1.067017153885423581028665467109197530139912226477200520123996801805980568929364972181595755461457226942609168502323171855931852587599843033185238113495120966797957165841125528356976830941501968440858852211972183522743069e-32 -9.592487659692113459199277352212703776279193302246350784783294004424468033450275103290446474605345495156713079430622555076458663760153666463440526039706380182090479717321516777530667446408734288394241408772196664113422708e-37 -2.555785103701693123271683313780718595372913091016468198880922940470436012115489116947041051097613390066038877146619978293208237672128018897741296211488801033508833365529014760686879750972167378212235078554316771946011947e-41 -1.009500087669233418658716634617220809512028163366473194165853734822384501708625335287812800304167791768783939337794753802335493099235622892139827049434154261431956214966513786333821486080496353711779761657032431124027519e-46 -9.648725329834521844425652933424541728084162341367129682551025318905182124923192639919391791655005403049695784156579209062002928943820211504330358871073614857042726569681982121207045821347658385741288297205628714926420514e-54
G 5 -0.7486479820064948734243198328764776683930826328450049486128957392629731477876375874807492958688012240606262497034930440339734934342261192170403145256987368948586777325114532637090201729874219269215879351705065466647255480 -0.5461197797338926392790813001123119828240289341293499972242695462194969590202555156277174812393175423993834378294113807083837597527816840223066077771836836175412952555200623514933849944652969044599338571423175910798944804 -0.09198932754848465526590081072239352664530898635099825688769500356147458215908648112020429154657583229919815019165785304674642707680556551217695773979168298439633067727596145356979610571186842007721401781376012996339432386 -0.1307548955187731269307851511682437514639402188925413685118670763008116069205912480987487274390878644080041076614125272621509539637371729210640225909312015877892628215276578409188807061486402574759156962077443505323488295 -0.4350385834779892611370057385724134194528425546890506457700150484150638447711615265326343055638509218814042524023501579111105092017250092854312346152785361964920095033296765537132652346982622712694112542645875295643165952 -0.06780975415434788969425622293396208752213280214206301916716951284463998039213581328031905689226832096855520807706562445917299296415816220444534107168292454482197803892558931155624545028671356674745591984738063618436542843 -0.003397999415179152215107949939741582064949112380172134696680897828965180654567416944105208306596586900937051276323826140743673240400278298149438063298072552713968035211475557297420539669632734467360625602404484475842132187 -8.174458876386435680197178866532889813180128905817903470180256179240946528238649426441412636229926762976105892339373051129000689106617157160205543429310052942949008821101920655663707063261205994122891647661135505978684516e-5 -1.127520687232244857825642748835726289136884383728611834241628789515867015236898455933508315669963919743973338137083865090467953156291332769655262167258399802793703072814397463819674592412246377248502358359512321254170038e-6 -9.776245803127874652320998843108772049411338443083712164701116090361007293410296850126480466536493588855566175694997771787765252547403837579244122357707015222130222949719198748788028492526531666407041873236246167469111623e-9 -5.587145592107894195595836799182227367781650978730644485061812481723451753797396056633489115947636105100556724932932471514870063274302933067735921100024579743010309398947141332631488338812574710761955612710040537665936376e-11 -2.144698174772363992793649037336100207299194007099017745333951822953436041665864395559987463725483344987954810001899781233995935586803913769520232360307883498877824105030197938475793648269475783541587870523027152275345174e-13 -5.512058276964299276818325995818580618230243497996221549062238371840969091313855892680389837300770724610504207505894904400232402474045856131448795527604621800922079263891237297344908517150926971212022901045451213901133256e-16 -9.262516409519611919257835501723676041331259731938091080228068038664175672151513983685268262446007069998673806855044483608451530252928593174968416330191532079937479702094141484209220541383188935522690945186966824190712744e-19 -9.713544480770483328970118378228319844152646754049649499512877264976517632304795485173242650500040923612547912248010505679839049465794611439080557554220249649551244486777699280181968569888434466511396513271866900629575159e-22 -5.889778592547975361226484983864078646478057054516055764533193544326230642581974282032479872159227767847892611329945206887889926109795285769563439024487527057718061191100067297563457770019769014129805482277687273580135944e-25 -1.830279816772332227226341210872404679063300979535214422429237759759760793093350779184044092103058741745394591918141449780472102283471026437654804174951734092388540064651671583357138379857935230607312585012357086947920384e-28 -2.398606105748595917872050759605442671749803618303918111377694790147912394739296720381307751682477815742897507492522413601524792241772139393399393510711065054465460058196607225871264977528463345379619241952594570260849758e-32 -9.450740547147456698567271533913704294009781246217261034357575674604398957813394839984539585526503552474598876308079175952829451590783269536414813662915518470336446095187010020126191077563051639841145067209852992323834848e-37 -5.713616419777953002922030899441040300086162213283850637544603243029656735210170947342981400403112374983529977450536627055845549953200645862796106096827807497527273494656866735534488403042001203534200247526189726709427455e-42 -9.089571288911977221851972957758181772921699715835876644556010462720972164114267255241623518646338987677293980526500362223190973433273153468956191361990400581192051106932090511613943320364569024582176119493916400696231582e-49
G 6 -0.1072167403729407314554823968307761084891894740395099653043829292418017788189549008520351801773154587644863232059109697354156902898099643878600411086051236599004272327754161733660328194830825745152287206398538861248832589 -0.1791195914305708888093912588430593781655509452836636741345563756031179422483467252462398094445352957055458175117140935890911696536083473301584624208951530976771947340269815386442778000852272497872045283349374161575114649 -0.2748562577867194362249807725901778446806001989972779658797451280744237212881814709579356655567149884251546516272419155872658625852080453736854682417630601033769924831415811298873778855118970363794529214701938586339105490 -0.4735318845420630131021548344837134048771384548851504605613434497018713877696586166471100708834757667509577215655642053677144685011248199526202215444143599054876618203972570447324514663386370080870289244658745632528789188 0.4221167653985155157074127988765359099179349297436872721522386156867099352903580079566858681219842783042406167782363433369442381790544421231437154297951073751400362961530660374216092018634641848396259001563786589713011675 -0.5894735302168184614527274475428313744217052402349596988441020246250505549555672431330152338177057916237219526828849535693599358444000984476102410466572353240891796221492568121783233697066048697175013371745593863742552216 -0.1625834668026118359755138013835508690747148860888569191620029813330366015981391086837394256128062141635136200932609020425959238185039103496795917986293449557407577271164509297186641812803577468564105655890479925152442970 -0.01163289884063815560147645041099784880338988463133313145218018501543850051326973962931063706781438888123357329774710624005932035119010998593259080313453436107376032177446748711735794696746992060123264886753175128951601500 -0.0003699430750207395167389880655703401870433677108328634659706765102239928531694158251388879208005785802658495710505304343359129437017345656474439577276522311118963521939292915072674398961943504259935515020759101964363722186 -6.393856891762873072359225661870523656389211828558327338670022322874425886589536176847607671785963041511176421556616747876826105083880802479523555346109265341998046620093179993158276866266036850021754899791636747802578199e-6 -6.624167376762985442360112570376942518006892954445993123775490909803555184611260571637063608572897259977484774019899959487755035238240604096586646861992703250110530620193574055758331060980888878520997524302484967783017407e-8 -4.314047836938075918991064374155683942431712682665299155301339046542178407133307023381610241827331751716664325070300862794104168630453866151945950403710118714133399098320038860599014143311694290514614933942868728259433533e-10 -1.793351659798806086215683930610173571707672784125460882526035986894284882413220284681697212508113869784397785268820735547047111561178453943106614202709437226932116666530461082146102150092379727200275082269519070392355804e-12 -4.708511441487420912657248301017756704859068107195381951075064255059506472976332743269798456524095712043232312754914050692933863964101455159954776853854101474115983703594561738095481619923487751765250825163383832900999275e-15 -7.529523424005551577723874341052019640646590011341984420867986790778797905160399001470390010798251445576165450063344060273717646912839975109920752995030304558657863656140277351511609810069929803393969479131317113481506347e-18 -6.855061819010632955905387507735306820054629386371859981717796478596365217781198581650578577280866129855590681832812790602716366325480428394839282100512176414749470387205454370500390759797997445176607827477993149630977010e-21 -3.176913434302662121406443117325142609640684668567944071687231614056976070376920609446925380361396169791840666684977031018449565361995718283747756054110306802887398123949823186746920592386036016588693445054142477427357004e-24 -6.228093257181733694094714781178058413404377167725465320237587445934926599183702461907960323231383026220413361946654143190852618908635146612430228038322329495777863629297230905178020024968379419883515428788491861985559127e-28 -3.732143515440731666628853432279436748378764215658502507211232515161500994256841736693019957768223424878656806584508572383437649463614011936176744541799431949097376111313472417527144247254703641623307577832796900398220192e-32 -3.570962591649112840683591510461421259601150858110913484553081943311206656441096159806085392931012205158171142723800212839755760625200756633015827493670176654252715077781234285231365315108418082807013900965007410461639828e-37 -9.901721608325960096281388601671571460124391854267675594117048176165035042447948333285073613217774870817015605122014840584068739751433893786740943835152081852111784591233466397524201756114068262944204402393374938044082309e-44
G 7 -0.6954979165050852833361333191429826269400730198093405296127287096206542440684848229576237858593383271711941903861100207446459981006374079885835418328018987132572488243908019943645520500813572210243406786392147617884169227 -0.4242575081251182295176395681854603621924715849400592469710723915813687053331110577162192328726398670941967580652510758680643001186460287666163199122692266652522347095352007398511959461014788889014253146749937683838639867 -0.4967452002687577238020625938715366205986568298981593121677301856182834443326242562862408569276298474276121223252916516499498298207942387684220440101834890990730888430716496812889445115250357633407860321044312117382002840 -0.3585134190059271004825005639914126591897575374946569301655016918429389592652849906002295095324124515011946799549495680350881996747081990556299172796575642779740508495702470001472333053083073467787088772781341436182477694 0.03468766965718582212010590960180685519337462654504686581873721039566722852946078051454280701173605635451338652167480363673362242818146218498246388975863741850248415779662997761564726023762818109512042010334103683669605253 0.02853787896525299721549761184525238562766325171128385197927883411318006804491665127012868753279790945322784568159911628152833603348732823403872383067432130839467486067884984530126722518705924901522239418612299041348800701 -0.4572398459800404151024043161322646101799381227484299846397797708002029933957194085493234217059744116153075952552929109448233282928341890176414289669740681692584418347845530162749977850189867155464177375691340545297198970 -0.1526359359920124254042108267910112995862159704956323342039415266450170993837280837310613609186481528118039481550513727958827994260943188523368715939623666914385844841636369963287869816826788116411330366535181236633922786 -0.01362243233304388521257707778808630035857816614777986034650893561414261443290742238067662233305582556605232955477542790314708356275140666801279643149072873114130275001618159778413842590673570394384255132542186932514453943 -0.0005252922512450095448441241366780252899615543562637367870765930570854597544327490077788219280251922619594640679490360012066139862318860171737261962349080115444459348248370391272956641777400764709633602041792536891080179278 -1.061351257583195960472698690911901680429424488665040616214571751054057030980062016616508788938892883287133960743624435291686599583932755006232163381919536916086403060705667863970234712999172676103738189209894526931311816e-5 -1.233557226940614466690625903783598092671512655545922455799517625077678908973275609832126876398259064675246677411333891050357725416600694627442477998927784609238734119202327807192022217654891500937429521274065065181846395e-7 -8.599560668858727996756038507682335328038786793257170040225872435639353049025914981193746264437192986252067292224180005870541529490714544756484382843095514178388370695164842460370670265182897460247548696695912725350811723e-10 -3.620737520836195301773444072345553777404921485330260714286160900213379799671625695806784069011546797961563357285274548395808389821046561680993643869837359608264436352664337657263157283789248552225889193635521638824013433e-12 -8.992224295274785077228414309823273050621690921115456610553603855653810944992701378127170304017448567746313624624656856441872395307055946938275208372732944871462078723512570319864918652964853569083450208588944439616996667e-15 -1.244054474335363608299577768683402923009561322117148604558700868582320403779931080187712320974313830555495887759414673640119117815973088467294115864503074351321232543393429679060126204144620015869553142753375546414954593e-17 -8.653206147848537775075334651029149718291797017014538095779068290007705761980878661128377153793232475113875555784388749023707117283400312324550596844483608568454799998512599287394390345353757853920648540259330354001360172e-21 -2.540002280025191031610431403567439737281912017977944621088524290359153107054376830002530796365882169332809179847655460214460050644561456258109530161957155786602677195332612312439871459431541705800559891739234577878192397e-24 -2.303382918177804516562128066617894888296816699113041147656253102296450421980852874723898877420222717569453614472732310025526187953044960700283614026504158548017422357749851996885465424150213088493289057784024226036040843e-28 -3.445123680541389959290244409351765630397757539768971918556893769719403186720258193782754566296110414358315177745641390682937319020128532084217136583079770180388967178093244668623095501569191814736887691304103037373600621e-33 -1.625667953583616412195613578273603476884960962485923148438381958900292352344339122581708417455084599577525084558482970520849583889483469558458937062305529733464626491404122669652586240383418052743843913795933224415271971e-39
G 8 -0.3288174513456864000614888396714352967343319642782931561530560946539594557035135930774006678338638267033590083311063602473868966986048460638883658148492086131988178412440315954878563164066820976217232350527677656674030216 -0.6140201103756558455692005838275568999712517491849577016546533536932856483388839037699680983279874908792666060103872601028053227536829950282820104627193479091765252118103355266863668789044721706211111899456157594461818356 0.008092099104034763954259772516483501125928045440899896987313770652447518711589102858481099963345810153323224730446679733163838929972264906358670587534579527521760518629188175063591331788376910288594482770654588155419885769 -0.4840882888872932392414677709307287134237568125832127587446965856947306057041293669527341170501570648933858754078777553545478445419921024395646403714610577466451809012173182633421434430217654906538536084127075236939025112 0.1079654954527814077247646604227337851973096163747710084986593681213977832695192782783592821961470346053507712277645679528360237266548378153562168024010550562793844733071620411483797355072403149007576814460290373547730824 -0.3329992435585080954429315921959604303280696814019750468050214038191650537713069499833411112056144521842484477148828866720058104707206585919091625897825276446945601004089874832041239587317504889775028439899626991404968610 0.2730700380484470431654610995568832078973747683139917660249925002880736970273766668211160397480619994565821869703336251557153697086011520565023790778124187942158102905935802315207689842276974134790097663130069552352848777 -0.4263407124501729794864217801685360983314250070410384743068899575380139400593570311489614258382146062457161473387830135750809556417182094513442441151860099060473520945331495227601702124914055653640402451286910958057756412 -0.2247448276363326393589858083381636438250908413507332810212746236251931995281619310754651942683520504314212098615151614344094459116435745612138478073367691322509251053843750305821549550942187138505363863643937645825849088 -0.02535921606875015933827205627822054582465611635058741290958457030700571063006514307437701724462307868604390562214609400118447322227183971661463081853638581942788891965117712373619077830792989271339768467258817799846272423 -0.001160566843513867453182626603691068779211236050684487708683308780682085559759952709644737167796957755241714208435621774978834135532251685406936084740264353462228368070705866390218790036455325283206805356496336665233033359 -2.656793962292329711569757772489435649332213196950832591572286835472894279613711475549909001613229277664522495949710086861352635226245836725480809779790832339660298861380863612016838229393393456784007679985838502391370293e-5 -3.339008778043547848642047512555741916480691617775428560768584814466153097103930598914915725981895998767291572923047015220737367561113178863046238862253603170278317317711910754946588168294625532150479503781883514765568249e-7 -2.386868812381811394947256227701228407536193518692244720517923704027748805862137809991338629762355403036444639048782781341622710019362725470277243116147350971537819945707536653144477893536525404732123451001388674989605128e-9 -9.655890067726129244846280631472062978712229715027902249628849033225686338952774481853907563703778784911750653244519015902571989375259992246125481530980149952478253114052025320764918082017988198247148711899974780315675923e-12 -2.116574659939599868344950392514282316832334980466331045801168107514906676862170367297299764987049831994476675576133064441674000306677361274074115942564321159548899860349893010297639529998221213733178058605963139559870948e-14 -2.295661660813555021780335445823440456811705897400367077382537897200828113195582373746678180394532961604653266729026066343479373698964530196000721692545066654172487751783178755468787525592071807592252896013195732149230171e-17 -1.046452320464278130179008322495653047133139413774124250894871908933561776792015073786399194966168992618767845750846234609803586882271329560934282942636770488124774232625481652010206273277996700894877796737877188221978990e-20 -1.489601868939709449506889533681332559027475429612284003354285128380490047597772224993238130703367645295293789891483003188055878300565678251881549024751082914548997061289872395989977243814084548421251677141043959771861501e-24 -3.621614645509274881025121467083069507362967893220247045332884394351727961875542235399937973651370947927559422925792602925464238207545949060274419695850206371020022740822970715977545521298808775901127478405458399216631483e-29 -3.046354396315059151978745336436964407217240309761633015557127995787973095763909765646444387511684782360490682264995221211204077563783492357555970883170267008518098151985744131207582386396107116825014458894634840321834796e-35
G 9 -0.7668735058035592695237138499380759480394293302375550451691136168167781087552287553822277741675063708136678377536570688410242469948746574396691286473767778762247182340272463350200153461125160182368998442582436348011817890 -0.3092404378614012959315214932715123379637462097316377485075374706019878075948463639285672373055900473388492037628743136849847424414065124137958571129963606432211845372070662967912785648960556491394375316042987330265171688 -0.09256078584192599490456572033128320237472704680225316506064432760745954163767240012559409893861848212466932483356847067705563535730916521872370183378125170562184426135378950094107877245819239694958446563850134840934393661 -0.6819662189974586061843168107468499823899813555035428836648981842529709419335057626822011191854143164696180339105103090772330237982940587399800841669774039831660564501752681594677113248571712618764370360735343946846148705 -0.1668835227556092733427249233670200112151858979859031910024068193945403597931761747837765255382765482002294353147115688611679025822350982610530754405132872163387189470219237596430109663630361198483643637048612772414077383 -0.3667835939337749481123489715123233010467151313393318450401451631432429982440841340701336978625669138558525649669555654857387520630887788000579322857034024196373756147030051650863493665417725483731478512402822289859576285 0.05140275769931904643021473578395194502977463046057329135771874722639109881207772774443936690624196319544863885591290707530060810726405116804364092793605056963591712527237884900146846539477875630906349475660825174193565858 0.1445107344248155489875596928620421660604733183045692963409419136733612027250200414096291384577321516803009975801170190147893822169482430797429968978589370642802302741403564357249537770280543516201104772958217803509400955 -0.2648722379491759270119154140088409974787708222723407312635430563121489923681450121638006387230691680326580489222663063425842254405698108476575929026632608406844730706387816555554335057524435977237383443052601943327089744 -0.2298039540332828871124984247236485392444930017734523516962845924708695617979997488561938963556088850706977317538725551723179209392249564002925317128616235464550742558021062604716213788136213518801481864553649682760353833 -0.03278747708644017131888828714573941091908298149376570008047757866921227053807750539121379922532130949666476579096026789196371669223995084794754358647793497108248238270345504323603157939663835010644953388917687024113580181 -0.001757835552647717227828813631519783644756945897833126879685262150722259054797295613622091130335623904121425603029635606379453976743805772308193936170289187812258215452618834014364204142487553634171366236486018539134034207 -4.461942857229971262280115958850839116035650764063724914045705937540379656712479108265080816176121024516633747155575673566502450616982320977243943823764752701229527463779893841404573408230966634296129359807763572734252898e-5 -5.887394203281100820436124075554088102515783018936496171457862673336433791363054084966047230853717936718648181599558240817412844238356490436269568240451616125448507067757009293025301039276026546644937957611515359794600134e-7 -4.147193370046593276751262851800510210087828695990167878118287718943869850674405727388184138095391294202483246431475872798952374596945736424476638501510004196757783279670516368650357385742202220322633472788941486956038077e-9 -1.524523614741445279792969323844416548881747674773024359100842852431004016026129183492886917036507722679094858801862024260180359443652946426116446345468237132949042002006310005550104515360383859862743147882971596934502539e-11 -2.713425217490642765865654401844549836354255661067780480147144126794500401175960261364501747157642537494376581102519083451511430603820208137523399883370898285580486041003538562770532667826328528970814498252983027022523532e-14 -2.015458521782938483498839101797358453637191325534465040823821368788485184825435620455621417828249032275925949303394481354787117697676002704297465510530819351696518404517226590664362354575695034413336153085059415152764293e-17 -4.721540393233578706096322269809529113043602168870595913205664710996016629333290312453922517141721277284796436731410378092288570242727587538115928924272279752501954681264991489332740129343612527794958881438040520619109875e-21 -1.958817470017722781941167385719899092765841896777978414548391222867972401521647007777868779597260581231861670437468627707303468506404216589440319779271118335624863072581773012196423573405946366517277277560007580988727584e-25 -3.097304904909694798304845585870716128122063656174983243738660626772259464524774345456447098123716828713619727348064457053985443519240480403597407581136645414503375896341448771987573111245225318963996979899602371474337502e-31
G 10 -0.1428262895702823851676516697736363104021809328850536147624570876279190996369564058704402965255322805831000033038971934389677420133841673795695029574252850895191248087723360777771270078207975701365185222161119439108496166 -0.6624509539717388733682797995719763685521596077586399461606874207780918447501147629659089139420666883206889381895489072247907009812534985284492722655732421316571834176664988783039550966163714143589555400166749933798897498 -0.3923286028319461861029823261612311423732844922502284375948492892672045582577072161850267091260555672353542674036870179092056276443719042252584878943242816109699335174435623705086877126801782684168777429268041981199680265 -0.2259702648472805771708271421188624318672713224677457088234968328334479787557966485189997171460771949743843795184492491396378121424344597814414592431145210312300203553913682028080687754192412434008471723557706567432522360 -0.09133894082717021243968788740655958870030819572635115665410284569909426633481591230093407247388432916846281537487073612769546548713947019273515327878043678072644017648018506562174449328834216225261997114487043957876693190 -0.3757618098877573919313877439056011752818540284696448817280908255980311385063748290692996580761764015590638700978379513774249723531962496729215242669652372109115639123059368694862657017893799807829866478139809500952221230 -0.06005282947089549275574067641355161837640189699673133753296459099445320404638643071306364156540613489079754128421253595000136871229891311910720096412374887680690356340222780116762212837671605014546237007310028134258133429 -0.01297842185920605098013981038696503623610149469872444312607757069898346112090305324996700512538053922795197380950164113281539161101953821241954459166939885238918631205792986748041969519637591770635740923650624867498963893 0.1929699137054873828788467767489237349930286316532840568191794410631477258374772548272718350387547147823937484045880878216492212361572760874172059440759954864534478295038771718804727456816930881854812226032855106418915069 -0.3910185902387918151250003371993093720104206002136470734545270480652062846288302739318940852385820249874470745254713282322477224199381593472428247301621917569327490561296423567216643479840312937963329727071979424175347652 -0.3234376763946491001405140424010345225664638082875038002858118909406845654115027052689504924196846292542761847714725872592449620927828531654096630674024707950206050309041199553393840960995281187040714750647722231801642270 -0.04925000927706292721799889004343873644259321772961181609082444601949884596298231662215946174172745247401588722542054325351569745223997428655580018336957659394410691881479807599631772634101256519011756288290594621694619150 -0.002787946011004652659135219649494229771053625330906457472131232911501801248453420089603492140569171175667198605867874362891913116413607169447577432445594030896242242795621701913290000574647191059186374825784721008761216047 -7.219272154427371943730077720968226347145309056845929240821171297208797615401289526810891713602834133586814728437233890532601068779038114005044293179273721914579632443244200720787317332365931842017384696667025011649809544e-5 -9.232397355333431414452487450529014251388044862380418910302682520992580593541964058854545877699549431792323175278210902961122744433870272662372421267111995256116717972212495506669167669429403060884255242802469936869597400e-7 -5.866061459034829281093354984999297545867668411227325667352816261474907725414669984159458962675802709226668947731188266471051890546097490444915394748109804481557338424251638910722868393807501069930472041892970486508853624e-9 -1.753260529659221423268036214293923707650242191279299092201119840437332532556227859696810162110831616426192061632716201754579334368788965861854504228883635841336528766816436036586739358191077893759998661074442345409589601e-11 -2.162458601807369252737463051794306315797315792529975188556734687283133022415372751993711293669339609847098900118450768495990315345841891728417968296704422446307737219680819505359317549499659743217893011245870365770982234e-14 -8.484780749470874664884008141063803815143324457944306791830880400147097562166193747702522995495347624115924123304639926132334240511260348591503795449548193463271196830455858819969857827532171186497886672135598162463009945e-18 -6.129905260800226679479911867804885431419948554949467233601304871732765410897009490042397687128654395656877606762750390902509384610909283292770896556455375070661524606236944167786611948556824743039319324291014698629874096e-22 -1.882471168736284321396315345670986031563507532995260026875726860622308585042592508762623733069890920040576021009871730869159140481400775955499200915502055884423663386120161555010207403270556746678001412098817391374451320e-27
G 11 -0.7932626659143428965341644179165720168549897755313766068721430850523722444821390288710317041747929076387403791114537019126721602491199284220348511329135958398140078235811806717686186527000784833209920769493133930493508751 -0.7893663167103616580495415355966576872290211926837819665717044997258704351043365962076546102764574390613549280987952504571646416417686422710355513182076489198017849044388644567009117366045587673633489916488870588062417686 -0.4771963838898691563755341609923647398244675578524042769928549794233349218311599954828334624583547822241858762106631292050101866182298344324516002154904176148144302724595349124063968014167026812835997788578602288483487137 0.02567353789488125377334983721027035111888139084156791799576601790956876277639201681674508009995314993495798214142957012180041998999658509435816124077290319905981293427399999801785182557094371647355428010048599649661182402 -0.3694963004458531843844975876980119790779190166100882059520829682088371940248422796517108745595478091558024007784888951781736001646568179603266281556978126503947801788614865096584615373968032682890702233136675514101457794 -0.3967000577045191247638981208903168421274147776956823932398913699713423861414918122141760586324488929140390582448014540550544150281071344111244179798593517140977925728430407935848575887480634829204600722114800800812659388 -0.2070826972540632779180854231187485769283437574667064847634315632618868710156017093151565519214695985017750746211932642449003613869627284380763301126122508029974133025206058865996466686188218934628783770645262916301940002 -0.1958662696796792104331693862770843477133325061116847174379224997517868856979891649185160750474414221344104079271210505899651341779217278091864735766058271745380625059370651695513663968789181800660908985031134678168439948 0.1873680684574837896956743960620558051131243168019409765938115102440447747045887608938490841021731479626147581631164935104448653661559606782865820732770783878485826950371772910572785930752505655167645799439886566182324416 -0.06246236474616618570544990939931513577485026231439139968375508064721421758170840208389985561262977642989839384683729522122925417929805265488860449252079354829774362549753957910958117532255269191271134497390447905469858955 -0.1482719846729251152668805675687022448548396898958406034537075219321762514044138331914718196908987409429957093694650530192740647908807349434679265749310817537586397560367139429999047081414713342303621283040820260375466649 -0.2590297648741207943614991181771892618182932404147024425718786800813046140599512871632706534829861596509923669881270703079740623724670455525780824908791945681294345435546353497623917523843298971172839450321279740953153852 -0.04904749851117704916278791310209940406923282921791266646396763743872680140444535307417588857169230605777190763556730338787196339037312789373713018309932039279526878597295349588065935083373463921923030861631788538540953012 -0.003066052131755302604971467893900565951856492617499253847069789224709404161352037730241745746466975363104925423545530565528868549994922229466539233081290439433660529338238996263381293334014069795619805377562148954023720969 -8.089807481340536442620300436174691117205821090325339629363259042145071246965131578611659911174749299875611124488143004485698361596264576734136757827404074933175235979858927974828971795063518716772956917129516307989057376e-5 -9.696353316367881534513675559690850206421948691865855079679041437310869415508110780314688735551234659840962289012540763769220932386822290917154252737478843932515323971423017175504020765747218590262695671622186628953642053e-7 -5.186267600581654570487747575886578439682726660463380865093481086973381505730472432757262552252576808439865441131054192779639226431263748823082574569641075456960601220088705692584511734890337031278522800436843673667361191e-9 -1.114270658847151088152524553257499877400103734299632928027203396274494723252895560412520720592346749365686586432454702112513725156964104984020224431317873492467113511965646143182667659413396952061598991481459413518075366e-11 -7.591001335899204457416011855985647542787737920966491045634663671559451043398621140463352632574891134497869508529080102907460616631022770360566762880803224978200570782296608656040250319916425318212642453140502515207243349e-15 -9.790609275973974327064601090467254323745333641641415547879497382054813756767209290975756804813501927598679918790385951854407394579428518853255581128020740143467892083646885299987117792746334206104256380534576887122129643e-19 -5.892771659173534624570189022761420442937482876529947054285446794426452057947052172598670460881763159515834243038926450022851481548338281670487063575778142570863067402082278018549561463783643905428053269709108011001284203e-24
G 12 -0.5533273516133687548649053019936309920784234587656490635448008207204277396845264789969874434659778365639487547261133355546584119956296119852613455131936668940225387391296855198998016003470604731931836770967366895025613065 -0.4078609879537397893056083356678430649549191636472019506169554244823603355878690941444680474291191475915634489654411640763092066809892335458974034192852994326274187378933709734330917859768790828456362721965366412911106261 -0.1355559266894534874928863197713066794486995002858558698833694515428826197614565238966566028785138568881324119306797103812055998762347645155088441733785592839256885199634346511359913322585330805013449254701169295984976009 -0.2503819417328206068422772767887631443963712242500626358269886154572131942366797610027425698084568081677617823564809340733060088702080442950716425045928877524296391503984983643993253958361665716689278193820764937097497387 0.1222742226599425937817089810973621863043818961702735235411283114682347210916493563618827984193577507522081059067981444467180037879265491384317239956620646121206518110528627479955829981205273406406918265755171632144649828 -0.4862758155616515114885391473479622494571552987226992742961462126902093076457040143747715354475307932048641347802938888438843504450829587573796557526567101371387436941253748875377047080655191676602295160569877215873800807 -0.04388090878496824985050802367835551789331266873914441440164164044450840270204970733310404681237450450152883293789409746123467195939772909700003503280328089863066087223059117887831037699054892730510992245689115096130320221 -0.1316156153143976437782941826718284517230505806564593160264441453480468789482746743197754830681178136040631192569197252765133691682736204518805380433177307809960523049117706977282277805922358735435451545448940315787902771 0.03819983956782702001252732350236034089522426582723753921164434662019565288350972941462557511084418974349562237689396343304406693720166669870715940878297848601107289972733981747010682588680986289191453820484007755086768016 -0.1379370907908720024415416188902664742277116693073097335880447813118113221322769627579500005228978604322050065019808164693149207494192446491606857309313225483245617536269628294819845703569591614701317573055036936111994545 0.1150596398287420268852068258144612736762035444191560211148368064289173280925673993272851911859470096217098616247158267096360588959795634561247050232843899427517953678507416015108662442710395366802091758763544181827774199 -0.3151610073873023839353291381685474376813021022420486269546862372969913547590113158796413337529075875514239127526457113525979463542597961613452241206584359180986513027677440740294909500362425373951582491989546207277220997 -0.3653870074567971847144431573939515953952867886801550610969686026718401271928374312835744094213861668672220662003761837843314288390338243806011356460222483659094020588989146783448696545253023299372629146681145846422804209 -0.06410008082268134882579029205000472887110486577087274013160230752340478402493925059013744660619841306134081983186530650692542996295204079472017052296907480130066570881169404490641165340326314621533194239981170417347376802 -0.003759008228939311307240250615370621603217625051505855673640394602831842757761066016833766519877349326146574038224055150145666114121147400911775846499107091889915094327472992281907487825814249128834557695359976446438230979 -8.915462940229489379424106597964491424663443873749783192662852921328422021889033909400257659214813096738512803634741799681539107901388652649514744826377873181039351923886893800714959316967463361804389367228337838505671933e-5 -8.841614636123838644327910176673057456420681963188147759622924395968959634590843326067440587752930830441732264393958413034655750048357764830159058011048952615138990547795969094359223988198686772452061196587352049688224926e-7 -3.406653542099603938927208100934068807158455705235590497841871355087683115742258864503491486171769972722239919572921468738581482518416179556402520659430311697618156377467624591245732879157629039901096581540381364756753566e-9 -4.136828767035877237719420148353921895013482743453090959616862690963405981489096792547131013089618308058478685612906038712246411338816302942330389721627471282740265286081192053979429689296096888334193005983030579802165464e-12 -9.787021695566163201321796888906613181058206649879048011339528475171745032532535547176358452529812222742756947750578642600585612335545803135248259985890797638875666683654322861726388508029673612717403053099888159511332100e-16 -1.196031859230419104226702355540797545401928827210003188889197905818779865649534895095758198350373982234077596179302935733542867934954690489422304679829413841436800739311594562457163401444367123970070737554659113001655343e-20
G 13 -0.2443945908903808933974302072597943241065911043242190823229981752822615473005330939224834649969427878851435272165276476959824346206196025143439181336976434870009506500438000201012958442659379425122499095404731016240226606 -0.3033464138711481550434248961780072483587761612559454509804835858475837993037355672332886865627622258961677102552486386567283527378734027979913913603645271124781834672398366425729282066243338049757536499644970284381545363 -0.1278368384715746395300697742899121677141661469074106036591638163308500418184399506639398844690279435162929327160016050648196885897301941218523522705136195449632587041109950660425997134511095888643920514315602008624117521 -0.7482071075686626966689137499970278773688515766214656004162632758117865683316634301244265212278342473677636997580771635522915171002194333741028303578381242153735275428080659170030813049592508964253591518583557603004876321 0.3218328041316445120476282399738372976937073229523772884911209346845767488367201921666423811460770116817412647206882690481249886193264641526568402922089253045136195092060688342481529060582988300254504933798059710155766703 -0.4721355139718720144349140754215249488202795139573999801947370213365947716203069308503390245135843343994862794950494362839082928451477142915079630167212045921119384696362257202344386901496128605492961145730192123283234296 -0.4079620416802226428124717741719141104288625290400379235007881599663171943138058051899322745624743373140803550255230332650059669764512565026356029993899614546810383595504404676958538805103460665073541658399181823984764283 -0.2970166858255755658299948223199674992712205796574497670757529978021050713785288619664043389106430769171649294237572045247621405332781636074933656510570660301700216366815724095632414950176013549486056748483071047292250207 -0.1215412756968808870162476116092198889215051995943291005263890574309127912272289289435033674916395618600503246973653354801596295600769734171974141141392115611658189944246570967597903273266987557782996407555382157601115099 -0.2729774003409605495941744014712480007268264037425846280998711832314544949766672671437232024299864016063104583322116765934009935312701289349542043294316567463248568457304947449647536720612286956899864639995370962887118676 0.2854746052149493288590787988870439048609588562796942709485050499239224237614625389313729243427148226629398743684156252442439398438643759754597850252800539086019200417271075418968951309136433469732206997303307536407517941 -0.1935621588473871839746416990667492419710178663956101166525912226912806434055665988486632884679599199341225338463517869821497073703223045253315056715573314737178910699202231137394160105142408139420159291919036987903428419 0.002479068973859801637347050606410530231546507774036813866100096056984679909602313857324391358400285697600820853730553594559488049320909938529639908077534932888486320937568499014813996373617490283063243830947322431114300327 -0.2587844587791490747903095744740915363562702655799264324362771592911370363602742650668940961835765131405522072933243646079914865814257435220710038409885672393942109252454768874688808077587882919902744102093948473785200728 -0.05902940443756151902151859494852941403152280437541719670755207741712172127790177242256868652166236509093672117636319790222655511392696150195687771425065364564705547746806132022720967774729134180372404253617560425156620969 -0.003641908737710659643075006838363070745974199103184098124521377560975779227788648044989143368587576644754428799133101184801643318876912222925447477823900549886643066810918446920983317081224165175887584439457447585397034407 -7.936261884087416090425746521659457799856568927253995312305064909548257325601907877201220537409382376009446603167748953402650533153663134537653996040110574226727510815106461160412278325509913400791612778190275017493346885e-5 -6.185989624598019730439359631739591078633680985445898830831842466400673041918711603476194190317833557579199704877229991092542319116504667591261077046987462055370937212639873939442550880561236795186376219738522757268037251e-7 -1.471425458446544838058119113371796138799269339138449362253610373391142386846689953583713113523435269417899630465675599644065901006582177177225858295919401445024582722403579479382495774823489811695613736009417285311058887e-9 -6.920168056029837640273123963564721796423797083609504976246050895658050935808633992176817132138917310333436079241483819455020315168191463692744500898487551782443596219033678132459178411995272956263772337020113585082740783e-13 -1.851003308595143638792763565371326614996791522991624219749166850435707720520926962373582701946558182647132785098569360243271526968082248600733992830043882372581578604618220053764181298018516121068585423260018678216514161e-17
G 14 -0.6049316926489154343772384570527866330697491530807333685802929890969086637413377321330296516012309456652145844142183418937518179402144835594149193583685475385491741809634196381548499635945610344105450803859457044880538119 -0.3897928877513279193548353320527369649681820809815333497215713894033029393649804897625160924693973445484156786155093422883790269175006188694892530231356131576819005984225171705716002676145623850080227723529578801334535500 -0.4608265414603231329864092033267107954927327687976058473437162317588895912621913611701137836807650559314924632769170888764937726901066240614214981604006861688520140012601558439497387246014759744944131064273608456297198847 -0.5342779973661580909466164287714352178051688040146612801590541485470404966266076006315123135864229924378506697760574274647831763329894582721683057320769863926544978950375639159637231791826462143786877171393129856751142460 0.06725978254504616237431464795221740009573391140540306152702193372782637220827343337732273847572214894878139993675865051386309352355864425180250450827320632867707238452186152874528109569551833635727022847695407596071127406 -0.2476200262810804145325553403449569597793513334890173728977783228272636275609788455673693362057993437643280338962240363326808846995097952025854664049549628247189149715094797611578711854342656620652294612573629503388460960 -0.3168915303070611818145784030738491981170288372980366845363213741937258424781062846150404690168985055713978165940631004963006249677575380899454028376031574680720391658849566008394358200189088430647783302337716635176409853 -0.2617929313701985664560872506323320575584852684872366969450358711172318428787843723103419420708607303497481740368977218533106252641745802931910771201188114598140797755996574920794691921159254582956265075716230738934824467 -0.07896110365415607911445775963736692073702870468187454144505990868319598714666802999543500341018313995886615684777445888218105438076702559205867491253135585253921254132202612316249455896159577577869029325631394400277940499 -0.3672039792629578178046630823566400208195938014212504997135650379656121273879288954217151128624147872135368158930964890323967606205155715802175683227547821424180887301673243689864517779014393350874853057490341732378130454 0.1248136526592006499026342262676823976370827353936655907716121465980712431130158238022961503491841577544010098137421550165258892615128374270279484007700402060717013418731181633414613261356702709051252561249574878423943290 -0.06895749937284934639911363809911996395354039729461201447034263390205993512280573770485548857785180289043241088687769144798329454275607111469367029899871321412085685128722017440215887547740279984271622970316112082638825432 0.05371746854397336567998934453736018950767392938386547350698264137597486259212502245288915677948624835062470014521989160933126994208860580296364399960478542725986716288772168024709773047821662525637883321245308590416194109 -0.04229789128170094840870322456589288482094794726644971129687484866955421275331917640322383609736274455637956039773635812002745120200435891007932118641751164232505088047693920298017532113622836297803596116237146418376681442 -0.2789452367733818981505344141079212683502779263931258926565608102225763536286905733056945850478073758468825887956624799439095653887436769525866880427719958537784567299245428933818363247466530404373923349397415996180312616 -0.05485310414547167938635625611293860948215827055053411621224084327685342351505903241831522543616899248092328482827483218925085858900580448604179507075514495653034260600876911200647939448164737440272050557007949828713278215 -0.002845866356004078720197830957381494535599035663450518853083528691290643520149640492947881375749164172136323485044707101372825320046188665224322669674519378849446703252017054026335560617800573404678624234848688745042324069 -4.687173208833390619339142852947470693801593802109877095707013249072137843791222490508429387479263914479973262948345016483305575214752367173904154374558223825187433000868386983490793795689638396220529622746228576517408765e-5 -2.246425211112728260549984523854810735579114281623001981034917916350464138803171647721297813851919170901605782884106831150475497967555778143000607949264273495636307306269312861360249929164410768890324829466246070468294691e-7 -2.147763001733429212783754112314916704973345037134944964134638397884518161553550180780507659622125628209332035785947532980917674767285396409562442169910138192223320258581712212670475542457007503952170828029667393794922383e-10 -1.290445431077432868759549770416971819743948122912351995884696155430662173836024779278826844835539890486269013107694633796249964750740964805374883909570219368723258213767012999541362148679512268441998105549974085099020652e-14
G 15 -0.6930243989306689031427371054309238144132031419711016507759586991336209608867166248866863618083977980741409624655724972316088706257667742998308275780270839080261408365224608280768724190773999753702026223977164035062239176 -0.7338865373464521152233224399531830412856666860721584595820742808230873876649609641200493602624170556086067802269380525272462593360403029024575667147700778276219545698492150471829719420947551468049127661770412245632907163 -0.3693882592541551797782686130924767245125977013904522238420840856889616841176079206786427201590632377078011076975052456559042994807259261839456278959879458054488801318128952857072109995883206272455812230239569041891955834 -0.3696886424915091796106796243464112575589002944454320686786956666449769443088442744490810227052232177468442345005018153044660910835041137308768086621657547371764180369804711961616589886246010231694149597956338852499153927 -0.1872522747938340416912065573829987313552324303743926205682433888098557307313696169182068053403133717722209823179692771484389167265266826757322981748972054677619780139580762471638262495227935277905031574960432824723017320 0.02446057703101925867477907240726396061687397670049552683331282381301675730331846058181615787829043565604679059534232342085790244153108269698290034715321663066528174506239546605572383131653104975955073265690387114076935375 -0.2103077781555036445866082823739059968271257261326093933468676208529379614718848649789236303166934253000210102168957364245909573811075182375762590999245848691543241997806058130282346183092352726743068991309326844426010207 -0.3281829280395776449749386349671579130382541423314048412490723252286923604958114051930531175265741929575716949320281904257650462444802597790508574987476547242530613774816038557082190586063424073473787813091409347793612164 -0.1192790266018045468442692031070365243882075262848486377091274559433572139547522638163529026226440424864114753423274403144196353726155213214716724110690926713012869778280599193726439532897951709529825062768161282043759187 -0.2738643314468323103537933625605484493277800307491239543232942922320290035553740702573834001784552499910644747336304375057816127192746981089490890567649628273090848578438514594985060188509779428543534600988420340652221822 -0.01935127105565320159775456841547889164560862328072583970955599439589821852242947895323850184936513748634442778515366139945840701304552541780271456618976695070381582123410293160254758133380673548271296693948179368561179923 -0.2036768864451111646132164896788176217514996298536929019859097254801151194642636543395921272873234517630055611596891654656000471638991964482482523624849533652332091472402565754667222583016557099934426584291405163545138925 0.1756448673961369281312926225762931546055134624495633406337970725845344273707794904770209178766654907885108969752138300167750480472386169592503677424831815135236114794681592581054770710133921727575916238556341814853934767 0.02205500016638011292472837946491452021007587100965680309960599848191235342802323697374708424012109276699839523080854709173479594782147157317826448416510983509118295752043351410426282539384009119939261933938787788674963761 -0.08514024940928882258233322652008328524371099560686561865443244401035537570924468824390035757988946841330713055582276908415861144250708934254756308535002269731884853941519226464156368372214944072216437426135953494381892596 -0.3064099651516581922343432905866094658787752417423593683775845812745193808631576501950908357387440166659565584434468451416390166914980220781016852118069275958385857707503562308097400320523777797082344461441406526927652526 -0.05304805983437999455279452838490607830259546788416772069897931780500887355316974608910939272603181132454353285235838851031059596999790040867519474379433000473516827129109310046639392968943166136741520848573540626433813174 -0.002175559755593415255640669581117695146309789388095318950159599023229302265279060900010618923986485445133153060140898993970688932688697757810456828906085814288849805607631097560062055105841015792220228611347107742712541679 -2.320357051213215519843776460978914384327266674527313347941407222414569589262095276913246246421709669186659788475473138613544095988795256358997476261681643418443015412028263012542530874112702590724027606533241061837355980e-5 -4.812124396518725700323894849040703964065592977795590585983726128514314716344121242414861263687402419018970375803484160311634832011960099637128005427445757389624051515953435307553361900324351541295933639803928639459934257e-8 -6.749652119638741974693482836840923244962685824144069307016304438176286928007793018890508981326195226841201183710566216925713116647295748246180046568566575892284736192711329705697999811818389599182212956020591252262822262e-12
G 16 -0.6130543152233013717810253372492946050123472236506164641970317727053429832085352188966582587878405235650642272522984459067338720809177454552777333966077276167467292901096814256965858760210755949864658200433666338134982563 -0.4167100790350350218429031088268906921304393600909923933789335356553174070706381802266799579731960024280994703349948928968509192700168636779437796355210792690249123665670339565081885329244455059759866320444707948041511662 -0.1483369582447666894467697914787343382448080829319967342039662516643287303433544298908949189641248346715356089543955558377907824519584973462078111098707811044423788463885771015668319609321826631511326474497879916888553226 -0.4355471554172693000701310486174371593135424159657092784844894685546911859556302733354006468734485725814054277366365920605703139812272235504004040208030047944452740219196953907886060890879751839164356674386588363342118009 -0.1991130929480048353190115498049546122803967505856398398765850702888592754912429183543561479888276741383240938932853284677719010994534729479308857520695066178768493648626445430094118636637228229345099492501212945633460061 -0.2629293750708987051460557150891925878400240016901679972994668991579363508992809909473756409649471312178097569484648739584537989120202605551627115909645296837405049282069409061620058360122854596980753701554899396403555564 -0.09694538560151721229112374430863722969971861237386884841364079583194525986850594334267449898798247363871859759567008469380395912096491663972691234674597144132099918750177566079046629111869921341059223998596181273478900749 -0.2916953124692577636590864769461124862349814664066937790324123003527249244143734996794305209913398646310348886261360450592571205343003373305974872889982890158600410730609247051147477764243218144524465589037550486290207610 -0.1072380075193105829989192775943608530445929411306016640512159874113040121934506132051094230384993734090471957169456849079400687903082338652603688051888809231556765751388143090207424852533927804932866578463203012302165304 -0.3497830845539007740679777967755986191090860390949504140208744125973262837948923759014413822688294548207965032414891263335152816955417992151427879171202852094367628419148778659251246530118094620250353690281277077376964891 -0.01584986315311824577394841204505492696558139615331180423862760950120713076906022642764270821137089224219707591934708702266874668180420410277208570405683864909423471883373864484127256153747056969484239620230717638801252071 -0.2589183304099771770212533976099276428565479393917851214353911519786791003167396361132655968881703296365218717277018258143312851830996253887241349860052533976824429522271078486085854853844058545498977936798849882972707290 0.04143018844236132768234196730627275757863423639950980733957729133470591549769458843381518147082698196454676543775076603963934345769870150190108593053176320218622889613746282434179296057302725156474198286026754213167128656 0.1213768529652524940771119592133314119888723814519319788030422331118060796952345928377072515405373642867779207701552074156920537621392942955228659188845565939116774600529974423484967531147177497446329813808252662324827407 -0.002309104887187076708201508484219006501932141600196878221975499881289058433323367557952560604516534549863866264238727136311627962998513027078411938113172742354571766092240905418894817691736951538805374660113479283880009950 -0.2323074773066838820846845820101747899544685962097719537423283997331073275939386356094634482068408979194630005317524492559782490924346441261410588295112454978706185936524080189648052958401976001602737407976507974513409363 -0.2984753521471550451658831321190194369727640262386748835434124046708998394772754760336068219118877372634550620424464277802843079997494201880340606100663553574888432897119307822184948750081376123803134307553538415161465108 -0.03905197435042633629097892483904219936936998494511121482612756917649805267191268499899953894524632552523398686609117014545380860487290058416214444582565929823793955009495561402431889913947217186278598645817870523835373379 -0.001065999002400916948750761989376645899473967769513780327242950218186628096489469365207484281019859911267367204598103608899668223415537767275992822586866262551908912476852141537905609129276790326522233710833145858737580157 -5.322313942168297836884148630411009069629963099053126314413922237321139960445824019393406773993910326394523445837815350649597848220829346554550881811464709784258989837871443302514782864507251926114698087459609490223870671e-6 -1.931238550190157188113308034299342370903646758357550845174280054978338633742421007425811711431649082693574225869122028286050962965596941766095309716206489490674911653826015493370214184602084274602000175175650116941692146e-9
G 17 -0.5742600025356755884308272119545196801724728312314295599799686351168825109156275376935924724203320088036473539118744691597002687312633580885787949711100009625347952598340646551215392286351217315164510839224775002663147673 -0.6587209039473771312861098273920247494806338784455300784720591849842620375865430789400138049976801642061909013755717989901780137878244283489107917313074267588116902765467740320932084695987378251874882017008746037082303458 0.008820247280128496151278842846903496818774562299134070827750241701627483257057832563250156703415322554503773328686786621710270529626468760896599515294500739955541879042369556438320844091838731662843509963409208285333007023 -0.5292731756483948470086679669170411818723047033192344367575904399330581205297000800399671744599527717581992591471254053200946050433739033660673984544081361497864308028993718828152400024957782549139468230930356311371242770 -0.3587843766299718275089137547965197017969596780179012974229558850605070765789690437094509947613351063397267271092213636379519344925151369922471449059152811783137248880442511647214952310197343209578726995116233079896727439 -0.4595657426413747874474971776894155618726854854685463429013810692153620356671058108293568089282812272115316640926008864185283551208344293281129059106842555830678787129913223726439001896710489033201775353469380657134280424 0.2386707184605450961560314900301178886015185069865293357969975342555065218302917173553582286922757294610408614752075753524197125727613491192353708389621359919937699152728167256367146648208261682557620587825996825171217826 -0.1588472643163455163409771558101093023087977541337953503923853181334160877057369809156925797365967230472426969947089800250828323834423240766066535663760683690015714801860026979940680217776580926011840464525773443853251404 -0.2941306431214311787541370989217495922118100486087526861485323929714953729948203276266594292956049276153399999065570370118567727143361958570914536198933238193738864293641067999894402953855583632361876762571819019796659532 -0.3649488433353492085706684949462174179908527034234797712911346006312817825471026745006433392290940262680562627289148187290008133747841677751780896509695511246252571253324889485146479402090728469268022184675529903775906146 -0.2147143040131894639425977896017208530717166218058323842589807406331603069362616614556864629996531316462290802693318846898525314856847399087558422118020015270134500922380877260780186898446986496527896323848920367765121074 -0.3506541794921117899913197817627826542395602540303035316328255419770985138674898699755449905796010225152737921162316306661784099083145049626952578702278180359450035076934178470645852425521924311211215362775684409203090117 -0.1325249825725930342433331183745186806455970720906773500023235545001202120977869349709267810807533318023256480269570676723408722185833038319098356912744893409047597770337433859049595644579782316317282489609067365259749907 -0.01308629949356031873601996229697054555694486116036299000029867071338770609957235788543911265609954111692218864588595504702391267517392901033844490539538066587822858173729846208734977816610711145195776314054391491303384056 0.1696932933025772114731269671661201142265259060475545766136710121532999386946009612668107078038930355087794353660823622637052686622514433972872620236906848048205100878735181944392671629231819492755852788507327974112694129 -0.1384060585172321473906587019690046717308569045162782608034950807391149452335461490353167775152183970446694453469959360594461399620113156645618164445117072678249976178844132383926450262307462584260600892300246598222862116 -0.08754207455229427828146396729730654241023132734352330884934384128660150155595988698769114606029900141660732714394374398199191132376550339722751608436402300814567625547967650410664834353864747039616563512357544657515963958 -0.2188576349052080537768393885959675658412214674659742167178031296851406694310197852564232843539940093963152158876490821366381707599346061770114273646164549588833273296972983926310350822493200622458044073445392078031901528 -0.02305619991182044828395472329930627795036647895561369871966588515596740094396765050973718013636770520058830280440426819226735937058774610337865671966215973919176689741227091467913329546100280879431614532783536925079020362 -0.0003384507391618884947050405386054706111391223261450254761492570348467079560300191948175930333229227746069430238732426433993260478577137685794052628962065075555935630358223444040190352368748966962848882020482567472303010758 -3.587925995487857176781452293668944884604830658145534961897085302135302191232800170778164837040937192410422783915280384369428408680488558302206642039884713160849810436322373502705733204104424598294721090675801155331533259e-7
G 18 -0.5757927503727993408336012022122735009289191250138187420436848834679130746680710652633662750836186914425943315298927729583325397283457483736712587508404456532402131151569429064719045676092822517624199451927350458301706403 -0.3689154140845273439871956358188109507395805096410927795969616579381024293787457644349031953611085145341956456832630722261749155711995109708751313616371610959932088266593798797927938278604769771731402747444608749560243637 -0.4992727377793244630105707052593098716322472113454113229549597971054665084084785886792626423444747475522026071151736557644822531343667206161628597804567532152672694199592348892719128528496414740891466429204054057229194529 -0.4013683244875832612723595056172402042950455432066496460074604353506752634530124227435550978027576600780226841959406925460951786607245167210362063596039545310087996811360397437099507754295727352567059848991555860860063251 -0.1054491747886775447805100815173382956493623164219139805882621392471524587035586662483185756454981438554052742711133401473567871130664462089529252500509251229255399326858889546784641724003434682875955200923372257044574453 -0.3674080351387652116336659324933026609374963241171917555449874878608779486367956072592527419603947651509932235609865832297136665818816433695402648412960071795434261471362893917256004243388569733919025090019660830733484975 -0.1254120728167705964493989109116965213020754243151269559796844223881049838091823732514928853438522756695931740367227729115846769004036637303199497083380556575731578120084240064124235561558563286529015835973368807794723254 0.02497083490051896172880154705490327707490158105002069133051200708070300133124279486252937002962730548495094881538075123934987427472864431936374395461946060828947814972899981664797528342822509506901564816306168653017539419 -0.02061573958914847454264113428235107753479501409620477761575998416398774054764778155330879787214794545424364727831880231135740658913108550499632319062768349879787456582700108940521797545790121892771277123261603640683084298 -0.3316669853945744610714107815768692567507341203551599264931144541436174182553810979861355843545202743017805235799049817717867454856875356100337190591396866373970344632040617373582245612128667832038515133046765269939134204 -0.05964433578273309129594955842800113366586183968226240021143866402075612719563784231103802120276592138898481891133999513821260265237686979638121197354147450447218282350643249847164024820738290055021455109650541331695703384 -0.2599050495920360657554208995234144543504390475753534443705889072889980375819881304271270286614586178279811308242683819334026265788818522368970420572784029073637495362480055528054276118976254055080857636145319917524909501 -0.05420912889155022004551049662374921016769210915947596083046446362401596440599572763988729367057673147750600862021115098477925083220602020242635852705195023030297119346291810830992084693989880606958575280922363543918165434 -0.1069084364144541149913659597538554157070352213610142823540873135230572290025517727727325949193595499315456560495175254696932555860476261386879828964632526634884687576533395138772623274853679068421044168342319935552364421 -0.006217608320735963010684810722964324815762540673150950865521608693567229487949889436130816426265980401746730110550432400641369625474493828111724742717308269512690909572456901177301327010652715103781620720928435707755483716 -0.1025717542941512352352822104002085002402257504058816197534460096615853710554013953622438697451518960437477477388089611093485599312489844848353278691125963256939988310214705720605017245105552751217760030192531840782668259 0.08551418725950408461250898458840544139250743299855665905969903709953122023191120427694857294199919010186572621303013543273086056145794127696518830738864467297630110379519959033410748672900046395347394068167964675298239432 -0.3339126017855467080318853774235113281757533335117463858521119463894925316841122919258674284457981879316262766775739465672578874297467609415010924075902886245038698396256019660228035272954906726912946938405879734403544718 -0.2061175565438567660302832014821157323235919212724752445971725967537981238517203876792887726633677482943700056451920896657506235939217653962261420302620103436509949093648220988619079152992185582614711919910693939807232780 -0.009765652293057280171375028768288979054734674691967115485039085482919357870337784011902987089700385297532741069715487572889522484750224319405522731474689360984917846705739127423454005565691920850587596267076237984050605623 -3.154293449637625635651389624917175631616264085970091926872786846268396430118070897222354094093012941930147309756097504697397482915187795545852790003958936202172703150108432314229268577713167857629393754101105168541429580e-5
G 19 -0.7202325867021248797417362202521698444201962029737412226072746940297038346673513093758318147022032359251809904489553501483132533782753513208763068103038270930906117261533399163079026722999151570565718690573184573022348700 -0.5639905073176966497318871518253919140869698059720096644258775953812619634350985964775954900396405808203598066782680733527113873392637194838272794039469687450203729553752667734047004498368449733178500691373283878474555392 -0.6064664472500069154357712764044500227157872651789834132580464083468168047247353557295447992129365629878731410086392924411547569949794922484664791608064719643397978484352173466907221873690968870726386202648599297808261658 -0.4064408692416968566791781946889830432404528958315021944713374726745574281221503908720893980050344873317062085215176864364286924865509661234489633056488473382687160652344688773110318162560505613029833510176684188230862642 -0.1780667479775007367694054313721236475980253600381786033904493382409253605637812647848731591258315523767264495579502445552575934425770623466652999108151717881612498784724750698024715739487786114771033531380631815763178193 -0.5069520313041187187985017197344883457456468924197863975635122197249208259179212431434527054824034834396797124123174804186022316369834629974636959822137345837705696293058320474461899880474909383634965535997383458422273522 -0.1519415174186133146484505351126589380157258875055334230547702395346407738187021032834281609947595739450402344268355723278644419069692105331932051393198370611398655095262230412432994204134283845637256254303323081895300539 0.05413823134581758025245787271280592806289660605503377520466333528620752164511687660533212994694403389913076115898953518640345065020881111893000938819532327405397835237682026613127719839051270923334599660603998920690817520 -0.1292629856309317190343773017387421138998144745632100007470771668456993484934424329341060040119590571745417164349691301109145185359815508088218899520134030448222631863084510197323515953391999752483952268285133402633868683 -0.2611022703797521118241028841483904814626717045005439140572325804798730580491024457740139143562704496440357469410717817141499096986875690041868374284799377759787281726123543690702977980891751005130999219985018429246840352 -0.2414868047588737847627068499669575426266484155918441065036592503645594320529557345123750836383162553084749401913566143462242085879373010863769238593362262277612600449459696235415200026103593563484142942470921216226495666 -0.3684926132740421878980323968202683937619408109441974070942219216509757076386133855973429636933062201690825989651593219756840459891686382868751758385630416850336748290893455072814429192959311926224187411796879534455582929 -0.1841395937037839067859529850018232974411557868282192923504850507054648688413278425848662379916971187186666162342283967256292902494587271257922696954353930111778876389269693065376419308456836247763478140009058816361285216 -0.1235761038255168651929115311004618097670352308469437538562085953101797603831199629194279591792077506532935716540074291224146528081561956294491545346917547175007488395926289066797220747200112609731913910073488162256680054 -0.1597936170690399840747004283654776490234082743754849422412718635657625203002875320061300406731571767386451235563357120407714875974720784323761682123899418137521188387898409367165346265349373914915890656913445069025612153 -0.1916561161134232036188428756383995306198223893520550202157394331169461760037962189697874284367331473301957011754523697521086356092339379814701861928417875675948853071376987202881553534163223924419711715432594259026854234 0.1404591708641164331714501332797915743890307156123253255117881774943603725862616548688292801964297031356123324968887758557440408189383757304160273325669521821043735198556928233744200328447624124254617539571951465864430618 -0.04676956870299823780816936673684007722919633406421136875970701675298857847804779156883086777519482782456038108198749774904416401874909517957816018750443564452511250564632623586531500168792593258464742412482057921045899138 -0.2066938134392932734291437324504168872354351218669559368395121695545003531599834551882135132759942482055897890954518792514903490643462237570676629775824624559942197255293273243829681427114412165647565832026223561260997382 -0.08952055612987829855326608320151927524259524437027532232165717898875477634776836473572735560491478064229919421436428467266258170561988817209868598424196541770346100637728619125186395079331491829310221387966436500873899846 -0.001278776771231421234617225266312528913123214347031709577392048865457750095153515641014330210492054788272590156992295240135421864782989441512150524329806312298609505200301291859484117168127590986035139403986479004829796326
G 20 -0.5481245548798774316565183700802573618879840019950370506373633550704091899101856462281742715143899319032751202820359971282632882982497685231466130095989265688627493600168979127117462089449192624675455715841481873104648973 -0.7973603203809984947922764639704665785652996782087491520122114049919713120274911466823986250553759186697040706987326933236260115924958732309531078416825084542044058046140477800543032630286280134414718109983697277970571233 -0.3050329105459295925352083625642525625033485769256319849408598487317400654081128032849012607221543018879143482530272348701628589958808717768399970135050551910752438722255695437378833521607379782743340117417201542995405105 -0.2665107910777520596097797998264809361955747127362345626092415676540535730313640880131662551636117571527076461139838079762632023790699216102703880413948259474240973606120597209101445206432819630764920434474829400649481778 -0.05787230360805269042470808540529836461767765570665636310722674596073305222580565212776283813018897069598214890649894746661344059769829862451421374826122597546184851334760936286383418929472352778038830616241127778442569736 -0.6534741703593117678562180195001740858944364664976163462588535877269984154269456862511454487256624520220395616005062276264041901188384428600934737149185611452122021451749298873182416878328821649177086268054029595049031769 -0.3670978446149825365085395835918661372920681920953619946323806831973216694775135319864441448420495352895565314509077916000663573897388028431075034219020904253241355108949296642924900560798947962968569767222126978075453841 -0.1899635412928027420378701722966219201308882384204496446842477963325828602685028435220042703922920290979041537147026084263346636949868243396375444212778531425493968511025891843666134797219528583016804958999176894920213984 0.07835095880291382679062218800402836407319937032451299438903772300810253344535450699373348929564230751239286376814578044130099509061416840477462089332522085308516962579373297161490391889547653487544003953316003410979380733 -0.06788540260015342450437117391719885967873343730362404369774136811606992715757795933872953496992254297053759558531268981186801283724261109294031174816292692725344543639973526459953337927652927404488079050948457066450454888 -0.05617463358986994466470897743239649794002829618377395701449794466434410409192912356617410762986601512959371261129667167130549181843693326920160598657067611881342221410801955522112143792303818680452659726989379113201817822 -0.2814481093735806729072757375540759447925882603139949816204847892268143894313833219423338369320400270756623483141095972509798570989860392390907745090059042067065090320312268712453461792366096198204164445420981772441120501 -0.1340047163270579253109489939580931463779365159381146628260633189298160663882909133618921536211171457153360524125459356046723484232165180164736346277069691736668237923553914430295251265137952575881977012273321535973392838 -0.1996530544974760780294172768131243440931128496255582734425747775991967218526531944791998981503189928953858587358153574268274152116428942095232272040533545475200188101635526856123923149535893211822070518364014459211926091 -0.1079882111157162659453103708252059151169791215649778167457143409542876588831970075845675357202474170129722323119870610728518989557592352935937197270200032177988462544963119046118539229257380397984921967851557309467100864 -0.2930795539931419651250456451988253427361563796832066603248710431754484755927719265888221561684248970280531467494313883629256979789080395824745328218627228990085737538072481332320934546339449611647083086199672069575297955 -0.01755709052492065108600336328593861823586984766716826910224297268843765876572929717779645160918139437560624976236928360903296947384702653481372157674762725122614939190065054935085168985918630462402962868609148378302018584 -0.1164339857291055532906261903595209495385245152403498683223181979835162769204081356290261872369174639657228816984955958781873584299270486602707773492623224163935400107868130671025969955756805646235308780828909192459493120 0.1697163864629970411761462293705738218969174607444050405778240032470145225121924151362563493408738797892755447985550744314891844683143766937306946545044210917932005115297233077896736837519453926085934079902778533528584683 -0.3014220387831799670610899813157689680491916872601752465829596963828778970730654955805689294379198402222579379547002205991651597295547239780576322419414550304347907615588728743407191393431320905161577010241649153859540595 -0.03186363641740936553351184120439851140695993890919761056154518580685042178631486211346879329963511137576367075748892167756497001484192249293538754184484263627145262975864470693825147532920605039616539365185487482015064716
G 21 -0.8568292515770164028051777266516358258332881765556661902671177528565354304238993807991031832732401930688177621136754584517885458787129945801798847892848580018156516092419042159318888075124332185243781818170288334551044064 -0.6119526975601193456472716524399789923938794397327989422096517320031109421636824601436624445420194367196626583280320391396452842732625880444655473285181884230158350457564239590341696602252446078798987250253570349686902320 -0.3328558407733540224648202727504531607681801832601298574330986788110291963382892374277052967449389236913710538203694365943897665578068812721612274163057485348674681779555815878610824923314544753268432820979832353446984029 -0.4283524679486402327302855360899307196078831295782076548105685548242981549813287553167742661057853878141768045682037158520428189074326046983364625292807262785937553815656313028285897872682403032299445891802495392110425832 -0.1738834251947246846434824134128305545582177132230017010920049675013760126823337788238447486020942224458974460623064272425629967392264862948807082227525276673163315591373128369376942723187481881519670404223283542398812936 -0.3555025117222691078743853772915446159146453336205134611236180955428542176708916491024898070364799827439300597849384314330939351877185331557672881372182189917451323539984984255326977546833979782321220695221527169086040256 -0.3288004361240137166207759260155206860838653439699641681546690378862220969087593334747650721747773674949558190324040454325437002253197855938726025115539084935963838230066643852950852681394541982960064015490920733258467528 -0.3071358537025264857336299739246783192098200039663016456049156075660711431482675794571531721224680949191228842660098790747683465117283711394642998332763875296362991024749427153420154932638949718842147148014185834861027296 -0.02266387911062946803487659758328050756112752604929264463329880484844796856122088246905152920534957211290501908837664200146893948946320417904218628225299368846612555169432381493783833773598675730208684356422694754852870603 -0.2868552499579966239790373642982797226502087049696641201551841413977132972943325320250823137823427180519506325296330210579878344811158392235101155625394212337173660246987959033884632256348656046661973703603097358343674679 0.04514698529808612747361741712852784152274152277339152452389818846117656819203613699108777079530957578438910786932404499495650467197282360616040438842930006511911827256284083120807719737344768361585767721081061191786814421 -0.1652899076627213277473130931331118900172279830165815275474991516451963181211865907807616262650629513840773406415556624522403981204104132636403979963460418575081490964390484793875036686057541745854384913534347004597514655 -0.2115867637473673335180547565232947024841055718433247684732794921869713403987208758844241295349868145614526892955960652331389929911395943564678180023114393214417585952776004915097451830866832328324873058439420446713282210 -0.2750845977217781971358167940780911629814646701618628528864532896843946114209710537783170365017363461966656580187954455973319677070210271617523655294310324585034075723144456809465712153035880679800160709157648791054517820 -0.1883914155759314779051618869792328391842059695133440499077445136544090882221360691871845498433438243731953221874438534839504637897038862488167274020475640768110256011161852674359176063851089890204208076209819828202861580 -0.3022798237425675399835978553885353875656021551042364214644991692331963498869041147213299405790325285108289981083956645299426287788584954047795862131736445512748339823501218248476224400746261190988323074216473422390483714 -0.1494322109279192782490767171432842834043817797902685533560295822843104271318758617781039093285050958754303760076498573054233788106289632178861642548298575701099134123359853667668599359131920661565768387670968858704739716 -0.2579837554650356042162112055053106758997126463710030383280531687971196156261192237435132750430349323420563754436848680102159372918284084966696822781916396034623367206482809343503124807642256026887023202174154169073943588 0.01397057853474135650545651619394376854806211231969720811865939385742029307848296567306897088206809883814286054849797537414077811027532482615383051532215406573153799022154942349256640570051397553428603093253398996470408434 0.1037236728238380239957158447953353952656965005928022169139350945404669950373409958265881564774525178070582392635208862193957155510041209797096840073182101206093958115126610034669323805073254069275027112065148838866247352 -0.2005141809378597710741635131251649325509955362518355403696778598735989816406045968332756395643318490146932504744959468403196911573435753523546132165668955481750558761753089749940550582357109653836848120632961446306661991
G 22 -1.312513952454753073399747356418784192519457487070244089802238984345765237445599839552744764447515951416612295458437498612048553820554430639532548639689789486301489834647078415985764469480049733994819825583727947933529181 -0.8645421407208465099051824891813875924404237026156222955670409196062217364181866207321606958624838986405652201037269030480297645363547147649213564552709857038014734994273345125343452891657250044595618492527728520213280676 -0.7769249387832664318558639498970264329048499274626145649889775239763312235597569045420159418161874153908988634304057663082764811634232312088309949129396940104334433143264452138876600993491650700970612412407993623500267443 -0.6284286501305897327540603417359877027785290639844635240792678531414177901726512428542328172667489145809713385382376014336181581772755457929397704091335499262326857494721448018376110299283974445894243726488756048452461694 -0.3953345542968116778747991116499807919871793382174034384681716980514853372617477503616800632941753655774993016267483849424050310566093177290929892352388607264414660854375264111336430120551010853306846835445443788736605980 -0.3123457917465713448200693318960607199531887302961728912416708195317451496906232060485944351686508637065339575738359511182475766225571129578568633129771770713663839754878200023276775797888465454653349253467856644757245323 -0.3654857142358856291861726945828747174311035163967986027781764852727128766201856484186330115268261946164205261062800945080858383419850285654178144070296975602488508318626967721927738010155175484418426741733216028884387352 -0.1443697255727067696138820464202423102966272142681667332206142207634502924638155944397952368331360016314453139340014582595019246620295325294733095985794900732183329733729590628707569282218615518299142484577326138740258350 -0.2765482963743599631161010245358084833744063481451346742444864008593265555381204140840452578030756540729615262557113807444313066900005870431989815759088883227971334718984997862549256608804941494935474811222550698695504078 -0.001851214510417667877174305776892312131538278547858093440178976798467412671182457591815476418083587951621525679203973200510715648854989683059035013663701182730552318454707354270294488756063280041307320605208500451309697096 -0.1422558866440780855631050998531087604593479817223634879338636747418396353175683173931725437740124325690322596542720096186050208550980094070313817000173201959554495688594149889833226594309828011400695574680394821362875429 -0.006487217232414541463481857611213746245628034447709001352667801686367421247835397820130374696065729986592403041135517545099530630378082093030393166562518198502775144246873423261639511275830425144596935242043149824057127315 -0.09976718919009718178262799631847949692801532614050446155302286933227908730460304176016870620504794649795349287264399903557859954055411796734879020381508487327035028208924661427250511025427394835100476553015951982228116774 -0.1479925541413538333121932166399361879875574851663437779841719452406257643977967689965113790859066545352821711494690154339263970920458669446914537459023446023825459989904079545997694961982938539036987644121429831551947563 -0.1080661436190842610313732280073296609109349473727354476850446292864244076461322553478000569354589233174554391326036453089548751135737182485519645621988599488342118168767254004340342698340142440164378207488243601260837759 -0.1038017560786836031552516047856774995891830319315979545492274979044409747699037406343094076275130546629669187975319680053138628887339538805602408339871964272145209696271005128271037295451760972396413772002505171674112981 -0.002937107828769479553817558725397942436011082342763443258796734556915517346913041394697996909271266061435581133957542552431067655423798486889479341721998838094672231367983544795050157375055006141371096046952222273154555119 -0.09565755322979287432723274490170498172868228282310995415964979484846553163357240086528281394354162211445451098330543249766305040306482485720543940698724402190160490730842089673839052336521334945643157569044239558437457226 -0.03478542226399498643888798344519584714867277818116717777188973990099083957126511956073059560599167172402506082611710186725068659230190546052669042883860831937781392477705070734551793709869541629145539743835845774937448960 -0.05797606653050538419489625860993708080449358477333530243692713811294237319543783138662321287923874807977898143848734316241373810433634186442729697389973374476312108403222214852110861479573216767716221554301196283703182817 -0.05741273185172120677208429556539735255000875325501295436158481652517160689571761320807552269203488264717371239435765130354273546511530458979754116819155870587295287520519700299164954489484033217225422750247682184536445426
G 23 1.325685019237876621569968936981688407651760245400778714318570278590777258373009368362069551117830061253032569915368457993357613839115830081003437799375469359582888435692307242986361264876196562951062304601398715204384124 0.6285692542935903007731581707289015122616274305268767754232300607816034993415837394409494756112647289887781450190270526122269528748187600694040132881870768572850728715135137127764635054676995018982227374084697977800834563 -0.7772793211797315337509108688174595175436084326001047778209214003223176284956098484703957942286321686373682668332495241002552876692274004930500211221750191659808215614380622465673882654909611415703641552959559657213863465 0.8939576334815688156704111006684609173710026244155462638304492390499392420982221665980037917030138994662589376535641500447173608724836171277224853500682857363235745749008204814589996523963091332655235220907177850272257054 -0.3551497301329747856325574706386895646583900537757163613073565661510898774479396095090103799728553059560734567295604404982798375213883388500056162925264798639362802927471545403630284526612891255555876905816245936743055623 0.7836538192909485847087092711227224523449318749168720539641913887327567161819031873170613975000388616046366969510379513050501630391648012074034116269508806984324460882608523408196628933273537346204199089235057225205902799 0.5996878637263173934292718973787738222328188079364887182679697807927291314935794701109272585872022726578841782701027287202121967386234118665844782002783526007453690243243926181889850659343503757233333952282610845537010989 0.2600980544433104032817890601633695624553740018193969310987260607327383838813026302956281812861475806790885588728964714923811862977872530968168776808355540537867565958814763175104892470134769542708877448610159083042781177 -0.4384036547315399861350576364399720129401452468232579340711593441333017744545159284553140763389363641020130406568249915678911151014033547499074248443012025234254401084029617428260476053725695706086484876236497016189856797 0.3437930166617237432195335602103949177233206050006070147038402988349364403484614367362904663301452788969151226170830805846944594304428417424388416980527510222233354403571297838032563954550379414148190400365093783196347745 0.1872424598803249445496953398631785878748385866559906295087962276346210242122864729127573482038904038895793258229135447687380636731636686481421048809884721501423695292883651937503886312182505189495558330838222129466625395 -0.2594028010727796898482020394115861534915630978362781091139296515944338062839549559387835182607316250195509676777092884191745715496197548176076264369266879123102613426940506937127323696453580658688919413715099272629223934 -0.3361826367799660979743976055676532381617702588228918181218909178202652099022065545585554336075018106095093732990281786437768835611489195459387698451489821950696105325579585865779489822224504154870478423076891072612598773 -0.3131122305515968418296646188781003682006459566935651982738341062091558739019453066587556007596956314844550052051942740477910978970308215825718930906593448041735126724577937774937578383742483487007290393705156326144534187 -0.2348501725327319136429255740501930828282492167157729056828305475581389852626770900698294369762015529175871499064806836891546008858787196934307322390134351777534903412975847392675877455944472455504265489671402097405080665 -0.1191212179086096603013018796719439787633924221158863544913300140068963960978899646449528159693175058738940643411379854460983695443601292913103497076326588650598473845424629798722507532833459450841425052326834989280776171 -0.007551402397780092749075913979310377315758928932554915715259569247494206489886175563266870549126484714483270731885752890876974194159385983428211723366966759796155284088774544928209120917149034047388834320191559723600176229 0.1240010587398972461261029207696027221102855494157221101434604590592470196083698550894177313527436967231836580076230280124222873033263072416436549300184514190425792787393080591152691099593449760507788265491123644750673074 0.02263619986262109256204444045953802748255133027274141612264499401576312988090672179006774738869386870269121164559772950226408743028993578546211633063874052914410932958749856224642856941724197900856863160297343630179334583 -0.05874992761017484868627832246508718431554204704438516950760201786603126480553988931776025090351267877360424193102984774741975397086534943590709074924526397412856412145078845316001955372023007245889778957046441006429783600 0.02422342804284036474793701847381618844811602165186330901931570683559942303852011791050699401336926837926147314533491020655744671730158622323568770105201838295291062710162256955278566174486919404094995411576265783507365942
G 24 0.4377226082323243632818343296050020177779880109616307663211780418327101420325416128533414786345571953484725297792039024828258447449634259299632554024248405097731441119641039002611797241364220991869681929815835207403323212 0.4004657761438317361570337429461599140136341656236601949190274277679131913057608027494908085807727493174400989458375239714246411085755928678271044914826928231164508377092291294212800883994302756275280794864760304610433298 -0.2731583561515759856432746677380659773926031299707958645778881379431227010779959753633927048503858212549907725847424175725853636599299253439657783094982070213605205741893345351629953230756442966250993725735573815847416173 0.5300969286849522393069034385106048620469161542306925844762760680969921205204884074524088112184052596386274406911269342036449061532273919848931793484795954099640962072468348776308008535523877400355409160335106935665788729 -0.03899184516459233779167541484634535456285338151934613866687454613319721287336362457797134399694546783078546855745384118210471835478996620740523110307379505370679930442142845713036823926569360356972180872020335772116688858 0.4587381620744945303894210542823624011267817386148340851430284653880505024905334430242228846919985166401402251979738706151699238234744777782325304333447997854197168148219824937446755684644473508876314369927221062372657780 -0.1600705605479526207670677957599320070283303780623590715427881748353852589736522222292228752417471786515763576628668575327282415089650302933058685103756237070543214875941408951301919302751240994638068302368443012242909970 0.3647091171715979972535089618608986412402506402850126207124166387560677789806292858859669511522119475322328782509170629505188937234980720328910765207849993334439728680552837304700692179204670400990196721296043320352178677 0.1278058257139277685030557155922771673549808850163952651228095775655905277099884294742654034114234670650572652516888901106002465296462949269357181595582793426045033621684593533580464379538160203871773573336412579624862868 0.3813932455838983859102611036427841231737888127031909546873433400703137125944286344549184451517334449677015576044307207796062596416018925594467600689392452699320405079892428818928851397744249807637076288203478361526279698 0.2788999606503081733400196919460657126106323454515124078263689213931586166866167348917619373069045609098654128223307871055739109323642384828898976422434989279114549366233355067512224618807299768826610891914165639300387973 0.3679289450934648935719420587320202909477723255337547936779158029029021639052626578401834354203679543566314010712972038409883385587805436502070854855783347063192900316974365486318050571190311710598329083503185039809875029 -0.04938902853876140551186708849166251502881434831026559290337091927567298256507371294604757594566249075623753257963641763848189251009534749199205296250905550785765173179020929003405602631488869696393009041153511507070470001 -0.4715439512039578161076162107234328578988337633787684941806682249731293477395652687287785687629187735538045467459139863069257123906538097336003777303800408432686685386864698043945852673693471564246421308864741707214712115 0.1459954229395842031053096378730583021474834574561926083163715281150111679390608716826184500231664551178361565474667962687539104162033649519219743191263326168971436471899643414419527420606110757620701626878822530722096982 0.4826537783444924614523335381464805676861707640829552482887489101221484473530038364475258259329871323580190107049846194569542563059554506828965484248749478865974521494194900618115347343862636553952393075633734667166677065 -0.3575624105304510319289555744293082041621071596954991878649096277540001319441268791222467805525701467972474636601842297544726803228036308227213932474508223688494265914479777914149242220422671640428057607903082034396213615 0.2008127114754771211188716413765171896752292397793087989932078734757790553506899851703271893956465777830956658482645638407080526065051708029731942097201018505453207639701028105842674427272908235251837792004125715110980650 -0.05884458892919490468140047965252392185890582062964376305902497358056718130711550432230885942404847778356501199465248202849995469384443342566897108692992505932998078997329556060066763735056730522651061332145782678627992554 -0.01997265450369052906878447825075348862275918909680498958801913820518540028347243000955454155110412244697176069056372462498579801342209120923506205414692340257908365395452290828985600151250971537771591104045076721490370261 0.05710592800719855600537638274989596960560756333335059815343362535255637300500557049677471047983977600679771909064144987296023977522480664573651829941004385175853773728528048710693824468921095675184537515389563428363578046
G 25 0.4076996929358683067889142190241188487138200288237605764024862697246820418417453505616915473040073421044929035299033742690710726016408803363955645310996925656209473276986154394911161482452573201699333186557688199623595458 0.6313776549325467973860115206558478388055709361494175651173857067865819321540592394786094473364963491632821016042424060692020920504120736231652626976993087635874962214962404911186088538512425339160881715940151011179582592 0.5279377422611339974207176295696717378103082551077344046158518365485343091413617295859948160039307529311984253318409924276763985871756462312663912741193095294870174513661309454147929228317946733361860885395368826251092027 0.7658257381583759274372150009609472265283060241582672573943591880288098751166358463518681723039938157161702093798361985035778034782455950958916588588221475997658827609326341135684722561393709596154957446065220739446514926 -0.5534351589910159726352031314663449796544758062844204845088498691501057501287009355620499914880279845121642891656767972212122657535103170096842298882177164771169474051485785568453422667166781053660468157178110286298201311 0.1673545998783166527379782545685744964019810178523063520250702830617642992106127636319963532786852972927259059103326928291395749096169723512126705433839981482414887023498164685985567742427544054144088006062168226320802367 -0.2243762261562995686269037953267521904742078286039159809608298946557286748706149922979912912202363018927734695778149575954006361622195335263242123342341524652574308564987006690689178523063652254353029968031647158286997222 0.2364344104810192842260769454133083264498712534181433514017545950910960222593852236324926984958111669018955513251971651120210135079930717672897718248189073030820934607058657906072358548993639692107478119833530258173930011 -0.2906334165613608925657540594217523555309624124189831425514522974522757188608290037470265280506077983545835329748709582148293772160463403702249214036432962683487767385203356125219950617866892906644995282834084154933729828 0.5001333028753197712988099050593167832143363268994409126745477025438180335379048370450911976346042653452798110325837437785564058858532951688132940549313742430896538378976484954529819118435395269689155731241646886955529889 -0.1799619946353708055376542001632276101952335489643744357847271333795664961146484564362245086658691475229837261046436642354783944198291115830155903183158441712359026199568769616024399676542044399520526058021052615543469883 -0.09813875496298066039769640812293854984109594625051913005677670595053080719782220364741488061202717306934030199095730773157054510501528722288342144294637748923238736412310670401780989730082796547704247870667593433867789555 -0.01271776890190731764615078848813882779819524801403932878690896730284608749741526214988466107364886914532307395439078439070530463263201471587952941215877495899139867125434274084013219486633287868436022401540295719152316520 0.006088603195494723560766226282207817635997763464886670843388670997912795439772227105092014304375306463326835461016738494147147294280616267092974715773647595945905496147745676907248661095516084115363402795722837904286105615 0.1381750418828435551996579938902486639213564466916775674463501463016049989377108556406732100853304161196869156271785509939995020154396718476246395696567792557451371603083514266061065157186754470501820219686194600201773970 0.3043713431540370325948587537087458442150417026094618649609517478266378542008874858596144844382124953426864765152313320362103054686129335433155202440469065425241542913238129665062570226187778651203077346600691628944107129 0.1941727603239597649448024446492380212603186585404675340402484387856835477577284076651935248939139888823775072998449067423294982625281590822946919255637322970095306401959397459449595806906421606018475086715550803157570639 -0.09123281205574031674104185053218575201065900859526859553681646095309738330286858065729722782024416837390578282847891082023634880452366673538917758852546276707241802392539403996165052915354933828275789625719666777870690048 -0.08677371842213699614674199761408098689617829412633713191197903740477349013417576966331432448791147647825793864278340716658129708084658380127125592934244305165235614283718087304161982154576359997703385839681710643229160873 0.04251829648415336228038340616078169476420944092881056838161920826735081922291383516091886426754863789726834713861272865230168008887640891136498339234974820054010695747577965801537500631587507832472642059882011089809989576 0.01624627295183656500238804457560424601418761826073903955176407069682866662531894618757400373164516003228454724146555428531919744961638348336607127336457661654532578770421775130110856989061827976787824813281048735557429409
G 26 0.2369137254960690014102006475518191167849800380562024079108338833817207016906709722367082686243161115550144039426476285210242444794582211773128097389556387438420062003206973047680420827597446851006279408797510471495714236 0.2894647667397320002979625451497522808459608643314590840126418617113646887142976690519776641862503896298631368418934902018304093114553960360668811829665756096305066395014143726271560635939220157361867006295744040285898809 0.2409677825511961126368125919373077252766886899202150373633215635624972187301221932627131020284523431204583828851489268799601741667379931833390405890628508279780491815196562102532140489003599870853218564549554442728863541 0.3086887088453218718366455984115271667516088634075762752579585447477079647424227727481074030032229673811426976157802294661749547662992381974234757889999341569855107139390841967404285927118210228994865204436997057860121319 -0.05934106967803159359741798894904028184320789605306679355538933479059860373731901382463490911883279944343381733577387119449036528743676714177825530348596837718292009757314385447721779920322312916473546767569565269435620410 0.2296862967532298206220736026132349405293392030788947502261591809710620621399102527991727579440128847495670033796872423708032660835686448415987666153533940253275192945130054129850542848307422224131055015409495342176731045 0.3036892304402859247296418262734661191665937930909611388669246046580609653166806591010389200271786576780827895209278423741416953280836853639761086787318373103607752040281720062530605086931507518291217721116223170187652225 0.4047988023559527265917847101800711185973122277509184280616932643428933792389255856535041256513069239864507385166801126066355797559943990865907426177443229136028140383062693175264406495221960709130977764030217814451258724 -0.2407601118500616317780893720437763889650429955183125641061944758179763877552661311565032466445464806182084607772183859617247852065232896947764741073066650844483234319696218127612149475936041993891054997382946889162475098 0.2649783710027416000848362673089635486013787520592379000139556622670380872520397240241832343192439239570839225252181651765626391707389643926799497503468486133298960036962183025902025053023400893919630272704679189845814630 -0.4112414932982772921680820560696591391196666009854747348579296659356192863693026904665434451752696829412196522915193494924297385526626244681662782097950786004586053029354097333790872402613542373313933093340141855955825452 0.4405849145945896107243340820553807715500460810004345840278895889496574544259861972568999226360909924154749853360663096603668433906565820168775072997273926117863701012315034881894738778510524699179387725580986851381678757 0.2577027503883865293252578603963593858404516405700732203298328672998858070407549674263059779675769482534284487958036895504832074913524970219186202888882559108520048704565354163917187196743472259144013269582562377081047590 0.07741458585793315245824099615959641302668458237808314304146854980682261140438787905689211960013072587216738544133282936035670243448968226210318616168931728479872167789156853190547591046456094380111306244279421042484105466 -0.01978262658415799844527629836259828634406014284649508632632790151192611628264461258314448154099082954383332527405687733028709501373899217287095858678557153247776869297795829943658777378577927541135064232599039888570510785 0.2469180213030650824186058485936676255653997335700637116315770824329843466109348992220360293533806279638098619970678706126900686023827721542071986235555059572126261871363793125404976436021727225860903958097413545598824871 -0.1123401652902736651612585843932723422053860680272146070467279991640225345199734892271216504613001869148579119561405212913945897856915385255782308597305156615237016270301449979254057348202369670819326759673490887666369786 0.3511190406270853220754568466968206095610518436426379136013131518451458434977165368666592288483478195046818778527667057000737250411926831520147270374770009662892910478042371023439820544823015978952908712127867448099575192 -0.03477478482263930282178943653661104396170519087436640722991729611789549410380348537901207563620244799758347971413784412187778085519595679222431589741503508469523692060002280006999865646443052830964879148614724727381866656 0.02315847853793560730119367884417284548053273658031352435192117835871954283206883362497105404053514525234544820987359334465183676694087367589792466106227046531921802007273270898627936886381940543307400786922334374169015646 -0.03507778856696120598708567449533355615549275121517505893974643373828549906190470483060563648187212394177989140590049336267272766295241099250137066438775105718581167292773320020591919572551605119466800313129344964703109781
G 27 0.2397528205414341843202441314340427867544372391961772991999919477907587702513952731354868235111579920154962840862286580985436951821121812740917565529778638343263757541294066611686766179171440192943509906774048064102734361 0.3311371768721567599877261897650799115143825772280132986606859549837967727459591641493357706669049710661739933411616855987449812204972409371415951738393797804386398668156377982590327748517284918491759287223222975715574030 0.2135586452850001537009851987817462623335521887582122296930314909342851176407105433763575370152851612041298571386268202118765253185333512140442568483091814487317270705399657525865578045297709344993101282683906204886281631 0.3534630389077270294746777484775525025051091043149028954406332725119126215365042096694723751571154541110523718945218228582363918058406782533434711539419646766183650401603115166032085653588946605764182898636428723805967277 0.07846302944680231605843667264412787176917719055157669661243286458440453026875982644306922175083133347744281994854622322597647128594400445166279698224718428747578934109593065572852605114191964216402358151560470183637445687 0.1304233096128167669934169438314129015397708525197127407268702334798363139199379749782232071231843350617918894934054052955629940165427272609932682566367228455345973061858208646266099906312500781118051668347211449239178735 0.3382030699674988745882809294566246890193901272279777608026398295908765887419041489406458135814248960609887721848488662897002120968224349177741455674743965482034589332524663691256991420626273631502899144995061129032955876 0.3120396964158954212200263923146004121534075106700345113617609595002873404481286277618245803552335598938240400240083131781361387039138195680351707391952131827776329397027623169753395039706111818817140595461317792982493672 -0.04002424469968929001533426619312791878923032518540518153192187324136169002117709806634753588386417138615316445983279045298677282958537834732169432520727260603202911849307520655741492204923300423256544325341668885322394538 0.2248752658444476550473348101430339944333443640006584239625247104772310544130911802079982835135511226722827629019255502318270692478103143457190259075655179734469840180341013502934644969442662929345982255220813297968848541 -0.4582680938821094447940789726310789672059128564382136332229851728378654601219785100156728844134900459832803683988691940156676982505835450484641882800981911529756457297279163242628596002844039942295179788159469447691468129 0.4672944215927244115548428626245366599285926749722142732935777695599910806977513293452606880590175205553110369445638119500967439556922982340717623218645424195329275750137600783102961347296267658317762495528216862689741960 -0.03681544707481740551872268339892165096504829393045236826538735742951631069900359977230548043114130727332493668991029715871055858185877716602096753553999778369862152439070348544757445328237960275844133798953766037786226807 -0.04543261705992083351397979167465527244038401369048928790052153178932297491370623692273473429751286839598403368539263161248096802181888167414013216079551554452920152524354513825794734538523643455768447661943925851981776456 -0.09854486263824217502778156868580867040325023549050348887809367062329397102131837513379903834669414461714070546092718573731610082521514035656051865908506126579694881332489492634266470410272763760342342723468935849233246276 0.2451471595756805575787288668932489275362538858142191166894154526909691624448004678850505263662394373762108942619306627315797521434940653664392258512611263202525097445651766119809895907531814224824486582227408100073518758 -0.1386212481066275724259511391850586145479369904616103167935229909577703650971774466863180163743791297991970380725825558949277346137680911393191985612113375114621540247764092244573918031580488822804675599443526849240159916 0.2963174717098430372621052198976964102454529205432058664620880288352317024225816693503225894634467433157758960085440503443563337716836894981686761265030745277623721348084332314675389346049307247972664044834588019894572249 0.09779290711483532952608827965138306015078914466376367567098696773792688017666678674542271128257227306367944548383496096749927423002276744636800466697226824686963665128922876367078063557058244610966733361283189376572626170 0.1015158152807722948874283884610430488817760930859618542395515595603255624913085617688713359614784175872705221830279074745702982002132084209849892138126891458116114611552734013952187958741159513031842067477039293096117476 0.1059156901131441227858921073725859281006346969299495133803814811004580616285251045496969907199343722468387089835014931300696566049082584056216175271685308078319526708883644782768756391739165261330991562840907062291291966
G 28 1.080357404246624360318200718581327379775184350945955563994347719469406783793709263331040820985160046386305127034105189854917980541434293872251225727148080958539931858649450939434940653388222306449784415328424620381538230 0.8819986623803527559911931161293080434043900368534855519571531431708754229372053060135659992609486138991853906384633043654173936173746012440584600267950365904850988201925966753824801260853481121723269197249770181345029590 -0.05721896101836665821037342071186642809781168663372675835029566958286170910520026908637249184724267200822344616970808712715385409950205971704357768594232488535990348766331918632053793076530073906995694074808243325248109342 0.4951732417497380316815172451273142704958260663719812853897563413288720928589667187657808812619354440587611315144876190706712263135628725137011433571657996583837339793893231365796787127124605486193947362877867238760348779 -0.5742934931793376549547182505184551110970426023684846310312757071820488998729952829203671020888531796922061653797882192794912312335439655971411157439897922873736239282214970235058693520758626342025969907403279706501664342 0.7118280759685590805412067461801669931220798039046080240561561574408227142908710670356951879970108962858891417415328654108362682250587037117144093521610673915974739373260312927378948045652601876837152902936597123184354068 -0.004310591679636015504989804137472724758472478726745112042882362051037491694964000061388217708497341218719149185715753585541231746540156474283584310125516753187361953469835276368179208870948975458969235377223093303865331758 -0.2577404000751948880937757190860614210355976288206295406302354261424641540866071158015746750066645580208155336286765111586009193930551044687450530981519667664236326225584299141877737198890453802715051658738618109529381920 -0.2684837915844527996594042691122327223525182165369379291077233703956075321394377287091071219313296627083070328288279520086024614157973036023235118116680548749040811778573673090015086166686225332211850495934991993922138810 -0.01560861556346572230497561136848583437267841911387510937597535235368625680494067007217932794024653695868160254092182292820685228131399415661104021256562665034946497088659918696693839015848178300623759068859395276314199345 0.1551844586784744280608559480994404499405695803333613284892735915115358292609380608515238669675888517358147996307489705155270825434244971729398228716376675022727214026563006262689901806292198126419838277242976971822237123 0.2148019681089944617934504622806208133266425823618041014789370948217032350180758206108919328819955026880216784630471411090358294206202062465612353311243146844422652768761658912603907913412332486296215613681510976915698362 -0.2546366250638052057476406144980538330030475248975855657598520490807231014355576228466030083930137391611085351953759595421018796859447865291721829244114294070224537848098251010030799374238177897712488519941808293279735377 0.1345011363595713915263503869621986240409950012942360588830945790409242301371695830994754939235892316314551812867453788439200852813254978564059861897359065429375074814591603572798992500542024341926789746650534975923691690 -0.05631457652866082510211461512794872067879228831604104677621444450456693235667106255690451646950288063944277833999987172011097166927827924539179498850803665664341115664429593937177787708068240012446019006727179670666171916 0.04591732360058256405697732852335527377833216331842659977045583344678019606697064948407700585315888380119273833189768340993172031904644448575531904814433675426385911653350760908456803854050186058168973107102288028844301196 -0.05642746324579580138140546264086037193490681360042698350775841398334184363684253042182957596445338883645731609486765053897727001559748162612945508474093420252644324955857554118143922160055468199351051088739096679868417537 0.05018430368113052874455144879332580025402664144275808370992189654654842793082132263662299136265857227610128156205366448776394436833129362107561713502753767135095603946419021102754561239164241106339067981424807453010562375 -0.02020110091761637479702225836163520169569537689994100246527189149762119889120715990845828273764956774075053728060749312633230825541279503327254091257949772519674512831756104695798895610340358655713005076378407188601923818 -0.0007809250342472575214465518999388594244071918202075984636836020413107013719890291757823443181916589789964781286393520687652592101317524124622988598135250784602874801269403885105677384605973599000084612420287693984240877709 0.001217972296554815777383862184395907817424875081099597583137589288969738080092319220352919717811655833574577449215401842049296480996015180796023639510704902030516746891448465899195223194177880709805515343248917691018983420
G 29 0.5060731257679024752556707582748318204744368422152165548969885468619451236020191899741958731478182522192718835276005685886673118952411102126724709902275148406612386925484413747246070665885602162683216810506127412117203278 0.3061679466219703382444284769221457275015222158342356211781111676881830992103640939591725631275799052986372761130460621791798371963010113263732319191837687169158657749448338363140665854690933524883972750800168032215075483 -0.06785498226532556840908125865735331380087343931934242886281185657022635673836427902260595138922087106925700960945627813467008826174555182764282938645244307019126920657715145518705811437315674234790224407008526602447174245 0.5273894349538112582648992467898258898964475123485935029487027402517280853925899358113888293901488750845310249529090083009518065533185524752634375708630752354519742355124285511993127862674075984088406096780770256579359891 -0.1490139916698551159530481689677901979470531515968441013705460593441452564138796071336522339359497819048808588415568244168409818760441048949917516926981296722648298382996159874006938786072170042957219058558380553172794188 0.3239836352111313403440300870566567703323706100327748804177042266646803517149768331655060597381066635918314001761972614252263989680182455587398188544627953029620542201325554082515880742821821268441216943841620131521866869 0.05369065388976265113962443796515511197137396069385755116734949424698280182392430406008996983637550101664670445309737973532835381068836602902177840347047029201859951430924218898853114281604889399873627563885050318659737463 0.06515565586329051406601450082476541850334661149351672835661291779231821954816441785982086108191169698225879907837504673090365488922815885350094467711643723274344288622529628644512186116686875271506379808502014367342382598 -0.1631185122272393409381055447021713054239450305068096855878782276542123750675201686436375937427922255105402650493283496993237030971840918989212103366238383545204086455732027225041040071423357291826967291183194603987113533 0.3354404692359660584255520781218249100551537384507957293476785640594881252047432032996551270801939776989637604588432375412010525679110088026866032873467244370193368966759563523458720517504836595696847130476882722221131486 0.2655084912897469015987975629544087372265934722401771370196385727870259886002009298638528694379913102331160478943224770216178599141936474760722802475004229735407240751525723052416853889525250835069707883764510483058755112 0.4141235415244142289099206134955327562967349001137006333129649394593099896752879379190264941568297876913695454384008353700958200864213358261657178458691841620690101378226875951969862511095857160042674766621446640816564589 0.1758534437911641923942336872035964998138926240131795985777798674975269457737685417257771666768439046122309459011266275297799074985252316158674800272712375609830276323549631522387705499743955095119944288910338340886607570 0.06786267255515033873061806408988702943988759446203486585923010152326362465644953344151419134854918414796433900026418118945384068062662422523919248232351245671428171999557113796543562832660428927425978200676834217217716862 -0.008240058140169839961215721015530819988502181365404336476730217567283431590715730729895499618212977247424695925662862765633293196996263275833203021235089806436480244330911567030965065075291185344733449307075031289630583076 0.02324967729533376923578400207324309054882515882294658503072600163064747518277720066045254467333340745741857873044554447974845188276361995086323635344487428338314147747526102362757671138571913168304626609842035790046759977 -0.009879382277215968420018479109831864655681955846191336691862872584931174913382833887388563571918942082052509163659666882368117544652478707244712903413925170546292067147777667497626847721321149775058393340357142867699908669 0.09543895703572375555406772074021887647825476025827066503379129378425789683852178289847903584714237639136471913857864647560174633611813445249358626826362404488775899642536753740445170623230328322593820599138295152575511138 -0.006875423052960171290722857793104382857557290802672058117520498755745956149244439745556745286954387399082540503976756427808697689625201490302230833979731730569525505450126546567953878321756797361645991417347567699903326453 0.01314904956333773026431232275236673263732900805904221783364988717858338834908288175688193724388455228918039215457860740912827589626834085282228123702877579533222231366571770163254866782019027061827264611176244238471498651 0.03774096529470656122515192505367966838294841726229498172953333439927589281024186621144556919966782007688617978622940681029665200119722685407233132494802619417066470784638021008206660114829993986039111658980258321511497275
G 30 0.4471391312146271596805236192791229757000579356584629400883781281255038026960314748368245387068148090809181106042901732305615959318451458072043788625433095281528860994670793739480160937285074206007702254002088356970532396 0.2452044418288586418952097908721509954779607098148245282235758790731189259012381081446025100651103067956083610359470982363843864569960564766680820468830172768156713449888105675026364447845456658153469210254503579178306212 0.2253374695745244772281119658484886616425537830747490854903398097668971477739653912514359249405909415021483908885011607450216991588164365121205071952458121256993845596750523164310642634867718721613976931428135329120860355 0.4508681850695771748313267472958777668216592634566103361999885421843773302586941343480426627074101469511386591215900938954420126803274825874486394891230798688250005899739165985509566401085342486505666209319314230419355266 0.2642724473709493161384934628841086661028387076819798434280497650900041978219396160632113841136656298201071547347460802333783666825796005999849097529447744239138061941658212488663097528714888913015864689347211090266303404 0.2606814888071408600394166711689456932663187969922944571590157307962214702615906829636242227321504313912823089485803910985607298142397500057578755203104932227870495626966192198046094565010255264943285456108624935871596512 -0.2508002659894922412830872525891957158003897925816689410649374496656194146444234795215086248731481740445380205104879185033054155100111866438786606402037164487632750832026066836809683511481856485047509607588683872755169675 0.4716371937721517040339540242932421529162329192576624490592967908577375134039259358743810368980654517633477404981018728715824702035519855241136742667870974372170839204988131501978295780431135694308831864616308644822073370 -0.3217251698230758493018518504242157798641936789431669443401657539620783392234927571977025044792221799076161590730560212093642573345149094010112551980968349179500860924227192095109994090336663596133884493276347840826267055 0.5634918488775316832850761420549067529047552563725352048027126311993710283495721249958469427989497595607907940270814205676905187259324881012760129044804892995902982756641757032262858130877035825078813346172194818356689572 -0.4528979429618420859546591186160225233173792547155968719348374834887872454996241476050321785614187904343125720325622834566876690465303923077054747264062071269067767631691440320443483043547992852060452800791070675309388801 0.4490558704374406182634431469035688192913190862270874682905157632838109965764979410528003035168354483287163145129597436929733319013933495345141960504631725651985541204616283753142613731915215559451279157423471587692477432 -0.07389937512325936543633482997670949493755178366761550096273913180117542900297341738754959421334130553169008304320996492151430717442625810749799767246166497549562773107586333247801341341535073400775954020583279455052537864 -0.3003320728259842074832673814866454190257514045681908219235319831645396528879840944844528147508395569765439317146207080502404432738324371291982097303453995508217470566522380318859230943447985564607413408531333912648376418 0.2919301082261651225318833795389064089153665744842790061537825866255328231605312616160127450285868275473805652223732568495198386894872407660740579406541359758035252541154578172439697368747693378819800566823311298649037127 0.2023539594914030294799084205029005693624975133537581356395514310934501277864449612680596579824774499914716545543048500105525888510939525918310374263631064871738788869302107927770076762143243425101581053749048107230469337 -0.1600057360505429092842520064613965619589771335978753815932035834390717921037012917912925502342270869846816766739654320590665500895181971931797855937306995594897950111086907447363504113263552593407935246235841614709667021 0.1396708263386011335406471048124500819993054077041535787517312838760409731746416487699171249144276464550657106851328698936284815953192065175909042091317943925606091580306428786859907265351004694095920089703029995556348202 0.2144336998276235569745482170705590830801742807057034688956250143385890189786303338565214336930219526950704202461644120349866831379960950397228002953354242812882661727304111768385534220545055628591607352237465562885488413 0.02000596660092397790152693710863325196159573238182631831924100182705984854385603849927113309667908707413328296297356554848290136269166087297406815844146541355656418515684845422171677322924579220971249010496185337924251843 -0.08420692627471716072663064901012172632923199434281135095796531247863512152432284989969204382565816153669651688134860875743058175703542360958076771043659582661007103392781640983705026992586942515456004082095842083699832341
G 31 0.2824137165657731901531297136663706817766381981787211309534984724322710940232141277707049903183713183986057670739561560722963804239008597042461102134495895553656443496812308460844004377863089656657055671708985732892890772 0.1847692967793999326315810886913617410010083499061177438502139297937848662504740178865074436973979775880158825375596198599250254189023553977162951637371613919823491712540276273785573138846317037583840686325643500142933107 0.05351462989195181694503025390882762400136888257140836449822034968007520181775487526154087443671458339444378106854494373049788052795179084595286518875230235715379840722371423796179522844036579514973139063379333042828268845 0.6124944153142827264186126005149187070052696067147707377380485355519966274384042286709823647492949136557051694967936821759228464689617259113745199057095126283358702642718956635886245574145576864988200764939444146531841872 0.4171255256638740245958643628958100305540213026477344282796353440920105805194592588618578171003556679544718293686675255407430050311879539083456912601771273733724441520569188938662585917186327619587827959910412091189987995 0.5577771544387721203451607252787283267651140757621019337085826312505187583679517957803893582972016808616853689991163804942982780382883777950184662798880748669138818780898288382421787161241652539091784720191956060604590395 0.6023769681075195178527557929791834179327882231032086336895908828596157697047889921532297884762482078078131912408515555305965904346455598984920498884101801341952898206574259612719700581323124872234027856237038227746150298 -0.04311683796577018407370400348559592305074848410849245497193755113636125323488429982355998439472654865805887770286390597364675544393074278063229391715991464594105227311984406053680301901119422023516511006969400753008365583 -0.5015423046292946435716950947180486910131897962871217565121152440833131650894341824920542892559590147745460490217467066257686613148116754546581899834754123012832939951517265971640970063047475562139677454805507439882911226 0.7224459593823360871427826697850346428951721122266086617165383389440535277261509011727612719139357597742460761569556168023810715606203659721695507828349723693496074733645221460542548753333869283106586208115817712857377997 -0.6494857198161093621586620619501737604803376928917588371538323963411813193558131327025677977019097272486086082867634294222165970168299022614390038175639829262246096990103689695902154292922678061535903759010389799707866599 0.5907234660218940029581078190676440911548248423701132408006402291532151310655095106334981488563328419847998124830687092893863673766625621142518330255742274925071252478426729602180382861360397197642811356099024695772015144 -0.4541659539114158077983028357411420126495488440799911605866293790514737699401793830198818031722596618616029276094296076627709190598212702963419638627706198681689905475108971170976109916885484167472793128767256323078491981 0.2665221529167444961028318207983580549031352184408729841145958602975016726979588839278762276318684489871117660320211782050914209155670264175243075313620645870005198040212461176030888722828438234928572887079241781807904387 -0.02852645619919274604623312489394274088537243086499777769795427398481351284934680224670138275697178365526866245073399941565702809349854853984665001891197612892885885060491437441609042624663482156121335110696836425017012666 -0.08789713727744103329039519564464954764738256320317762182773399934204263376019066870290388096830862068758462749484512745423928600249805240564112732460488523741889011430996489534346206163652863634210517142400547004703237434 0.1379000141920340023739376440677961945206118554993517366203188998502869636277368546208959632244039179914219093439825514109618172596818055934665828232522815207763190453656593513379279421799855616073494103194543837982221768 -0.01312740882392474072515112206704005094868394319965641285656607198106498854231944402945973097381516188649728480074574277827390206930520223905495882034538719429907383285308209049862290895887779994978730239372287419682381320 -0.03384833691564602918247654752743271323851423678224913215530332110152263219748509229604581280798697286469184235880598332741442644559422348197348918503925144665234983889677348480153384801862932568884157355931299146813162232 0.04595594562153848589574662466249757411433665338833413713073778980168826454286190132897495186425127090144928049022867584973615383519747163724291740279163390398885310028745946590135994362308505245070831315698845396288049584 0.01198923990131843697200801781851144034001093898665871269962292532023319315575632172861244669092683250856484285436756853053470344059609658395293513924254054562416190531310156207363881414962789481628657940745126751555766074
G 32 -0.2980081642611963174162294654975999352373302050504344523240442179696326799916938007390496048721757816603133755250564453359972614569017455385116516165812144140785362005508056571560340664853382657950154590524246648492492854 0.07973678583306624867443228828435836031779505266182252355349119369188170561256474572955245810531142325936451201353900394432535746545555294483667080642575517486948963226334176521698241666663397351528101607078085395077501719 0.1715360129405069341761153666000563110880664202868734580165925592373703705011108734290323666842625319008636431680133855343104717529175816978748053155889195246922065821652087397563410935533025048099454460757695028714865375 0.7225421051120515107371231903939563221176905835907660808530815748856124093173656868156197343313009706387252514455123667497431636566071280100545604616941717508863039864506565790958495956844858226563449316557313258991775558 -0.6082755800097514176396610425137874739674290796489589801473500250973605804232304783110102621433972137756426327415175308987539897110567746034874127933969443434753050651596467155317092648322885267963216396718324754276901357 0.8085786531406026526317459825350277757243012589928496655982315103348684203120059350771901666231435403438925415171237219912124663251911318719324854119354764920650656544371558408449821732758148151634310441848243872312751343 0.7721060172791677719683264861235932539109170749905127590597566143412082130176133148593661770758073476470888804670734052999107839436238668824342756151823274886095901703878078122345124049214591554231212093089098731597981421 0.6768416157041640694618067125455387555565857047928630252568146309082448328601267993015011085817491878892085893909471447085187357900298119285287642339573999869857560259736846049844054011062322441009182369029666476598608971 0.5085057224741813621789358819333862002398763928650990358124738933342337900365801486249162812746104113177189068071599610454279580516120764531589491656856293810156061517524279229038350550219880862345785946001776532858594598 0.05514823860906815494383949025433256893335807575437075955074636211000894925378957858274613924070910985732836982433933776256741720645768977338664377451836477600650102626515769607958992362563897024686416355500527729374190140 -0.4014470610113200063148819556053803173198360335365367687907190678408473098266798138118516931111968658755328477163982052782634637879945374982406157292437341561384740886126741646123319151549513887240926985217487711583780743 0.1662906622730788289103743719449834686075804859222451911163366098044427950898217741239746541443111048342628750682366159916805962205155003110098395118069060488059933647015994046651839921516716598300240893808022198961742254 0.07155269448596371366427072353613393538296271806943977970909538658022774874839598316683258350348880339551871596817630566871644031381519422105973312843053225887041729962496438438290674601698596656372205395445056379743679126 -0.1267480688873750511638799621888104064290529431414397541808472956289848230522661388290674201376688181414737481796959272937753365205408110595586719350738181415999262908375698585183126621943652727005128422020743439144500847 0.1016332429509712251053899434670644996903125809729018242991121080966107901028224194179207841814275123749501580237681829641902955437881472231604092031706879530821509318740059409888989947621465058239997534715991460956557206 -0.05257503494333690582400690169880860863321481118442950243641786892079784616469099469767205034935477614331107516469770490282958095338890280569262724396108423363962080125567764580045151605756124071641849026503020922292680305 0.05733003656311650434666010578343966555341235658437463936161084680758131061078158923637628112556685184792466669005527708458222955376947518489561220373813732227790356534544910527833631274562591499070164886529036058862211034 -0.04756123570255211669367303121901900487254997252563375887059131237509259966523164409582639195269657443817969514939003796359566584018414135218784763437140839450930865279138309540583076863374237389169594384304291445455280611 0.01822546995700057118141935623010173955708626072768935646054702336672095178469862988050214281242584261306586165809685762379669227874844188312535449760852281691568113157199565234232840891188457191052564372139078654967609987 0.01336218176805955584549674674605720201504036075985662991089964130030508315790464052740443774815051110284858047161574676070247495780516131927217653878726970196568841676108842778398557689342449221681598586523156275582707197 -0.009100984482977170330700037595651970543995254126886484914464947757711854625958651239342954857423672630266798787052948478971184042079139924537454171019743197776235496384774291775048441653282691776767786404327415905433243463
G 33 0.7671884330567527739332095605958425249401697145401598434888028812698928359858324975763711977216970326718667897686041866606877542906288489486837342180566322728587952273406691302864851768549201547281181428062982620664473523 0.7069008418896969745621999395118958506847173628173990600515166632222467146602067709822632024458665281413801652423124212091707985926774802691740629070359748534365668164390049325655692952782783736437020115815804773560679923 -0.01014969958989721375064902617854066637553809891528529079633380795225012347274748848243767121536951565837041502088839226082268831266695269468001381731440100346939326349261963060839924737136036406804176355525309042007709252 -0.1935584226861791326543815493601303496008481171994839775088010925695338772015442948317946970993615735644833112208468582999064704286576421481167454184597542061992176250048374141193303270397541604592855293227546890489698607 -0.3917090965807662936629342765140825072910100466590786017098911813215269046535212554582886340119415193816381921528494739032651867035414692280723244622592394120587441034148857541178189423589773591705788082801831841731820183 0.4323093954219591288598292118691812082874230317496833527048663489235181558772009620606168547959105076405541934591532192530827810461015231603507538501458448491735253965271302492069069715221854911685024221883897215720859623 -0.05782878285470959210451886428644087712445925172239224573338735189495437910381948757327107190124603714517533222459063635045932233201798923999533209700835005857827190086726868854793716610201088556248654525635501631027543608 0.05247160086916004481950439445263057768946384528441741794789887185498380229437285756183922530385639333255405324398558896473832146059886457111222794347710759710199777839583571552674481429455264456285372346467994531168097756 0.2588325717354454437841419355711841631580890393942738653466810818105917754479903794745424322960413781824850624590898371047599414159171804148541515121340670186216764007212899665048837134693913014560795203827680729765391333 0.04985330946462309873983513949671808512764606317651848881593442017717056031041971931266050781080057266342901802756380063783423212939838862023433601354405982771232884062768677823510799772990023276306100859575286980690099626 0.02411057908969356539845795873823869810042161385959688947190016786041278170570686178539294645057008402680438394463476887715005763696349623073118196408135954694551822139302856021648278217777855797754141117419619380316359438 -0.03200988842344276526352232434057735357110109793968998540898300693917251162691085712738227282857716245049555480215494555680310243792532092293472528860818910075220072509619743662086530673432096025412217110802315314616960793 0.07905834508693091832900978677450071834533632656544093919420177356941377940606989798951385750758091254849971809642073836611641511399295983507621239823078241790301767708550146533467738793481145783370682389267972996443914148 -0.01940660610183586645369565776535639940079120663301789576470240602912689892918532571876556263899320919016178485454697458523169773892135729151774058935123750976004378114555815517600480580287806781955276504335542512694804218 -0.004062096884149561113471522905460614909547574230087007472373946899251795389037838182127712115890545905479360787567327919198728263067302957314691618051559590462906449040444178631007230901850810045796635442351092328345812663 0.1069898013890091263199309272373484594587153757402346578172909948075828240026905232109821083751290822075600855431344291359959072469601890164630059199556901459413758251416749631672514123409897335659484394692807202605546639 0.01361967168584292216086910453372015715293017131705224635875879729397710633200343067883261041701743914710725223052365881837148112044278979072016598586036194935069061120059426771103800630645078185048008884323974661175647279 -0.003103951654425287997929225537146361548538743676869884379670450549640826164169758038380350432113498384753310982013598772299067223700964819860679662890952210903270998709477537294752455756845443064335615507740215549646609999 -0.01044519360289222788366381393341479925470371978281599470373677851673262771934570421607785799017486762405648056585091063781866085442636279555482668925343902654736583981786754061238191393413636061045037988425138762713767085 -0.004092159882359700483366037440793143978245222541106369840490916929424198372474859509865065289313789194537453876771797699796162773878147630596476886529397902559095158921369983281668333611561149596543413375836925231965562326 0.003951053785479215523362126480276570564761178561813736739193415737268753712056238211274891004907032014951117516749222541126932718800691334978547017928137374830074044589431491560422802029475383302297462890040284752515665967
G 34 0.3658625068574996090299232023117259437912274010586081629871097547868727756712293043486756772326325703232174004891783525009701488949694095352730650749770560777717264197731095605109588251382104291803474516028016624162475722 0.8074999351185064934245835577623200446086111919148308862647644601481654167025432991177315603982946606448217219797664791659242881978898639756010420738634737294730646705830695696938673899130904631659145311969256324671781629 0.4168018606097992210491156107686879865076728183504065759541572558527072699994019055148534242015483489828499769965295872309340820192715515838452987459354085167516309356305346956159403478780127342338384705264008619353842853 0.3908689567786130773532716109092050364887415551949662240227650535149684391648636159951069011335156637237337772762769141036060981773768832757745853556564540127549620756995112974739965362840356015887049967429502366932056643 -0.2813709634416551356842435217313254560747487020714097725498795762764557632013602075778279221779761683741852658551180969027959696363401974910354464553766797581666435816533575437742878186947666019103478593202151744700340666 0.3179911184785792672035262200402937633632263670918980855625636584397449864730873685754361671482820331125756384348920191684781578785265619496700361043060463683755227674272528286474028933253278264145614834894579103191547630 -0.06778920515142432369114688120138702396613886602885755143007901785605309509490020566678077569831422772584638167952935816116093675562687531061415032365495618958788480226234528961073660601295796109247201669434786445646745363 -0.04274505384635633933341009941741174561114228753535680476663693503144476774951245911444494967235475160549449994037057798165931483630636611052306809927810927741564976202929579010240594100439501285277229822858902545493159233 0.04586912954999144828777233320822694157241129707545080348352693090842075683095696738586265687819990698056829733027013272997724379582728232491007839831188106242928349143041439149343512124604528390525620496626197519797032779 0.1713406757203297361165528912799265676788451628444004869219440997246683436630816950542206941746369349326833634216409998464633270929209615987071884959929746319064603714587372823233433534515185416184968202343224626263453340 -0.04585797265477755219013879552943690877392234692726022535745056711312412087630280472567215599744115738184707805516760222958036810229278411911870498355520189599718453004989694216093160049572084216041216332352193415203615885 0.1293589248841138225974218527486319261908700619002351004588843993642260844070140934363816843906591092832570872270341375261644342877811298506612582019469474869883234539373181546902742522957057761616350151772395635483691172 0.06785101324170014758845658602537704180160351356317308064787359555605368303361595673359941122908838607315889937686653337674734080500847189362359269286745545132334145333628052277566514117857191424775206730932667714284173112 -0.2048177055612620100652960790741279019670805550940662821808754398530402444908931621002737117744519460965254074229849808753662489030381312930026672708369313614496056930544320817993376173826370180909421926156401581091098317 -0.08027475977164437173117754569508756684895186911969753079129132437448542132095642019980135452547439150707173742955125644915649183379679210929537460997556479146315365025929552445909836833168022813891387475545583800497161030 0.2035226936810271904818462092024955274649923860958761487467951646997246787279207328834247480041494730789975346489564242993896207551655974467877577972282885794424737264831099143666989418486210707977202249207213678759046299 0.1470968018679852127998811223816868538557012612766680725750799312987543623311200893972555631764494432664515177321348188869929074939145470717911085191496049315685302276397870803402108748013505456299263107768081956966248407 -0.02522949067586412427025777787032681847033130052904519695326556977632549070844275312581301443531899052924541897132754400909800706073569023363676532492713060486628080731516691252892563551141596824734981748442817428411412217 -0.1000535235340007676044849430026430429211577737714857235327267350841036333581099487332037995062989291484802246440745555394139068692319798330198456766630822530316318567867083435663618673835856504212719065380677712707716265 -0.03517014778760537806607539288985651916203281987599322663039771647839879558500303005619270341160130822611951590212464775032402133909646758799217855321309630476627720068123185575218030118923145741047305243268933972960709107 -0.002332016757365205676546367159217965213993703210616255950984073497484810669312618437192262740890347719130850694281333197069312641010811050439140651453846211022195516883248311412277469280268609719190079935521534610009160257
G 35 0.3150425104709520095578142821973493255725934539180521186104167717823519902471298965729442632700169785575016049770741831122473703225646215995855194887169485963321117605816640338784686741974964932973987143499785005733886444 0.6793065511120838335870321162141673491623705869528480298819724532534893167685378225378293884792373093909356471047784138275082691379044582184339505302131273259691876451856623663916707067752247004001375134035797212418546012 0.2223469885092778869533256789542898018559922415852167192901013054767453045284419764578103728306302482414189853495263853243147412229731344292408197120520294276527751300494503426261182761540877709073668799120937950508744550 0.7185559792492334218381737328897005355770415847343611943779442200232777156071980197649884235938476244603369382456251806118860253058481866905124325712925603188566252197991764649412925002771324017791302438434069278074956015 -0.3071283520091029153841519772880133055750471013990410316256850992865111777403892823556321772953911420347165218308761766849508585741870724068540228340750434651403496889655065264781162375347075981889521127123267067407712584 0.3719222362229940857012192420661879315400488710270611388136991784527134945414157537026287580553536260572309829578789185964350445097594056016120793653666606806359874349919128947823125808727688412918493192829034877633571390 0.008706083509595599007383403932629753492980873365731244807180534416432317756332480569050525618031305727009220366010201964524466655471069323728573253919626978936253586568239722732183470899347896126790982698973567868921754030 -0.02907271156988630992495178639712182697482345942148613794694440103206560640309675225554738257582786428916981569666917788882434171971793826369392718761850267262466362611587287312384943904574121951319056374131978221568730351 0.1028561567217552047059818173054517539488037574134358678214326444314454966090817535776613949894096718847059325110040355128276766392354187244152911035254820250887343460772527210546453593884622946687439268580158288354783105 0.1354808682380880557276462988312174157888423414573757821646475037589648763500903551933627031530781451220715208172409402834884735752092304180870929921196661252702384748762269575471369100220052907675632628529225077826110931 0.1322304837245123894014354697283784544834255320352591583629709999412598732120284804463888930238221240508208653685606172095098982830747380965891089234593695117586868591843843048410472176901086896616684367761672105761337274 0.1071349365137301219275304955617409500331182026240332581340062224619402225742402373236554372947517394008867880151963162547044048021017299251739624634702849304938273259403899213741301792142330310440026166504366191169437201 0.05054517005574027854536408564139268452994113783652027224950627670947437832215305299981274510850278240889401567269330110080237614756070757565027288226031683568013812812399884718411887581587515820840275289852032699493349768 -0.1855774967660375708241162800849063889031811510300303416296611023660362746317852233121641031242073792193059836474901673962911431419599845528070439063802258575122489492671138606344283211102322480830229889760110944651407602 -0.1245901081815403548188439598598048289131295642355777900381309401848016747756405913580983764439487811898925552032346794837129131678160831094740236549708934716892893634866868293560896005696180788594344816414286328550722081 0.1983811469071731317656460658979745611613611494637549836432600138395885039057760759591303902362362536825765568150863179101677486107450400166161662891798754529173264726734855122289076545794926860086873987901206223087647374 0.1776057066818428847267862486180137183678792626836085119948493177828396972005313852430512621657307145372110535355467621753900833456121755395756007941639721388602479070487955723127090104201457391285470545208113748219015983 0.03009558894584684195819748123939662232508241782159739016162987445804051655211180577546389771244001038597301937611064699505678177609178663596298164047584429453650557481798388266088747481952930342058228768182102749458216917 -0.07952626664959829560775539903920656284474153158077778008387126757038358603621289859382800607707733937892728272835720546568915116490467203258793594732965709622254820997955227898535744010036881366140669652821319054331374864 -0.06045356935970389920428243709099876093564297217346219638699085245045971224678151116015421295448737229019564089518619327154526294068841233217420222624228215760457661431697554558921018777663365020504975734480120424247734548 -0.06177893382306733602069570085950355667614475001665967809611982545905609059851528629139942327911474222694046924761436240977984593909947549760966615412745160524862629415642491863979339979081054685114023521677792258620182633
G 36 -0.05514711289130530570561687566086436403533849592429199253381933239502536951411611695728165431105986206287221507570060510082705150934772774196595502233858001455096604648061384089501684811086364342092723871945315455174115014 0.1402780256921681992736925280499737415062218687699855136348728248595443590816716722947311625546154361544411960299358757563546569493366429593188423568639036515458548404422054381680820235788959545112098040116341256313745627 0.3888805243312542533817160613181933175254006893154588475060887378032949602040167414372292049938683640257272754254107684023359144100175304157725103713695469446399107695181372213507381596709622363533912990731786128170689389 0.5979935971210423031858493697619090854789286861743192890120334655947562352215278038845499860863908816637382359746149110672435864213097923826647584127159636722034473321920318955303380978559570842438530551706192865295207728 0.2606101292154416418723137747630355217237852151270478409635448373116116226284162107545465711515189662723673155147810855538899941837148294513880658383676837486749818958864418377633263939097685047366036724405960788666738581 0.1423996206254422597131128291664614445517368097192150481356370155136871480501836001413362314836044908509067831641919750899708043438496963012386023903851072259059159612228455929198946290803159202770614476676652516572351182 0.1971475201029748784439898348128218468472331011544192423341314093629552416553824415587724392770728794550125390048244556893107856045422591201385521699740666522986159381884335386286351137697869659256009862128460888631259581 0.1397705514610524567721502268969012232183160197551569760615010675640324294003417738423401807371655803952230326440077956854167630390223422514953690802548133787986124206698989753688694307880365844372469141213306946655953614 -0.03602249688717982436848684479935184279190170631701483781641421569636465057673762511803984542614370448907572540099312055610419368458188362956871249317585221583702910883101804827058235074186450835092055689153943561966874490 0.08415820703310212368553475924058264390271509835133314302725986154318656200492912726929924526764419872013411438922573373979734391666639276576893942940771774886582719511641078567168033964739757553699388031959411351892600760 0.2960537914683529726407844357801912439207371055768257772236803736872532412320613588732501847512107573827051270323290648961005305427503178884978340808440341733005508302145595478808687167829489356701753915000741705153359463 0.2484929164260946973194201430416751613365503187285225988337506068472784131914326585733156339935345791377945371536326082291591866811385094777202955532472321810945127767104706628808064928064046529375346425251825225758463012 0.2232568990580907523195421472204252089572768537308787372611394124415779854229457408883021133893947923178610269493254507262059266887224791377687160124004408751309867590410274747565936296465450655720976224871429775403284947 0.1458117480027233385652362568655827345030054840854446330785493462741203375361475238528743433770166177536140635810427426420403317290340452652036705458331339775647198215741581525151701146402366986600435993287918957473568891 0.05838261756898799086162754724329621507667441416573912410668505960264340435725973415916768679636260232331080975835525146991795357674072858855941469469222547218825287421470593653678890238379312252202629410057920846512722696 -0.1347418213033573128129085077449245593160726150479384405880243223057691871772647894250276795288780099864791348479641486262183842778736045302216020395110576508276501619197433876332932202716933874829919992204765726930321330 -0.03101651353849603421931975692516753549961307987828115408868652462531295948917297085202442499363947082732787470682924494863549591361238011913921493989953861887005174338936153175793638789401457467973270566417981004884277705 0.07059827020236196077530172399832835585662472431339048462869231929998906597739827385190527022506703888345642126935438826460593493514623002142313955438786791273728506902396650012046170751390053424579363901824451113578867397 -0.02229727115388427953882371619418914223627226509092993609930608518688843471873458899416601395467134118912838278736075299217004771071351752524179675620282716197488903549353070237613170707504476481458343337816702108946411022 -0.04071573020751451578539252972161625351268845260735417947727820202610099784759459616487464095490400549638318366933094685394137219309718359562630228877354515629093786155969298113473020024631677222913894202365812485735078049 0.008457469681756484423837407472740656558761349736506100921559176021190591903476650918312678833834181810419817834438031415155757997917342191418756113729441130705764781726089194847984481124171814382397149581513363167947004549
G 37 0.5318018289718887075510817007018470997617493318074875444285835428903746276702275535184367577895841002810989743780851176001498072712743624495855097319826289227668664168284747368216593821628244495011643485026354880933587779 0.6708961008864215688314215732929441453642449131378509713937581920345421720243161008062229644961328997185353965702462453293246815180987433277442339153906097935796703003437872055321833565371380013332376015956744362350746354 0.1507594004147095256363746675744456488736575210384446979016094507027160475335938668711260886130524281970788100434283182635307107222493162204754707306913745822107758916907239297177084723608599113992283454030242200829216133 0.7003960641053626211330338833989497185834611696209790453624076868160717923173668191526810957144013935834704503180913305912211408953569325079667447057203309924072126176761029368221388788995195118524713053473950939770218314 -0.1301811117090353433087514450599523578423200085029049651467325282160119847910983206579860506264256361327873210711984763846428444769394019133690563602286210922663500918527078215919618629879684808433839957042389674637201712 0.06859443473241739928967325006794773466332593025769405017705885302666738192888868235805967909848610330864681304242520366887840217053612501100071694712416350237994162495427998158470814378209266351372099924020209335937723873 -0.2002108754848876419368543443234613209366156158968054147526938250649544943270966671568851008713267936030087456811021371243322345022537319151725787178768124345756530061255583259066993663431607161560698321803313883290941254 -0.1967059674665796849439392451661984746045921357301647260334967470346033890423620773333068941924948415939028191364223591469333002230590692791145619674789058564942415227583742770587930126031406629358658009722743290125644520 -0.1011987980207982074444412046083184239224473830001850436813727311158587038827711652097953705452172227364481665397816849848011349672742878442813218841073915464144532882382267092340248079485219689800505063097679115552967830 0.2952473870605911281823589118186626567815966798944308209675097310253262882271077344456165573494073964152700228865959710385163585774612596583076427297751107181189969169586856093914419120005337570488092763765818007820469221 0.1439947112192153828638054536504869933755216297352614985016870990282782092002513662607020661509978772644520713936988570480772750861107774462619641028015901048589742110434728468587856147674293329453636140726085967591984153 0.1174309102782932304033473959659251468646481504109021457011496380926001332665205791513650853242227405989006644000965259136118140446003476530420074006332727073267763649913988589937001124311587847436675387211937112055268462 0.2760966500393895727782172271545251298541569634084913087373785688110713742190068375522509495818577132531524449142930836315005857280927207422938672567680931890390252860554639637933637957462331651767759500819368668000060784 0.03451746982898441505117312279734202372879433565320332379407252471897982270878937349393919275550733247762325021981752833468363450920240384292394345447697928440398607855395404607600885121430644062082525642172094214310154137 0.05136068300617041629351613609115564773660477749004293095060957587768217102065728323336096167040426763017121034100053477636336287454270390901918764806109301011474177134977684142725192559635509550209950077821780191137234033 -0.1573996220598246054980726219025644941424917319575974239900023277682127568348198141723669373129399529796123507885132325332261820089472258955641150742257025320239106333135100440306798496423802673573828731056148007623209622 0.07980316315555215257290216125672981709237644587235901525252452130787422549204833550709772355747661246922860902332414804560221427015215453291345878625952263083811896510518922370854197727463449252390882644086218034873857527 0.01805917396510756421432248197337784912841807826195431521411484766268830586193189742319618847936877118761158555675029921441964330066380944576184011165067750491054184220303573544372873533121609608641770574449345726103445168 -0.02343547117591992877459263189337641482806171819133360318615861852070577655303192036036422822077258380213761313410652577593003844080199832478090264390439374837678978608906607404521118974753745074051515597786265135168561562 0.01763817150049229651731250847253193547223757605182715632252228894159213274507392041004060867161050658307563249602721172147404908065346911670099777575792985689705298899914906944133452178250403281828491295223238722386658339 -0.02916930534261841947309905131463751511602373273227721411562567159070386146644087979159514119500108254186475650879030027292249874015062516998339111067419359531199400001257270476427896207108877198839142155594668141594787049
G 38 -0.3641289802157099861000531773261969267935100470294127337661550876481725679235662162727670943390730956342708290142360152448392293510379219859205561726054024418455855074372791261321582840299646202447581924421781912167596272 -0.07250791483973889803802459094188858418408662872790494371105451051751446796758893548335984097063562947656193186701399907625552051526328579600566240618467175354732985584692245614643544366857547512113058069868836305191316765 0.2729527112654331480405137470341704637430922567089528301765308913243409675663935696603871591693603176221014917396646790068283727628714006324357590118790014487986768714063688920558210549953412830426601787044018550670268613 0.5010694209938408514244272316691342707822823927435497865945699112008506342921989122154628007068611116764693724039829946581408226916467620055238958376395307084149960183813079371121650590285324037874956977296397178504200856 0.4658568926933238226735444899303599434686743405436980517774923050951247135546574459826534569499470208695801112678636111401714940109746627217016438108149960497112749367483100307188208298377569672344531100452345011654271054 0.3607866974754524437796730780125227576460943000555934644746477794719107395924574364118509604622294846252677933929757732407654856043179751602835216754870261062330759833996488089655346009822980614728105738625228872099288987 0.6854833589724183700586544151177150939043972083430296740278259264786544878455473524251307896470993799586188335796937121553967413534572847203063266094469127303584777929443461035834372429486532036501067204131911073891416880 0.2354135267490187759413295494859274375328920733965504856747007012931744098481662332833768445028592918112045365512314583244171969375567818780946776354160978793606559465320914964290983005439475656235929055036696499085222426 0.0006561898902595092848774369297080108145261670142039220319056303024282927079515619871898678493225992703944616935747972221701127595013849726627968655493731636536585593263528658791665663535383349177229743332313143287799202870 -0.3225059939487288648574551902974478934213023005878711420106600033252942372091871736938121537462903177882301195967881515550691223578273103582608723312214875464790959832924088933562104599193212185926167895208062308163339273 0.3081895686003426577313511875955307959102165646094173554592637118432837310435192430143870448171083518420488906495150622926699778504272306565821047410550585999177489793589816021239292639586177050102199311949495823642930588 0.3781083452951224548100759646829329121192585005747351755988981732846288919204001284833850122198810500735792488297558046845948847044432413625552619674657449473814080714752238289752159436916478195229000634617215312171949917 0.1776986151004705515639282157004977887238156948714417165071171583351193892110032399346818992351668286246483258520662808975751145142863850950746801712192686240620166914298282949494700527912800478617834687090378579277830260 0.1799976937261796199306185466967235215229688556565476377941361553441621866368650684476123113282766831984895338094902039537079035209694121044051993323351054200147509850765085214337943971857432362333618480457661234018425146 0.2298091439761471052258474246682517239197320283229405730977715532813567362290544372228238175354047132298188288555902536260990325437688983016061987908702477522755487995351565950160988914105662709023908821696356831019930849 0.1461875583160028515083074384958233342932075668984964182270386888724553170157536839538005948728189516056654877716155738637063822830763159320419439731784479424685683582339840195709668062064334661725776738541490612796108207 -0.05291446466590490613995861536501374287832583681803277624875977102202006283393325212952357759258026651346106801487004652897810979835296335566730254539024081560492742723298753716423954871045829989634033755448111299578783221 -0.1508688510373966510805011918946401109923909420745224721681020968110202698474090806552709412439568517853769654193862607025889965653557235146195245324351546526511044047002228385381422292778145917249322530546345265583610004 -0.02966457014395496522323665624055988674588272651975288080288527042058391467811378222778838112072032518609345631493501901433198818707299395179714138477680761057316612572418836385741983756284414026276239388180418175629197116 0.04264306187506284019353057102801780563216420289826552084875308588411865333340201630438228610502805852820336330892002763659155343778725970504120966487507069410137931018953143701516101760706657419991259610850210052218390217 -0.007006211993234670680763835168078496301084483651226810479674481125306634621834145628733081091227791998120500321892952665206606104892010947392672563453740756972076337271758801255079298037744422669051201376370284139594765428
G 39 -0.3378802178777377460968030368594820085529075237830751219564378269274953827496861374442400077263504034410399376285230320750240774544851633484184054996855171287749290453582158104206161548916803218722690726955274713023401443 0.9133222287778857562014788515017543181632493481404023401784381060381338741722814396959549119403346469610873825373578934900281507295943857413323082554380291149130749881431786821107245693303831825035765972785364491578352445 0.8936169307978807515782463617925757150526062541155705285862216988897425172106278124316491689629288561191572438367558305169623446051700584961805530999262959383692093336268352500743409953831798703010625284346285575503112589 0.6333071242147617100833500092742558394850676747509204959089710061347071184788559012602232160373554272930682241018413607809924373182335820566476475625185559252927432692277511375440933723518696924362911383321019028633188413 -0.2359786421215018934198278535584579921682339159966917580623796607528837217704213724686649576640552038669409658308725403410325286006015419205411773138686495355159980478588958185781790173783529612030687697044283461202513569 -0.2848214711389355829381099163794890328992682357239176948125452856264951284240676022788700462250652434654134113113329304872505295931055138640385591232641590254810690494398038485647764562983521935516153720028792341059248814 0.2616986182951953769742841909235331527957828623940058436508503860030133020650710738256328859396378433187316104972078416683485974174285681705823766373800620381661533022394397520009530791483109599066485384788655481004776149 -0.1019624057699886621872686952670435214050751876694759771881805134149627008313092078659096653032679715348170166800307210351261256232051933534498638424606333753511472490123681604163281689572961381664887833009369969954916128 0.1874137553747026206109076721909699074252343153758441801593841264902199136933486555426429680077773503931516179981961823787670790389626627292660917402013352151692924575088887509283484364899630022530326233316885829612596653 -0.09241623101717209267805997831980114371508672057521919735882479185828928878238887430533918084007294707229978018789411187706532154586536398557020717792106051697693737758330587005968386373295079039657688289350139550445538504 -0.1209642910317349042908813178374131255753035605107485703539394180382300308274859284718180836395431177780892518918706963231527322128802859621875347405419462006991910941508924582063743520741100282905995225460631799314781869 -0.08338360827017092741483896659246618601612116800364932857787127104236468079390808831941672257249847122359669602815867289261892716466475173013520391350032008945197899695292079029394254214986790949800039448622275008110415760 -0.06916898328321745524974312226100327736942162777383006686642665326644334655137053072298357278861209687789770500009842796876714480753235932890382881894911627725139207809123830336346205023588131237703909988688505826131871253 -0.05219754618128336135228681900245448696944994153244395023005083423062201103511357983657020136465776875822440555636534103695046449753574232794456378230251425510978672957615393326286620603609043084654181095445142732669428517 -0.01825641908488849590425806190673946252309241578026013514754153369931040770268944680635902997515871103800147627623275725974000159870762633078229761369543622613205258691833652506731805606775484914257866752902331711421436851 0.02070402441034182795913727163602671349058059069321577640472394132635741494549581502609923136920602961100423688699637644758723039236971310048104156065774933466510967477792282261770565980273289556646234874466872350101090614 0.01612281202039378739602012595550511353577240781503451769788493288968867659155306314108156295027323777831368925789516945952363436840057238120138032570814132211773516782035427641087836905653281545808106866005505954473970611 -0.008924335883837030790737880616278694595555332878647118365989899908714544605069945559125949698727993045975155945569590855629436689850349086746570614609014035937127626092179621334726910872484813778106712680602544533720911543 -0.006198795604930029123367940232752338028731156390960110443151126990216351189053779371359141223084148490056379936390683492109565415045386858993533304658343832849529467409363080872080940755574833513055266246556278418143640580 0.005012623777540582603597091927733316230281023555755872769840794743649591007548778955519349322863644584771637828130071154174664134639779202827840339750903807200818553237262767373961841919665011445176060433995953054628641898 -0.001593431793619507974866838574216297053154518673586783870866990362167143459884235872704159646526471651074166546437735373961659576962470712327778502167926407858216889667595181650300172441677953594780309298880285482091232602
G 40 0.4656556084459935574901781076212448330316261571854829136799726565293892188532085825670761096596896436113670411061218281510119460496849416344258128693883591404480109218841485418754550897927688110359865976842413691837561317 -0.8734720178451110333818768342943227423457033220800312239319701661216382562645509907647111997735893845500186519412951324989826956873141852504742074112257161258109608052160485907764952683752909201847400213803129308324646484 0.5619605159764395291313829511866392680561507243062170950313527388780789391825333287348006539266222020794482670852823508378919293526103705594656503704067263169301332239639642039537947008013971403246033135478357314128951903 0.6496653318816546979811265318251443926849259954220113720575377229239699631391429695806167375379084749749038000024860668552187090727103657690570206133936662575539952518742701013835037258539908300596411937654079509278162534 0.02612906229059270315515245969198565990619324883968679757633631157849233086498492033291032318033086198730480115150225220085153602700761437184111438276927121753190147845693695776566254975248343773412903897735357563986984147 0.3682807470837724047365559623963288364437578070058500163010581094922472346602972039447467862823780031957747377786679269168597731576166587689503939137177452010365761154401370205107522499166965153125889159860200161446265389 -0.1721112552556839955071698792195604916009197486751495582453359350940164525213960371876476509513643522288955515721785026881399198455737083210090886426821108476038531297201050006654482416601491695220084550351188754422315179 -0.01383246000078209708614703086317498024891999243535105942851818017494516926633218606887681587442234347204030236418623795887394297632906010301560177483123490056467659818893245858758171209213302789537255181904640865413067417 -0.04672012500401165847300042245069363931220536494836708534245186011920670922317372982113157839331887254767468971828371797999677107428533609577035116508402012859252881329916704007750945072616043050638584999392788247603657121 -0.1777709930130721285657481626625402571837649722378172056157135991645264064496422687589125092965261677476473310519593004254086792707810100080251752478475281690866375271094053229923172608812844471066856821058674824604099708 0.2009667136026651569057614500923291861501491922752953010640730718075301740271806643808572989949165731549580218132603183725977227540924767857285783092644643987567504880786673644971907531752596369651096861785913239930372220 -0.1537752111404338689465762164772412139506657814466375114625487286622640666324465717324259581288228502327254158342804324015928589282651861659969470677484189322535216666022259675502728510976262067341230710638866904367375309 0.01403174934548548045321710707129762157461385840978375244305500544994826323533308993308882332462234361544220105440324107775735994828853782806443696420081826104541076013462936321589125784103699996421190988603759502174662474 0.1358701687534740875012457621486163889884265305340676412307298220824201898423936859373793911391992807146140129610119522232528029181585068439572241584898130620623465637921555412708906781788036520313696693927713469710650417 0.07966793484616986383477398627631049079987534406518345493816851670374094795824047403344461289674297048811577433327087286605695845044820068386472653522798820932583851083428036188473698422460074824972535172293321201390900068 0.03191047661764570296801811929451269049730294616483251759262423891347941081657190663544065025593078092739987597459545537861790729257100366541477819015240090132587492799689572774317172474372173287104704306150455714869426356 0.01762718035874470671856737033338723474671369626628646152868950869078190384064447022408208182633085108462960140405379071226322846658396963394960238445018796426451085312827201082527873611542395579429566728224583835686083688 0.01649223751174190552976638019355403508759811543135901132519773521503450469968307808107702124423224067991421494181483513248992005431552721430248421147343838870926661222291081665575805756791442227662066615787967188146430609 0.02991188885488180336049023783333790918385800499460381796412529388150813181532973243878058626160730138458655090881678412036927444167695141390635124263765361819418936507886425569992381470210293230934094931952076125522829557 0.03094826756274174884666396863030103443313358133134156677564076485876728508852337052267944961699699042627656229499979131629335652367035216728744474321543818569340716140988482835634598885264745949512677366362724668864094383 0.003736676299264657101097748127796606931692069366400637656413271798812379633362923460407330839364415217667051891184056970227028588746524811775864762597784689622041511745665013720807695612461942968428902420883320760801019842
G 41 0.2155978869308767305493625150777590821176812989022003535708460730821845635710571829238421726030261163083017263378766300941388147399120212577677790905214495345156415801908334510560927467561639566402399219297093013111857500 1.146257742744468377885369083425511997308071874298637294287203887455104271579133664535702727212835928275206971999651003664744374363767639322073112934530969888514370893958383069131654181253247922259753296998965435056442156 0.8074305433171356078572032868534023281673094960200032650352132800240853923724376958124612980268613644960359184364674677961237638857347683518845477233165901177094220750193154218403420188648549275356816192752230621465470757 -0.4873488786884559327497956496186184756314389005928197438729723440988921648979735607385852817268423774737444458547429761593652796734165440194922775419614247507578769801046025606345612102182220045623073447096693144290414419 -0.1690728191266523766098203004892719218668975689821906254516439027668958139216644054629658816205325735738918236519038726398633400867767967731510537002349030641121647547155008890102714406320113786643943234166837226573494332 0.4001512843221029170392611590902148413557930381336223180461528847964939200832095123837203059328569175139363721888215175351669945078063086139166818419682690609926808910357697263844039875114771708446249337515532987148836072 -0.1806016243021332498942456934623379020954716675004665371937679173816761071487047000516716501034577961942501187072425375464087046599453012121206126249352342341120536876866283107894895363028851705100692543390299500413793678 -0.1965309530806584625239389417923661101488621097144077491236627895614717236151504049754008475243752838009519621106129254298319214366981543428358445370028495420511795116078791761739993264358650116325222512987259406161702743 -0.04911022077643205767009062151411512866414141351059238972964098103067975260057244007826807761794628552471758228050360658234418403162865727956543937350850967660354643460164244715112061166966302289124537799635339150056235494 -0.03544205033419390641349051475808805457835138488763434366170387007870582124244650076221707184238995369796008874910933385458606940058475102709390374627759185649825930234637217373397816712386088758311547907745853948064378491 -0.07177533853287164826575110491192111146651990720302247304819642752532118828919920168457666671183405180868878294063667263872928733342721465081882331868220796791120778912160695103143123687833857631705926246511923622857578016 -0.06169135220329192996807610567018085034607229477627864133205986174848478312358171083584957305607962740731613434358640369087307705503424160603528551934856051216456641923396243763401479698777125104701328921584227511663027612 0.03552931557149133590295214731737509859844315882309597753957519258630569098346052783146434051940530873044384802627852569090494625600642197572484143519880356039197187019972987825753957042728074857872112348693129041034580912 0.05153772546241614748494753960983563785849742941804118345755991151627363956089610376789760115439351662481501488130222248610956581331097139609518792913648957916607453458594506344331317282019753985227299666858707570357785251 -0.04576602753159181386529056395831628482728125657791784804649961946277253644648888426080404424084213427448850358726793729862463729583614800339472219685800865530643120169204266661706021752366840527861525446225220776208133124 0.004080755092099077576650112626437989204892139400064922741888795196394049700866586179401832662105400114881326264540466656543020345746013210609420613740711099362125921260114221191138433802186480326958723213929788162708151956 0.03030077843420775114474119946840336728291240588486160743647850316750022777307100239432387007412003086814460142455223191190569218741610384511721969312493232295725237693000328386075527558509395124450924335885234936910417212 -0.03522919206768762773232906104233771525978496426793427947744281656395765934883705859907038989084587392207134001196473037884982164611816709448545723174760902861549979374639101759648216145023067471244137082484306833533239937 0.02391307418815296109966136531319523674660320582202488726791899455242751079323758355040982228398055156517597379755962161913492510075081405071851233148747244181674423582957865452663651733124603680263537286671598736498196709 -0.01281049748051145705044973902038219574096615518335250760296608643327012631267517154393140466863619492581944309089093947290621312953515612019391653983721008513317003338505869559898047188788112040756444324469327381771561074 0.005422350514545483620006744236119564543094219356807118007671772194366493241353738757787637651037327759349614259762811251914545552563165263457849643837054474457390777332741427153269228405922704064721183034490026997704333544
G 42 0.5797203865419105795285208598789269400789397740507610803822616869211530441219624011134513198973050530221430855877421025906038051749565053001561452036755267804825708935059657909181675150019224014143935767713086733631656059 0.4547578468412847661296659355228943847538413963318706774952605908775230258693784754562243243976510572747807195079004055611052975182549450889408360191639779352152756382423044435733307351486249559430023693345123125290020121 0.8013541516669511173185076406924090200850639583404534739981581739206798099450438005804468622411023712356690187762204574139646950539294721009842172069297850765889312990676659381302999347858437458558733805057243600232711593 0.7745171453085493445129924096028261461858380725836650465939391703763723019060492319286197469513623446806274919614689040650982646875483767526306131358880854912652751558659405372246274410382102487290237900216495128345069383 -0.8039880612492851465622066959953724465553110610054714041823700314901254745821204845273844916624760054626422777335196681386891839169932962684965409701726642712458813531306307259458178365608479253202284274466384648489388976 0.5105023475237300865460494646883715482192122800395478942238212872771399744580555499513002050509145109751954551837194143363134763139416205872861074847458591433865405867891852410788414324132703027953682632874817980740330755 -0.4435685302033415286090067174253760686651079545901560959152533502250130759910351865022019594051480631894992099944090927404882491088605350017457897823417681453690784003178600718180846993636613124558568342263220494084297336 0.4924292538950153765035466506295110871431565603410013006919754408454071329858527477887994418883830144516833644900057999517192367778855847051145178376572790797661139645719895196008392400637303269595255200479690790303905843 -0.4136847737212764946440230723917729198527720334541661429380472633546166694255866665675249594728334663170693178629989531497926340665987742728100242590731768199318238998315828193438866332068001286849151538202305676515320557 0.1372122780130018954569020885298318102968400443624291592688108564374813751284727912865662172749577743148112897980753290211087276176564504312338852573924257295459726995699478986468723740294135798660247722020856435933253589 0.1672601042434138068367424952691802374736759778033834079974443339512929055955596419613481034171715284117693761258104178255966550669151582725797682051446215511920124199033745002191233403646531869569009712755590673960303342 -0.1735439330315417025736250163530898673563041612565602658376250573856013610969231288302668506169685570507554499305059367872083356236321728391239062444848749433894273159214997298284417761494941054638126443844758013576356943 -0.03877694083369173521305979110289218585217563379009233285969146301457844978524739986357196173654967252066947259858544059968914237925177484035696955729375311054400957470950746070750142819576756755070034299986331087590561435 0.1104094089944897642465661830598479873201850495428539334861146245481085121897987465735807692829306646858973678759933173063891328011247861785904946938450221234724873198249284154754425845656482271161744478099660287068920360 0.02371456817534926805734247841453533111864284718576331801553968168810830965427128579172400420801814729319843857943470235325789432815988974327867320121185789465992089430354432486412518232302498603962160362943557365697842165 -0.05692973523294898267866209479653454579650053243867529752344691411655149880703951419267227436225029760426653224000490020414739161083101388267254401034444759054920799483982382770240224544385621738976518815928049572805176879 -0.02539292508965380237494083715010328408117410955539939116083726129118311745373434231922309313505995465579331653388786178294010460069607070080628688568064608474886007346530186490658005343542556247965152500913154745949950131 0.02081432257829043069707792687192920985009626054203478381209554159541201445525708040766051459598233643562898359663583409077379673549115130469557448529032051625210971352622391956580725095434008188625839201496559130884331266 0.02041968326223743468942631680819527480860061163731024067099050261249530010804969759109353874192967502068426578781537579104421514521084273450312022125918017704779086897988037911059286290297774404212158598501080957204140763 -0.001283152340797755841185849674711759809052613081865308245526353547836762114005043930101405755208619416961008293349081870257248427214426292769337010827396328535532672837712596222617321809771553804976703629545890291658669963 -0.01054148631779683908863117010614944156352294550748901644197720369653544536483831370047149677162888858474255408407148938358845205382739445066060185251684638545171748406360689226258141583346132891034052999239300525121552857
G 43 0.2396583647885839791577727005782561967884707626904128043097223561416865949086688436514105583938582088678093067207321603983512774304537843244068163488168816688473603487949476611333428427072595546000108785480714467509308337 0.2035689775937161001318540940094747979097455561152054267950130236831491100187586851638478706540659288185381421169955653703817999451497254746541222612242260585037316910839853005499422149276445315207605233358006036752579889 0.6306208487083488003049016659686689155956865667047826647350841865690122569934752664941975034538736359453942006611479476315063094905875271797167621092547977644716032053102117162400899782245718800228291396021409886304965217 -0.3346856710164757927317072622268733599955955817275643346201688789705800119275589155154017523965179795084581528380128090511833154349180571760219554665821561366612454035472058058779443661661229225394729105694309615214003296 0.3004936514647713826426537382770800883920393974120287413654098540345818912018386565608261375458406463654124449926657562055124717375667527579463343832400174220099589716392779319554428018335807955941130894137437478028401000 -0.1651444946233423011264351451940712736559207757516633164744031271173651896212608951010915592611428486621393736360724521879112437249639262386261648998509647055357304724169975750705501717402192113247125367915263829984599032 -0.1248558865090986189577046883705796904993526470487456980814205380036758773318147685132121968583582473782786720301875779914946310265736192245407779048108106713189525137549716156206687862550070936928412032906922990830934154 0.2382255968842994445188628923046755371489498214612389248841021688023325339890975889149183320567750850514265166936030826524997061122474440384840992765349216523569553608097257804473733222480004870060240916041037180531082368 -0.06074330442806797076452635339210408584408324875003842658895252592903204760587228599484870876103137570886816680674217063801088522846897952357185867788872980455160339613798504719391070703503251785255305052335979838878921008 0.1618524370123533389862390770310752786161704592763537188069852245569941706848849072679647608479192506986630089883963224848366164096135799982241200394904226946340244507093403264253165771658164971877433602695299015180753833 -0.1244483803303877850294326372153680976269925152019574143496751195579247923578927063382310361251952026472915576731076005285743621280686653447254961708889969524050754743821630253322476149730066397819581242442973215444100156 -0.05068769552778971113398968525634415325409651816576658435105542353797201706198118714991571075178419429209030568723395033023501481955945714730160872274925700161045482383748426505745048912576321386734097801345546906339108976 -0.008646058672740485666465749186151174923901722645479677851443870274745161501097979630856204159898225626767312585865617554911269272186476425363312417209099994032880231754907179179374077924556932998904214275173298255618081045 0.03634600543895445365395592930044846027020527792917476795380778555061474157707567449629258762484463931002442949853780560418855964227663669351809240457576676972046656002735417476420731628499268318998012134706155727675859870 0.01071426967696840120096409252992696352695771591246117133935668517718665923497143931756391154493103654633704085276974294274022919146688207044261598670817705842880809890446531155783391862442621316582818440967975524464214106 -0.005682225188570368116774094057896312763182101511247985892042858016202427814567154489868543680941760428505603965826903073353844122274565904438160394398349172468919831883602051924262158318235282787307857904137589991248141762 -0.01832882783146758009268739069457886007210568435474149612514792121322374393280832035560545126901106593520060849571254661196644448304322378255226322072810516308032993132961719487736129355756962327101403702737812865170189984 -0.008692205076419131294749152023762771956580265567558565676103065912200086272926123838307953359821544769425464474578898704859288066387234270969773646083707851110088329360964366241305676172047195189731783280056677172136325854 0.008609402059295332181954902277735647176651491325234296500476738367317008540191872115114873955594270892415122563419369841928712078051967868746535537087563851462871876451784945575085569019617560642011487466940162582455227608 0.009613277879935867846398833410307503758215364303312107395428566324589145053911188952119461529732209370001824927748198694680679160451175095813983539791639251163080888486862145374324731969434333779983176362228998578047177681 -0.0006174047216186915853906360360497730806571702152117885396138070865781328442070109383613929821292378013055032928556322137170592128072548064573897170037613178581737306835983011661517871905583035517971149173108502885762785553
G 44 -0.4502900212190239106575346305524159157480679661791887420304082136502581072580699694300676379514600132252144162724976642485497853771345134886044602905406753499720615351015210022298806379020771784303828315050549487233167411 0.3048533325593835025015730885345700838114470651708935933183162733610418743236918469335629576144697397289038216039067100172362250105884201061523381482701830391621217922944106261153420363499778493961664956493791200715060887 0.1530956869292294524048103779885870569347555413735144333853244767596814202884549606531034002604327352321436440654541292384985792005844595710470230071775629309979052478685519539367149048212010800015511269257465509600970233 0.3119468665481971014377495391075436323019232056223976426040606068750878305966326352479665033010572023445103023490040184675722512864071947331033589325373229796882655752154242415250000002174994098692681438600485879756459208 0.4942734462920331820137737967277994319205211058740015626506329619828925569663770385144922850319234105207910821157330980816617176839204574061416595587829830820217388885408411053086113508069796603654204579028110093276903371 -0.5045751757639707631615465564629897246506009781822071693915841805897905600475943973288370833236677330707259683011849797179713516896167735060022415540893015141802650370152278781404080536980503772144230044516525709096615030 0.2207442423010343635184697939756325950142790256508761608155901981210382869777157553472196622978935941947716556998348954634647022623824714174904067816320546581464429916394490838378294321864563050666104143096317179126399420 0.5354946881274784634544536923663578960758180620567735112819078308467941840925707924866786695162152935528094887767704860844777689802770259940994850262625133352066095574240707811880717530839794076006529736289677744310064795 0.4608607251797766129306147888063950748494325683327182577631437953246080194649545957675039320287386067450784944390026272565221406933706546559979570204440899810178392697973861144856054765251996910427553873508071067240107667 0.3985262902101527003982897299140112389565899449490120809310850341165857944471836272496569164949555849601972187873726706194601772556591905543672302418538535670761992699797746944375200846768238839554795793566730678556583575 0.3477864005117619400976932407766342160914892535422212034766183699403905223356381048650410441486523548604677767153673209716291003910933964401944042060606091389363138947998293692918320581998594519684012008788088883123380413 0.06381997346178950238523665346036395327065665015271317167918971779780706077657995496464698673285498325167241902523499934979640223683198290309018785174303026556529895886109045895590153503034742023982189569834420160125898682 -0.1899168269751036682264699841938817619428291840973360988560236497241692858295716257860528050761240229037893308363666760210640311490401497473055995050788180860881193483005156308552472880156556712678087629115278206292971780 0.06994707056509415349431551574070903755994938054042578285202199542735332744766560698449476601823934242081365790961422108284835702749093308753183791997432304619561235385191507359038349410781990383392840451050601897611515193 0.06789618760797430237964908027906566561146299634786329538826883624823474650534202068511764492399345280198380916971658750506468333508809826296602941608517009202892217300317873166772594442186522613424928489094361055158553647 -0.1064797491805493266607109619850105037839094964260083433212407963081666345529804330239134183640684592981275594739351731520556915818610745363054684394050464781715386962317568475205170081142855690203838982220892652910088225 0.07609669427616124764272181800197018878594718393154077146823446802160728469557457471633250138989932563002851369393465166190119440928586663753250026266119356713283337078585660270418197872986573209339078598793071320055261048 -0.03982504750929335423827439039884816011421168177496818044802304069653781726994536690048672717104638186452434585940713051589683973085795817473720047667410177278067686076026551810784819091378023246186185622862428582600008499 0.01818998102893141205538156404945488382618566542326475251505951298456272658393847153197306541033812675660984846976511851572083966150542879432380104419465598024075906973681481931047972411371252736194795257854581686877155949 -0.007828996762134795290643638056645838040219701751918869510640814285440754257618391965895822802186924978583008285542921935099215710385370279249538954671176459603318122583121285650026979490748095547963268558163096626268581136 0.003238059856761506907059860218643888883831357285863524044852553245084290965276238805609291652644041688602163260746497328645002005263667509568707137078179186422231712920830392146089240540230662789383529651162894725163011863
G 45 0.5477373778846912707886800767367416364159377050438739440478981381469730099847339371745573177553715016635192160195236198370626366624572289839509107320314930776718280455888251113426689691669067039914817982815489778167249933 0.7995309644456853240850013791180733236476067661873044079690638074625603743789859554572262526275901605289683092748864986875492378171853871314069156986694799030742732755528381792465873663052135324162450542855801728964192689 0.2238222684950966454703760173149761743316359370133662441234483433804895642762814909760448096111848604076202770121056149702702084419843374606885502082413585358654601277786071143093645238617646414205185380939005630127648357 0.07326433999184538602254238319829328872540531888908771070188386722238678676957545492961811752637992615478020126607061611675640395173100686215886511400648253671258862742908924037964646355799739635810262388373281952798331425 -0.1098449937361333003382451265420632748829113576541853577428617344860544311071203356945718929325004124385029249827433969460315744941265359915241119330116977371048328315960386932285517399436665605465763450004495081706727601 0.2776203944012388498610281855731912032193645261122350983345094589896314331633160811939241186147180410545781894976595401092878823003372841069942809774381028477362307367956831611020165968800785937713132275553610776967571266 -0.06999995223738458864923009108403950339261492182994409477303288934233028100764037542120474594967889163028863796888997661632709560591103242840617656052508678021819916246134649583737963507217440909100924556790324563423526418 -0.04287167783218571780655990321087011525584245049943868365135719924893391060901235548778137467184980841133576593662175210994487861503744284762325434134995846284689187285593851363708999646656509102543008940773422690009618545 0.1301019219608008355602437208929041172181920005949281722853217318524682843665109624351111281145395131105210887682639890248084702138371723514429551669136947927430813911877726008538703822749952887087717163302200342451476379 0.03256651786449867622856624967521419445057021036792534032425552568190940210025563462345414944361179729459002255665323818620383352004717369348962216155874766736688061423903882147030628610849656916335954690783100392876044982 -0.1058064096301978470476086040933771380704636203788054263443552437155097582643748912046548006687373652667094372465978766843457668437485486927783475161002209287908697746294741281961391555959315422789356508438499276636426814 -0.01022902104138449432843386854438817608562396636022112405125513888853847298356719526398420752245422258249984553598424073152520880084678529720418466192317518373951914375409003066433882002092078744668724927795715066333516450 0.04060599051551628498116371080084635485606811808323200875186889570580822956774824304490114028722492671197477311571390208631626766132391499689047496748077099594572167772686663703726263282462323119793023614870041670038093184 0.03452612738794184698668998733578533111692955092693679813183059586898840012939167390107112797550229158257059221436845264667788572979231991455452106263809804466062039266209808552117548994018016601148573886908254413241996566 -0.01995961713230718326921312847783401416799515573383537558168150670126034783304068267599099773410745701774808065973730628395176213830577103560848755466367567394057756689542016035217142332737596800019169538386399923373305904 -0.02495100669066940633082478566880890385240225113536316169239381553484274684748057662794150658597554773406447820360291021221446053238238079804975471858803693281241177191828930022192581302690704491845624206882417766457823161 -0.01989266714515226626950878961130064647251091614620763613625187143211747732197064605786066214321005130701996121091297850756855703640532644817047646597954372497058144999555832707593603599188933898606107871625011292278577269 0.01368510424901177288709390459539482753682858090093439942376965139959976232614713236694382986172584495681906207050273858081910666239938109837362603390499875912869514820090193508960158835342226763975045740070199393819513088 -0.007154492094141720501608462800390600266334906398267544445333412832133673586019757772717902201748036932282568607432836760513682680359503143818102402891117095104457316841875029682923294118322948876228973327437105703323507918 -0.01349348156322672847453385473181584960848414447230873693244975692883846076192161290516906440511705464446172989211498226687903365445620833471365990639369628711148424099125788174150220947783435113512079350354751789245186354 -0.002979989767382862224710707251588508615225175169818145842225369453366921101592801607351183522294446850005379100825472725073938012065546432941907461783549601551928568561657348562005090642967928873380340787612726681592610652
G 46 0.2325410769055648885048046970649469316276705902753043507997277545609288580815622744740893187200072721578473688955323016430713192332957618444693495700403432559105863386339157611661713373088922620804761971081283472555755871 0.7258476898306358279882476545540674602672927283457071245605164507192817567711106882162320487899758920507350640284374955056819596758124336497261226997440358296846867867043014749408193113557818489761601168083722361296910134 0.4562941469860356632145292829618125738933381935933738006742429458331782658031065423705332705754714020636228154148882370607111264907643213655751695679813433737566492245002322474513940468409130218724126882069408075626742736 0.01381302613518761875973792996846552947476857100235483176374455620947542084281961503075455583671194187127530984787567237189724709530584136573724666957151280560954771347413654162191144845510785088931867835063114249055086438 0.1829350459915466363636092808409683754126962322122672108059796711922575354805178095705727688471279761538187413688989617939237591179301774970178946918929644297111205417414589850865695349064506082359600516201628757405574085 0.2130596262390085874292478126805647575479773342559283925553319362974936577936385931462431125708121432161181117827496869625274223794788130005384607522611888818282343415068745101484219526675750340259021719458416586713279861 -0.06027619846512930051949953662876263326643589664600091978518633468331468253567016676384615575902593449713938464652450839965737795878988928013956215026052508488868148249100081875721831320519265124347480708869201041014660016 -0.03065308187189271152370738760647465428039731705961639057741805514084558258510284101288438287788072505060783942368797866994302030040094594749603418364721252486040832720144123286536222098071703152771245348810703334847216702 0.05015718600291810335885856656438411351322390691108131807905615783467205345868125483432135853189249911731813847106715726488301609774293767782916892358633454438290481844080550974809350611656475756468744289824968383677287026 -0.008161303153837134975532089530538853223083694172248330423376977264913458404357294180890354721039132326343964267665410733544366822154832942348982242266205989398420990579807561369580755499616281934272446452122951335871504931 -0.02212620837848182930881071259806243112844534731208760744160202805738725381909442000634982621637339739773383191201871255398814604440619995524735804612676873429101221848546384685444751083318806829560230052667486009353060587 -0.0002124392128758973195682091628038410356870495385682090967809130200453941991153869419080375147058541882351804202255836900655162969094621714818826164405860404609461831172501147876737068187633859933230623260702140011606213491 0.004420861768834570991875421544893056065331932756049296859122389687203347958483088463084646366474016178763851748163614101159570440997604637443337042359661612774869780279625725865046231402657574120825534585322347191489631160 0.01773557822833713330683051897860447110976874405761067110759567489983598902434701853768141331951375104947507736003751151936004695977139950774182968568404016674107676300034571867621530783170775249819568633475048223094008592 -0.01620023305233135829214007313316347280648354651995357457739991590421762056973006049636098178504113110249362808356020203690338650618485017418663873604153967838820962551475734686171311441543620634309329089224307265919758447 0.001122775488778130702920410722074246876759103225991069834765932635555315433043164026914905846205302047855286324717235518597123532218652569990660007284231950025976067097234299137789017545802003078856840523085761536357663934 0.0004643697639912202706276807028993399894180277074166830101171664957856407928337872769638516217576322863588768484761106739330037064639728061861921011631533264749475400337617278475235406023024453079641208922913568448555340368 0.0001155611304790893432548363279670879226463533762266346797269528550876948832428043148813044898056454034539661088224740373620428334961557699101715733738147373073241209529943219285061841214165642613282558750703424390386586099 -0.002120891289573581991440895376548171314695937712489865299163488605129365577191727368332443066074276239944873874191968314687458403328188748152820732492378239480239538421502559360958066298210165776678269980433186849415271238 -0.002166698599825235922796637960043600153977151483749428335558226272374657940248096605886433787645049439830284082989435633814603339866623767760202696941382509515278353572897131235511620328014778647063607185094843299677152057 0.0001343411629692311873796038028112336946993102002274694462888087195924797975171459892910810366667457987092730921877283741376487285836663448456416233926040916924623176015930395560463313583741023489379234658465953780909540854
G 47 0.2236455580375304312343872243860208398473943416069530906146329926070633741987725420753898562193724884568553956553559980546178666219942376933007655480215123022514647579620979113583032343601129316476602142338283576169039998 0.4995931744189522774345389058679496787146828855117698463865192582464861902673888143344636009491619974754392771300787192881941147498438434504508810924814321679493111178435112101549379330333082549369263401642268909847442654 0.2300887884273286581672305772607130167239885774737416460694777410841017157723162370781397694958605483771509837327414854497285531373831567538880071917092469919174816403268732058926113409095931337408391720707263284188286648 -0.3549979240073209234270070681950550846036527671551285513893711851912336208532217699478609954739066036847719310287363947118780738736582236923014584423158803411284714966929198287448960104961402815245223937891899577838280295 0.2620386633012445792328090090009875414354703975844117490802723120809040908699499379507695417459636863855930984223139139894430795789708766655044884081364661023721422458517920189854353819458498801268942548156029573878335965 0.04522399683748206106090226679755629426859922181172895922083162060350306988277731257398183923126205017083216074782016428054527489401439762299790833798424181692482183835554078261963029517962788718486052961937627964944117955 -0.1251749727340013846589919939526046508286696936058172938459491113288766862186208480269341342049149845645681328123455966067852307018288321676405617762819491751605156500188712064573233783515011268825864003801906127360340390 0.1773741336623028623160263686781835493353904836909084733028200580684937616343404985375241188327872713508071910991919371975581501845176807685429796536043967133808106609199978394710807039759450636938031082975552259451635854 0.1195901109179699168581481887938987046406591833354978679000016114601214109452700903735182183997620233866919107460695935137977188966341020953978028822887729655384039265786953254524971698151091281834356388255902343974853061 0.03543500679215687766811720770314928370934256437047715223638358557497712320341823720221392522803232412175311077290557171833298402235338244028268236011180315271121100176359409482555956246276838551691460087173823106048156991 -0.05477713458635723666313507979375463311355397802386762771260667803887628720601134363285388754178762459582706470881027887720772563474238453594397893534888520669916065801530185034362606076371932581943639141925127039765964000 -0.06686762346871307562151311616194098742315029760497013706074129859036023753608835871265382805558266282143308496239433491607162031718694424101794676983605091806746076374309445244760562543251320665531383339795272863416816533 -0.04208055516835214691006715207258240946164786909034808707636300205774397740676436010792279272161136391390272780625478671574902029575827079564105732610488521614678126655343035115044273440056437066373979912053131148005169273 0.08011200791325312634371213454188753713042074751425824236767672344072247950952742983965258877089400836028058410299681956885245841104952840381982729086890230737057419410058429724013725706672554966645879263599740639211501521 0.1075784080489816929720074020479878668774882901852219243037374296841786154478115236526088974739516552535363272434269007667196080991612743891982902573317457126599838884904678890722150608841419691709879676660193789948016202 -0.01531911775639793343099106778652071218250506293131089013028632704689895119267757792896008943600922615057268466095659176372355795300952577440689229631412945842092718893449123639490017065883265592046168625627498931120315465 -0.06814044304794052119530924169824577957794226537242161452435419359298235284520593996528075516683363027033703494915267501337218463974838629890674804463161416571900243744000986798523706524107823241740746344952861287321878601 -0.01506810860533465125743811430795221890685270105697851305002220161920705851835302102333492057803695298149368877024298962179549700640074708903136492233864283836157857005831209734612655818491339699957079616326555254254214792 0.05545314441276956878450106779042460328293533778733054144408430335034561962478350628402283839380110859928731496768732433762640248985229011686925255849645588729413821883809665049258582609875627558435067288296287501801704180 -0.03565457855467342634563099597033376876642873943119605392901887749894561001995416018243679820827364895387503327161450256317728103801255830122500083581240337171654729286603606826926982789100608269510033728121832816534941844 0.006411077436010539846731730755496341474444568634910754871171440529202952907341351036224467347929561376169052325915257970379436950746115577076107755590132350198855111006173941376839173716411882555920190122172240227214336946
G 48 -0.4734562832710026812310524986039145429821247821226304473314160036410613719464429544311336169399101778279870435669699826982497944774815098278695062756536107051295432955326381968655185910542228696081193097015778364629894588 0.2033336137812508664492387711890398293438156119337768321078951398635555185771974339616516814051463365957833931928601204129703136690052039228649292682796379237514852443150699690287022797943503192900242579220794606450984711 0.07771522612084321432868261326807802912839861387939399205185329419223527419625705214762416165591901026945605947471382834425555091589579214034613556645876196787321231220963840865725036582412191704881672554138145139400793224 -0.07711158407874401536995971088756778866988917881241046070375491712765976280103233610021267957034678113390122614107753281729888940629092027331703780130205494586473809342145066045099814323171362519903557804871892811716083375 0.05402039206935284017883132473022596568571645684986910911968168208950364142106342669727255247271627650522480173627641962905760667034616499709396584257847749762127693388461008432121101304604119693195197780124965293937723964 -0.01622925909030938695719646640395767746118287202616442315030109669079205856566802739763151508977134718321311449567405800852490764241267526499119243427387497790451034231337194498030874523525930175421614318180794200260195003 -0.02218557514842090055609354601196167281556621461144747929068406329497438454186534355347772361194864041409824930762109095543351972673945660980215489274458457576668447643315715911859572718958258826249361233363105451701439378 0.04489317674403414165067117764376020730427346473228150727807627462327761776933634398660336815381138109771396163744614701158746713181804261102738786960452444984346849560539889089254205401763233435795397991189673764210782712 0.06842909576964453479127172065476288387459077439006508587413423651359290745976648722330323246519329660795360262759727534372795191032826462382466310324129343165533491977669375207413621303754712875090332297906718348182407478 0.004046054966301843919633538182862251226326631607365531946239975029202544953093626857457619913136560525195995991197969800725697412578377744933400385784888249934011897677589787037892797129358836311059647059279205257802473692 0.03198633786081425722494135850918165033973914951701344819106769229570294708627446665103651998362062094197844651934559153759212345856780466491876481190503652903637219303419358663392220013520694510035678468523364668609099638 -0.01162468011190013861064587125314287881957791931300048666303911707217006446705794777406726463512925103753429800752933615930683158011274821810847262640947573077512936091688331081572484657380804279807309491133206521852766989 -0.02669317201922401557452424016468413442206358198212742277532383130197314981833878837975660171279576485772505878569524552386659849267961610343442766720734084795638396283328481544924814205447668376100188987435943317893008353 0.009716040836871137967757765889328859539895891847591533260171717421120788402814174133058782690145338198895496854878069854207927530686232952164151774486959282154946912563995309775198488268357791946998311857938699276689339807 0.02303527736261149649034476065095045144006470614498333813269786555898151700097594469091444015057816593340085799045447749858388389005934799520868302889362704452438538439022727510592073704330157871624861065582662640258817260 -0.007546059398759276310550358041714131091541149684193499066953959599613236943841262544313486002686746232408020196422575307597058430395286842832470538846522288361325180542006584642175627988807207259411890262697605562415826050 -0.004393541568416591616009335983415671734823484606385270917936399955609702909117250204674878682779391869316253666377989479123080750062117352953846542883002214331959444381519940648186410034747743049475936133219959335512206837 0.001824654390323230763404591166858468405812773771588052760071469450238030301202561102401698629478961871130475971793267347948880897633068720890816082958443935238820322787763685807865298172582098013739833106983651151093926811 0.007891969787371840364514689145724723268332689537462564829056110912799488570582079597171952512010267506075450882419810629986749202932464828068152001022195539459266806648065582629938202555623744368783263559496719141320255626 -0.01328837269771386069556033062958516122312284066790838180975991039085265301120892235075211841789662068312597909276168888870292460351544035423133054314597988826553828234373138847547054601245628404384641063594689689517793214 0.006497710414159139452000421910056045651033183951198102417689146600132175136520373002940431257680551174156056875840031945964196121505006322314808997090954436042993744462334815815254564377555723336271379798846494956564964771
G 49 0.8248940564869438675677525911525847254000954230460002887009698413041867207505157591161550419408884429778170847485457594005177145093802153717284891499652735150564838460838577280058121490486760701377539603809612525599305305 0.6292164106817825113725768088525567608960554733399851990283403154565157540420262833443796956826019937603317821045593599301870381983937526345159535775799537380489266956358209569708484114101290282654152223385649070095558593 -0.1125250496753891575264396301520544952904364202213092462519255563848608957748503145117044000550032454810852741462074895303376991273350433881309919786183371511131890829966956179452505024084626627933471859821170929883152238 0.1460389917665226080415628950843787312297526805295827006411879220150861739083718101687710104856605270646022649725583429900885978213951067831711234266454444651955365309848222406359428072594473697739396571143911021255839444 -0.01015045875052049332696497915148257002485768120996889348597119512038624138998055454604490899241082569139961300935799248550631617202216724291938590061832381439533761879525032812549952359273124950199887531391680666121068563 0.1001036953356157969467462311694650653259042405417766462332509360348118307228894872579523147092241841967205905057393520541977414573540312174898875503011605060851386622901790364206678928562911082087748252756395795528154290 -0.03766516531093999883344936783928156630883888333854495170310435810103809458386471151441302069418795830118373821336856787312820709057587794319521009371677481367121485944051891307512408962434182909792767446461606190706414296 -0.03885780721016153810274740746543733095446576746003892726397927768553628797923350877981190947754817567441728214831455111268112348830836149898173729250420048013173101155289408988262903206862134544850908628819558393914446137 0.07436882442584237847124832371408045338967028936459216697120399186755131908719287784229089242156703970063299908025216753417443398333745609107034907851670427836168852015703746552511727417578653405595375504312677318936789921 -0.02868183138443703730855047424916189548779717168787622779512184603687412156206854482473602557975470899730017035416059178762156309331062443130526289173355871037395835105992510581124864713940622931919202046962898757226675334 7.569589936900415174306451071186846609497860876036000862405877901708777285290102127846973153727432925361511156238139210693846566198707114673400461304685462498714208934538108665047070699149883038463054585447646955066430817e-5 -0.02190368822668454851955026280304887802639388561554201531933640547868296417957861804453564214625152147843869429671556884455033692202326449117654490939242949133187185708921627980614859999734077909230405005958091314515271938 0.03945536034350478815051438411826582774079417131257660215085420383225830302359593557863432398180713305624477276834867486375965270619604485124733373580737505868601259785629152488793271251660257907943746929245835576728573145 0.001561063977342017774703445783228976229317417538710553946789387071347346165312303451950795242055636028424405989324767972925432459983121037896514532540831243096303958646879216880445644456471734849262676414093015547632063564 -0.01569999503135116066060039720620122804011725927773468432147315249222426592462790091252122188878600370651172439960947012715566017546385790131174359232204349526259080829631083814216304654751996168392308518003374051317918705 -0.005322685649453410169791848816618030986429729183973250136503387434344399569823950497996396486122935140020749277585473440487073884898493945436860788441440009910038401560023247713177449428804816707128115680485441998737623672 -0.006565511415771733701421308799402166906876570525310141023078691581529570924195459499839872613457775989859852194476938822566192043933676510659503250176566282340657602294986649715128016934685836364295173545467068890071994542 0.005271835803243419753908162792924433149948842169359023645412536297166027672819418269062177362997690681118715008321316057032702560201281393607033970065814133357431589296816350799372412026452004613296954603922398494504644750 0.006618718816930604644367295085262694661137947525609545105021038918439140569724439219100142435442344775325718733105104223158775079858666189738626190775743199517661645559094219359951039030784372237571107227887198473862071361 -0.008484271264583467634585396518070231756477050999145842823148715537886514938350911484177680743518165716380579669689534355300112908030479646215817627458069891216669432925360702806163045091681082653120907441776521091965027428 -0.007539802195215899160187623349697862250105517581578950351688284130937074632804523301110468435704041874001659449892230228984829174972761982257826211999551321793693485566746889879130960537034535964101160519827958626173584839
G 50 0.6612303714270997240999061165181949521706087746443864803799978996785898588580237581871523267446481495464412596115623469808062390218004343017259945002759875070482416052498510710844594927860367353347656860673219980945698020 -0.3582098924541755079877793659400367545630981207070623752655734602624478527724837584072345697050690711149727346238015626752985803900352084390557721248646626108883124331827482652317696224768674359555099469740799670017854974 0.008374714719036495234523232784877497488960311100217571784165428710936755278992578724293820673555121456901862561497012259488064722250995803788376102483883193483025358013274027733155821568279399148159227535143140632267889929 0.03912805640714954243220067959939211221513025052362155032960088717437856233115642228805288694551463548893497532113176769358601582924444975281235466926591813429514943109332375465179153307770750592690671591453302254867844235 0.1565928944322854222716406833022545962748071000785289411693138076299258395375578144242905738066757096063376248469394327253763843994413149789342782798940221324625792049668191076090984604695044043922042204763198253318817902 -0.03740284261525535800668536915713136486328321110985402186428818967994266035698672976351899035581278894341963941860546674357816827796392848202669774050012649629087400897973476244273347735944391689988310339652704274648802239 0.03218691692740850383127239413102214796711548844070364063696169471427959821545264881649705192807599837807762216782295167761444110058154242256146800459451141370487044859484594934210342591153864865617972715646991091361054216 -0.01008868193384187821671814757315407091016429414350872561763086734799944178491456081781586958149802349725865702413099264959631787780129739484196327160692942722439293071280104775472558469383944696512862568849749700958256312 -0.03474370909178854181856254808113503009886328923548029355254546913962799000280686704191019889430994172916091621856119244523941305391664088996772171534722049957846192920808134146725450413607313246426836010293983869907336219 -0.04148862751335270517430007952324602556828196206734246731311137501937814871332161073531316586896464165118672166240969283093980446939003426365903943707974567963869462789706769371654952822968226766713026609629381435603876682 -0.03415803566661487732823452457352555242288662767217283245043674989553500838614159378464818285195615192400629753477628304565240197889532456514270800976711595410385259233200364668351244985989653666001311619668126002317599545 -0.01879661183656037004041053548923371345391515618371451928824610557293349786300076495494518516299865159434317804847395753120256925874784760187023512104728149258166717283543748179255813714066983544942626735637306042639592158 0.005110802819234391550869543746427717744334782626164055769253994407892378191136654305247343500821474591814872843281497244174139838325766057718922919418964435755445404980789315847625335357671011916499630055935544710663326088 0.01449195014844253895015672229311649681112221747551033527068445849800551070144946315724643644057004285156616563675429814885548331565343618607974033735593685691659768842834633491455612269638093396200038968312872236529783549 0.02000602628685696405859706883948920729813868342609081336847804672640289759192399873171093958977670101563887371204344212224999203553740487635933726882029695473117982601786020177940187978796617499964915850827995465421281906 0.003415358944815244595106618276928257644341377847597500738845819023073433780635647190582887179140293713316073187610934990293577658853190389347067525740023518925650964054811836871519346270643697272373472281984675469439011480 -0.02124261469399931436873714141866239646010434766035264741697108628532049662447974595638648473179687983201971248377806423542061334475730784821311787772642232239364858264423877398665058860020420394613959936217702493021582619 0.009747934439062117277002842707362102521743192548329320494070937294432711336873810949152769082914251401386499617955317271323881969226969373725520085244976852087758640440453029526078433551248300360091659936647872496647488204 0.004147686949053025692804733538334022164000317899908271514747735541957605441422962794194617148593048987313011500057659451755855568450242635040081275731145010281012196274369466439814552884698644151044486884098329159414115722 -0.005942715201601762591485159421205453216572334176470424451765820643081551208992107736544949957287001598490557455468323592218527385603446035397400812521835226237774797989942872416108679546943756780053167758792452094783192495 0.002298992260290675979085432968494683494100039977299525134574780789539682755042343375907302994783741414878403857737406407331672831649239915089982958493887497158147333281815785180778164054246077249610510129747254807638000995
G 51 -0.9498670129573290497431939337567666616114781860610187489196385840842519204569016592692177262785192437347124090000672814525295657654717858671082539613710205976954540023752114194600506542477254659607018782591749700838089810 0.2214592710057103044096474860132167162289427364354529983379936863620078066852294501908639758686409758822714338914442888916333103987080106525885014067316047465628866367321818442321425255531349382385207176726835415713963175 -0.3075858128814160914287945574720767490887160897052063591628439437134221442326474504418357391617438945712990499147025250327417741721689213251046489664670501217370739542623745488638878038313285928304231117077709265429783766 -0.1134248005844304182444942159653860690660443963601036329334113305817751469178544339513028932441906631978475406300898734641213367302554044272418846105630698112373461516740782436111943841875393784220678213885808722263825490 0.1639846116885773236991779806309996019007978218355800580220308059379896673865472374512971166943365595290102187597659207308249699075266789526776825347361686275905040482403785661790711928707284171558019441475017809545783608 0.02466301461712042651772273833668027989133672851109714304238805880536929215925662869001638227269514642403949276158744889101036658174177550668874666795445619112633402743046601409134669759105693726960683699799916242506466950 0.003986260297739232693794561856900321482565551477945469143017094160554487414279659570642802736055168162258502718949697352161435759917353901062838221453973606804346841426060164281534592850892537351731449256220083929490996893 -0.1234556364655331347649410047958569724191579554138432453837907734154347736618138674342219874379640705358003795939801698878795018982914192602817293753200908929094030549406855956638572034368759290624496886770669443605671711 -0.05977707533476126948374702663240048918226140570062620949267474431229436463760025565135757132087296827869108772216144506385061093538299172314133751520580290754597212980472039190359663881190695267698037387551473369971874916 0.03085750415362767959952773715517771836265253748899233057293932502212692336478324455443502275189557819409882464969979035815274890457384962851973386555555500592005932426992614958309421976339910112010172892993096769313384422 0.01236150667562810417946487119680583582557382722858081819127226266465298843205866394392742716904425050546162033365800176287912071851022614926694225910138538848232422461179096578410572175261987807146455692139889353275315918 -0.01157940994583388875774558860685324081019105863033755794133766008164675393587815918381164716437693739867209156260569694752359816939988879909638562267231489413005550990571505120921405289700666390288565332237386439311393974 -0.008644242042893291084456408476424225358157392782581808525675782143908064692620753682732818749462955156092846934657214378471945453557608567128300258662756444814361284762770869795390467997514839870418097340213615161390018484 0.006796336505029739655797721037602440766319097198295291703370052079003078311574271762285227315438052897924352860599412804254386323512205385257843621560634283256734350980346348055325772379430507473306795905981413978455866423 0.01668119002683324388337184323980380451742374545664843502835163106285382683611351987624208004750866028163798088950745694121249059962568850909413369056685079801022200035992216884390193257537697589579599387396097547378567758 0.02038955140724147502398696008937885972135155256344448098679144762745704802243501182271623419353424010631920335548038511221781779079508321717624666607579885751473968609048437830716388095690313146699476328860714365005761642 0.01904727838582519431087732156013089916260545533771946018415831030502127989255506474079142147864855030045885692293739025155190377245157720973053187213330438955277191489484196785328904714877898554646441232649810726552107124 0.01940513453945253995425994643246152661058423141834658709363571894711508067511811884984114077846534935565341533228695645291409543426268511904507121936426758850318553872617780556440298201004160640221685328294957328992587944 0.01561429590584536126984541797850184165765404381724852667347858552708696759110231392832113599297412019012165007818346719428811045755277817462147361731132645550735135262679429056842003814164160594533630732429386743921508241 0.008799525253556485313664151390152094282058511994371698039051268102672413460225648122098381748006865936575112577476121434017641767691520447133547942075389041863416189747011251055260950734334169597010608459598605512029382018 0.001749692453536796020856039759160102560172444121818460362574278605800802929967326854748032465330200207365768530037575093338542095172362069913537615516853535106478839252907117622068906713638793701671706247156980746436692019
G 52 0.2840677953204221062181827062706782524832307526856648347361937641106528672595674534720193784002017261929377433471582476658838929243753814286545430684171430358774358751823834237076040554308191018051721641640421765569910546 0.4778769747777781427560753015507889544620732853721573096802485766981278855270220057158525684231811948957087962303708587417344690473920065354799469145841339477805710410637815331315604431930345798915493215341126258182353826 -0.2890838719246276829191424672778626878108590885809486486735484202210527871817401224250645709977447156170604875509160936504332067832296430203159141027069225894409516998690661460693258112893148544644870986858643304357663751 0.2322815723750109437073610795673018490857351175050940803488943398029458263307697917863660141703051062878656792778679330906884359810690310995557041261442022149371812000975451347095384297772485909424021253369646676319870305 0.1423398090779407586838377612837411534138740896325995647399833014621594340090660712732921704038918276303207500376449941614445918081959193977785578951280969076557845946634534514291009478172583087389072633605978196375731770 0.1903357294830697234398792910250716133152281251679827888824207383558985183142242751204129319604781437824339328795582507227055306567520707675337997667515085850991099758589233157584178666936852464540404344161463871495750600 0.1874278182421754804815852558602040653175954853052344363470153074669570992742188577396431411531367934543324626453450150316340314368076452828340061865722107836545952536698351161361266821878170669709456965064150833284225289 -0.07419581174019237471626748042926780287092288353274720556976107974434366736045769848676582654060140722155952734945961647697684277181373878898179829633583407158985270577000905639090852514323359220527561882930861710752351190 0.1086225123834422396689041706794776309921041746007114006796421647987854983170394644856163922031279790508705725296125277590839716722785804796631775566477523995382678975843634753340973609213484573660060383333533993624242787 -0.1498060425764988998928789031111362743346356307671413358628569793080804009416077489911785426694414468348661765627665006644871982751552747812612859935679092846049784719619083514458163897109835490768132175449803841042198479 0.1385434138930976058692837951654198470735069928392824251705885133765783209391341075681553358063742339412731397981665810150054973669665324885983357445687087294847878244461373813940778400823641544472882427105159645936986437 -0.1070526715536948741438133744598887654305666059612895598037692708296734888313150561130878020820276469058938227995342944287402454409200438972082503065478485032256138586759034153228241266929400733025514340971564380897596508 0.07772538670918510139435841117524713465737408929387692466636622113742161687820157377772848163319406329103433859305457649007573818325065004895530673609219147118612157701580109084027386339667269912224121347492535646143812794 -0.04099562547264017036405991824263685586595458120177907947287748493660080138219491195189051709568318932241457711130715005749387466169063802885109138144195956229856009076290523703535867230568075689694687220882408094363884415 0.004518216227725836302036005368036001229679297172149485416337320253185393925333574425725830735649870962533502480118540442919254118228084592929346622587535685327261507006151124592704813131113792283224046095719679745275443381 0.02588348001526435405606379307706446710672151817342133858028179011726818054062287397087525996493316860173293148216022482399995807115013139999850024044328576792233463403024219753180009935700564205350698447328687810655967943 -0.02358186683117853738074748949410602606776580438826974796128302002570269373920264677200681963290210420511433035915713619108671487987630388916611605353243537519460733004245633986736596278304266536278831603394747897839044052 -0.002700239676325147451227502295879621320021578858302465712839678514155609419879721553258461676520897035578940881317626976679025051610236270203084941323123313150145407235443498516048329000960078039895241863950977205109480575 0.008840179271103547073533200606380152884017903677490370406558687396366150790227527026470404849593182778877610544293388189118943973823706619196112657655700478233370741311831292994078309011061363064346120578217845829094184659 -0.0009504863526923828555225002347093960058397805679535953319992224869150239268152482793393004709595528350712451575757790180703481024768246435784477759090961291407443823012407698128934602158638810607398998228025116367811844968 -0.003069098679000704728919017241787550162998877586671836933242946243988881827845440769456867197016498269295203494247316144341953219694338377384301471651147031095952405065245090213463451339184133509546514590589444625669362212
G 53 0.4244782233093667027230903985292532202734597651969861382754958082611402696364980916116371402112627245301022547756181726950031417763450634687071571033347251375786314334031718958329975524863781507241289568103739587441912191 -0.4979952544833251075328764794772447062763928100149739377722745655891160385289053290539743829963692905122407614678772508569163928128694962422812222707929098884669939602763150391948455635972962277672451408356247121568908473 -0.2619077108388902514671734199599887437352630964100310475148521615827381088486831877787030680118962983979551500943573173845251058813300746349614982701891595740626436753700828518957928897373988218296747458389679857236515422 -0.1395917383819290273897075808680353220855240571521338548538245494646254124048148686924796839752470856608505439550380611858527926156662546437863889411265817362301926131898054938502238982013995987442470315757576746842028456 0.1579094993617371953663845299333623515016889340474043130763955068574461667566917995439540523361937940208239407715898412383103309259261384333748147824892213414695908061918161413996338660019126808778945365619616899362135938 -0.3011873305113349019788730647263305030370796317660735121138714597257281821261418531970998907640668296190631637643071601619896659537123056727325958391056084087405233157350987049798730393769647658404245483780585860290837410 -0.05456730612219054124809071290209603058201000683088807134877395683566971650876850017140486032003114721862473188112581009579621735805174392640948470874146536571324043697278292997242986177348984616305760097890641239836565733 -0.1143476758044570214872565930173995380549574791083831602952851310858057046170908634284278548810601977751138955210205347257887792627156348386486002964073587217499938099980742967693609071639199005469834478085840210355312446 0.4529319100213188322340733494749257965213240963337763471248714585697886929141488365434587166982494074914749854450718703118392438107412825908692479877084098204973749420284242892382141152288080734577167671110868020970358641 -0.2082289383824985015106756698210554799587994868906000149157149951280040619971513791161088165013186751890058832932154534923641835752693209134483552703081182764859933259474417286690874751807316435302559154662567360601308810 0.2303679893228690620220811291126251811692430807513208938624071086917435080762295558362135937575727428778713393217150230234647515624886088012926837071656852642358295269249815630241001100237792829243014573895379457747043427 -0.4310560377796886447742298514507931763832286387792151532853953947407591521547149578967362812896232526783169339339455989058015182244343732811832335812074052574607402621393439458652618635239103829873142682330319806564655713 0.1665628962737969612754431335570132124145750359931234414883656350843273545482345933976362490196124583077397557254557011677911805292842586326757723286969805677422948948287542384133672178290039158059951334805372824583960245 0.2613301571148769128906350364377046914834206857801678983092731761914252026808908606042155233510770265130942438090187606807743764125857075914040815576653786047332295380691676071170345468012754822612031545490065682282535999 0.1578473327636648394750193234584352466612960304550134293729265392745119563479114342247978167717536764210942651568950498036540201010163511941795747345527618767349040936022627533833647379073783514843624833577464368947221124 0.1063741958868599571957742692581106981867349777404624267412903002826720451748605548153183247444056742953179975718694117325622198612816796587824012706953691279322267646820502209237026216289359039957488630954372003153596591 0.08766580668253555334303400612905249828503192107240847430219091334853722272857852513351469001470944624675730886605263264704235903817097426912042863859623682086216505356290746947485671701802636880191750982466198267671249709 0.06390485055746137987945255081983910062392210478539505963671867690481864692801103443385857898674676865217219542770638153114462892931007735998552438854977583297898519277824381857637117731164084882156345802984784283574737875 0.02929743205181059291205074016122061102457688719094219307601985112643423183257658433725234509759164011511942398443744384044492608325473996867086921024427986812200494058714534170353102333871242332746401850083728674522399195 0.002122304655976848899857749412736533239256152871968316202805035510818048470730078045663943122032289942010000284742249954811757172793357430968798519249236805138906735572678741266734867497461183269429442840205329481961679477 -0.004076029434389304580728527857234777764110239436438056866118211740168980565234119965543205388390034708061913712859252160423840820614401253936901530035791435435611625250017786719262016267529460009359419855764423965614671970
G 54 0.1375214596381868975968874461044454139819592788998921526771346088094594848881545648771665050092854037001309090930423742366680027017771688818216754605083598230400499455521453135080199409869000953265197886479164697589299486 -0.3105876287961691456334536985309364507842931725929115655925548630423696141752727864928893390109717710669059361675910801843044138432822138830316487635732206086218607173041416773016307201748820915957787155102492217681072081 0.1926731644673522156552642315038631660537520207530299342323179239986018844190941295792735091906119787317675558079463243231999208316682156646410643650631086602628570786041225779901790774607777529576362051661507666696349118 -0.3280816857331595022825928289888826411489749261819306131738246755993810055083519657220333702014570301967793267046523972748880156757427395276984067080473030421724520677661334306654160715513337894269541523553285690447580415 0.3960392427371167715951792741782574935014393566765810550011063125601277216858702210452364725961122439519642498521752407202771707855450001817994207266461594424601718223193295538927424768051272954519565083731550985301742920 -0.007018145005621271708455021121926068511042814044081224282476437286758458644061310381126587814906134359445550345380808431252447762698579754298992311902891705507180038705432753063267759150901073369117362762167881386763451473 -0.008935158443061937172097619637130739229575735362216559907623045964559823078421143752611440977801588497529176093312365788505478021128207301535239097129763894600378706872418625330933178794686221544321936045842614794062777351 0.1016287202601289567401405077984347853549700681512397157739983922499009479918207654666744454839532287997777946775237851486162921261550861726356701438190672589039166059655571824959154754814722081220805808902684739565937026 0.1983148313643738951702931680462401758831385642490317168430857370476789029634439486690245903936719093034795201323201682220368800715912690881021087600899988336314240141326028367150232137586244430652814693975372876528330553 -0.2431409724177871343711924054660254545363961709160238910065880965349862823799808250618004511438441484165775627008440966653942635706371560998667533694170435296031964870633165268593761198767654101772012075827516982829968438 0.07258318121598528464030955359072642354592904457729116785551356186218345148449227750041411728053728869913897136056833746899817697270452468532800016150824833367434962790297054510823647116894908790763862267118052857624429322 0.03437114850681033723409581904644682930257303898692718788910556054205876085483840438499344190381858438941199681070305794834521506700708702016362259923997125253282534832916793408550119460538346333108608309546487955134183952 -0.007269449414885084868143732960282220372831623771572694886717559403994289009571012100029722087178305504661993022368034169652475545422165935345880126902728752962737784991997904361420557287514089085874735219086914486910441640 0.06644191359433069464897553421824710776261814010950807787374984736845919456569916556613516572825493986744225585510018486954932951366649609026944338977460371981866120527570020653844496059252615042259878001993870521669922403 -0.01281398624713873946508253209221314093752317295870155243271835423513186199170128718432755407618965633123961316168018446540529388346676295895745541907974649180336568058465843532489352134774552502576490876416314738600555884 0.02894261340975394438909724308861644307602613801935566217631852022325120284332190449834992706561998222686960764455145803047070280302086347117230009036049498909636231582413853120670134615364365479473162874766625281707909897 0.001646242432386965383744960148864439606720964431951616184103543508877171931231524834873495299175237425634003040570147030627555050182838176178338551139000335255695792525196571903792051879394110657736042221520588357351267699 -0.06442329954088239641083830568993343810583457158707196928047130464143958175113946312805591028888623751108807841436947646553262223722862160714456735255416090322131782188462730200190233270344269469836081920917981555914443073 0.01141563463509379144534341612879288307618299270105383553808931056530255014824173611063402606645394538499544750355690294671955409614768211879309981114090678803952399023519289181673779604410273661820806437856087927329652459 0.02103847683662684566360239265644577623827429294303663967834057636081500859147287259658180879543871451249307780648158035287676752495619728063898653859391851573970388754758399571227849668920677512702767309347873980579917962 0.01604354453134401313733358860043519233239516049117092743700911833566558800699595296529373852916326880726596703762730633047809825673964246207912259933574000671290766224138649384692036172709913560594216526718589866906189028
G 55 0.3147789305472585893470306884890372438075159720582809055612287096623629625162640381353821846324469792015484310865643026046363464468807039530670413756771135377633026356540552911944284725248503128777861257943020472414424843 -0.3256092648059293349440001837701335712792933793125387754559544866932669614476427375562300589943672713439425978998401449134840326450483568201519730530363061553968157711792961617324814111154448691926909196707256739312859814 0.1312774389987631496747168470032388878221718230628903529999008443036322663621269717320393010041035216335775130110649274757413968623916078133500142238437768522902941969604393384605042581591832062970913691792590362938961319 -0.4114657470222186299142361133705004583953705659799668175779915060223050033075108608449675360536965817010703336942215556334250083292656003314798996810101120745304479319494852882285192594024898193046861865000596965942403032 0.3826220845566392902758125944203717989970529365419474206353393107038756854001395144399704025150903022914320640983288056592628228097949380893344035713655143775517748512695819532080480885813698339189060166311590443779683919 -0.2977054165538517480669418775684008023924942960850559693998297856933221583002621809797652107936875830714236783754242468676031373203067561052992651949789959515196077125310542437510067920502442077020776277955425306505158988 -0.1472123625724737286063635343909270538646576604549153452948039281883656360934977405544171668762643435316547069948925711162420399808661016940873088302369780207739908002036459655489523452125078109449393818210695089621771461 -0.07142750130481120702820663156066770514835146212764666962773511800118829513177687355231760682423459015830058411236144901947134233687909731658017603168764627935575608665906419903204110269000789364146430930292916740808721449 0.2146191966423309692094657543664329197505739222105581703454542680471779489706267180213937503911574830829026836490541391676000124217429241260267323225877556769156108183772926351530192036575147269543487278874620714992429951 -0.2316165483893671079879045355260088356354309092969844679839999820059506410627678189859601999019092430372475102991886824981418133778679016190955074533556294905508759557664573810013394078590857390276127098057138850702954020 0.07499488438753639046323197108881088250379089437514339715160441354100822515521689945401787501111543860335863668462538728290689179720196257436485214743401867470413506407505870433523605562710436504847383455796295474536951477 0.03732034984426707435318822919163425423403772570977130820578626847114911619289913213107397379272878595407645821510225108716663273285690671441662538189059072488007781631486286110744919141816901506993202717709361660721808224 0.1393446672073024452821285736734284250720555161584068164695461723918325166905783916762200553821229682729347271279420479390746014239566149132179817535868513880142512494334892859489348450580656923432156951297790595318394873 0.08669541725282654161658119263948484746752062341760442110174844848437854912995761846526216503235303266488590042416053624001897550066411481365561381579238087922899041017219192596731228488435815734079579057081577572317517452 0.03915847804101129850462081620269734614447332097646703632195454547352909632973971192671114108980922705067082142768888100679678047457300752977310930971361062375585450220220618088209246919308275569092061450666786496485951818 0.03332570694718891270849091921113828172686537892403486544735661090848513029957628047048934315148105918987627774710843818525612940107361498339044597939654141459731689028826501463960460217453632030468507678120806837674809923 -0.02857627041722375906666681957170785324469489271124037171664268281538899246513244866844348472817236651944872167539957052038984788638609300228388001572848077404272948217342383327807476968615601579659855658413993675969195790 -0.06759562303413894468074588029537977504459049774510494499494790975034592658872003695560611002679743246022507990570273849689297422050884168466991744312328466966391133044598990952432123683155594314047573061024499961857190689 -0.01170122075179616384620523847254240723102961219546254164648289342160744164757713117536219955195883757728813328997242983023625146307875812426243783383881799273953025281711373926410868513623208251527893370166594595259392776 0.07375955214240153230546491498765402323770843710049625974972523868339562611332249115947457281629752914328257151779318278185937163698748526308702759085690760771330420723562640051393363276364651827106276092325906551570402322 0.01909077225536763927237562785716463534833009799608759475459569870532289758229547300021840316694926584143734690507319410362950147068199764329183297161389004039675882103592348907757108452191001553007194239916129545431121906
G 56 0.9074191761452963216388223453065084590152873777227555226157227131253602887029282223092709272898914478665255316888194188732302391397067258270214477796298407237014045454882392895297136659524751050552370937779882025740041944 -0.5418877895898591876068182179558269540361757348826538934840791569941134860964634443326298429423067579394034650697218914526409048325891704453263183811844078180729730849981471254397078268761956794677204684696678563965037281 -0.3821277638023766538831336414244417439318785379512800173291312464034619963629368080474022810100775310144583928213728189881861168236476766285967429760102039953650160254849964376931945631624484226126442038504201946997136136 -0.5814844019604634244115367682749594263394358817649165319454751032558524803324602858973814560368715929620518298231923195747974571118327364271389347634617720970778233860145166853602232696801157336801470481404134526041072968 0.6935608812764660732090105975637370986416812558040168717168594702881547426177095195898180089548907815786439412853174081431984732796952173564651067227899623287297873831785464155040430675139432361593112927989836148474051487 -0.3397398647035318880801446800943521172001667415699952075121753486403340493134775517873035580981575617482051739066258503821326107886418955687026866918425575402635908734212482138419058170697486672586237922151051223795683987 0.4453077463510842069545574351958629778540890682089644427826332039300258640373954922579822002231757876047842455081246531695913292383968806669121652522416099928217453415599388935440266005904851539018453878011952300977060452 0.1756317262813036219357500030180821358237638824560348208435494333596251526051305590114866371942431140226156841759581387638658581363861122388903225145873205106391260443746664301334389155427328094043525632654541668514950721 0.2847897542551373347733462724720431627250980195509176849449148183556117447682495860358855455653207821337104680231379819418734592638982321462843657785952177008997588153923119181733680426025518713201542503089680328760641761 -0.04745771296955116803656954372359900524330076314489953569430690373449720440363602895673520604799375671913718828900862533956203976556341742082108194772364386733426512972347146485565579094864988070802123875310373647484370972 -0.1236309623693618904140271567655745738173833711474236171879639996818016879157552754358302624056688819202447678714649326045124569917621031161206590176212364007504088299266956667396082110328647280326202402959801697224018465 -0.1794504525140983462035581735341273652500823167824633064005486876832616739800614197843374102088710148006944795419127007054581750357442986062355987729659866001355313318113390141944483865342031272857413980798807442983116454 0.08100320111126963682911256407468017563872953508446528291781877402268431428789368209925160525572341050995699775287690618936982764839607251586877595140271446685391039145349518280335695868633845828350226912245334809525329162 0.1075899918789279368716477298074180732752104644580792259062879372682747944161244604054721711543657049189385150950207994433949371673795522560723751987977720348000382156749164555021641078685184405887251356277097117843829204 -0.1341759835784705876061190452799406314255755993840746108007757045419239050808695028688901585993313416040228419932492838686028413393431608956797989900627706872771104877116927836344845225530521358333646632856447873760062996 0.03251471578295919519652820187352931597626228641467710719105132626058913909615098951560295028767288491629618110264898077866362052905421633049074810670142478274348024868007335976429398332085059528585659475077587497445950715 -0.01592243750336982704692644680206920576733609939484196852795807074192973170680477472171721187819778391629223802276425660525035580172891604865775103440006588868690332025268966688259042715492883050758092841178945503463128743 0.001987762032756176983384093196816585911537064652068817451855609146930758204164141351202988273153872782881224005054119820455872777830702080022769106895616431286820868709629073561829913433122396175938483179030377181703260234 0.009793548434312911070064464775074075658614259862503825809902335483621156045664470816524767897487449422104726861298755782559720695813785942003721644102204322545591830823938074665538426198512743585395752492391584008134382505 -0.005169251119407007238366385337270058273502362598511273905525310749960634256156301802189866969210028722126913014454102102454963692318737228303051595360136408588714027708752934541636991928914067791300578902127359040615682594 -0.003341756010172204922453988121219432932209499985787941837738223695018594604116492162370918139018721432663416198423762386737666497219094278657457627278792025185993222496047657376271034798594166564224737380924473955913889291
G 57 0.8857981471591677161151176510195837077135189666114335658342992483954070738445787968249835714529879181001150930407781126282320543869264793227911314316778044678718916770596545268652744573705859050420928466917270425760780570 -0.7076263790261115182881075197726094850984620502568009017266546326995190257080047885869448046563255106332314606273981908863278996035024870362925300240555103784713257159545144329117448906674683172905318023142385798233013046 -0.4902177124813260255690557040653984012028732452285497368799251686568118171574845899802032290091003620898214335601211908805147140739434582510862042841516023233789861266934614398924505764484958174763880661611577203595137479 -0.6641312659984038784428208779654887868097159907222287095443913130004049823827122395599375900295364362473636902075027675565349802896758471269430025659727415109993036892044666693080091267332399426055459182841632520101357899 0.6456993882230895339880114236661300358371824809454053310061491624437726351107103690011844019255999874884348270290097523420662997610950970371582292993634410248530136762468930447951054381794093311119019557678094831543178213 -0.02569482778346578816258016967410198097768914777490764450032430034479263067821537344350613754201272116308709372304347683816216427674034007573184891453154093682914654957886557012711584756468782706274637869240838509225716979 0.4064108150127715066453738196875342844133716746984024717726016199710206546557682962943222766293725531107339621804509482147552620468592518288835784207777859076688036532629562488660489590362895182812585920817675461401932585 -0.1870420757535610829937182093173071680473897204886691444406360864299234124717950016142945856223603453872448421563456743977900711312905663505609830163970047505867331757647159864769519887678948055703370762570293583336131084 0.2882116033996240200808107418481970389317384244931236881507769624214410563317208196631949891189869146840680408366790477996768339281020654419552193159053529737414446549992593467843003454718690817017859608207083904825966547 -0.2274280330759117331139513313979831383963364955092587031709966773425354987085216447553174111023430640213667599545730969596088944499330024194020645752267020263904756920526882878240258587914246252140924318748037517200377143 -0.08640523451523387153949826357440078273845249284982752513490803033132511192234906456257892787532303003433092527350076765350643464913998511872042157140935815936900320589460471749989557733565035702031829220923062216197877024 -0.1071286748175183345546932900833517585879143869529494212560127030778040356698239794743931392788203555622462453286270973757873478416763353389784973377762017514706812195925448280915915166089695912874611034804058285212452634 0.07399230421354260683700797853744732802680216850800775225137834157650294937560962302905393902866684888075796025396432985463191436537991909618258420951589894187162148983629148669168681046093402360864968548059767914756982990 0.01681279484469344905428107683376319466477710289688580540223531135724473841922040291708200263753942782786739057441390976261232406832359622559842172130561267225801957795553391000010116561928377574819839799754375517195927818 -0.09923776965949023234162437636352804149916682851647388603070940209733666488525131057508975706541910609638893664728709693903689218432414848575243020179988027539797865495131079518473107443710493841376058293032701749152121070 -0.05985390239848065007181485210044671328344156878659751399165117948000126164410309230255425439240837660218686739742778152621422598447149836285645340291161230193576182526721367498777121713459088145152684664884370189758663217 0.04029412193048991391100459958268427077915951984251949035065076815056907771116722510102135806997936233931798231901413415046588263601153218329375411280447258579302264988662256020819458594690336031563330602505051785054362891 0.04322764348248650473059110137160402572887209607702800063702810316073765782790658539539889146975955758261294888650442856063340579031116781522962709037564477349700886120501889097605865951179645446483063874451070368658994816 -0.02248805686351340765770334580352646269260692734731101033445676280969916159586587904991940766573977135754601543531846035515395287612984485431646959424529630870155920510382514723877417971236527256708476571990715333383614472 0.01646289976487468689619617564552319254678398079890984889857811129567753030812934808823554193090418805932879138298444157574155452319889929875951633424064937196583479158777083304876568683415076362549170384716827827441685480 0.01300743188468770412483042566656217993308376706276668896062920226081801250478776497653515404372767137617852999707583313501590520392596388890452207153108241322536808601267871017990483791487187758106169501502310644279282412
G 58 0.01032849091379187060183871446944822664405686595807350848302446451247068000919736595100598558274299464685676219812901470201742952025307539410584214898014483233031473826376172528348093613503535806396600629377941567366283476 -0.4311537014845984271325339050037232307582605836502475164648339131530117247130640984107572940159651492795463595218783772925443302332033415338681910998625646474896801238367311848967893320069987042982689717920235441670118619 0.2563296356526799429792789581209043408294569758457489436041593496299491488656110694697405769545033277604232693170604447523857162953388569850646533358827230714945513774616400296322849748945923313254545970781834569881800725 -0.2990900774883426523879728560756739112926715449126021523361717284729709979661732314953995436085431558240618502777568660136083512561094299029435622244694207039529766518493941168631605656995072857418767770578475230876074124 0.3059963370199720562078998838028289328472936304977542740359605465394418763929953883897032155706702278100119677220362055430047092100012556916512589052166749408299354577089542115083756174810229158445988905476455111198907162 -0.3510534629050517251164722857428868356190623573753980968442432844766807340759210264604456819945895842958584330271555588759021515451337042093971829061686296337919802472234829612699630389049338861843947895802679195583904825 0.1499560443367647474676375910719557165734377021506111534109718329143496928970608477313953459966056356066511396938502352562225124958356645667297190744252463632815818548442416251224285370717390135658747699845344240866692613 -0.3950431188082467122813295779437716712726359134132414482332929392295315187396661601289097214996504310406769942872393202535534294545233655123264078481501201690320605761136823495503441351096037301206930352701849239795132046 0.01579465694610577395670013420124593594608810806229549327419465087688702319846422235413106423984701816405620304291487728099819770535983010185956992489758529142895351302760240911295190649276052638547201115910044052405030390 -0.1029844210021230182358788058875456277082064644248217533045027391676906711666883520107708414675730093109669452622643122655550127163498720182981317886300764490363046313452050543746191453900049414704199697066221042442400046 0.1348214431042593815107392865628932512233035901696632078961003228984757431494718239124448188119869132887078990087923036962856820962701605657266591217503729744845885932418395517487326534931228247105235204609913062343372266 -0.08142160781131001716839627187666849332372045700662458243777170705198221272849396263643487414583185150474062469937855485971856758484547158852881119538697328687685891535171067917073653324799348395793919076927686258519496486 0.2234379707629379051416143743840314999903218256186441220993338342111130543997105634559875578720643731029068231057663854948511483200468089860856451047147069728072600300794977291595382266082264869009374943852195456483578125 0.1729345078668787689172650587441123253772029959455314622533266110507537376185945783651146701363061284232679559813310239698563829758084145698550650423097584557100661655337813077218652259023958883514232187880146964379531232 -0.08559808087344144837654110447526028496605393338884110777503083434116841664270556365097016431319791970180708418683352339388332532119164709819543271327286134343070603373785895610154929994911077408564817146456708069406763092 -0.1335774839431863246548267777989888938537713740649398421936419660681329298987857006047710932762975695089858356273447742894548361011090138976825347905318983017613819688008508327450130024337338254151595474794020358591972142 0.2023449377099749244023659185443168526871360135113171142922365797521536881774800214441517325542652749731335397160016999234339404320334017454694274043990117853577127832725944504152279325443676652606935972446890407498446124 -0.1075777150454276659806651421977711708255485006265895210744153548203882261201044253418914780200228407282787724104734799206393758585258074863389572095311556778426216280792683163950779398456974548315281951234788747439848933 0.03984224014007673840462503097051969059310826479414367655124992597374397025052967385199375069478548653215431056865544418778811458483819008807955439592635464724112352753328531038219499243776454853833889625653291436162237269 0.04678645003725503829704582112455406220245984243039710823194530210093040327106638118472957712231655240093055691568477944824691622804338887335802800078499671011703623984100074288957600162309793053021039455818578224510783119 -0.04119923841147480626059211033610887147558120502423859358076578194937534366727828202056790612638197636185295076082546524141002200135771183437505887564773483756917203699311792234073334949020842214652434989202914207112698036
G 59 -0.3602054551966014160373270797453837546215166864718655189468355276652151550039760975250652452244190262548569687524540331962654938478021576945780586700215768590110816397640977597266465142954112654196455910064677704329646690 -0.3238367052839908643593871335276987990035697107299632127388940929073599503698376286524603673891130300237074943086369127815708891981113658001402761005627784102372897749226595153486616108659189401248915080645018355660075026 -0.1613937446870392430442869977173426127596253550274309334785239686961466734054459715088259565074548552306440848455410571669036614660830383010125096149950458008552963116855118824322876571900765331306164528398922463189853463 -0.5371669619991273922063139360479568658843919978380296467255353615052758945220895639367839487125602773605931677087331367328849962409813339927124987520603760461192190197417013957426219443893610993985246935762882996955861851 0.1783925281680779495558773719589919012544599165992098103884320390028207000874222443129860409323796028556361840928013454424133818743767301952082553601278577035186787502736386486323642695575964359845426746657131232680076897 -0.5177768047781453649264758018573845232443878347369045333175513185784683911495351953208815796917086431237485931101524513021626882592448948759758643282002271402521921032868005495843274438106039854476629813761195292640380756 -0.1333420384942132180193807206019288895244144894887823323302156149340998070281529428547149341360700940953751344474874470370099364509499900868590808830440476601534497423874017043840567320238640938518095533156614869679315005 -0.1109168144297128547535080636164620866843261243666705337605203183000672593084526724779690315253663194504101307048286735415151985749952768149455744330462539350448104368968877772400228385231979339131894868515323356493797663 0.1318333510047375602371023911703213652750438610174051574732030777921597787263986323040128632896884729613110109918410867636129338207642692319567098833520629537344097896654583162128301351578545360172892254951537345017442755 -0.4888224582158589154305045301212829736932641897569656141750170342027050364430153147649048516808716192851212883895232972218623595151031921713530291376955578554169920359789942587828874375827852486475980704001933786228428943 0.5313874512931757115513329022669548084428254384865568591878398998104598805804290926047436662268123406311879061900502380639084710445948396107309287208090795902984281534041456349508134330967608387063980552210703070374170438 -0.4055296885677283463734212857208896633500156242227761359111042619862575649676834065986130419403407944319182788066962153289767700008204571802413911540254600947537511172006881759603437846248261971661559332098908041330411758 0.02193414644140457899207243266181439701105345753144750772193448827126024920322295747251013246355760526215904361054437764422103220993711619905530570925745232191209824862879759411147149813815631545175060233135348915173688473 0.09543763469083178939741971492207319737408404835497856379449302485266510495423496686565876238182636734113267623148274405762838950242600884661561883020232646955560089618301015655080989932211980865787019157244376018764452214 -0.1053761047295135618325706658148777224078164639971019217951515209757829160769289930763367458316459407410153784083544924253521843669304864496429933379391793450231365633002925061434376588347781716005831403538507688187312811 -0.1836068489137633504714106235725884655617408696408971981773204146113043109226525893742199904880166775926043326659011735100114770086605633302696757909493047787216826934218765002673901641359102158582516463032097265888683395 -0.1580658701511425658574342112121494829915251684909790821781962552266406629587491654220934423018880572222525991859175292811666547740727833407929094869942010800212359769463452934277759146116391836462099291681216272015871381 -0.1219976223602449725094106100054613796960359142919317675043807477767548617211641205258363632895030065350319351962958311510699691742208953691123343299976109515327144871882920683479842952501363939515287452451932976263328933 -0.02969361013782238864095015917726339133425185874493175864078616688918820366336822700256286347401022721929062934182213219228600460821235290772106662486839258623778502884465114936322152954028512281713192126026152624095387034 0.03239598981411226008763172802904963120370421286698298391596642920102495948319470791845580264028923651565855141236872131799764085959116630675035658708129231989249159667931447301242805868224791492629142719994382428394435232 0.03079373746506295588232857116980696659468241795808740432978596177660672494411351619547219930458277469301620066492653216595493029656338185071612473385124404123741874821490363961076710878437491101610556724582159654146524496
G 60 -0.08205195991226824358292928159509357711882900463517168399758653274713698055845070020242005413816327399804049747146260452187668566260616956461749181542900765381280197707248283260750765717601167516215513059091842981944517069 -0.5376716714247750886675955259515336984768249401609132857282070042126895772757504040227809605713923907619425737314970781424725017251587540096001259697583801724098416127753233075999462564275045966097577538633042562767992668 0.1167231446746820422424156560704285421053692848026989389156411720762879081802621828572839045602899178633305629057350525187128026189491723357230373925829588324796341388246486137549161765932374832486155278629014049840312087 -0.5897133330956139016148894054222262236025468846445426731370204046262200726919252370584435594856218517648524901754424282559966528037523357191651810472693624720429986335580375968627789274315250410431311637501496454047644410 0.2819065139828528198216512238036572811807891002845354761427014642213855018891474287138583163557756651404738564701774073642735787174948744262941954111585426443664347499196093114748122539782088325489169321874248231062274176 -0.2802369599060658869181419478553433030448332128303134057404258449790461306805681277193149589990336105838793133049679469873279695827496750746363677728470127746149573886985423042896663749332650365805610705835887733750393730 -0.3172143262745533701261463730943940783351903124128029864910576288959556800286298665855203469902084783861598579790882132483989493052938309523241131328999958957155301181753096337596157940647948548145785947621351276923876921 -0.3980121713791189180606959864638973265539193604395253586826251110566243743864428170421791847755902023578052891858131549178306121483857658600740461871790133547903051342957191025661013943515587327904606881499635577400873473 0.06868088890844781476230691656646223923278637801955532682917907211854676327502629302499811632960605183274862568213790921866139439392508159683475004809589976346709784026048097139655069176257787696066237309127479165580538442 -0.4951766879483391817982102567312315821080886811989380531454109115984821909647675201450963292264609469305122354594919176976863736740655645094086954716460374585536110001753209167357262797946165378656537954348496097911383279 0.3826732492456562382022051520328382404652846845796661781892051653091574084569500027063702949581390243874373442297626015214321389293820783105089834629092426701788436946298418353351947268147560557040882888887502798785659641 -0.1537050734115187451605457295005379243042485107371473388122264297944232084362589045443443662701817907867305965943499550098021745826392757228808664830289750347460645228436459318283628049015149900128173130529019167529965497 0.2969520312780061186331682678929238263790998335809586610605165290915923157193958190263226218143100131872325524223692634497202858106515413291840266661051354301885741955194445570350148066733073792644716516468504505112779232 0.07032466291427902681062203950113796559097985795021656020819616270742460320573476524887412830023905436755033219862383063205852429874250976973486856452866264656872066621218729457639016689980285415726230484115098773555016431 -0.1532284717788585729821166771225511952985213711162818182736221042117417792159908190982810613095606502233065599258580439185713327831371478118412994623928767513088902994886998694423913124882596101999948175495656206717193294 -0.1398751250880738165605409307576037456766830526653046415668969480252542295160318674412862285982757291358627545202640774000540604806087005668245792470387434328684678867492464358516445492424697416976830308249992670579576505 -0.04707101391374634156414686125869866053098516984941618619412356056297564315465520760849709591403300240902767798530828386069757458062422444533942370871675221275598339186282314217507130933345592880385293957175429310032485080 -0.05825363742155964196220652644064134284625498548843236722110682694948185607859104602298055654831260947264147338486745012556474727251439699110069287010245047980366373042717904793961358615134051369516959703347904290425009619 -0.04473209657478506701437470684157827637888861105655230541294247355058035287885107716460521570652160373093160790458761204865163408052033527788968422311959090220003733348459199037284954001722619954116246732825910707864773267 -0.04253166341350426639331160428034068520796711249178170750820895687690472930490220210953190363042756097123096425258098935853679714252245041106164200952564872421875145274434282356041397042772434599911281353819293097346538784 0.01755233109494048650834087603526944741425003463778763156890425606335170324657540201049087420131048160141160661633894941937811180162228584618622324529795030655729797584421481903282609227967086522817342011774378784307390486
G 61 0.3994218163064327686365284995813037676950019259447795574736662558445731446895051018621830433152133133042546187055004063425164351946338719594314598417029160839764079144213087210703192998524573710100933925017101034675290430 0.9936809330584049001401087658655807951783411669556318880678745360513142304290245441628521475804635304652124488586202745567603822261255483147824937715060241239555200348655830260118905587073797510064502307236023513430535269 0.7390303986739456556922391221057405021368215966481296277267870184881684791030310551390654485752479478026537185946703239567590875908546820143482785381636824219835322205691464353528626992445995643195644625135597448343932006 0.8052712311893005611259321369970449276187223316192247993115383335371171412007675972220039135606690413407043568407057596572646285305540545123408321918218102537285829588580932716197175084485676401287718356084886175320963206 -0.1487994198575144771083539709528624354558946577701742639728716511930603080981035271680577221916580040001259076442067583484809363292415137541892703143312922209885746816091326575787442601792226117857356395630658396573134100 0.6888218084487927702354432062542915789960602692860833661521098341740606564637113916333800591378763342058886935423380842498149562593354271421967704995342285726863125519978049817466289967003581543285544769505153391038702137 -0.4385391060656821525293653390281323422341881153708748081477369158474830009492914796121132500514059031209695381561187641943084603102946482434776022225218140931566117371262687582164552809781903626377000999901329373097508001 -0.5403095166052563882820628057636782264439416740148333308004371937004927176861834451571261408455171951505916861745207044425943366421677380525925134324342465497209644021097150243655697430399003911908870384874436258331873681 -0.3060114667168722889467467524896008065672266155378644896321096944565386883333306292971951434818975054652983898184585951897321811195932774375889499287121447409300222962936560917681988210840599535850432797640333193396340621 0.5695260498983330922357657176100236656572177234083820560718237293905174264034699897239690183942599508547631539288764960164710989104108452998837941015099341419824637158302257533707928153074688392535388218333808127159591686 -0.4854445458009669584730944339310429907472767442125239351258551390991558216020556392098845212086200883355439212881472092223356188788285742826056360345375856361536741756125848536923809012656813909633632922230576508350127003 0.5676687682568162590222937793256407924048413074661179271917829837495452142346013267886496299165667572378060809463841983502865436708978924587910256729537425982797391409184852670907660109947514858649851923397471484550255479 -0.3904573160807560289529252297572061753140962515279609264146107175193691704266186411614606897838193128575388776212130906292457643158030177405330862374457366082509815277979157145480384142469365038646088862146563254880477939 -0.3372175182632291821220685273260227561263950340512173564616095362780730892541608779338304741033092426757954583687472066491597855997801386959169937124876407200446467905170730891456613570186463301328934054219493009814357828 0.1396765310091087010140805171284492534926070877093637833983160714158995847621192841106105891614101460708340930373362618525150570031179793079956365229806199518237487231941155526144456738890263647002817781065794995202967213 0.3040789030912138750735979997710416783868560814055015006695739509178517414537876279784199522151116532558608400065661547141011076061043038557319933064283135600015376016236595069835685455037303800357333881516017396012066757 0.2798517328921634214732049728806295991829216603837982594456112314949418226186790377526102457014022546098158834333075025212037005787820233439884588201966130745135550748513211559231196302531322814440479109115079686531695750 0.2001049988584880866603343559449517042611432902636488246217992674470045077758702830794672818320109687633227931327657718241876295213798759674065564247388791217525908313966608489681033826857741212819987489911652575499552389 0.08448856338075464729251090202505031929425580506960532194766223206877390063697683751991131890244270571260422619015307099310225666272394614540051617321064533472876317866243840907831255156082132897777860056692113810597484655 -0.01518137450347907693559476651944411456746865102868116385086214314894665495962641590138565290520293957810258969382327621966281162780457370298995211159632957509413536646323305492235341894304176947795235668626833666475942622 -0.02573212618461656184859360955211367969470434021699329090807554182744838130289529937932577681139859589637584110156465907735865228081223667960693736380185467145209134179962490610114150660729758475835670098933925931633889037
G 62 0.6972055486822753539140888865960075490622305112969729088862178808371333033866444743271348086588642374205366284342297563189074104884110889291174164003303849678582089326064426365447401345501284743484239153674456741818030646 0.02954538265272152627726956941245838588652641520266615182216997722764443223867049936179211303868268771675631585809259274251682852210986677345072374498425608904764309327907584613883620758617611674746636063503687099583425656 0.0003555204461825447182264292481764845994471455928054524263911351002870716841071367218314452172521287939554274693267589439414742047006000269735988631550901863084737563655204125219639528486550501758459963385192231554036991834 2.357569906529468709535728607728345798781706106743934176467191868645132224705253420104549291423199924653330291245825777194763492090675577033979304321561770677345235174175702061733570398633960636909976056148492728109509019e-6 1.065533462796758766848723592020415153370166049653928767345377099863853245188089994264094086001582510558133084986717890404234068193169342504855003449373262141647475442654260860786591950023380270047557880876400635699360644e-8 3.607334571036412127423761593309284632475880777396522961893287550268696086469732161526349499519329062891837120949838315222038197845399013506478052188969741031842703664776262537910508126924228814138798594667767367143742499e-11 9.579361699363179178745261618347096733671913376907682729027332815058721104518503405155165048788500251678881641667157880463407244030804118506782837200899648917251280148600126819729855158558882021286940530801108054137505663e-14 2.037828176929036038168477648981825255937217411033662351441831689909115352122360763115418107758422396320441425452711025031266575903905247004689610933996680089124380909779550570716080177360966174829929302296070629653134026e-16 3.492272196302561559072648352968972032295757616064154099589667929431326413496653013340598211593852429440232752520231178710694822382621307389574973931102887837803405940957584612978826228486813829730728341889231308886778715e-19 4.793759047316178688371331305696814923795857373720946033181793907566098996333765448629226022739830681862621079200789356336145103200001983747507366096843739802322404377916126844412379916746479440551424839937826811556198500e-22 5.189984081747283216850697732866374691934631575234442318918354968293335711493972171493645655297156758117948089429733998726059253546149743983121403255906423448513862457811211696326617553556613370090052857100560351595938693e-25 4.321563962148213733080829112708945810236305988032852921161947557037178205467978500536472269973564728470935725149702850557991297689268649993163609572497476329132595457514158293533073902572886088619587020074888654243299967e-28 2.668951606185816271979083564913922131353330924285161745454820919490950302725636510857360505594825145273047186059091670166574314312408867057371680618889026367951613865233311248772640682153375342316351125005418395176736262e-31 1.162535035527392818752046122664025176421551880276877879375451733771535942666227069342938610015742450447638156636897605634295045349662154211777911278822467268750874468989127165191723904366740698941877144388985255757871969e-34 3.331160096415264825725483898176518786719764558879964833779692247680032097881530811715342875120659801043923055204193619523322451148547620828111117078925826386089540586308360203516575700451989602402747280437817718601833268e-38 5.692006916497527815847139567311061143884056667507481219737229823388496851257667968008734288700045805914227262315035206114575061578877707174289207119203826840498739684519293964022358839469217478071204402573848983483213178e-42 5.023300218418256721840862623151327414111328220464708187797792038590623750539694496568276408143655745267925725875088179851564098722368473346915366970127879925375066053700904681107458570061478788412018591888362224993770890e-46 1.831727075379635667796286035956225721504740564267980206795723159634118483466341309674173539104774440233824101146417963628707895265425104714887207173241026990209130205627138816191586621807940877461801954241242992265264650e-50 1.889413508256142253436862972330840367284487123335803939962704033546381028314784026402816644416059217544161907531976863960501548485929676309453069012278086381081300037150251002877744292522417239971942272791776267404017809e-55 2.617896804934538541128470286708022535737962901306275536825373571425642039167776327841862257690899401142969304548775141568805629516987496441089685505841764428533843756585310713828653785789491237497897392170225800191453656e-61 6.990574917034728515769094945318403334683695145031889144370714270719111865250967670568236712997850258644811512857330699350660498430142328890165667291779664573075890950928021941012617330829620807245313718039302195137514940e-69
G 63 -0.6525369097586030917795370145446381205017870558001267025084137096680402558419712586685743172332013281637300527185209347165792522775926654369377309774823755125975283069035821021673717126611446940036953929594883858762668138 0.6653089463779339050513190611019350027894807875690319174725664773319656109863017376393164747851725594209932880519062039141150617949865501198359453295983985193210368224830431134744093654913549761788142925201817469526359678 0.06442280934214075432833926381529772581603471445112940853572797260973685237282322858879161952423691036568324142693369010959516311760298027911325959800587378316737725067188818020439608944059496045837448055269150932341010372 0.001611714925276686161908260308025896757708083863386120771608226280942107407413849647121970154484260067668122456275441245865595535403220873182433263987514881019212268903380424132771135361775900378128115248227816561272545659 1.970359686544918948762734123514211126834837951788856988775369677922125252069361733029545367632833664868271455508860140116712334278003675454822224207735002195234096503977238219087573772224576450935451163488638424701921700e-5 1.487093874535785951962913861839653073109395123785713910774041613866654207823303748345109121547820115155284478293738402337172197586684210417037073524608368926937886943722886061654496774652767897252031722724475938772501437e-7 7.752544258899650043248058010286513532339261744611472726270347578355287913920440803345432079009840794266288096720958757666134091220661058556024274393343739460988054478312097732273692026980397748743903969406814470912154703e-10 2.959897152408395309557011209845983426744968248236779310087250031055916058008442592644643310098744204088178892145096051831992415052983281622196902889788061393940810671274504487057201785035455611205259087959390248364736628e-12 8.521225914728535515100766871693471232611290863804677750187265374031684122936442774845311322212306407729573498021926743642760847152277792701592384010564833561195934553984171425910694897023324730940237446231125409082738610e-15 1.868938678604705342064868266806442271419370950041026236490932300827707399180762198700106081089102872244416525377639091528590391300845217168071601400843162385314925137574039253240847441213947533915396968792768704781563916e-17 3.110792754005961615868054300784319313127969509309185534639551696911188473437326902182818345683496629946262938204350301703851424569707648665070073795068295632936957657562718119736518536386941535425140088227396419704973774e-20 3.865599754792410317054743380848980220433870379286499365439630007662244837404747580636759899304501126247339473726743961888490416966237657216210677607729414170339314603391679774455314227260107970274212533916828731785302329e-23 3.482902407746839351433157604508340877583260175010892214573945204506677091254449618704635397084452894551333708701969178223876023423446781774130270052300804816877105974067646041786274292386786138245024594133435360773851560e-26 2.176693027725309243760670883417572795007315141657413115535964018178248807256740786973157775268951152874005042578262007449989438318709930216135784757092828435416253699590054574453317420655877712453289414620150055849785471e-29 8.849693085068777276290892642693166570998286785038554436053208845203234713941959373181180232107426932667470163360950323010807692380947417177243388209086172081228727544183126115929398394721681416265898287141653617179812360e-33 2.133382434820684381217460348956116953260499475836025778906656530767132948445958805452262555149204469183022117610736520908172722922409332699394584571366480104994841623591051839784410986244716033091099122796856725839932771e-36 2.657273655130110471419941832420436907142623766789601963469093616951675657048769260780697600804008836452322316773302158411191263898240867510286655272112057918660902216095119084948981653966221596144661304745944231160620170e-40 1.378733119606154462050332723998835404937691419711510179825056357667445910990748587308575647864826267662786806351190080593172332238989626588453245459416849709377843392494997218068168642694599436185911610589965191965083072e-44 2.063640831891440722814457357788483325386552966622631571316007273240263955770830627734419009364846902263147406672351051515987332004354677533398650911555881326890297299883159384452271470570985532633336657358797022654700877e-49 4.320541839303060163555720080861515909739786563825153199947036526538016793151147419186756739742922949148973131582144571826531484216250528818982089454651002515977474929003051905716840043051231461184208704155081455171400979e-55 1.913199394310453335037458248854836691248799267006936062056009932027104804626564560764594285527222886954602097900081879236526828687645347892824923749240371938759155091816948256330077492812126434815252504194618353229768826e-62
G 64 -0.1117357401626995600583662290320431017901656454010744625503286166171488444026213795801961055084170262250123004274896028555178925004550742281638652548577279887700933689687415108665280463977959873350118791884979621743318461 -0.6129077133107362889162157087255014693620574453807215574882623270230387187892187627839565198744274266577721550232425411153184979033276480411910848781961233122715103604426125491189360658572963973053787860115873154292209462 0.7496612295763951674193572461892103499186939239702423047668223827848147623038933842436095499505690373947366356577052004057880327098258917801114059457855596678433208142989978216849197022329104433872485962857798233374090624 0.1506991618402195434194669732680585181025277305874662594235681100980758673782957967653668295373254750152872342851399583822018493077838636523068749830616829280227593123109120470163220370373371153488915675045710038952308068 0.006679110948438685778828529007777707537688732905989416264839979445988366682374501999248282442595269736991246127066908887552142217400070457568130104579262366233865195703059210274165464618781125351620568783607943404764403410 0.0001320704997857761162943781389837079636508462823345012974997564362280919671759799121308883435899442051495048100268672153610676949459906208938717725755916938532099747038782669939327268284920691466955304220320216372937918076 1.499365206122793700360281199964672288072951130547827868774268636424983245568751215295312137206748533316477430787525614079664912778230509502124501130658749862643941883709574768853530565600314907948977942467035955004865434e-6 1.105038935285318590101088960044042518303158178524831414229048911336216969466885590906802494043397910077518042080381451064089455622183055937903746802482743367370758599074000632347856995144272108253020562536171615349978791e-8 5.642587124287930566590659424660829745659961797151497971716787809413015085466518853064451748153977698174035383136263558864047314148547608410903915833172230483234945243775503075478617472011809060029492070384134221370975703e-11 2.062852055692092972425340248198024632209437456668100206697181237921304330298145875520056638153171199342838759280587258853815405392345715397183826735326975467208305713407054574077115087558769983075601451407348828946692723e-13 5.461712637351430419050869300274073735823312859363097330333350412664805057370974475005138128203669364745242255985283444872508234345286044254351908587353601942261335678760693720930436827269874821800365032717508503498506841e-16 1.041835828887519856678278289869822728430401281626949855658352984615364850909432144383521995116803589409533490102048497835861981730796951234895358613977173742112652864783118258805884719393652832474784653083966108736628811e-18 1.402613143858774298959917705045219245209854991116593720149611974069357304285931858315671563624892168042538423214669391298959714969276724835636331432220625487770065058078438736348701498566792658673626816223954310951170502e-21 1.284045110956500237837689963773976467841573809676683613559074480437276509855775763747559243995470319009999454431089837379517536355072701247738753270458515150572604573625646525865547415088595771744358381327175477822164248e-24 7.543823968267103388384507704648463276173000055268048961938424998807625263073856009341325772744076836359157993350008189820924824233953407441647488646755407405803502077506067239387794121353163020869008471091046356111635107e-28 2.608122360479367499239855630633676290391807978655975951696365889125785589432506423789051548415930896557257147258687679293214328426108513072146822574250688908425791123158088314458564759515378537996497152260222275459474375e-31 4.653976424211797306393090984341389631228677395169361649705715963971083005673903798806568968451106793459685570868261335003108060375108913722143878416986432429800894074823014511593125154962182534719272987033973871919170333e-35 3.483291178479868663599139410553384101405661681182244425153663805706779020302732338139785384201889851444744146628275560296994872231093558081676698304393089351336699102426852485645216733316723925540995673138466102347966207e-39 7.660551104042726512926449232326970604080019175175351825470736081417776113553135278597829174239408155775358785850236958957897079353279506405436134709886405989544714527199539235790925753221031261188163015529199189339152077e-44 2.450120020257198462352578101151777601998510176019251603244331538115723899182943626337258187316474625718915034028042824632496223845878546839010872346898554684377386600080352800775911930594313080389807966306503996152296824e-49 1.813147321123844139162559844492022320098291737673658923140711052451810728388133901926586566458169554389513885280725613416274965132962578120898573499428213992036482690162332456087297826407584097747953118767913035322855264e-56
G 65 -0.8594275348039390975339030210848866317619579024299965283796797377098174447944993289941064786800083818816159202517278831608897853036057325320240724383359759333560105859070907275861124116087974329897827433687680765791114035 -0.5533990588320130273569908785189222921990262335037002029824473138972445099285079216524529765850978026220508886851505783509275251411121943499918655620858452560763464681620290282829621320268672679480601985011876579648301596 -0.1858126300618194539149893104858145459831045738333399761396909314382855158759902083682827132817214219767030110967224589998675792376897429529999657392844014755292986981266736628370119190077750455418586251090997447700283484 0.4347194834870904840719510694278589591122761384449345289033968493290975382659821392017488819947311546501430584239070755289409873087279941215481876399882957230644573952214880107085481886447729512893474558408522902141100563 0.1745625844846462240684237906728188864428101636293799399410661416385361690129591242345696043997810527286008564489720092068411757494887563443112993217491322495337964349904868319942698612905766938169532376617692034855115317 0.01241051404398767182301368899686826834934321887248863290047149442543091766553388621320785652618549825329791137804111737271531890112462015280102265858405996237968313244118098665831805341517786581159850243486277307887440285 0.0003625169177211822042657777421735620389578193620196342126716221759066148117190870280098729158957910266692761716973962169772405555021164100716487204034034260101855440910364772418519982671325726264988387327683236838320118376 5.720273541330299367903196663705746350485253466766301593680384015001182881177735459923894797240412301201829397839688128385443929991189493337356114059414835864156052263130866917032681052357540544611500947392599200494186382e-6 5.557685859069675841007763954099426659522663135886304637863005606367232896262295646133473524745231127864773335749142141747269650586625448008840280986488097452061005432287233524549411045961771854154452894916058794015097426e-8 3.560974248055559126072473805293062063935934894242231486329968390252832311974911592977386426772038737207299311298697992622568009886476435271226668230470062098949122391432392683735783562750051413777888169349625931407373071e-10 1.556179800597998066153024606344202807744226155857464814980863503515679853896408782960118146701989443934995877414355113555808147664261945373588739954452917695078604151041701594383590964662859197848969551489353193802357732e-12 4.684311710012304859002406412082140561458372950623116928643042861169669052425314194586646941040902579268716162664863217113298334325260856827227597102384939410083307850701973743147187906696128002181982790491540969482331153e-15 9.619721286688899921403559448810530019309773812215060610721683752045982652240724018098970786120670483885650032057756901951343212358494493984194668698279671773618624506338205541735922048721736278225693158142842787628372717e-18 1.309735669961906503068639299514700161507243086461702016441076197311242142672400424924245606756171756219202125124257127746497971811544588334148367548130060665911046698437632628230993172219318790999416130504238337710016874e-20 1.123896979735157369904698797711533929915812333666145626388752551793053626105519996295539332475630385411708442121865867184240301011257725119805895068127619205720751586479965904640534480450419370925405338987753483537242887e-23 5.611203907086984197423787425273838881128643150252906529504227741452288638760219609572735218391780094160989761386433621925322067396868914190370534460473831781259655307632878038979949295253007094686159240502101784027641813e-27 1.439511998909115314351085281823155832472490492524942693917215744871018947782246319699775566437917089732146617180507531858023114704240921189765525388161718268533909889092993589648758155582294877243937044961045168411242507e-30 1.554902830337877311494677677456773372790261328954444791853822181789231114271975238494200155226502327485525674597914492073820365658990958029642203440056418964355891297308683359876903793126643490698789470855819826607680326e-34 5.012534396064252946045449043941142834477695688933545631230130620143251443975144309836835857709742304984668621756001411501428823991082703517309867660582792236873148015030547653957998361684662905410899684264579711214585911e-39 2.437123891988175892061014602778985113898819730872771800390699323963099036803003108204056559352571018093067829510038553776715952588408179249901889514098163555688018181679825374793447640647500856014899275683462704559703484e-44 2.994431666430779797830455635384816203064679758317629315422571209183988374541782469825919163214029052621641300191472522034240220110416523946035507899129850157230034386180588351375822264860092301794919317647354026393285991e-51
G 66 -0.2380900955722064145178628318589701686717173427098716471132743783362710080763046938359059676367949275720899310462848878273666799243520630366542655982257966215333640249747470497368648776810677141966591143566949886574752871 -0.2292569552580889931049439183825575658168378649946131840685586591712655924484556360750520081542412215465723203952536610090399535298283158634849969583728636363334451304254169802877004238413024589411326593242564153191452923 -0.2314699491138684429258635809596427927978287905123736292696904243578649732958505647310372816479163904674470941540161709612501963526492705423447223989025815227846002075880856108399911240649820113142129012630900674363353326 -0.3354971333891602549244894520349344635540840280526024698660055151371614546258060584245162158064869039973215820086392536429946163110347179238535764036328575981184914206066495160515700748986326153933679464699774004044400082 0.6324316175218402159300881652771796263327374749204337185131388344864894399844528410404661315471965211686329691847063592097436784020902221280940825047450366099242135445033441448795312184231360446350086144525137231995943736 0.3353367161442077363597105384256484549525298920855591284565708355508855826164419999264535882310088178903505909294755749820614467865107592105878655230680532937354675379378882743435086388249250788748188939198990952903023744 0.03254972790128551600328508196118832780435108001850082240660792452834029590596138949965959440564567334111452980352382061762762740752976761306425900927468775871434801408477257442872722260061226102019698985345757932943327210 0.001265941791402858985337656283041590477786840263055527450724988641765041634843341875655323867976192979276051582515710393158265206527904253776033550192543643420779269855283176768409730779563721820427503371677710902078524414 2.567443430217167118474898599937322454007334504633039131268305595547356781419729876922288424822550466284857754342262452266130270460717353215627245778451354824401638939892689639618756223508150299500439282268928522907738759e-5 3.084422923407308150094385531612681409376231429470661648037915371229474373760647362619265904579172297509614663468755975799704609369639994520987787123653085301749395483720904222684896747063408931567686884414893247678802054e-7 2.345254908273454084650742611144668089349515663796890942504774445897439778196475903497440208600332556378674758474336574497839614784725991280155971874468434276512170897262705656384674038602769063697533151439331416756496165e-9 1.163441358373240042945034788247216172766232030744557459614942062783541060157056253465479018004047692675164044820022472241997597290976384992598760508132988938619087247950718828015878437007699697807279210859847913706365736e-11 3.783143726097960673428004946100481074022425943347531636682351172189879946107591461813185379071994757768712203632559948060391359809309009435712944604082190322610542723271143596408159708350731698705667361740010411828825502e-14 7.920138317629029587542560899115147360866207427249045415507052557093705042317977254565947064353049991553190427261236524724219173009489618907050068498261015475961764655569042477972602832344900232952644252263460014573313976e-17 1.023734485740029527943187203765514125069492209160391850036825567419894664641932695575358088292087636647835176399570616157463917033236261024300083227067249554910022366693886268360602310470273846161923012056682699804579441e-19 7.601011601199569298674680015725560705526150905678152655596728177626427229681850733234756675567741864987308422135435166423331698431749410054269197949578119530028376973185949791703036112378634040661317058777498012414398838e-23 2.885600726649515499314454451456504503083961307737376837829828407751159912595825192757592637133879132035259513227506520737270032602779580116284382174027285596909923236913232962265872670002120639686965211725028271405703261e-26 4.631701461966740913772315077135766479720221428409650518234516563583403543373857900221796362727096805268180763553196079305331272432806567044676072610828735262813420731900668376237413487290900357374820796598935023250088938e-30 2.256393033979186492375933698563143670550886267442221841812599555511238097696062321262000493956588264348138833584865385848647213829333179586388804883958223854272548727545417175056262329472601922628350424849189257186834651e-34 1.723437602115516092030211576467735269702858024435847947575781540423205301582099247846740912648880433378459201588167839099989447428985332401622667268539663116921123325653534147915058123519995521596032304362573365572999561e-39 3.648588268376469225345769906376963503652153033969557651519079782903465636934883714962033083023578084535541692639340846057466902721685368532368711286675307606559383277058854919499127329663933991490100305181655166185595962e-46
G 67 -0.3974056323922806729102785727538521871407130960708581434473100087778838384177078302814167083832030555075887712589735307438380642133592931486184204907854738240696646702372405064031914489265616772365121034968546778600266217 -0.5101227780711464715450013794032873956619962396134777007537271854552739619397734268050807023597133116250547527497234847067580384449492137770902449909392756140715482502840766751856018919330510980082713192845486189250567219 -0.3663953847049202629834033916430497164424248411768666464676429819417196781952715228253288456800635337007437237341724938272186154580863777408645834561815894343683735572667612782626092143464985330419080234544932638871000027 -0.5852412025329304523717851799795073068585416177392016153878472323813060742859413879933182432407171703793035225741010497228377468675291822894129297237407450746052424835819083944652292076518148430182089195753775998440753353 0.2094306379570852727069736081770595651828578191692359879045121551315359186413904770312096093250854433390770090767678780051188028116975677476835852151280261802283701179337127074465297121195067969242562316297257572272028812 0.09934277801433232248833913406057774636453954105679990797495452266611514877269527618635374549301768385985046987886664980205118710962944990083565275738416997718160339196806241824049140660282499152606346980596830609564387535 0.2921393695744549888187999228651331385062752445888409786105889967955802495534224193169293575458012035074293719733613397955415395525304737627827047574276559425249140280601125417963626260720989808388297538106048150042797153 0.04498931142904926367142725315998356516846685881445731240043773684368015955987125753372319996208106881672672571578544713695155459267758107080756877174948307918592156750813836516908541233846889133675337109454337147480331158 0.002390222861087498380999001767375431085125354460077385931461925488246177439796711458567859124621129060462448712278785968307489574456677102920533464298103941253543838894259726092277634462304279889541713202319857504868315918 6.151761122778942469390084188597332963651589843094266392235201280759284795779783237573978547075622207767532496862388150032572242210420672504267502335563305447222919229901104438862071400656247159684332155300813321425387034e-5 8.873473512964021625043539512751869359216424299166902672810470932819226400368621666081593968356939937107539326983172962504535982863774583846856345838667940080155665920521627782806277264172400361575337443970525347519192737e-7 7.697829222896942562112675549806213973638520040006305749589280277289941581721814897740926143378053594875588119684015137234428441492485179494763831693919280381336900607688926502031748427350479056848131049883779780542102323e-9 4.132852409069193776289922857136326949905091830674559772960081526527172712601983624024863031660063026176557505657093331029445107868523733967376418412046703684349874850347363120622039575212010736412147350304979461523997522e-11 1.370695615846729034695191600418646854796635977132397873526746230825113066554772224073218043826673273787098255375510851971967991704896944418326398824096780765326133893958284469635262080787495946515665070624483216732433449e-13 2.725394077316692770743733025406479427063469047287394587541596793234384733468404937857044503856744995079041024316824733465061712409413975383510269187376446340009669686446341511288760435859549977196522896105525106711103824e-16 3.052414474057756790789503780696347577032965096584411470521172952581945276365539617107801448791933718665142382772005961050385694469600635435389811887228797972017818085591536422364431144214544991866485523734695871545243690e-19 1.729922379889301195164413052426538594542865062013907209615155978884269076806861006714231186455285050515338045834561086906148570646618795434044860868493739432836947506297657955750763760987679183811292621351369532398371503e-22 4.143795312154545087068303585332932313789943928077657432351446659100226181125640489603237908174299074889879484742123390822264146604642140165576933005136534630810059734581364463210869978477076541632515508127617787622969656e-26 3.051957265675502092171746085281585372533787611167428409153543500936620546781553171069119832073815854665511159647729993957908448325493872912829891101208407937826130278839747466128617069218235476427349605402329138093604049e-30 3.651826632688730759843392937500676939451534284103492711859285609272490514470831899025113981295132331650248795372239897002221326481343864848615694739152142843577502943668858907923824476110097530196808588926429446181422140e-35 1.325462000336823438063189868187266708321167042514161087062490676026634562724662841596879701223453224250651829924775563728085187869590483860154963459767423689589543888937471392227029046848574061288395858380284312658259433e-41
G 68 -0.7532199240601064185778903542802890209469147421962054174159515252513999287366558046106159182582437649759609707260585730092000042773469942145639146854062159235325426131361608531868230358576076566884240168423313754158211461 -0.2443857433658546541941715434051698156931182101944595444040583659827498568631734438797644320199012475608382897295584017420496756473679839817056589272450738120676198491053182085536506051951656093117017258545307503855717369 -0.1543532063743110185303997683058697763837773281339308346287653413573688780250833729937837267763074686286492963017931577674701114264516227302721386946663918760396060140525219232883178835070204303833049125269791622282793056 -0.4481772166948617895892493655973746653039199001376701407432599046497772948206101963205655068041368776638790336831598263131578393984193811722197652989262312105493320523140910635146862559447885367528267210943084833831241088 0.02335820871454517646807236296096101359181875903930119508168863936308437494198090966272121219255593639670736316527471481550546795601671823981154546153971606105233350682150562916202538763186040805667122124124045777808942279 -0.1683290367959502196717638331550995956564878485222829517996594036588584511517196516391282472918504189878946837209199070493816153165440912054113198959969317105125631929255346299009467337022980030968802737339633051975978253 0.2248575547790887639186638257414991933135827476851681126600674381395240494187495064586799977945040013153473964924404652616503595866157275615172874549426535626459983046784653529985450515383546766716585728461509868695289769 0.4104760236050226441990590090084954107341631910758793768469213241776751659986777824883350372710210658317130220611001483889181833230681531676214696226229027504579013569480369934096848938690751569680627964602129632217489806 0.07173281772709838857825747338268211993013256158331779813919074941647485747142045694239314879353768404647608062954565521553781100297505368055631353341265909539670251130321424974415452040938556997256600183296857981034708008 0.004427508620197849833320087123306080262559864224123676758304867868671039022056640664363623958819088358220157183504942045216202219195660836873379174122657794565075015485337983102425318654101075960438454530135196527194559467 0.0001302040573653453996695181731456427717714317932102195665134785141623501004114216062049833119894141052733982825312671982713734885684492476740861931135473420181079124654110387018539081083170560889497505985677395348920410952 2.080850066669057070725349843159274281353205924122475705929822420366256199853317698371497475997249182626253368837368942404152269393606155121828352671582276573323314113419526756230127619188487457131321372875579694430712158e-6 1.920796544259990954735958877695794530445856443917300392859414687098280662903317702769261876515376851732933075293814530431431633220167591180043114311599380887197568046094240201564252896140203958246351503140017824636701898e-8 1.043090392254862364349731538838807118415156006666061330014882920849440603542609309741209269897578610669484324138455502527184394290199362317303886477491593001696853913797141818595259455317727201624733486874258437662144687e-10 3.280444964653594914936022259049814601655520691946088219266793754610025675779740535032235313397075897445446747751589649340000975180284686561807336959953017889953836264980861565176594970309805143351022915431849948390760481e-13 5.677015157624469087402667658426348564557727262982650082090232726945551188089270157885336166184230996738364499807832955522947190201083282148676623770058015581306965312038844555143559627898392623540527154610910500858213232e-16 4.905667862911836086659386380512685716428169368133074511358743876316630496872245632857858928264960734123326251111327565073145037294026904899150418936893748650243796233040059688833974552055879362292323361391841395480975155e-19 1.786809167344440590857505761320254960914991641737002535282317286306931327516830871722019455830561232136287714748567843179906180217800136874067602872665530273052238652297590227715606398581236746663916893164886694665570440e-22 2.022877052536828783628936058564982065214021895671217285343702064066264120219389285717177935757503770889507782723728861603622286674759235923327871752430636688606206098954815627666137151900233916632691908583898634462049419e-26 3.846278750236245489109786399719745001731548762122703744177836417036845630922503693824695475723089312684292434744877549995494572901995759602355732998988834321632283942112047010550044709714771087990507839762070229829078161e-31 2.419283068704840763601049996522887893562596319540150905063332047791706552290631025756213682492804518429617763746908967136054915433008127798907292346425951241261319454428499073664459047208483419299428435415094751746032607e-37
G 69 -0.1416520033464509213695092507875212455832017353553933199097198027153123401013339567557211489834262885100935764399565826715451513114436920239096725876252261849848730544926085239950386340115602269365529229710330548707570398 -0.6505740741527493963871790255192197290316223808250274749928384235944702051103594591218275852124136860608259137333458551783576783715996903087187704877865720493348134408869590502001035133091732349439186398508044077808189318 -0.2233587713309154521232329359948619516764879198521275353349239567088296102773236524094189014173155997583407869952046718741951535558914027023266302418074300189621039086745056207675124819350777470777494737313007156894530507 -0.3578738239455020983243633159197666552313158920067076473541066495191023948033305340106858164333228384076719607164555606063255201780652574880332103172794309242526108068786456524610977292011999166052095203508482390661546442 -0.1110229649869735347189658036678024231343897134305792988437765832425082739139181688665176615540598656250289328987661111615234885012572499680883323817242903341637519876712877053540029952215497655951422310969718568603897342 -0.4008875014311887440705847351602576880611484040753264274116118829597292188560814715536307366996744599221590474756069452547512749987994996950605249030298885128619066031038761719548889526452689990615055247467603456258195203 0.2165383493759776194803066833833676991399339212580893778701774175441998845656435192486238228103316441745904289235334713817496789027531264748093260246102669128896964651238389704927337192534555641305756616545580089281823858 0.02935201826831393075700537596020930220278332417853385970943079431903157800027722977644268437488650936315205259117536386909400757481794955561169895706090216915482410444378605930041065824543689575474516291305431222829495009 0.4432609248889122420311554327943810028371081582243224385197086138046556982104376572431833417095575129640811096102709445729272332246549316513315944077687812848591921577547679819576987310951356601677399380882995218174628170 0.1071798465345005856883730506938122896275739875273811674421153387560562588672193904153656425954830678412383625972729543499785617986998060283833663229229626469699677119898947546231609266543277248206990344333215191286741846 0.008146466396128123306417030288793020576635804452167934757143708766727916818515547178191899854872150556307145176273944369953817131726878169858051854443707560664337970887070947814931315954155327286486369057605844619517060905 0.0002773154515396711944299725861941750898783123278503727769625653714260499790956256688921369465704043707356762040199137842638226448364021874267155403922513050885300580025618046765640455051248811869736035390189560644607408700 4.867668917244949792424149739659546812251245596741114843506446181664316940269886113706978023345670463238431869401853379868883986522148511867391788087464829105620973022287006883312380967256796867908180980189681843633257683e-6 4.669901329625283062333642979564991906412504536839109543729137116021057779525984465435511947475038916518356930188244004420624081538402751852019366643933354642654441890803579046673972550492329907479192377964587131135294952e-8 2.469054963168288743600235154869418662347080868943540772158882012618403305947649612708474520074755358989232631136760568614806694820271982314583338593129087237308446581047605514387548553888071887583698483055107771069639275e-10 6.951170724807452343463729941364254547817430299179710354632872453298968069110711176152957223392988640195351735910241569059436553314052520102750923368437394538124080903327738328939296925908083281635212079623917567585451433e-13 9.584285050180292179630238933184447653572382941437305871267178764217546395222702424858971050693445625874079957661309256541058922806793165953054498624854410895579220811626180562388177749456848508463276297507600206592315085e-16 5.534528896438619602283622222263524624281365520783531598995426824978633478848580061852849620348195156153241415677049677848368445317674678705211922009287364234149791957337623452607483033274076484220287407865868671346056028e-19 1.002562198878554914002782013292977044179707341964815782865511512392332666560817154181722804461105557594039519590678422109049455983365326867976615410821058214835197627091499100514505878544775430838398465173498304867728786e-22 3.156090624430246734506626525193644902516938318864925745474884986126831247154635924171459561147383736783467562850794458970527845933916385010904218823600922789149882295886794740299125943863744382209922280972288135421454748e-27 3.607631004076214453614095700846216133059013095886565105747328917667373519046788250860160200944753347868624579569129988346313226327063951963794011992771968054926053250327078207753020348278740047110259950817266594919199042e-33
G 70 -0.6898330890176825735903593160138950824022909436863854002405508793544755457578955109767910011721415572669328682029820565947967422788769525395317602175520044531586894076762945678954733608950553288356012828235255830692609775 -0.4449866320820231498991526674645872500428561302221391797796601615650850728069677014739374575808095855299403551654223606662612122966746353314576337396596101193072269906377086238236918113590033587547192381408201835898936027 -0.2231641562985652659994187159564905386754692532019599114810592943928328695548950796935441659935642925912197920837426039414709479384191792274867460447642549285776630968328547870005496423421192066024295990802405980330793604 -0.5526494398396750175465391616030982574760559780764548418353832411652951187813313933209585568934850430194057865939328374199531944719496519514909309857918936829739350261637357293767733276751630146738742148956989383412233887 -0.1404771649747251238118832089971595451901318697383495194504776221061083172996567962454266186396537191943406920091329566438179883936519099126449973612023326481759980877532722711820848473141269759778384067037624403426720769 -0.4242916899380962616472240062952702705151999331517845053196924207256910454681907134393006264066214256611171795645150606369294541041754472837954567262456794859566021051301314050549633098893981206598785843633051426728380064 -0.03504708286589532995250236880801274741996565725464030343042073257372932265504313102915055645906904756634666334591660719910176061672871079625127640923015591170329565416061263841207703661830085678714500798690234603019451776 0.1483488886051196436636115838518162205013858345022741948381295161445914483915126588718109228205976465105326845142083203814741164112951926641845585348798103586122081376589051347905918674831493988719497190331594405352821753 0.04766119029731156676588314104709175916869074203225283726318882408111370207148783613157299492499107770543250657396434965506409197299051239542584306223263635040593103719211658129683859315633695739838593720955410093422545498 0.3647611497771632343187957435619667007674347575523017121502429199933596312953436334083003024165489089546686898072877783363426839069311107351334209121390503222669946170526178037798065636401158380017690988360174839641012699 0.1037722089231973115054468461505424654122312373019863672429031060914247467044006979294814933688225513023491248308930642785453951063106027570076830079113883175992513039292109224321509258920453772835269398458534531889627780 0.008967972097312526204558291176040346036733737534231674941103835140062141663913989797647774959246269057511983616693476893233891487051848593618802783015318486007896873171882651464845309977939144862137552186220909619847252384 0.0003334832310984567611679428536820377089039480254976263618606847844745984274425720783777770791057926713884563373260760441667015300994504196797764141537500630524507620462987462069148389871160538524724671122981111545588915073 6.103612156166746851664490496906653561263254121094867786885224922851503896194087993475283056120072570119001942975300777141702338247690567264578460310447902519547556236514999798736417030178577200363126682218749204154420984e-6 5.763678578039359404867184868098341630473636535886579436893453313969384431498788285380153087432316573104115613848583176908691884528143714065617522653159977287705623765689564681230264598304380722465574485631566163690859254e-8 2.779976225641822762417768726231042873476658054075799892657117539179949970581131039241598001274914981702311405625196110790119967778620332294094868676133190366955243695333827037814010924520633273285715656807387934460938093e-10 6.414858005947539406311641977397516276577360876956882932138943182235642811053489035151281692630168131753638830797671406168626535802200972242565559380693994377930931622521378262032448690960539394918217999143374426327288283e-13 6.157340276727548822734818850104824123948590733168490221957314263330971011651002340812575953572201449998676416687376167533820895529766463406488223884738706447839555297782631751704028590061394425619579235624636605236620436e-16 1.877159164050000538179834667351261194179635194542075561605397983070964754574806855006620352562871570250676506223302644590764368679005667097625453438727550182499764278325903233985869153861746119502247161556783838774836502e-19 1.037364334697986636604286797334459233203977803070997876993349054534870400605397766022508699620183595629963197593574792991967992325970139387818409604622031578682540928496983011595068721108522573572270216131368344587776188e-23 2.324606223250487148522434181102716339953592040874700806291460890883224669805495798764821001991077552723573327653329289132293042277013427742644650665952832569087043653300774887987733891249613875567380544055042416484150201e-29
G 71 -0.4511051511217867436802073083403776935116762250675659087280600295004827516276186632547123053298965695414979086045577656280010946416301020315446181560459894762808886070317596916652112107709017665897619976346503853469117644 -0.5861858189465650460976861657578862037178121539810862243494905321200665981374449094430852831257218967211765622612918947762360487406705097514020927985254046838247154015934163204434491807835199714051932035476411290435870230 -0.1597659511213889172475999145772337617366151462295469633527660829684615538305193859388089808324798196334273129602459356035909451708123210886982356047457400385373948573346052508341325009535197548670396380767433801732077591 -0.1699745061223018503411542012971935503976725488171611748049325102439873442357848180288181733321477508341786416835768294101274430540052848290592805042825166289742940744991747539814840655715234022636715485851091475298654479 -0.01693931836047907422575330652806551632086244759825751733288162123298050900915437159386224119799404381260598398147196594360445011629700231908162606290011777169424588718611047516219790364403885411036849753312319892938708764 -0.4521881465408863548227952311542876043635772954561341031233593678986938404284026503615080491148450655644223864407046850085327086516908735944764624992589335275829951211776924619081602309828070589239401577810165602131650216 -0.1969938481904427161720965075936922768569925395988283382305177987736869065759108684255717106633111183025871932771960750111644210393990010265250370443408124197481372025333499844530717947020164905733960604132538094796526100 -0.1321606017784848555656719970004437470956879836213057311786769754744194383713522312529573735768194216124596773996953347445570963482923166480787752890710950830712784580546803151639502220804441181906914850455008481343120199 0.3060471080432587246993364374696042796386521098338028660146093820057002527693349202190346239053401725430138895760323620921378068776160155332313637524380466247297566210205066349544913444695905884364266614369509277847574691 -0.2059392982400467419751841313035128627883929807352991484268722093320600221353092621269477133018238382845548305991806135934530532887745707772951466386496295616260574089429459243677264750377952275412100683464997851592554635 0.3991522314781088462990671599375064444591573608542186861272253264195552857191064783942573279410473429334400326174125268942390642265200408604775575266065616881642596551174117768116760147813361843050961164528309608146794150 0.1552278038275182046581739346935454082290471871536666717170450707961552106714090563912207441443144941756210898745214415634976975259624032007291439783523582604006708656587426167801325704560891363175678890008072870403178432 0.01527454320104331954184052416223947908882916261756683482688986875346651191861781923979828096541181140767413669090164067245196864161521586801765957147720392731324269097160721416380702227448199773596601369857940161135537436 0.0006003955966198774146810829629958215352078812282070089838042525037703508870728935846206338959973852122520592948455853508768367081469952690884703907048951553206096118179016714213558844599555098395807516574322967956893422274 1.087135934284292375758696264032609028783864101607365436777339247085357057399712188279794493508381656614922682628685103945911884078560719512507653482070187498246607952363007835732292730601463735904310835216197340494708225e-5 9.388158514037518626028790971116679660988988725217138870745029848462131373169113834234408210329190712167160686820224301287499106188744860220122405210786900721204608203863781003765343572000308775947142208229982749844165647e-8 3.721377384384002036663435054259952077354683868718670516476554365404319470055718088365011034571182974545953318692650827157400310616315782683954314123960951808604488516844573867921170185902727177240255193989029846036246672e-10 6.010416120553182120648955111594380506987841933322532539064023062696828992947623229967760767007364872753775726772560322977441097915322881982653752738009457293101505817819054807619274527832360811479872053744878814289994556e-13 3.083112540162883487532535194194701102879293411564288139696675035421846289032834617016678153328601599677341516810962742781085381790256598008743064538571781278717030179096348856408817141394602705930112773144468950071788264e-16 2.950870808656172278534661244310615192756725297601177132793319497260762378369521475783783448917838739540464018999934326919840405057744453058815049309670879429532944440515960783111993871372869702301192444411507060516247596e-20 1.256924802904500584374222799234543401788326401097491465294650012900569703855133727905648062924919566951609826056466265797996501987877599098794314090837841217065499872484467576942056681932100043314581287132592866184145918e-25
G 72 -0.7820687774740823253639642255599874134502289260171435091676175067612264901087866646432068524108359415245909255535912464133741854341826977677258127727958558290266611486626637976891814459929285362540121566684810184102162412 -0.9069207040663265549525861250894067429258098938828473287228452510431487961748659942830900335151390471859074693233006394415704694452142615758905846072241064484808119379134108608263093106816186498442672384112543378010697691 -0.5309769313589623528615928553934142054172382201885781614622270217835604050285591326630638929539852409561465080237228070745278164215998086892533208680813839050637976628070931998001519163694253726416245245718002240391403729 -0.1715194461073216487067166793610467546051128859300053573791246953681313313470570601344199349241484928529515332235196890029027772482735240434862705834251715297377246298219336206234003095228765352948059215632509675329713363 -0.2371439912328121438565844736047612896943758258028868836060794587556039923704902088018676207478290118542682952700722409532580333237465119348265020197449039757148514801029397004101292046066102653028356941446472294483665431 -0.3581392090865191057506457441208763376255541699304092605146075983678427297324368282448788962991180210071167885876710944007279566858512197183154482727887016806693886418936303775055198297831630159505181058459567893037332597 -0.1779378447454949534048394967970910034802087943096587545272763894608965461658520222953903698009348541151835576919359621970725231175202597144381736567020242201267689647100442740230332642726505137546421194245394033706106278 -0.2006372108123546212190424003575307666602019986174450960048941853850099829218110009859220464877003961559580374431401416933952055768667847841687178171263486714867052459011526522373866339811311481940527386442522903960262961 0.07177562740203409678251295144732663030933447733207308288369043762869127380418765485252638670706666831125337033301065292218928906691004672577353357545962996227278208771630144779276087120663332838381730725174885231946089476 0.04885793283656445195742352146645312411109582274009887964630095779324387347439109326083276891017799573069778487231083429440465071539636725250147304423836110857756180794955711078785044573960264152495745950502881719699397919 -0.03097202654277716775937469280726872454225863561486684594977567885222981305286376257464347281261765082714268158011284558789198161452203662741202985336829935413042251179332562096350737171966721120132749451239920830832390920 0.3159785460372319081214406857048903214697898937297025638135288897194549292193857246103098058892708231737300111925261587294784585313321632706243561711335479872708701843833068638164792043317946556103639059347193643296452652 0.1219441496408041134483082692384667119037037311597256917843495286174068556860875031323066910810632850927710414407594670968309498211393271273292820472810592470031895244004791949479010707974188174747410871212176711770866097 0.01230624009338548659990516098409465501733214726548287163170743242973706884557014881164881623669006769119743438372626107903434131974602388720128226753861134966746245704240563165934845120723773185502361118562428498052111861 0.0004767467796919291870581042572894730703185460153528111941410811731964465222761182312045884363319858763494646043155470798450367858097632609442464323583665277457226373714854711770990147236175056325338920233410043441920109654 7.972603171168571528083738679743639027727288682808270215092562919498987322574142780127138958927072104043225130959511313828565767667501971643682645637506923410988646535898181628194007387056881291618652091632288869215053902e-6 5.778649725525212975632284895168532017208730316974809272740974767500065549315207736434763796664901749907221356626604154052923816170059514022981870816962777308180871816343496560644407313082733103402469152785411048236004810e-8 1.658277858732852282416027248930929371667187899144546922391405828208362266850248438836961584431802856800042294264530756365618329477754459152256954968736888391995375870127008085132157534707207342593907515014824097012154262e-10 1.507343245794553660943176091276932165878999130332890674440636430249525125309403483095307228483784784989587442839972400946246921173351112668127268912687610837739691216314930420476813019890252404562275951246803554430917475e-13 2.638423257688874894318099780269920288704485336582586062863887382492534542803837957284209756718599586672864635680074892127954010768519534841506456098444856801048915671290435084470282122930886531094667761286814252935778131e-17 2.280985081309434177284577238009834891204154861213618300793833790643321369694238535055531815228916040070640308870816185613168014219194454099389020146429190568768091469935051942167674040807007943888884337215792088504237575e-22
G 73 -0.1279892949675217652833530067629573476251198788782032954135445991416600352821924793977417425586631286543838831408822734596674864146138964639644092270992370920646331154922493808706228641760753743933191819627495124430673823 -0.2426287074235587695387988714404095061778369997520535844485497414541184214951008898640663874112388261853615492499407135867779923876368907391008830428538903806712617835604324113603991667078347497709302264521435270985236869 -0.07888522493058340326218086461181706272513561528113735322425100759747901983761823399895743073940254755385089362524725344539962117302780582993733565618391426839639177985215647143149465059061514630783738970262996797246400626 -0.4913228148788083303726045144501793687977122163511106168017799943894204387200434704370977435628151927430451414822896501285660650430746590858014785030022601326051735609339821095953619447163989638859096552421359034204572944 0.1543101311654039962789042994093780926566338679504048971703707545354409332119047293120918310065871636921651433709215491352454969488257294247277535813691201869640697643456393356687477426359288959952998448165716291340348132 -0.3279369286427109643643143534141610422037760490931268642407402665742682214504467752137643053525943475603794932936108960138699550462778454714233980768329405862799764568453934532988990857189071098464540555468020860507098920 -0.2721515955893631149872522172247495712221351738358771101480009518719744039182253845322415232996335552984893376647666696143976208793701812075836239397304068162481336643550156449647448230375881393295668687019143732555139151 -0.2788236742050228895264050158751626123786519930755176579287623354328090426327319743140300053214306516778332769306383477118868390291623783904806929139862407272764748108755788773792688607508907926121743733609014664743673869 0.003708889383742005039449306121164298207605381926931692566274862145201643772417324014467346617088552946892546075565749212017356857972938879295312038346618171193063720659327129244313288314666224061393751435788549608836210446 -0.2770098481895468797375991837572775603230190647282313293249478578973881466978192476419221390190381025442760290517437646490620761465396429572117748046709587836829502724004294008283040975911487513459169682439254662933111254 0.3874729960012181422584675407236202920477472018861794309931216266710688547417568952020711084701546391459603113438727245812338727801872299026548411474125697407841376410735136109124926712472550901989709220576665836674135366 -0.3147138627337233399470148742895581537898542464198287254133817480622574040488284349946687129932111209349293272191899751420413071135295269737984102579468720945755465097788031705381200919013788101279360718422215838223180538 0.4122530621748540931163672562187144055777004973156645406081996978857347080220072625360718269080050263605966384120748816081425962207523274666771420925824366138904710190796386731605699111279922177066234761848115087537334855 0.2111421173149082688000798909301152158657032772180576785765927065918356615286343495444266708468431644811152177082245957765203895253600989477415237781405037536306092513454048845713426423191169832919741673475159108798095412 0.02229474695817143851695091076560772606140074234678414043461513890538097448633749334758765000614499314999829879328241808362740719343173146841071086074621284689896206559613488560887851682067627515544455519402791499353739932 0.0008220863549164935101334467603142680414306962930008041083799164240384184264402209022556503748724394842973054080697227889301155799574414478888062821035849607923392959086097312433766167665123481268448403218308095539585812137 1.183481530186150649275595403604257270681475705363200254995073727749944564758225750701328498389105238214744665180381482909374478454997049910634136856398946883975563101540868715670912797204715762812985031446522169764179549e-5 6.393864506121752827885569460942982190983693290330313104666102697239119869843271504687514798081575324598484890274005946719367569439242131687577547968909784335336500584181912288803973279782697610091481778722624722343261204e-8 1.074793923971782527366071073936842870810160706354304974125495342445105446818303895454971393189270921613355980085463143638253473793556914059421580526523736675253515755838357917312083450337010484844643872862351816626636827e-10 3.552171850127105809923224360568382459261334733734746040396211719328790610600470304976480560866387201411923375744232265715235562812160352641050590582753000234639101121329069160561883266909040629272897770924587778144854856e-14 6.376827797428312656947656942623227034958043540809202718539952870862519929127743895793123572095720091498616598855913674812935928006650300552918888311944632733133187560426709877791401318627558104143638994328331690739292229e-19
G 74 -0.7079249705800537913296455778140078118842345612283939440753829780258923338819998361608055529247475523842793853340194809069925966210762279056354306337596020780838235535001038707619808276168114862097914301418350204021423936 -0.03341465446131461324236983266900119722312030313257965597805149899905620958745650848225397555923875579399396454598027017201305566430875825056719621093088516106524707546366182001739731523131463544449121722148116582056594179 -0.3968450933915208894824668655560330151875145317535246698905104719010686533695555049266497167988499117945132454718957146751060068265537629759542405450950621160059709458246768083833418135290611368740702142619616132246280784 -0.3719256911088154492069805626172936263303391440183142337474541906522666733152850389901450335711064714765801469695558686174407041475773073939186690500383622049743514967528431491469459796468898395123008590871811923087821319 0.2691151415916730574962595884980058464385086294362570168018443622134229629997929012307403020670458460402544271655223409920635442799534490499216359864534369818100219363247261075984629220227084860864204162527090025826297644 -0.5473347632906871058110716166520878010956326084931827000786330373927212482956604587631250270788362672106498536370477211576677502935514140379505387834780039916317709462779712266865921595967210076055608001846104561633666709 -0.2747209014526382888864873222600771796024053193142898436191433531573289172273386546139342727878083434300101305718086358793331398812642053846758161519528819060666338805091527762647085111104816312768559652509395946341312825 -0.3331654224954284582723976102412665979498403175006129689598857340828139804906060098594603130386361109393802440049714965504309362709705545215533961620463920346676904684910548950971839029229962510039902120468194353766406835 -0.2236748156674357221739619379627357489466233623591101548161180928371649014084091027257615879853790888173747834789290463970870459964943152477175775174323951173936139988577747127685213678653076912157346894182641253848846415 -0.2954401296509087181484997196735106754014225861560266002556326964961217519102679821921366919761267004578458143161024871279653664571401002652423301082159680691726153241709864551889862712362923180731003910848502640246260431 0.1565750030792485679104107615513028936800915494077343404914956617845986852910914532174737684207314075578196573461694770683065731572639300300802472747337224901154003210206587379636041055246296266962985317078605518586230165 0.03938883557523450943460046658192171304558517619919179101352851661885018766187703966680882644043111270935732547826486662572687550075927791155508501227192273251920194925550930059477298749403716180255377218625628199576182830 -0.03741480494290519339001432025373914714629752930741213555251660050300065548835611367807054354172338424770187461835762020730910436989035114077661970387157163027588312267847930641371125115531968590969065183665941611600187345 0.3830226039940140897794890103991222785478516624873354384114506160182630505286180787177147005550784810899496643422956958484118005703334363581628811822985800264441848414939739112494814051218135477874343394331585660366215477 0.1716278253109654281993787989776765354406791601207979334110819266546550064789762610407507005767593196245811630240449585814349549437923121066375980446873099250190508151673796747729252542085242897959535557503971927014769880 0.01705850375674853400477306686436613739531549960937264060501323447249524075095730720713151701740318621408469160087170630139894173709946841051074362929442787834186965651482010647296222196592936273335616024828537802805798952 0.0005520853147172726564292768470397452558854002731637971629209595095652152866154859737189307638906364990723926141104733316678153293633386904408747445854329269514220339654918080861296810343300336513499794459843707232377821190 6.144470176749832371371366785815633093376168174251078507925046320117808561722016203711150698505334160233379340670245218866840082608325527775893153173205215548845491598823743998658341236531039877065192617020085124348376694e-6 2.058020792959194415540277952693922554383231028319738168690818304294575646983301530017714227722200938198404970915977555689032572994121781459117247173913679238108154937049204053318714233371981535084535018103446479145786133e-8 1.378431568756479922468484392393939186096107849043533889407019695205852030507316224430003506510146058482794998581171226306444573216693031582102514652460080663330371631120248950535232775026013122073146871833237616632690946e-11 5.566447749139138811003458430589360233762945422708731194811034944994579013412290721409910782793238770108655989960410707361430195931748195267609669721586941241842084364806353611443820010502249121049845489124822362572005715e-16
G 75 -0.4333008465301938128643366762528995959861678284109881509310059670209897158027717069887256803568270023060259948326383363972456336312401514975158446064372507945519880869937698227666473976302985609435224745657406577704207242 -0.7902912567621203831870669969661689726980425608277279792103045984366451867787886071676321031369778133200193350726008146672558415776682025910573683591549836207759669523003901732949776336449399439857717053603399698254444709 -0.1819159064567727540617608511116859452479449624586905181185451185288036098303244541297122884422943471371655079782050214908529053497301955134772793188167439747916904218366918527922425238255598732733887956168717340525352598 -0.6017000098634182916561875470413634165745846474270767450801941198612630722085174160910551480123748045036522047321027338854408791543156130515199994818139094944416104227466064397732721012000128849695533102736619039373440636 -0.2183034859559517753688844273920982368481367863546696554136018131153028916855234524316542136300529472724202298994728218900550230176922197217659493490647605379335688773049261949754651406953099691759369751860312001773794796 -0.03130012902983831138004506813206090079527522797348882632658069685719863248259753466958411954353378141582081880773400801046345714271476029453485990317902409045502345802902268870957281961583794049622936837660813453483273744 -0.1129442704285038901780538164338939204176722905936029238184326253255622850564795152192703950156796435621205527025228250532880308264257535427098385052286502661351582916243166461563916592248384534076195963416351106584579767 -0.2244782735670720916487231316880950160066853564108695209566934055810097729138186811219399874260834051387649817372334319997226927662264460191565921568900355636990232271268998613171929055998313314442950329360874938467826626 -0.06435593843572111546878240238281574253890970944958951705576037809271932091906139878611026596969286854470641039682035089110885470478122724663329223993551952590326676146975765165608583162616373629672223215174428925720993774 -0.3616355314894400306083413601168445595604069485250729196732956655433101343067341671902193483836239980400125854137749245260259118763877418112945026020297664920546244834839921552715667275959685593258260925024730895481753611 0.01336205875358386574850950670416643433512855388972071406981896153928914645456747915860195227719443822797913129667890621797829275379449742379485182386618789185354849291776023783998288748249231361944988863647070741698939618 -0.1096412520725341906866919513561064500456104417596033153637573824848568529885008158457667035338957642356643624464230383863084924481201011290847792094183501395758120466453830330013494064851001244686665899721997176881791638 0.2667411609093221953097268446917787403132668912487339995381969347905628343592065712836856792024144588653593731156862023144583280865481967129535650831045411044257735219480286646871572641781195948497422755134607698902393385 -0.06360984982110505765586844541854306554852313258820044891744454802730060642847238081019745122073698336232454128806419214675337314745517032526461997746672803101908666790978412983418541356496424878410868598249092358835930626 0.3566628125756048542610061606072970087597741003896435626114355024844137221265257439565903707954448876251161036601149386712169700114326329474188454936285355847110034448601182402783906375530969065340979507157864843778650286 0.1570653067959083485049050991252628710869051244994381637614649703560374637033813599584711351087651245285702636333138641764171683818971357846460019972889115848235251741509256817568107997302129513699503593113122596629262156 0.01369109981444227914672380850502175059781729818250480205519009823947279456571890346766066713611222953525747203273886994990023547299343929838777036389414166487806156767634093882301284087718210995097081453275565683304199197 0.0003430442035629057572972708102544073971457999642882470299331713312630731955606176426043116820927243454785204547280026243348071406995237837598766437159393270502358026171417306156355372275445726355430136224159738793155430193 2.398566890234234496161824290390059856622346728588142520599508829659798289297837584748612374657244032748618342740902668850911101865139540558917530495005100692108022834351305627557601521187363309169238610715840303963641061e-6 3.323740323959937385342452915549403229417467270334904755563638341104676628692048458015824468509800909065576986282991939329067666854907731814497576551647538363302518382265575157178199267852296653132874465718073986442744658e-9 3.018947510518756931199204910992618220080229372590206753876866088537079079323617430537754171464096519794813899474653241879207703692241793362433339994188692381781885298090118785344751011555586505582039060510819696589498411e-13
G 76 -0.7698765587725639915282570040360471775788305921175992833324681034259167757693224411921409271542968472367376733767581736936394495806310447120693886010403916181825826095353438494482896994031946765010219209481415065358493635 -0.6342914377299057524668619991115104533590947282719492010830530537141600206221833713034644336095284361509245409014398271869214596441420322614324777507644172373678036419183283170330320140139332390888898627066395046226595311 -0.5247830535791720246346133990139515226716682183970570062696603011433194168639502982345232628072193598110764039852581655900014445895508480362148347883642824342050222122262530855514324177384684375801085359204536897740387813 -0.4374016835968666193749433239083425578868781236538000038189372972049797078636957330564407385404116843765758253332950030127519311661109079334280195030701138122635347305067836650298703620460017340973967999276393948480732636 -0.1592978113621996112173778506198836641904737035309379322271682552453980238215696966279740013124117813487763769317147275881801523828970008959344388821401104655519044346554920976980927857146130699924508849247839590625322764 -0.09863108605439671681627070053057601715638714312824812994684242107646598753500000035837443761740225668627908555058753181109059109222382750799475676409085450835900294345772258826923856654693082524010660334185242966781139471 -0.2925807275814401695771444984248337634875506684525778589572155392699485641049136956314219183473536566021533307589374325814005479837742320301768056642870487515399056055588099729652448263671336415591641138936298085599646025 -0.3323694188600205028225657438021480262449908579117652501917194521514212972910072095296603004094072814911526161737001144189616429119417984303545460009758111972434609216815199820048415120657986077245624278952506505896543922 -0.2282692291722166364797259785223164904567415284884964543778386655833443022562598812283364546958412175125408910758736447058226003871492134538204927515341546258781879984643665833248346675370647286334012272057949595957308987 -0.2899351051543007178375721508754985781783492875604942926548314631430582554810661507476158606030546626705992293207816876948883623499855430815764173163062929837439430980491666847692798866765278421401590219807819936753406396 -0.03716746485435629286415251902868965268341044274360705065344828315185464149000499684550586374158966727428374074911977248769989921662500015022214904642012407088067821154767575172139541068036217100939476074229426752009677208 -0.2381061882923968187598872759510882417983887798460773231898205117801049095174991951087268340381527915331822482521808647844613801882072659948706659239442425638602455082962421049944070217785104047881882334550808124605817617 0.1323333075287742315997977298196163369516056333091255370239907982134415246833232191645933384861662893850555936593375408024183200061517391321508383836062163275429327179279147297867566287865724493745966622588341408768066492 0.1790492528579044033356668513600133893407342387278398343336779304444285490390406917049442658952035089171975169445343444557161694931444110687925237993651990430662908834744331215238545275292287518549130752771989915629063834 -0.09728025754919391842110649335808218694524169223615383569718133456365067765222245655985925893066119821238038852655408230947730116243729435090647991677311794488360288712524775044235628423571307743874635045810422645205006792 0.2550916370771482851011871549825739492050465613782611118559286217380189518926486965645284189585739400458159223926198585193301712371252059848544806467379096358638920069830093172357680732711529234701322279869667607230372275 0.1159043106990617719375106741948967784106526181623559243031121384416172908952399417769614416971774306083333437252585741758407445831455882514358707766414835266383896684315622500348421211028908865005348408152189286512345312 0.008517933950996362245267039726019061504614655248338628023286400185285957070827388617362417713911343282232459531707734240735574850560363115391933211770838148838156561701282046947449444917584573129539483842652343952360239401 0.0001459909724061035317374675813754752686513018071576330912975028487234448424020123659456154082700958988854018964623252535641918365873121090091622978092809058989522943623367992818004955036773175040435543071390419570425279780 4.727025198536892250280992748161157551797165590183817122658899167543496369240840674810979995405826209730743675958929409882825558065178542425519041091547126897800667184683419939951403638051482899903150245323923882904735425e-7 1.079717203869319206975882799431047492919431056377083370247751067273260155504516209535715799361161048748755916332991970955554069807608383824826002080995107320742665444621317744115880877431201681080140764477746859813677399e-10
G 77 -0.3718432483888553592949902374532754322137857480370274416412736853368666211991589944088201725045807434696639736861136997705904926140221857927852087988335504788407189075172334684924984673305913647884176187896505747699011998 -0.4169715205950154147037697570233851327060248275434106363079385897092802393025342398666416108751847643253168247709547757281770067414474869713827507021003577471596938417752390940132584415031432469609141458802048625306551198 -0.09971681269362375626442058283366075972686137385894574594896449959989364056925007738723335787488297755626178578402739095861622455621392569227334405296795749175799278073653513836420100911768972898125371021666879527148047152 -0.4405378295045567282483260382814860484950162627143778157167006992280905671461532746650443662066318061533934266402177916942509934607614228242110817620775015119567016533670765677371024711657114508291690939863548913495221928 -0.02422256700172601251996817008631008196869352806150606463385242020472336863328465553041325633677119964763580016159140585948614860394251882876656047207735208313938858929512669632807411087569497386273368741946781844600470113 -0.5077479230068212956471694701249656669585980649308948002039131374780592254838962037257066514393114502727773584846778728120338046555152309802260057567211729494010709642600420040912940656847946306085986720102173625335056349 0.1651452937592585139340182023136407518400147700600683718175646875086718013255529838785700674870448705502972240271540372037496531325054352399671555666886666546858994553527364183147648817747563248226979282253952847803610863 -0.04657190136349477823453758146934847596275036871075503571728061045262698970525212779258060653896681410688133747429928506838439282729917525083840427353153414513294741778113748441522108037671759062745940965541566436302618553 -0.1811879297368962291198939902718368505300525012001744445113904267344208769885310877715513973527651340491446027692365754270790279310611126697051809209874090128765258031412721065967630239936729534759455612301050731244777393 -0.4403974918111549852244080124676402552471129989806150929442052651730262631916247082843404414235133552320048189795675541749745948660899057127403682008166263739217961934505251663922216680778356721243893500986894607771556202 -0.08452270846541248723489277878585259865023596514908658700869604683218981999073370013076006587526710726975175158627523696314307776043842324332210482688682170723755372748270762552550295540970105020673390391420050884225500005 -0.3353572040917059699939890827488735559030744850630017946510792608109753636745357145120267354136446686374296119240782678625822942010573883344053106533210426254466079863349200347334405800126206560157776350314417643106431788 -0.04419665499906489483624578005329083693579875917401212106306127379553155108630729367085737211494603412641368059777719020598678110842815327889061193966091736535551954092421882708332168546602975259272610577294894413852254744 0.1035429500073779152657544476686576298296301762499799486321814125935351884581863045415612326182234112929048701961534949979522879679869744796474498728184643506559431923262984530898150193950998355670560063185564998655836586 0.1997816601068729442146885481036194489714544186368901468071214815509313315093589437458892456903380947299339081644722815960725534583392775141175882471100031554741273826978030763005622925275408527243302404036595531485147152 -0.2309825843188916611637772318774869308286850283020189977388193333607084095802307889884049214037279477635212105725406773674103582586750880891521352212489157164054883139847973109190555062774328919249267438413200543407793144 0.3521100767217615594421170203758927376801959774443952381637183136427460745791479806926584777509485161992069055903611583699630769020706091885000435161935805003037665452044485501573978313976561510702695321485760087954304835 0.1277164097925767718310039142274747467185116667414373986225267928696015680041789637173111708794608174645207737007272095457538906742450994950007427148649688122892788364787804996434367916440112683453994364099242473157500717 0.006423587351293470026151599931515264764733987945806806247914297473285431602673160676631270236931729112030769452483529048480765288288565876801481862924962524011400728964942457295355484949009660815236478754387494314669443606 5.353836705603765001522632699621872672207683970401134771911043054938280108240975853699904645611012750078326414110131518907048881455472589955363613300549716492318231156832916912816850850564290827599101156412429870991312953e-5 3.284080009394054384607087436117580754821178635772876076063908370510846443737624108180021539681434956949473634535876687370474879789803028055073371161202830054152230374183904411306945375419769932902841430758714531935918874e-8
G 78 -0.8269379801986565398798320412894861336755375018066404518334363775928421612626412790208191855323193670549005498397640207823712579758931702390370786988365568082607397781095672809756702851828088924813202950605935621367754511 -0.7091768410323550169451785226275811085545039006549232051341118847214333082892983728739201704411329995375646828708210573620628516874511134674814545806070596118033579791188124579668667139091422024053082030023494130831378967 -0.1590266250759682225185964248196070716530511244088552206884960899477661832891154376440983903779507312694872150718841563785980496779121453402992053623917320259221314654618670516916445269497448937229574535762989007998875086 -0.5432214096827214523883160310557221708092121908082823127558466937230678711682027935531219551573137493406007035647472149551365638797746092842324130934889465085203468889770974307705177078532996847517893841417449092142652816 -0.3804233852514111213866700724966105803064641088832890107494107607380902388222068606512953811041582632658279447698554704026316994548155994956201900541145104538876207852363721026835746319449836308685904041688286211754363219 -0.4441313217066305712193673034187765833946300540077758750938057171187698028958766178155580310468261386575767529710657762763570412205385126866538113071419442879931998192613758119593654574195743833679188650723787661728765006 0.05714222195946076229543594350890293834015752383308009182912684514659616384664904857030179006627329994646309575725005070333033319471762241627110800039649982389232382083307963169087319135451806459487638091166744060345591968 -0.1467049743024136321815818974054690898589610646046030310870733396585097131159703818997760429764197207111929150823710891692564367634190615516675142701268180054883598874298783769501184681711741748446999549030345583767169186 -0.1477818804656294061184330380901396835061165911459957479015802715056888308976793125624448471716745333657659559209793783958326108865675128841226120594142534958116147665571865650100033257694613147096123363568949062760222800 -0.3784161801593541471170125905013339290557613586903692329046342059520228602965119091832103062813218674886026723177563026877074576053586763192435510190789532411834979594715032565990010825738954609299149722685620796840165770 -0.1301507101654106528254247247176037203268458010610924415797169129101303808499797000814591069537696520520462979432192110506758643510312246856848386012478007448209918267577351425754284011386829372659250809354078385418951491 -0.3166103120259368432610840546057892764961380718349963589140980305615806547139335690921893862255332074003551534351430245391947062553385138147343294307462715129913719520905450040366957014372026392872328580658607348449369540 -0.1629618490052129262350106908143236508893753904735764351360069686211574742029044156152773202603877817119674542429598485689816616193176768404599765581301628770877312061025416638494944584565859077947855970502722632632928709 -0.04908822513898641369440653762620371408264840811438901861219675043594519707883177145521271050292679986488343021431932917264161557057113880782787787171416047169066947910810295779107555706950308330967107968564871608289285115 0.1217849594789698098144166770211541807515928361171760378128748403012280442734877701627434092422249559743645325522229339599578683442508873244810633047932407029710232329935514109895969905449911996067194873980904952909469687 0.02084715397099283771184429529429682588052488628987827198770447385335794281337964997940172688070838379808187168891654936217970258888521724603942489875967702903412555187523236814492849924964802074631715464428971829253151506 -0.03971688497483071505009974631647820612568259350293012320170081945135983201452491173304335145998538001610219900492711745077482006914977349142349962802193878844509214538368945536255046253293781970144202775138631046742604360 0.2543516254958373814678152966115152895187413260909699194541064220084315803509852966513809683591041955354942709995666958003447897377411760329161575307001028640249597082375009469414215331155772073439418112872762142339740333 0.05904502366515548893737838094182078933273787541344287069113978935327170924835640583365475491596214037044398496323462657095958685742272196754625856021257879419925422738927500877998163462755542462514596553314827213017794335 0.001552532496046081146108718749592834298903787277067558773137295913686864991772550327652751617785908686050997086193118916335358747374339756631584778430877413762067750004622326447480802278549449447324327065327135285824638115 2.921629158223216958352266213221544774330884211482767951337353913236292914145479067690180751110056011803659439079635348971932447073017187517572918840660549322651538342305747617578868400583180067744899766860537207554669189e-6
G 79 -0.5489573336518710069259468996761104159097283766197441891424491082045611931144174128814957136078909734466704239292584389436903298071399979158559001048728796678000657559299305173512635455985312408291552065166259406160601506 -0.5533119363820744260197427629407411355339326701820393269874503315889893758990698334739905418273885973292763304081309088739195070302631744529181047251250101464268859890985470331460359441426131573467863685829271181947250824 -0.4067541958506664384019806985845054219513021824923527287487090330004118203987315400981047714460361687543307501245641762609614895025734489308297490687998422161560615239075818356789420269496759188825862450339845018390098244 -0.2716572497873282087086529853912132282737522528007735046834842137882814040741318073585275923774120686880569158238820945521111091865265719565281385829799595070167659865622234852840923460397691481989857794459891266042572549 -0.03298164903167621564583059935664002110037482190231828198590887428596650177449905688327042217804802383129070841194664541503242178401186125451659070856026137016508848014706069683280820825682139084078145583414552996692313913 -0.4963101051095348814045625889793795578388175515085034955915253369569866988454092537976465909166717526329961151481723123256469329770224932502300573259873971890132728184208929662793252047352299005868892969907425458836928912 -0.2998403888569791927369524044369098952692046381073440191727342696818895267327074585671082370950139222727641931785806338306105592978952057585169824845980818235646784537973920393516971470965749440451759163416111554676931932 0.06507752992252852424773371149575803482809785554351936758061228319754175752984677895833934552532860313151088620039318532417627532422381522279629104589177385144294338552375996045873793591149595105236032786407551680751065176 0.06642349080484718085200046028255137455164778939508295491101803404256959859685381870119993495923761315751807027304345206935749168898646780085107028858914451665240928674098492710725748819165193194679490501215871811075418475 -0.3236572965726801494530165570817330738357301264430413249077034181426598504769158567254995394587207217283108441578513259406352976112687212675261955370567034172608109076704076036483740336886111684482126411630515378071772864 -0.2546937291787775458605809904974721234610036850655641921143257571822516771510725764795725046340691790679360542653442773398970471429624313917638785956038820400800837835660573488590714048525057350482267446237047090284669391 -0.3474195775286834465503038620322398981669858755751875349215089999533640613710077992052084570941073940189842515654990618695668688357865813976094722538368663582954829825683340708027160452319043895170310748359307688863553194 -0.1051536875025227069456715519510804449406540815573143079822477789808805943267259069625372592533121501709646819935155834038602165219857462954025406283539170026464694773466125695282623106322138844057443998342837962519044193 -0.1644952383533831123093338627007255298675028883844052804648017500590511909609969678190662082483157015626872642327378633808402517758132859864415155105417792138588971348493147851630530214827937365351817768587088686554620635 -0.05752034928261505369336045509774882385487649785054077253182987560070649346888023757866097735906731490897881738364052329263959774458905627034404857848064369001757271566268333566295143708118858738592606676027857925574461313 -0.1260424927891173969509096690650721271166513509363640284132688288818929739682530863276965410382435534350262684084596793787792797393439287687506280313845346018057493709144774956208333210414985916772163606776520051911843432 0.2724519307032055407926937181945534212474407455602132505447280037884508398186424962408780878872422952641291139699903216376833717165285596889137306742701028263347896562349309828033021699199313895318434915269595995184524427 -0.1833147244977942066093069329344536560130502461749173843842362070433990379394948528201719968261131865527965057760146545790340932824674298902782226656691930787859770744561059859157007453393358808079210695535590964571346513 0.3050506085168331805953679979170698560786630613523707435853918151983157048283784456685350897912150177171440560581763217198557122963778053664333568769451576563336689181649992739685672277359365878687298421981194789113200744 0.03894209648672923638443945686388002293160059723196697219664063412733133557782159328546450438169279043538523970137490235840541541177667255020403575546606339131458925215579116673153290512134711872366139214767218651813226384 0.0002582988125608233929692902910171348513496811426410019753608533208620468416680362049246279475713107890836166826820176631095241335004376535562324330230613843335267022889837211754891619482562189285280352810880838189338783503
G 80 -0.8229247481630993469620602241204991582157969754487298983024166246836563116110151371648593407231371608110670678903452743601386254798010299104254425577990310444235566231674468455575614080389458775918688522703326968827596375 -0.5185520335244552325151387648572300265859226785464646553945329130457846063029897797420151694102684102078684010459373438559151294592562094764923118211656917442197894017051477548022566017944210590422920930291750272029526812 -0.4554619890865428803603464760010744951535952279347968765628524880868189361623170808256253671305994457725330598917137747687466109930823721799723748670080323232320983599474532046455014806932551618176618568315095291685094559 -0.4427011040375914307086862900479547399543460445798938459189707448959167025251828702572757881850122348774239152342669683506244519725675960817272446062689424555420829807114678848806611402631422843628029420378875167468269537 -0.2030743501477274915181275169499789811757121035762310430527545137953906303634481051703981001688795618038765444379150810949638277755972201719790429031801650470067577557702532510699187275793264898222884816381592422134926641 -0.3576683651854811504751004090778969397288886489948030059296776447265614514048324005813195621232396124639600016293220958679543154466133037597906735409837101745994957670458123987177091038824667410282736301748684076596533144 -0.2581817310033839697683140968677782045097828250491917993919319030280535071828203597118429331331400716758582676096656422124954577320085089555252006263376579058105493723211335086474340529041494194198026334417325793544998509 -0.08830517914205170270658914136201437123492515600432660741332887380415047568129926431210805987065399506171343409718145821753430018595275027778034072626853807838197384317358700835869660717271256693038358071136503988695304637 -0.01150528203566235959134821857927027386039505672547149320914457166577307554539172757733732242325088666645316331732119540230872027839729703776548729129725859930941039169483261424630026511224731295637200862924365328825770942 -0.1458204891996745603295109168998772977694105049313901718655897947348918511417427765957217280426230215342787998488857216316202074420364826975682059448022898035335539901855279316742625429834051658340335945607781081420779010 -0.1130682277178835631292197495151865428441048284696823875390373276504327154189021854292185968603486440492037909002700183401770060690084056932819137171635828272324406334519540330979104374373994576679343831121611614222632650 -0.3333559335698174161155711037422946426260297010252365450897897602378216400519087701882916332753325307686451701033205678347663877766993732676028080504335950149080736932448187203042436802499095840416822399300939715514730837 -0.1471872369517090945937869689451562141978275726171886098150381411683323308040841976695011471761755088256514767519590423382534510717546764030145464536987187189499145015592115949704575834929699728082742112840188124265295124 -0.1723895363656170629414186022377574881665259298606188334592691344479535765152811600283042620668589089611121662261379578060180550959720147065832076054545880695598435342544266356301389812335899394642640178717015956919701711 -0.1108810374306037736794192432825198284760711315551346707352393630904051769635947995956313323477076428711887410393196323757350299275757531157856359760925154244738866137893974375533897664171592034593121567177155253277731493 -0.2424539960052969866712206550719541811529681102304874527591022547408816877027553521148560702590810443975437035218113969636244563734445885337448619975787829057116371487024339849679442415566115203790259734334805615183122296 0.09502468449591208176651052230241327607841289775391097022673045398412008573897016634583131235921661093168987218821142293266015285228713837797672442082523169759861466204558915358186621572873230468843072912962785976819310104 0.02810813474015713579432477444025588902602725570903923694277338759057775833895790719849624202366280334766819671733294992940966849114706125885581097935145200712917816588126104928341617185117857152185282441255387476524930157 0.09947160621382501256499411049409093838857934090280000962998753609842227536211410870093627408864031510164068451811467561858943364362595097934476027437244473941478783705968425828771579914592198793721095805164074890542176697 0.2342440275209730773949027828512075676195426275604190004659678583330448214179256674122184504777261778146391228227250336784188875297783903328310461140290223662437313213990506395646780057980702319316458018630255460557682427 0.007551345566549391375323282245349302073922148686817994638862904132281129022642398075128094645162173672753858266967862585405922698561430524036004386701883246751187197964928649534809045237632143124965398023524008112004553622
G 81 -0.7274624590875098939697147819896385730480542642126891038454045604385020216994864737163995331104918302571473683314246402967813595181424739973065905902488900854961283352514127357589825164684794550586650932737057032875729087 -0.4833435266058959014263974872531379274177754918601544872783984818452994916875679617517532278173797431872877738838154138993547001293984317862653850990113944921427497247099181721096898883928416447693725242424308018182519351 -0.3499435484986983020688878121143533174357113585703221714739535227745017637927934949071730712443739552384664920487167643892347027515848125765336127215114638352186227941757734595018839647460443867372965786552240007232284895 -0.3127295019837049521345590217889371631954664474500009066178225352155911129006615425231560934639831263771470371455747813554685144016431597495303963321894642754200357319888992777895962913084881951961762174872099865451119472 -0.2242728351102717914441413031612801864731008348345463074561007316473760700515454459330709161283761544148043437972321043855408475506723675494742444019944629037157364851179375052725270339665939057416092779492607929685761627 -0.4279278738958465172420817725796650593925086175095561024462478189158371600039873135006240032989546715733061745142326026720763569423512076840690012915760377505455695009809907636309876045571355315654914054117543140715620731 -0.3335965600652134000827875620578465490760185165706027537873987971587588029508964016106663098648746496957249820905467171218439401763920971321853559492055169580739404500522939568651021112009933223351830112237036890956913317 -0.2459709926856055470350209620123693617391093574740671070467357908361226872972893853364765821242366883879163665700617126397433193900496046642020928647674363847413007890413145292224689937186292537127918841746147438681277084 0.1012511972773753176734373729968146666933573180605618504946327340121865708189083746373245228101811167960544301458759068309827744411278497004485820279358752326037496809353401756398825896050387363012602137138830759007944629 -0.2075011331703006336984657716045787650302035187136287534036184683483631400469728918824216305089364171788955936116473720768506690900241778070501106398208744044749774724151064435493174963931985315733147928169565711662183790 -0.06738308085200448099995751068317325071045967893117337021655590156086278443638949595088027132167964368511614508855313119121963439525122438962034546081777671320429946402879262495453861709981519206930354521726231306489083580 -0.3288980661541407186067199933691838491983430288187200764542595872272859156581501645413875575744120577184522959510832419139604882682815894318837902752138722676391332038037003952143116947252777570830821670718973474481904287 -0.2319517064937880706484820813101266595215805189494820147326085350550192611773487232067504356405569176757808023268818823432080626819574851648898565720112291548266246865515998474834781574533551122445077975689178379670748567 -0.1692365084992659768502009013653689116120402341782582844718864429166206944230757812672779321475127289066394207635106358680565735799086770464817573908277214808985671673998117481233774630265953635372304530438149715371356116 -0.2077825591105023820186371944891918918991517604020887145684153584373526416576024134915416431990333587709214446298584376252126559387585389722472675873109054901015940961051644174198959324054333483527218707933496892778857567 -0.2801688525917727652028254071186568389349021009077796694811061075255723109335506315904767990368873195571954201960436524048783202205170894545185400634308932859696630373184564463076838714431419628909518009012725682129893001 -0.09249859273329428951608199963839136995244787693353151920538747362347063198498322270776460617339665706449685870564448859922274214625851486185346822373461819903162975226165299482568871649378130796684110958186896907230343856 -0.1468920227694559496512015812883220821690651148527847217639720297522766932100598241452087852915865369858320361066274350568341859169020339783838588397597373163489382311240379786743411362703676512205505071883935054903713824 0.1874523265434928719715450825780696041517112405990870893832833123475743812246171058702189970494365454593568989499478315214468380328141896508692187980711619266451542054999651656025893444854838807687194536239660582731694174 0.1777548183357227456802376640037307481895449321064308431325640347803189823682887176102866201785869674793548062444518117657010578513624649242296054421189149709263756640685687306247000839093714069703925383392586744283555039 0.1120078465303924054843347155122659240750824174426093137284015564042081219634402414730116543650359742227058003048424734418338185341936325848573505199188228194925321690749857811861674744390277528746008736529019669294901113
G 82 -0.7478546340792542169792841432817646454393895799640721743756778899227311995141947105534178015392050961927239557072410256707020946786100133958799468476479764868056350146255401898983425791082811250615574672923293244644542884 -0.7915295782212802957651949308257038911432192516590804611900761907370071302199684874697071302448742878261751702830823324057992178312547764124417327286655171968170918124708685460728027526201093289671420150314971792268721771 -0.5559473184317535281714555904562739554172373917689610871827823769706231990477147497514648393780434022185587928785909834962919985261075787024814665959682140027976161428327482547275629627165748385660108638787013032428753196 -0.6122942220037179296734995050893302781371366147453771692666138205002083972630675787637635501550860471470085269625149582487770313612958530004221454198443505718087659799934994680624626604209223167663041481515285754720079794 -0.2252620675981125597009804459892607624812690183568233266736018371021337747125171245457568779016188147753646862572324536846009779038105384961499934794557857156016526804628401127019506518854763759269414668396544160247238337 -0.2651457085554126908866177709157066038494283514708176132556289730043366993838809772545270906405041280806870614122396422245011270442332833959525416077383633267160691362206250184499430938559521734088711951877745570732100681 -0.4291822296755218845294104331325382863612530368700695961360919200523745358980030998074539199047875930659902710064250919951348258933230981744297357457285085931234538399033636423993510415003783898050988506069836535095668803 -0.3955510984875356974987170290631901578156695245277510873931646189802965306782385034417657753506987230029772829721742313151398353146459222914385838794864694504292400469043031094669060614570194505170765549407891519987497242 -0.1703738253585956883926222114728188408670329165324203959285436849526697306732671537275333077353700987450877380132194786738055772233782886464747116890872417312190911947034249832514872608160480282600672996540510474915950313 0.08765800180156978442646661802429894023194175822583745532132414914999324482775080926237520683463449660635314069649499676407661789898223866064929926157142190538318754554472241328226407519616697973401498056278100616064644454 -0.04261137530905935146670978774631073683520277733779306788115374331443902127669368438351224803636209358018619990398387811717910037951811650658418547243566892591502112489884732073541814962765840599568537724054247558238550809 -0.04002097309234836013611153287238253334746000003388861227196974858396970720285135942290142003897336999269146039546016951213714770778819862039811288419271240784800345217355311162317763494158027124089583915699384418519781328 -0.08757668809704322405876775336042759816053268163374884330260121944590614683455636473217680811540422565955883435299988776922036748130374570010009540175862127690458868898756457302057456801548090362350251161553348432032482286 -0.2375908773518181850672009447413649082882477011288669760293224787064671730413825981108322757845145071237726298343135579539339870945986868534818281964618580085300321784918974017315212583143820376588219522987865478857821355 -0.2204646315746065836118735976086564736499666595922280062620552682125866736593369895318867416903470153460038209451445145359642452027860804301100873737635890637344095427836013327004974245051242233387726933399957672683490113 -0.2754459499294356635524232670662742237386247697101427045850475030382044590568412370259876639885733379415681345629993953128356382908629332121046942627366820675359080915698702828300295144549489725620874375276302163952033926 -0.1282721415418271939122083465302852297178834851606778961586664389509588239081067899057393276252342069180538220287760040773005556178958061204064907350884595458597623583408071557208328449785269336546601555059645330968656044 -0.2451266980068374861680905243971071011249499998784762699214423171708928492678567995303508492832557597915151027091170571620147497453706806718031360612273585317639708559143929251695728513884966566550463824854407286620824030 -0.04366374749357698944049643266396379433318847141182880574474197076338795128652588387750293910373856654181239742450359772708931608353804851975090445142928882475785390669815755633880435648248948891491851999053458461631708482 0.05216722491536744057248993534299438512507280614655712303972651309404195171357724254667244990402924189979191295278442477901847256603009725693064788684302372778465440191636653976214634213552623573700156258720807918474652384 0.3037982984428328857062432488786124936580794147435960623823219316997392801198501013935042605344411340835773361287544028596217554073970714452786307800957521844787016583920819817261739680840833636862993564207147821746584786
G 83 1.326200204315881966206406126310594698372088429770069910637418611276040062278641320605625356653777378506666391541845776967933049646069442482762607593916508191354191184817739770646621873242879004533126066691501179070870355 0.5974425138590211993691647620064927264251741606998929771157417852135278335599282650173926427373767924774697823202728187960793495014386860739064518507703754478272849291352754264984961255960720332073821121005282441502617923 -0.7800932456030122590009119231635365924652579631489762310889329365532088714459425026780367711874751229664496672285796519225325351716195863332895632198649494208280503002743046613934473243350210291579522696575458606414060727 0.8977401165450437911893055089530580604330598553589493853537853095803446778105378626006542623419592330689712088397777544908836450967338156444313955232774216848352619788370940141833041127668819415608897366390851144590509402 -0.3370798802049868522504509615810103292320124936963729726882509368419907604350682066383032608990781794888934433733465947219609146621819801758438210053416303050502195919640111503116922624473818509207436493378677862429177892 0.7708735715800151147819677178735969410114391964404122373989691795378622444289916144901477478390542201441400313472594688292521562135780004743998287991101493708483681604426422073737202151140174920729644265790170024339297807 0.5886103680730461867345665869768102884016886288058540727243015286062443152388652058899424973994167831453207472598247180848457130033898332823450442812116058460363135577228717311507431650262370804678518819161514148264291895 0.2963503068387089992002001053249442678824397200444673495235660999830401518907394481574609733790514033144127750651512971346843434592601253874241313164639257363009766647607658534071220541780084959952456439985018802714279576 -0.4457321439156558068103243908900961972777016414872502427381797164179937807140745171402360735511109396606702940997424889762918214226423568138067384492951438749522087656570294225442868303434763797394163073849182976720771291 0.3692001474154014260006061679114196736181002286364556106754807553804190339524085983755282887711709963429383162688786406132045923991617263597596603395126384359427019619655841381055655308488454626332408401376122036885611647 0.1530647095635759099165771575770338422877562591342261237307275949316849873380330761551470904561084833919350215927201490257521657353406832446996049952503751910447647875289373598039407157147597446919891115304729933833231577 -0.2635350891904412649917109106692151104856336793252608704180961563073845893642278084650824262121334187498545019788341017570842677864284651993424664898331913927151386790740763029084974614195397024049354114430012117860478083 -0.3142277112903872948569317076669841380429133916348802339406706710337007522710505669060157056769324193980579223702281622644936494615284559462171404818815002496925904240246978032552723247487199832593085568657104785640265697 -0.2849208163491774772025315351476976161978774149202282232189544219459458374287016669816202206592150485630681473261137007726565775929723952751768117731410805489599828378198117542825644582134385165041157251750236327980924078 -0.2071469474690042466496612386417715336626039662074503589682112980443671536855236745152504343562552459885611266324430965341530824497624842687149104627175272539022808488458158855861374511337688619088026242177945596413947134 -0.1110345676147156501666425554302798535910302973772101710314130049480623516019359947300468392872444475715410980465303311011368653939727868793130575814319619297727598526140642555722504131520164961778978782236321327175287758 -0.02614066276334539325398488392284869895473528102804566776732410046236540457050348397259981897598949997586432960346304672318293371242959206728188006762167204744319045342880051827102480305812877541912739869351802762714367393 0.09883937680412535686692081424667178582233667485119641865695902631713858785008997610660439833709180374817070304471654665511673370892473880038227901173863994668994385051835281921428694692000813281577210687542939958420716229 0.01536966631705536038977459830510429109912777606535879915646656197705149857614637799466885283227398029074683945947093101957839998173869829435437268455514077112688895797671947279623389967240396611155323148975755539031022818 -0.03108823553325139822382858011839759813575920503736832962426152098280549133104783493188706330526206459053592672299939702013892595513203058375365359232673070312418903932249394835046842079082806236816841238632323784803306552 0.009098220554478676184375411886172979194818948133017027858175477553190246488464072777828453159833643568844256707801461895059229897238588933081963314439688370229825792782176032455374390207088997852864065595776028663341032879
G 84 0.4328875414037186745017575273141484610935168556179852660084026477252952702922614411203651601336567401418156841215213297966044181172324420384335819972724483228596720950781286724130982487446115726466883920238052639158094153 0.3862007328239612485777193424163724329619354099526854311936836550610111583743864172004086100244417692590013757032886167568560915064604787827112174938928831511601600309440914092690382007239404216214980360458336807588623805 -0.2351467739744953692479961086851000919777376104578851644922760934876299924081912723980526263244529141400959147395948084861486642789716498834281199049151766878943094090334485684124492037749731357253665515055335288414557593 0.5274402438399072828202926990151905247257332706616577512240609669797268983648262084746437923983744190694667847220047950218687800576534736897911204393083534610173028878108898015735622410429224888946828964940420046213048177 -0.01927937711845025157963091208448420316090217441563433635266326942625030814566587432654055980093505325873613349012674567782391696168983149699421738232837587731675400833525514850969176257241050257573127358792467845133597595 0.4554144359160087306752326298915178419586368823294345905029898073642201310384757649606500459220080906947489408827194534690941015070641715711920521491639069674207778940254133819744458962744336226818538271209609667402883304 -0.2043813928681241236225796264717472647686067336944558056961238731840694720770024419919161195719687221415444118367675084392911595762250597322620402424569165247843614535247111836119002827263086670851707358766085999200750941 0.3719284224097380580669236508619534151200795629382162074574475612354263794532945863282069076568619138104372812777128399939304383187981085930626649102660184858511994974502352874022916360140371170549249661768935534563385719 0.1886847880760947115539692933957185467578598285139427681892441002837707252975382391607951417082948255806734270269322935353197899755306118717633248795547052034489339964622931140213898112582370418863421490464713073786483795 0.4066414085704901903601795834351245864214526492906283674312778939890603416232868810263121245332004013311301296579020110990747465878398645143072760832945461595525076361664455348449820331749192269648414770721466336504152522 0.3266506722215170428715979676554280553387445630535931958817071901750706511355531075027634288687901619835797953703396319965484333462189400946419570098698006742283123548864044721869422165826829632591590283370679587540058371 0.3860011655631666683260831365833950210494705208885090397714558760700795146667453233602914981822171500111026865814162542170369858203680666867425586886499805848142288360800652609373608966304333690840573965670888210265724679 -0.06908327562455700259611079134228452079432775943786130952953699524925584901927868574275586740956643531300010120314477223290897832109672757428843308187258298930014030258473702986238734323339751729954251242193767498789400453 -0.5181774508606572985071128152010952302814865986527380542339936763708430531054419659095764784352338930931778459081197911865520166030729246805042549103147329609765284263597996010868771068099397904689684102688803604050511815 0.1438430625014824089325849821175941822401955892261245146937116417193461262434936902286978787499558715112452666975749259935754249858205743729525762514002854201075222529294333667875736641409189585329034317443728847678127515 0.4842920665651272114263394451013390140885102491437366551658150041773328973488353728644083207621458237807107694651831009107341614471867141423844469608618874449752282145844578417810354888173482293963993407021039069560077482 -0.4113490874058488169779258776794197762088277198860930925206132293870233277103532300193962467433288810546619410381545057405536004182449676980673474451778546930716878637647187848834529496849375775220681899084098687465079361 0.2378622860820345174365936676670428828403242438217976343942140328691022930167185632439380202846494150337391294455525244485858535133027504230143059891175740223084723426288530403224591243959697786192425780225834682160328096 -0.09173598248769403069701543867792730530145866428391143837527920675780409739851828781383945900965179392339444165202377840248106586494107439339569356867450111536642077643168421346450161616405399073720061123238990413232946240 0.004395277394407652656017675576766262653994190450783644807441130754651471765267216782466268927697898950417664758233426753585019521358476115406822567145469709089104211875901698228627722579712276680235511411587759190278233910 0.03084803398699182982954826072034745851015397905625864678660952348910954682768098407931101446745181956895944494151818166996649434225862384872124804758091417470442955580623272342936915317807474086258914553867692277437437852
G 85 0.4767386163604200186451955465452433909214717744431431254906622244348815971969534922377190212235791101368944569725681098027717473781778989643694788691486681277094445067488728399124206274673576167897808621726411314726325749 0.6680850548769683566070901528043950244706803986581473431486156451786370929009490604199974841340555048234635097933112602474683069346508517615936081814559626752261616366971907655190762608610447050949843454293752623427200126 0.5415784025076264930257101789192440752811244685188559165888856653158287001464643619381688781124089341732954039322581647196825264412482774462419602536900471110333812930279083603579091614791760871663927600400252558616207493 0.8029449244291926374299267487128849822341153896550155623162650142506740191181368350827103496781218896488663850610979816573467527781805077143471770181624025072675919121859783995500233614152551399794048581660876548320373041 -0.5739095041016438117475807690202680500862122885590486325929398485778748827886960844057215911067228866898839324892778495927256461244467605299653205732212025439913271349125196200219042117782543429249666214998063773736369519 0.1405812473599651590852231188033534162662097991324539779179487301440741450500224324772711643027899563620112322758248020609537747088398371948628097074204349927842606032190284282393447708892342114663270547502393642365464039 -0.2652298687276140879173867301067039384969749121190624914009967045889375470821850608426550538685901525823747856958158277188872572913790917518797062801191763336713763466131404623266717021019174022003001554212982674201369221 0.2053333857396524282120548013960231474878365731147781120968458064534040273290219917759929511893618240053423556774949143358462726890509178892030404612862492488257896231412117092367720501759899089952105872699807159655160233 -0.2980370260599929210976445098149220970455726472710053474220305891885711905807099272381680171217139151495106583907167714012058222044493194378323908707285747578434837176427449433026452615986690297099211282880184551589168015 0.4979083799515280525240808908800593780669853574655342133216425091579193054532769931759490828497512268495972882574687289486736324925859639281790622148987603159015342694138517090795691942013572844618490693702950635550557351 -0.1271417509898529098781806783985820339697941305999791268471819290001102508496832701534979844811860296533990614542204044729159390599407559048629360694038831924244316127388382106591227138603539232309504950693709553812077145 -0.1107650970398968533618661461353254071748096956981557094546438461434521677252720583821179900560426011708361230648651630522646088858720220632137482735964588439089921693233106903278238958988820423247598249762583322859869275 -0.04797351902632246709997585515103161108770702827056997131122661235235865799205011081040517388596420827001815035056629327341776785266379463651569445739681197658709321456244317853949703237519922841640463901317615870731649719 -0.02271734277280271531597135491416136386906593677246688106250036939277353965551880757789110653380872675675977400328944813627482944981404347183531496942582107670311447551829461419571456795414997876066739793404161278850801858 0.1209848715638501743564227031698646999783932168880533021066405043872847617734491879857487381732380801238396045135642890549971795064505676167471641840615303802365853328118054908601275625642010146984809524520044348110998633 0.2970098935881237458931415583384918621838320304305695988199229397330914262289912713480423922448692407458404774591159230216438277817066190754899658218815711159016758498013943881195993996288409275447563400344236751520924480 0.1731828367518920850297562434946661936882546894159521675452100563918800142600876088335446411518106786999300063558439699678636150975198673217750828542011203253027540836665061463738446711032410380833642413076176297224484864 -0.1148524789157279393787133338380015504174634253242686155133687746818758645420527601260740017553556331084479027656616824088381287511508498882631031531905161035309492227759220910374941146262005086085206464589189659970322327 -0.06887807834803855168268616454100669431005080284108246528429373424052584892944239647239290285838587207041169144636618278981429581452549404810271255089774115578925501734830711121297657726667051584627399134832056652302703782 0.04920718176029902791534242369266459988444776908302029243975658241195721919837497524640745317014904009824230352463935487850425742748286203866731834572536966099713655173192260571628339639377424889960446204096509680910344698 -0.001863037777341285339069938124927062099507764902011693120961616530194555816459892829403076857677410115625848802768187964692495683576122439518180571023727983143607187688337990172694811854510297974069791107114570920499387915
G 86 0.09372410797608434975443752756843383974188490817566166538988600260443199703095375276576636478229014051937631326765811635386525566738089879409601136011900269387238486388413499517396154813374786226598114084129262103248017750 0.2199109843369691257938465263316989798879565996461515298023683218632157174927656622606270150913482681067918755342643758260606167362883640012235123631402377572302809519557932749086313717722276291832160527769274671218547574 0.1669741535307932701411317247485178803339947559559125326528726617359197443408170535860365716950622222015101310790649276271628954662112674163032430088501325756424601916236510307953850087043437231915826991459303817157115035 0.2405012414333888979797334785621771666498814151300273852617050562322302950135158195757496807705761728518381224680156157594978616451073148590872923175162682895862986909451643459894987696823757749760276345947303819616515018 -0.06087443552883531987692712921918486807771614111195736668161371559889315778382530423841555888230672878083101357834398361871037147152765150412579718195158776907523546236587990960819790694024682668254716066284135480389060613 0.1032320022735235166634487460720047283413296162813288519749533455286985747802183239370330240853496034666520933061943516882025614604889618217951259520665647956199435854468835806924602096161207100010360318520812545338906675 0.4287671406630149873752140474864442962788469098336235137832895958826547527166546210451668402162251396173705809370416845291833986587308838277048661144900117114935336485342552211778400112532250169708884360026726383061609512 0.4768850673359251727394686073890798930286965424774082098193878644454676414713218567815619299724470424306936012909178108209592828087371441267785765680333526575052338222559624890440904296726226003446856933546758409335565189 -0.2823663681934988746367040152943054708559677198522049070104431606179823782881588776760656033687395024965503651765542115435704809228732019409241877733388763035336238668709127890716942475980160490155279578481056712737384982 0.3853925294233883673181968142469809863849190728781249215210728016086115534940396608076888556439886632407275346176814107441085222725108255602874404061134305356067277865993163857267251437558219404893445234518204991584908721 -0.5831797903220013870723692350125971170139038617283485436045668889550782653073660365296849072682280054711429850840327639429174362964173527594562198470194049811017562326851296810110187837270982160121761349485853535520866620 0.5183101695906086427560054537140126301565121150962326908642933695779119494300520012978390021562263772584393870602047273754600789874466066160082107222169439285786924380778324587002693931956156928779720078593058488909816130 0.3736972211181180544052402646857307146511434858898624910653008333008117400022686391054245887194737632713909873950037221908543686276589164540808143005263440334548492775893105403473527294868502525730297834245343589655951127 0.04286305216648394994821123063371189388260202404244191624935951967486907080150215288458071907060661707665740706899906018283402273348262225930524806812096261157709746989584650976855642901165764535285947659220772060030354459 0.006588295708879725001812954298007716289069565123110029822899721299423976136420339408445278221331336137891654608936048506358157957370068588977219061404876921277363594002909189238387299455949737069136687086020048970665273626 0.1344922774889518300839309765855389837055286759079891720978889360631108545306410330005714622312871712814025223902099477328055990216732188601283206632434820598501702136966131684050831490998131374107075537615517959782000097 0.06366652672111766946491618926802805660806614193793276930691441514092247236928631466679510967436583961580778734567782018074274489536391819435138690530091996427049069838639965865081527516646041111026470217178658539210668264 0.2946919783393013099994454841528861726747467506665390555240813573498945810014618090543643187660810015580347224334247186699502107374016849140395304845226509265465797494372472326877389563396261601344836169398967012694526015 0.1583771991832047758533318248615476196584064656534388858656808255660856673178027150904842765453210785830604764111413310271433999755388453763645900794928823215672814114299744467586348776373955231217580208044325732007147696 0.06024681573450231470607900514273493122138596670316180339529101007887036027651518518328835523697185029409463916670796854903784321546919846035812693823699811268108885486992371350893305082066459910524214353668049715667750140 -0.04378682471279681600659577005009636441794956618633890812816232656695067332234825495713869167138380085910321310734451521032698134909450554279502455806714134243353958977237300241561876800914810587600358473892323653443351926
G 87 0.4781922495690500222959249870228248431068448554648434926861238526980476248194869205728039759003483463344155882471926311883017245364009639250304103770654112533374366720011929626726497735436372050033912560104829589386571762 0.3912684173786618496935084347833386468109594885735432514204038917523917898407470592336150501435431640045936899135723139274960141069773794183525026816959800897587335406021867242108831601001486312021265009646564153206006176 0.2791031353595304477600963242332520317191580415632962380813846210708813246308468430413973487944985132652453558626918270942629359215666309020581921688287554285248650989263681761204779283589276088728166079572591898305793679 0.3057601423867205522645573423092617002993934648605215592205170871239718942703247139380816693185390441079584253290275036236303901314053281062025123566658153297208613618850453715581303945813831717179194542555082859371327467 0.3483188202825825548443063147358573002162702520085705590967998814579405867909545826741803014545645363561988321664410890667174926963271757991411230571166397589891620809106755419948938870179196930704726251201129152767449236 0.4221320189496266740140329030544193316263443385032260263075368489182785768197480929711206243433566187130310787590128635073544304611766044680619097631781074711464972388367306897285279718876019420217284622497012495426683738 0.2367138750099065630760830013993237908394954639859041529445436198670622187414002921868501814350334012494456003864262095271806170900971926547131552047868183528431890455803380681676490016533912174567514663554180590027240334 0.2597643487632095586117725260009577183140411162655242239201286174158378544051533359673177615433160936752929554539508938701313348727772136944041416751165627007912294612012275455243455633287352395514545003724785055741887207 -0.2192249726973368584040238229704088730499453143448570438634487181327416390926354878280679011428241743259325240552831967041276754139715237924489133231925657543038964814978162044338545804896687612373166967302316175242429154 0.2520366036646431314200983252934450486790715750486950760346693489685013141514270814567251622028388061253253702382158420479662294792966731814830602398062926233107073126806926720818062622270907739281843064634218253182677980 -0.4383893151785574356453427180290428084234010719670458418936566868159744924884087312625418967237595065877557745502135969662793409328672828335372824143822343843695718200018849283657540566757663292331061989915237217158061018 0.4504962688343647110235991298954668098792875937096907581432864387387604294302857870447640460195810999731630550918097293178836097256195011567755045004696720689581656026468828503446452963973613274225224829922414150970029422 -0.1941588420950323391395583149794238225953139148408437196737616535496398776043684478606902934334042773186924975790795583919402971775258056641170492301907793085682858931779339958117017529998518319995862033344890138433682187 0.08941545442480408510247179243408811463858115723899722864922393102844293823133245392925669593835942397053320396092700307316511142451511078321869359503367324238545258261721910137560083079156429400466991486759768427028966199 -0.1876694815301913644851632977783803417485871013033967536356227454227186559327256383154675501849958586327393039165669380049025444797414827350444663398651627338803358127337414207429528394606232124143793725286300903511928330 0.3554112808443809148544144881634361533071896377945272134745896281855732668436185984461729231945374985385570750873728458787203489930640297121300721052773310432383167640549325899699018658091696478215934715047430770094933275 -0.4054040185505694591883302292374016003754836720138207443968468081700240789915640718754770121884987480547289627081695187941365337684655846970114606316974664342687107227547798376717005017972684050493092662653708804656652667 0.3451536543424130764215872519845551232708766934972358006581872250315059563189544570449863702062509268911197199245605556600712527476903057627771270556211223235171080028402913668160718987846536000328165004168138237680394051 0.02715264115746620773153740040036790503076080525777372645961115042869832589461029694743770515203198746355274090611411616909520481596179597595163893238416517419816677614151863532716278201733458284828354202956470496282151335 -0.1284611836827083239890766403376109530708473582407103702893864701694404038093445889109663111448318124897652560956345052702034180083463940916215204930576153856993812850775506952279622714598572509270776812667728347817547441 0.09621260565249994019450221690112659610012120726763981553770417418918649595104650040926426101067933532392514887591529544862307621933027075601604651359751689470723059319808471722236658595083417586271462028041972396624669231
G 88 1.104456001527983111373364377934565678658180804654271188026750918365978757589152003274395089262827563469500896155048465522317105615274379840781254250014179016341859883224417253439660493246839225490631138091624518062426276 0.9353193813048747795484516540825590247902026404974566911531414804081733447021549771138572755412744276222440911728140981664337159876684153549226576669115548493896834383371151726905300757937023005951373326480538934349174111 -0.07085418857985185083205133762117673608919408850946824674737667957573276808845974105830661368406041607130913695416139836937214010003732370171780017730321412342406614739976877719061360691929485203221860070229855545716105018 0.5321990077410486406306031641380405336003615390012327476389422285239846662802073277571301143695413544061028043410440525587345415080928180497156277842878693457439296403730000814899770750140780282287995610180797369470207572 -0.6038336297846378707340043692891039515962311347604661801302350209817995103889604799487734336976117483015080754213209895533075149722178778784757826454979794538621725729305933939029082950219774435786662202632674832118255913 0.6906334099259413930069909730132384437282453415410337752519855405994764198650849342051649139726264669572813128007087541520005530652582736449877253739389324352831800002232529642231925199201082967219072747507022432006115968 -0.04354659919809302963676472972250743532775890343340539854765869331705571971544499877104652103078588766683407576559755706322763576202842699296744854661979031949532053491204683906376319490696097013648618228884172701003304104 -0.2913108328963229674485953662571824805787969367226286800864751679551333589369509240315502871154516598290975508917326085990056378345716010647977113415279415718884688596567181591188429359145840053699843214701776716930460318 -0.2877291605665972004482107770549924709477753793855596818933827005249010166974431226575885159778687648430802455980195159606533469656353237888280166873137630014165376247856128616765851986981295233808126939821426021813693588 -0.04632391329711410007242400347877178669558790880057588408892009630604174139609799041212995588513375563557073639901914258818258270405920578282785691513142556726140779570699602429290537392260275586178578023960075910337534643 0.1748297755004554560953723899979244506746000890760499065301782137274846758454603328784534987631269377962284697746926625225540602192846871065377286773092971516021009008874365667594234276155565775882487066782762905898851761 0.2143765946641382786118412781661441302110223838158893531921451170505394659491677544131055178088869812035937552463469311159766991270148332085017024207932899124940870185785566778455953542670224867371646491662769384132460371 -0.2227007969074801775608074071892876578926196724419775229731063074049242636119473102248393783726626323412213536844951089046868147939291827082862688255909842274435308816196036415477224509282415323413856845360514571794277568 0.1018184967124266789051436416059005893256025812337125394415820631089848871818593221002449861473560064726320844835062386269019915176031410468612961565388046008928601193151768972575960661019548857630276989194540359148388341 -0.02560669918137282610023542414249155317414582153331216013533338315816679238353767086103222119904307535835439486671835995084424855369959483523708880621306495925312827617806463163296138006937909423706430168098469274444168060 0.01195319395792718704178865293880142771827682709475040940296429758936870208821535787822517637311789957413855417631502772298759083764105103707395157980007146203047174891339403672860802008916665864382326989187917177697185073 -0.02359097015350955175527399034701157320978979062797895681998866376071630661660480856250677618764382998710175936681732581907572320282252543131737943198880570346116314156142381705017115886778546640148884124408365332256397778 0.02938054654140871697181497230270664286064410173623618341604936931632622963994341313213573286431901730356958389226493613757511829256421229681969473530746098666992937695785425744497480950011904071939854186473553922067649663 -0.01535276062956622434126559157863012630494693608102667833005004897539331328830041860290805923811664396356950131353370484152389443625884132250592764677467273688816366178469031232525589422487280975876032517512331320008104530 0.001246162332200872726676993596981745374105885096649795250160583394376101628886118542724443224116357314626711001486948541850797170096633146864382897021726711546831574520759230771020172248593847028648279205222873208163166137 0.001257218639721164931888022663260136743846519962615119794193756063159892257794932402728598687418827027438484669736854183924379960527830192921302719358457551204858277085865998054316859587400694380105082570739661329471084731
G 89 0.5869862469636414204877589572658499952086102611501977961437396089251140936684076128864616398238455769462287351592340040691037287125256110601970238950134352150065945405932380378231408586391465470500605923946852713037764976 0.3304348188590809565302110644498495831417798911197993278856202779919787264011153032913395533672883607879076499211268377941173778169725461316036548698795447240338197428510818948160771656942145013660835175827773760504552799 -0.09785677351758144947374113680483340827515812917514002979028057921219315757297062158365486007014087300303584211098983862505614576351748870591258404342713033769114904275569704723861208622146896380540296057019693686113504256 0.5474631515600883644187795715524340327997929998880491836824694858633255369487863230357251284365709309694906384659507429328245430007774505641189668631015916132633358711693391580872437755003067589060620008282905545928261872 -0.1708133631461122457721278693974466443756074908977366543973349231221969346154428843904291493529042883489308986739444035470092593085317896141100764126272805747381945637689892011460245069931916899720411324230181547131955135 0.3554722061161896423485705607988676287090772350158224464782994195377311359323441606810780688932404680118713072576246390288969648587203398302367642961261582913373466344141767629639887058662163225109848035390446104833064441 0.04381315232918314101656401357571151360870496944758100166237456732214679576963576933688558195833560799353843840027555554996286236000770590689544042480686765709573755826998130217358142015906797617089969826059470651334398287 0.03679599997574296015876733690054866626007827115482138121883423010069637980757858532642091494270060110607818053164193266105379340434728762303153639033313176082745346021648666401246960679998205953881283564139056316432772665 -0.1860566367165844053346151233748700148913957334880210691751334065324165805430039108192452739070622622843425037410830834579477308944033437581534889339682699001019674476278793620752285996974333321824581279896296058367878998 0.3268223190381824349104681204886487084557868822433499546427677773692213660093947006851538935635395032769898961630779818861475996408710222339584505781626802876359946109601873100749690596452965694459164827481139625526569136 0.3196283673035847793431190052886867420665768076212201120647133695851313499778468843427501174560622375721410327300106873219342103318627787850484217035554508658237052676391358494447891287247420967398950582876955261396407154 0.3930670786501726883692318929627070071636316617887306239882387156399216772741186209255340377573769507768222951244280249945289559863381715696211459215209785557156157744666493285798373829961599357298860730702264104325513815 0.1800768822299805638699000289600503131296511930034958469873717021102479215080838486383832594374023621327747275437924847698187698916622808271708577271177906328224003304788656287613947920142546342026468998348957872667157889 0.07330344310917271064384603704401650784025545401675629934179176648659331735321193531857533031264653782322522026520824228646384133895248706462921323681118151890961124973205922622726867189513614774424608763517779221568735350 -0.02731159578602040567592570372851493557964157278617073155700437310323186369075237794371884808753339309584125554524023570451360306832772425463873736349820078863760970665999570321284099620040509518504994664488974248161447322 0.001924291125704737374066405955333499868567825690568545649773401390686303106866598756676554957611719861660472845908430078423797704014871571783633530590678857917753689047387096269288116147773397113910014366285326540206194223 -0.01830520410034133720507089508331975213705525782286922571041965246898980160709748051418261637319234962298156690227735581335951912196377508240152570403108600322694896697590616844557180304838369299375695600616524679531719898 0.08734739690784436925488823074721466997344058801112822822077886179295330470225124716291899944838035863072012065476414085489919752921482958505766054835053860366139390172537838170231069561248858047382653049529516064022220368 -0.02556769680585493654465934385808227722759908435851665611065386949253648180523046603550016038032971797550455183395221113168937837002146665302733514943009753676869196959324954333826967076662560167205168401562958303567296641 0.006784709436831957752372128430142660198303972015688981784081849538663811121107210447314578850969759438926202248334265756047346692856442088996578912634365091834100809563456348381210404778806012026265566494305225137995818628 0.01966442380666789220552454579122967859752222151356110825016810836697385710792871328378755237343776402523430590064233194216460057627337160891235802192639514942314210629242318014577815447796122986863518418552810851120127276
G 90 0.3515006022121611281400600324481562664494968699209125963773136043332995061415101720730320029677199690404185340507017399930212248319153283127414883008740734608884134554430508288394740294306123570178782543125042734205073858 0.2524103434401904257907100981158048653407654570718587570935973443663020990127520324783395578042088697785036444861947835018279329585687692809285142256810667176268121899986021725791955088665455954531865298839717896559171810 0.1530569976602906541639122971875294777311220851011642323421049838322134597288466138496902515658601081885921398884379334146947662225954302083165595648013382748425822334939859535399116116707219216285963416666714179945688882 0.6611908700368643532687429438631622548723267659870107739083009517017192599434847484824183640151549621343415454220330292188004345068962160245912990711305980509642529920121016205381482401374389582590945363086922682758702890 0.5493222693583974425380613881469202053066196794601522396539650543237505957034153435436494247637793762305372553342009736561936963084056366594615401402668894996164605852540999436811311075194581349686921646788346074868889717 0.5268009973119195048006751400368272479262581214848698998094639888928142290588729293188336686220755094953835306494764532066160528762213846981664418819817994157912726113252283495598553959097327725957954931656398513369983544 0.3085129417204081123180293361960695253636613242541793935730340800668926304624304197421431837634405854835475204939038091626475610686588001628433666008192920614393234411150078806844537449222020328503001765389193540727049177 0.07458341087425655773430309236313301964277363697545245051298319550256110903882680991326953363317436857418472694435342990669970341628082770145987263898179329246963713962557474050463767985650822011377732630783427405344375203 -0.5751313639970696038784188936399598432294074733833763178114538948850078965799025162770343922458756350401497310540200504892141140062241162400178508809268344615948555033180835171009548941827537023574531804855313851365691963 0.7364054069923027818068903263403787318157594388343624321130612275861044909385720250163487553192637229507726439543280750344860956452288413126296292595804047985282458182078143846366812177274709567063138357485973012089984705 -0.7186762561991504088012232698021452433660439306211073959154591467469403959153275731513466128753974291487802464454214621316942973856416510599055672008711359289466033527779691839366964136205436782785962162895313112786062346 0.6332454251694319533521342638116324158121926421094364564271096451476128842803643241279006747428588634515297355022262256467331322411950516372973547555986890159272401786372504820446137381502071488497420519249527659177606049 -0.4274986676226697787595182638440924295366374645344220578381820496890840827623668546984919977632297404417728553184692789955791242216633481700568796163213472022589854355680673794511450868967920149707870302261726458882578771 0.1197625666121119390358479066212669407418706088026399769536625647911438914837860103052391180849082653833500097405147251605007642481749651601344788664891849658606193245030282048112170420722053190834413628818443588831600485 0.1336632214147498300502889251832036864527250295354650643567267494408762194132080694278238450446377147843390296548795173377132043505396702746463045324822284870300253945154803024320461763060385912566944399575310451083983567 -0.1752908237100508874960819416591446318009688297114165841722432120132483106374832563352110206600013028319806495427247496321582642378493472866909744969871582203423668391948708026685664758157550222501187305184783504754054108 0.05450917919848323245666065131144316192884029181802305435700936623283013627049813835893992758332109217311534154149986308415390774225211785575356883113797761646385520045839849824586133577281940073742549264664303961685917280 0.04113034369541278467491584906159945302742821270415293453571470389585454290995173751581325588448892815398322068007807758188436434925662066827551187694908764390131170837926816214828750250593358113872772804985019752424288813 -0.02907171259050884597065698102507836948822480920691079234939036001289022825086199076219914930682684804510262330221200831837974388037065183013750928728575389677971582953955286062885113987991974825128654421553287100171864892 -0.002733450642947537183932011016859709246187706268077802234986477642731273213661078092303354860067214795085745278128180047917919487472790557679198105090444426077564346407794393608453771130032558810823539977089527313738156296 0.004626750518247559651576684882523831318666442153318944835308650306073159446845855867294694553654687527579712205677766470295508692783813278006917365000343913223770735666777847908660083777657041976002336265210960548837261932
G 91 -0.3970542495097523046740694999134204940833382829140516717576720364061051988831118161728305864215897605103082885683234261044801274413153768653712972386328602870302068806134424761333709538241149372164263769558671475671671265 0.06651538371838690323429632409165756937167939762781183278295432087784892564752973074249256521507895385912153831732352810273218586486726726998713132862599765998048121642996376062972937524576450049001959610309456916429956679 0.2372497956777858317388614912600516353831697912221990662014311245778594755101540198295017469948054716416942223123008940395024064337888180987376231184149539555815745576345613007441761263610047187782350302027628851744351773 0.6489564480635885287819321362910852368688354281030908158933025169678098455252036997905106809000929635167439499981943709499710672174885095492600485065888169471989013781860055518800063959796428569925392891240382637719779800 -0.6187950602027990324384346041099191441408188251061910552322672072486423977279871084203715824229062256152919703824530806089759150124079959259194647497579979111326444317153880803897308410448370158866096394983954267828728002 0.6811640991751818165501201994265185832522967954786488006519970038401672794331509648486559975449306193396498572931053065455216754532666013567430743536961390553763333987520223020569414174648462972469761311243704786797972531 0.7028458645066925322429169689924675794663825904377051864128008131354427566215419115395115861442252467503788534647352518460572600936006955874148309320382818238942116243125455488931209725408948558024779963308666770347781127 0.6442995695371025116212348888026277008050871090524351681544336427392354127843506011314043359032462011073066321554385696962731142618515895610841818481826351856876678205664064621643864004275649375577513195934473532386243914 0.6072605544772981507924712018811719213718553882405031215154094648156586311970427124196394261595583422381684497133985682340746397161803238910529563768417061220611107179663396971337809801590379251437070675320392607967650740 0.05819073926364039098264381293474711268435224764219279295140088511013864954589117222346923620089545020536301404145742640442050020861761737503552813888108852403414418674221440019220618289461291071307033961984986412561581985 -0.3276318855254805526792271505118282277866068365275668016486546408825415293699573515863202780831471681020961950199435510791023046918623764461530950139739269023894893405027669521881944901187062826461275251965774034761185535 0.1280472628768912739213447383777171561059451252020570406825471408796392895876803495100715317402075370477869865254521438737919801255481386185085265777558412205171617247251620423115227438371137800789598695666849336831986725 0.1203217352473013747456707574581983456662361225648959867575410412296955264661453605397191157955493866958003967854269363293151501574777202786511044795545942912702736628570961779607097666184632702253970403191697829836848024 -0.1354396668798865462424559241349082216486643444607714334753728839822194038585258312012229279420984516592111771208199730897592316802787601083857019747284512947837966534548522978878314697142998806460247193775191865937622703 0.1281118861539380829295077031520019831945505531932731474760758481681747839195790528578154215168718117619914477033014693098186081886505830186311236854305565948146238738823824291714759585834754951611579485813446375573082899 -0.01366730015924697357852860445226573001088383278744584278107087176954272298849183869666742957304845444712719111101885348614671336896093310440281643824750350453100792820143175071254272787221186147148012659719194260809109994 0.09885528146456371090050738377314890286589884411393802287399440258583274556441067649363043256493411435605252087372120806719493232137074740986831784439750452807822102013864019261152379255928745967913399440220659795183019199 -0.01328349374263446586343549280435642227642138705372025933038278088712252595352925404923439257427222792046536290779444314324449309490773021011350339334678056405451647439137919004288909699295642725594301832036889688618794198 0.03352636073720567640039056209370176450914140571505063271848588287754796380975359332876390517005566990657109828437359227418246408338392462486310552624639990800848717568767290703677393209815639005801155890543032103879535084 0.01512064978389777308871455697398704071506064588503376020571031472580093534016477313826608022992322448851566118100561012442522499998210822758396002881243794159687233134332612205836761313037224206048203497740754725114711343 -0.001014736821143471745349255999214761225929890679936296423900372618488708357143601661317301864819608786280005604563322756852275619236859312619178294780525573865906654285828261650269881535516949427017155234786248645667279444
G 92 0.1721339401905532554125054990772834120579754066082553356180676551374808372082421158830986415793742647733213059093634332316509135780910122803254652344360195471927965660542828483589670840711317535821229198389165004345179726 0.4319569503701879456228366203972475889159223420055340520964214498550957826860926567433261011745569394890745473472825022697532473661845834475829213212577721129350544315463044464682476865014922350666083100805900723162130056 0.3117025949078109006722523704663671787716735282116062744052107795571926363109085260526373824487122912321561822240540499725218342862386310838578588714802604232785958028422948310498831490081342429007133446012008341236875596 0.5315062867000293074063788968230684829024933704889114132101056698951345977546896777332805325860206384958479674043025487842088360142971155172107840218913132172810490069433974465141438420329484970012483086530788445248799091 -0.2753866393030880904398209823219314493832200369185389239101490829082999845523659546619343438275793930693073845290780774458738614149833732637556723423853912304970303900941509945779756539277230574506516209482640339998555257 0.3333764996214199999561051784348929713381955974986255272551891065595699170266378413310720895770985747241851096431997178717698665708954835561985252896461825800272545014974319494514270421257694529035508362206975314594729154 0.1977056327391629823533380018711439918552965599116852892223392177339232172086877632165709795042850319907511951777918646921731442391308756449842734003863688324746156207867162421017511030271545812756968568409769582140050524 0.3519206134575264862751264178653350705161831567203504864156239912929611094740384192658875693062753944753578844571665655977944823790901301988353757636844308855888279737471791924893408075282046794537477494405730702855764896 0.1241766038487955855650736317674665741222950890680628630913722964789847436325270737500412807824599650281412872833991845534879732594134569354851385431207005395388353024005935322260658205761316908394649878646376341440005110 0.1150451325595571546921052345870272295029588438708482000749451335211224551830554299462211248150672934992152110246729559269148128485963793122763985860543020516927678704491559516958369735872076229521786292347102099106151033 -0.3012202325151224667972868616513270845842140313923690318423347602170159188504258186229863469087763310756625593179169895753776449589381408956780978959854761426746380746655065238931508420006107612600374354142189499149343716 0.2968950865746113020741750094564571285923494715715415083458961636090443312705219212943531705660116219390472261583319923050119316648340302535699314653098993928425707039543881036221622391138949716804282776885335034363250708 0.03516547995268572578523460261355999917172842423812406895521246838627767295211724342343651123256330163445185438127162084835128616035270237939119682803640303117993201179705165020362345940054701943841306729326333017372413932 -0.2238860491236340224882413032775706193261260361179714975404707669379377344151688021963219835292072079987668573548080499344165364853547986638903244039699840314546631050832249759780125919902724430308327095346141299355069838 0.02369358401523524904381831657457106497408504896488200429592191427589607556977301283029094339946749155116034037358465189986763909336557231957888316834933465438610983866175514873977225204701090592668913052193142155960651169 0.2687858852942741519468092887475369514060349511419516385113040001481279887840130585726153714126007742342074963241124492430055175052617915008952396692398936493888669274983172628066281700889513834482350646558676706527051466 0.1128084590968828611392191260249200860489466207768202395190870720939865863033364789567518379203232881048824752100535532953787016966397094076587037824096374762646345791424759696890395607927357642891204437240313726925683371 -0.08886919504923589728679832573450354843581202624486731163579674466646468826624859260224497303555128571931910189622874776474510145764968117306435044390484385373410430782755664653034659192616163003711165076684105190883956504 -0.04431398147970219514093541710359748300985289241046970088288027010340201179789870619487600880963995251368335039494700877581325758269585419842627040664957023936450200670116316977579165019809783263371890409571358812241884202 0.06388233574986193865075757736251942651686352716946884064157374968284408933767940968606259355920093888396069834501825290224230343120925957729151403162103122818781498572901807353230984865253611528839512947221630262340725360 0.03116899996721621323669010481917140564122364891778975593636092661466448166373958130468202007563705130500767181764519008125365163100915430159173134505061259706489622576172379045801144522091221427448290248594138155541041524
G 93 0.3696207297076507746960212360712948056825054790759946503922856690136789612590558869558339464976801764092748870643232967721169825042159293676452860935485919851518517351757423630461147783971179446074124009310337798134478205 0.5790404007397732972735177982243817044697387240804058072769073321581925442275260327963655543933572970956967225499588179358171537293835582765312078912773916325252435751181285506403084529993749443208031661451670250712670498 0.2638044631204717314648586997770298315353456190689207770614799465301051953326724077462058211615351230427326585218278243951636761859802222254481491016734777671205334017612852644757928675792600979659049818906178760020280114 0.2750556204495231789678106657281976543424886955913173905031374730348811486363683594040641879318404451314270848636848438653527287346898172647331353388595547496455118653998004464628938366405206375012431946147066598351441514 -0.3216231380107882360950423249519385197727034983678533836204377411647190449016143374444438741360095235454737771015531133646557429122365875264837175688003548674209553773659436034687670334450913694237065204159570950939745552 0.4765060879592142127964878666366273245673887386922264467414932958673307914874597486784146243994559074987822467651502480739620830996261272416210142741557405326883548815100076192581978710640301467277592961030461828581085949 -0.01032379329868186304729781228214073148357989009891030570147687165853147380763801260673189811081481972091604896324792892715927085096896944296081631788328809393943246586716714456910092163125947512359771831713521322861708026 0.1179998491251595303321941999067225684327652706502683261918446915814683928506320202008389054802265923559589683227069434377679452567273357742882609037081225150906498463276860272162916346362514689381356184130096879431156277 0.2187071452968083858502741181644625677446531789246347898587621775053303643013662702261962884249587250402180465758067505386460985674513016356976499769452394361236891597956817484864613669349535489519562691986216584275637498 0.1824620841166479129738876928155249459993547056850284165692320189775496228246014387093190843217563883710777237585668938125323853641848917849611339851002051909353230247785651782097054355383230175494316357250666777343522857 -0.1041212822772118089796472085916453824700853680428807568281912185910762423421780464383939319314375357273736288660523624576336840792951371499180137120999538879923881082056519312508572767330621212981422425182595601696362487 0.05221957612929927323861438863841189214481459426567750011683467386347287084313271749173297904927867831367970903137466510659493368275849659310673549829149649702820174631127028696227560892093399016856278443722012987851091789 0.1414507582884563831793029312011969063922135684592998084878264951085544723191651197595513901239206691495530234063378558375984444452864291183523635934901580591653074878352075191726635440368334820232870346204360603286083189 -0.1589388366395670413101513489438169047646920288609490456988034361749520522606073447620269440865729650990237869376688298961367442234609783270866715924229068769595265580356273781203155085804775975083876535360847580599883514 -0.03949675382052693392416073370813489723313199029442606145968406034676432917790911567480975428573146593764482858552835357961862510567201882498223640670117787504734257333775399712228067582771782125390930207388646907532545964 0.2053354226102130570327818064973585144965102055363348716987516483832646969752111802044467839938116784049959238131404764077425393525902187356470494630778950047226602429022372605673278646805289476943334652257461610690818937 0.05054421386517556132198965033566134458318120290463628743614225877338839785588768227668169731512574883184230047751124747824164484932650903690205434112717526015197192009991291379729641089037920363845680496611378161367016677 -0.05533726700187633397709415097053100301028314179399581366223459559616191037898223290562015440546397160328568910039931052943469693031719761186121131130276234753982338035239994894212794548283154003994815416216962350838770406 -0.06448819807658744241638841742265727942654919434658564118152968349662026391573910583236156141963716052974805200513818146950524234682663682873075025750618606585766501153820693994174664087852767135571965938766547341733818366 0.0008059759755884761407383158484121186457900134490917821846538068270407897590466956840562943022425246733744480432142777483713077896767487611067436194241210198672471210281541323944541395506046767622649443232650361770899650280 0.03460016127080239494312306244777017215799042350757216831976860589636482991092423937747629568188091580528199830989648978505193978051199742657645711808284055863609865316385389984345274822808614718800596552634234054196573926
G 94 0.1760013005861563602242241750431703253591010987666608052572506152658772025990502322955831829519361979096438058084992957478264264352732178869409989840930607823716891083504446643437357907533568447043588617593376915637755700 0.6828035782278454327464407587528688802009155923404087161136118526315020467232683827181860129450255149542116186251054035063756656152854209100123665617323210466760564612230970587259858114461242299514647458459708977022175981 0.5324684034221668672330575773377234802085999837301098132840458669547481234556031579922471280679490351768752028316733171640611207072180205198892889536042959990991643647373423516851516011902468684861032189863694080281307892 0.06926191242792392079233466807062474499998772313355636737481763586242753480352694236444584349819365465987384613737188798688197831391688453919066430660347499428924166281094433500366093517435564536614436964297999715323772556 0.02324378275937057122090223174835183020781410928894103368568691606989451883874673139343489812306675402946441503479865118198168713350026373350584224493333283553676937279994522755159529115229841979164553172525895849646914197 0.03484269254926131828452578026477382691700485961338526518863154414076122667622524096037493274532164946433899802033737738795679855486674889916256725420389145704118825043962035381590729864361880634822478819637929883878582792 -0.04667349136112210783528538513132564841430712926043030111159053751512817110423738747145810637012080180841381203598573761344483653944422197393826751049359838238707649430490015212968623455323706188896315497264637331823663446 0.07120918891605055372021432682916028830142761359028486409315102601423616029816646574503797892091127824434561264690583215775007337301920917367018794337846351133165551238039047514231680251418875680717362424659441272331162745 0.1072499874682592681161347738380978114347525317126680406351132973335879281260557920803481203759540219831587761077185222603388640735467489923946985098920390726771909711027995040503700020338548455409747599869035647867067507 0.06303681295108320223548701684116228529780583815618869025468972698295215419079371057366343768497546936849094142077294780338364220941400893876400470017181652555213682219571516705799361727747934561666656797827972392143869959 -0.01133374767562169152415468784660508671120690629726023922281606206959888545799528297719068287155600549074410864730035554838428781054859134386157404467763981753029521411053847678607266019153559625095141794695356021632689770 0.08470620625232514106021732190459624680654709798848670426789001642096753966155391196607457900452357371724927174506361621123026857217334742236289018502215297973866718015943202817369067759773822250705529151122033069132552828 0.09580843766194302689781240130890578818184525443030410233990874768062300208622935064969314784443719014001736706867375894578555135287787300380897688129084481448194093845511085181797851660413128855487955712163316839723648217 -0.001381124226166344577847046617705239573531512159823844769679491065178018858564410109078312649117093049243351073025903769923617178651764194340495404240084980576922548281686958752843005996560194945274921103620819620203445781 -0.02612397802409731300072244053674035043606304565573933792945853285967993577834950666786639100079215282584504666158000425193805475349596760757900643742764998705979863217224696415417972840113437251681260522350104922716808404 0.05737125440550701989814978362958891513729319730317970760976656464369758675263137828206564646206557011091324326221573459817689114047462396953760203569931109427205361320390220108431201858539139893065487432115498958689799827 0.03362256379022741143627606116692907455433485436520946104301825637678098327311976503978764891033555315986968314561197097730772825614434598464373796968236166962737318928744032129143931994804460337204066614252189289023732050 -0.01263688533601197400031278699373291207918367474424123368120602792908264720835308960582736275573564177946189473430552971222475678093263551772349424703203460620814154476309100686844108265632357106838270912892890909898570788 -0.01501268302433188140451909819724788984785311458696835410555081878886419847421501453180814803398190891147334022588124282145855583217101472078749036175709149151962584187812432199171980884690973205623350554264193712014248427 0.02275093721283320090979263855452362942033463871451368356855426348814897710523315965339538445569056641812398718585164647040325051834081798336481397656022622864098267847417825853058648342324721863140308655130397297400369774 -0.005655549037730327309334349806015696918808886630435397145740074225161796312529669898420805373725458254538514366226798219406266690354663423282558231415916598194408098493649980853867140866453137062728689632572749365865163474
G 95 0.6262879146554893285421270572260181689996754316697067895841551088796509183381053674426836760185589858593905998037258687437650421042476078517456828556182670806036834735457655307827032471514220045594220842082717087455775888 0.7702017323606361211248394915328106819550118444637755269584132866882412960203040730280084110013440489039705646052287986696799969144473907382532383190593075595662487998942261953084120226440703940410441053948124397735685789 0.1342538738643731625475530786118986725765806280778071191859744455462719512499680237404392879652995634209864266506977494424493955973789785414666674324716510558818475099436356736443755166870069554666373537909224162820166806 0.7637879710418459983184936299098556112438448662340282697721138552500687862570824546160632799317711822862634521608399045493589656882330941123200495514403559196130418335686380995570884219840647129003537082675790306085833078 -0.2805178857428644771896013634229307909421847480532331682962508107744973933918153158697128331349217615073027132528959668403490239077737678843500952707381901924323200953301691315694952268938204743943508724980319237061218447 -0.03908405650621298874042918596666009432267563524551273043184593146722301932826895981548889832514060829384021358599459921029850174220627434454734416367583154427034291525926214354231633252132591858685804998742418551688102018 -0.09388842472817975104378086264318018018428443245556161876077628517969511080093273891769011759224945861477399356580406680712250015260135135175733957284496096111484082759338074196536081225037024627687851579754145326417869686 -0.1013400443325581122229511760585711427459305602595804939978379273951630113401594585484401215655389499255338276861544014645127630024365118448638218181711954649102538561237656245302350285925199306044151710813984111373389751 -0.08043653544179579511261868632590465861366269751374896946416109468333643262672349604617439435244193140885586867329701460257218553500243090122568870856073651532642084930764287555273303871835096418395446622747883517895494799 0.2141480813333822109127130867650713504609774602927861524965141656179550542326614976302577860233476978152074479429795477378020668629678150122957028296441748993013626377251366445840518886887008139377946246209373337730341302 0.09140227164662823451263507366866243061552708574137877437532659248801494896100353915207813952477424463736831823269338021682969498966349651042884011402752181430075783085193885358537579562191966916813166080452187592301057047 -0.01612354638355407805630981146754346983412920927727429287936221015246592293017820190156789951867956931490953515110675677858077725623104633721340110621042023485080090177715038825372555157172215165396964574716136857516209680 0.2063015528821379007303708699045706126002556245969356262879719735775641412117410160769423017112491142281139960313816410056710804692771834327468205946307607141574006166050533740915453072835603671371623521436335018563368345 -0.04765261464181898657184569398731220660317791999683953785156157872733234393127603440746908080448801763154632438659588377021326965311284595400578482210166450429637839658945699192692137460001209937371857771559635704618303239 0.01866960085682177649882882280516227246470910319592819304645990774898074419506121991672536533000046996599499550982628592383821297088711222567326391122156249822344764858223542367176197534757695524437394415899067207206008861 -0.05893250743992494303328967705574839183067131010511999271628467679021311849021953095997262317599878634377968343878246926402048724732560345499824796708356795536348914696345092313197861501393449133717305786610435056213827928 0.04663889810048853242099764781828912344592101878662913686305586294630918799305660205987975201758326937600425345760268777835409761081031406833231916595236012440229530254774612595671617860001661949587289163339893096377777728 -0.001796280446412944776349875998770392981998803104613776337512761197373937176684290479431674921136929840233551019521552227761952426425430738998785128947441658990408646867804632840350301000020124720721378088667622355135504374 -0.02661438277148776610020960889785718940326740321468433576678018493930891532399107102061346855684117617978680786299725867920986320566186935627703310988345130704757230011088361107941940984627382304582940740404879818845545815 0.003070822909825837906100361941201510745012845578904833339292111264364333937173425719870709441750686479716304960417605539313031214752157884169273690986580486919193765097622913803602871430492356083267563290868340319384449619 0.003944042511505557158277678923033164697191212966185337138758973222739933552404322420655169301670987074713342363893268585199515969600249908914447519273990476635508522315176280632995622088693769603334921298908595492913839082
G 96 -0.01747355588616676901172276784239758003299421415463053129766456156549158142593973965100028819579144690450802541150179718334786086186836850168209454020732402666194139686263463167610232693980978238529046778853146336481580988 0.06979249789122103738976179994179014359298508641945672219540869576527211533740916142866309512528568320716588485089487111592851817913724242777832694947046028099765042717330266704593436917686084814789584993821251209078949497 0.3537975461997004921800327427418406987712035841488578321525170004382349613942275719812420965002023217354973644951424430678082630982736284866729135500738682060360777529790108091469339424914770956019882991961387092006943800 0.5162850181036658998280073569024304336108568808341538568617819476363625946773037046138579807111717452054480365669072116751782964503374803597296269786155166151333306146555231292157257590472566237966787890769078147710814061 0.2858142445448682610122094503996520480799553437121648286167174264437121890851129265578888370072580396723723772477188716597291479484559726224300232132366791759787521409360378046735167632129478784560581310962034747731595073 0.3820438900080390788837915785035526420473590358886957485363456628720560069042964563817996375858218645169651353076521040937613918069955290434363419060693431352526521259547928108423439007816509060160128068942271652686390918 -0.07132943147669702568251754953785837475539013498291051354341590727520402286200892729440353795750891472366632027674936573334821848903036321322890074464169847079098228893957402805436340564606182841814543097864012775796143752 -0.04670464566500380844345175591809167260807351844227970309494413129573045253563053796629358281732605067781017499522470123869771844253101632721079776734215304644481148604599209296980105165594779970659295941605764817967559901 -0.09400574066727061418491718755018090839042570674251212080253754661030732477320081649248067281135757633641811228763714259965012794808678621545468743015138721196091334886027048514993795825786063098682045002982988718013086258 0.2681397935089435283773503860631434142616884766974189046764009033006457361196713578565036781428343095971036587798469447741282270577722675081725751904799695101542462100501790296444371043968790814567626192512965693838551986 0.3465072117580550498614447111586508635618962648832272121956223210028725665287262729941554284571320932266885259802590739179994186740289540466122237877705106592738938989908243358448306254897861329694127357115273404310236878 0.3347382218571149529878310423274438731485058315853413900544035248456415615009629178647155082455294149147923303001915643469320910502177022545328314798151122144132114094155537680349620389961492840234594132510816862294721332 0.4310617755232795007184751142498461505892398908905036499283682997099251382688753701634401640600995601846941128587460876817410635771055128342405311245889322372779421859726833216793939390515914817012001336609969613994922224 0.2703540506977038499545592976609437104441773138872678303577557519564147225508685241418239323093619828359873336160220986194708823441702383861477938722732564820359978528484865482103436376361873530245409910066275247432868569 0.04441320465400303250670647021476092864604215410705102336861808677796919480887675114456441636268139149880406518138389129369790705603144597429855460072274103565084515312785980573979429299496053902845011981885306090896762295 -0.2397553297033791761427854679628180212163572777482940165676339512157881781757657426416440047118948546410455014284428053770046631717000839977591911462015049833301087797115967229328246139921666213738655452195121414529559177 -0.008934137631910926732971179867260556245939309446249628738227014561768632852697284858892312173417198414094671597100459239998047901324401793682022984341160560245806282283411498127575011701395116643933045389991851853276853362 0.08311911635083639485966842170396997158107232238660790806550139535907457746641429934233413244785275575259309851818351451089960396246187208234441952281073378392056268426673834075090306050739632976043683619946429373241879779 -0.03523622196481338312532698410206966434080712232857186773004320735478098225134829627866084652442442052737225759576570986220069736575953069853053431258456404476220085905418588094967003928277561316680991833294735701274782351 -0.006331954127935768836095969676811977117620058980574922333766520596699860700331412161362130096322903357915166673644700838416254610387711663877911635601265703776140124624526955892542256510073611839015375571278781134047728521 0.005925671359583130706309961897501997372426150385739006327319738364103424730239983861178720727393169007871103284137015025158634961559311719026160591195837710395416030660160186378954625800684313370163269279826575194711634886
G 97 -0.3813978886491867621447384233800401569334779856739961606983454689229573977995359209586715182832976621799210563042395473759424791512558445336614629333714240457969670032919602321635690986142555354807186052601822213098500687 -0.1076049998326101816966185070825334017066331755454947713033095877082733558220880197578711186230673304850656654483939223577539675794547534448717536606447023722397676134176661125844852862197830526273056430525911551655447458 0.2655637864448467942838717573500236528700869606869658250483860437925352185581262368756941804252427699606540735233783012365064249054030202245842482382997630602454574146595379578871300832733495972405755782753024609590798000 0.5248878939065080592932893982471861880052648572599164863250259082699712279829993429357515731626727453660874864075738974088546036309042407428149743417109300631768976937075769858813353495428416207839558070048487797767076691 0.4944199158202902204303799482946883345763027639874864439857250502205428968809069755539700591170870613050447363009720132677728491295337953060010615451573494522429947450541492720285254262453772325887718006505123502879253774 0.3470722699354522967396069152533317451667499868942250954544878273203646391092358518958501052931277566752834565351188126318954571688089542656511669773295647089576745811706313355617504320764439146415645046132083776725317607 0.7132503990540524364119291733057365104657185451867511940699235827343413997095023725141636486307978814885276713379351242820362747619108679848869002144060165943209876140846539541318354269372013730108197654715654493776345465 0.2786144000145193053545628412466225129001483099203519773228942126912770414638331547110006513740161940826852602757468784940662924909545651016043491319258867347874602651897724858039798514309925409662968813572601802789634087 0.005514310999840818013946628590635916060460851125525494344778811550748533677181292623134420273578937440930054646912954963211274281961766867893614624705292173068780615452353837724458691210833458297706532054352070481904248443 -0.3457606168890007357520799693142215376457879705305638810644860202153474558308741253185907486682014108797742818319527893018316866044663973963928800940833894714827604624255274289576132523733812031303910125215772591119774065 0.3068516041304525542041227293111986576719070412276829863011966892416999725741113869225495878214857264390597007843243243774625788074067563603652626747735511537425474225718196326698184581747150457459946437537043876530633272 0.3707435208076866674570915620745869771341405708976847085876870673115480001918024221429567182379479977515142225505796757268842758964798013445231986960955563494713970149637626750173007431815789079852189258347465810934971096 0.1597922643705797825852783034040094061174103068576709148294017442717892494406921043068092960581168218831683779352934351632658671563061983631772635760218051206317004010166538377848997228204654292230574481436490003265960862 0.1654449147220038196614753390250123702634842308989236744743061812308628311764100420522725327879665081610807645331793040245118113074190861878316710753386820984952959709261464073761204347803333766413034297456423468179148594 0.2197536419466409891033983685391108615476731236114196782263753495241851823704506163976659171700672387708918063296297364546457210901498480312545386560829230230076646901472278860786057924406412368195472475634791316133182139 0.1518013984354589692963972978123129987793922155121286395139360666044545809212085115388192672874267802692279851604870130724113632870790930007882064716041537211333134178800862079553033396887781486207934541432425218793475325 -0.04110370128831135111298325891362039110516479245348626105568480264884132821051694330261090595960575355470698106193117242456496337497057855666589399871963776438231168719851432086734153969156558246624223795927915316524413010 -0.1596410886537633506786909119513621753903637957878129255952445551197712333057958179854120207568025406503535153756681919277553253674443916318635405412546985863745815202632276984368401408064205517557686837326939599873392401 -0.04136825958705468038553707415379764478284675898933064596831584144174862594842168101955411933910071907568763426103073037640861549522933597703371310795273770956908800382202782014423372090852615932287831581974120413896999059 0.04763885621439125744960241649093458270199407331583309205890137860076224354481103569914985532112353716010145523314612598409219375252833334789853819749968788927074198491326221481808720522606968283559864812982717653077696492 -0.002516841349025305906279280189972307223310366120690578133388267625555481883516447336228708603919329301644062768269457140229706262842526671321034491642464119741049452882763927791488495527893370926536121891596703637578808799
G 98 -0.3263507963716592478471576865531501285312910253559988024198633607663129106684139577334796068479655967292511084435927709621802136167837681119585772085744812162244178604443545185766683261104496037085229113147467066710683466 0.9003204834036872229815048961063922336841535243206829212866826245344605166944747644991596089052346649148396670246061798695433343880421114489018641916753474624776484662705947474676952350390365361953741727192855126039354671 0.8971173913886871112970463010081188357164848350478808957772493052080561874006481298032739206391763909812100400874432027140833712258112115275130604501036650473262285458882222532683996829110221759703876085549132610603856203 0.6446410453629489410458441186957463411650316884878386147602531429520173205052295161088029678760896497602910666113159021357604276705533271295755457965025446065011372299795610589180914893175628119524986168007192478521490224 -0.2452510766765093094304451087537369123470128836065616939638134609460883152315062299022083089155147783300873440957676224545160612776271354274073957223720014682492973785322358951206565728490329755417094474965346003162813535 -0.2980476189047768010782393009112697306981449011373100108476940985187532403214325767836451988711738265229962584677521184170554210619427033592695921927213158331591542358346984094595637454818348849480959980742221646873987388 0.2568404578641280418682516977826545042588728788292666196649346350173681414450667910512246983204472715495211239350852421393947055744697056221442321839432035799030214941701096781092579351256068794414319180427249703840334620 -0.08239646996355019740169667155256201228204397294926852438026014633064881157829370134435509687388999556376748159532015588346558969466348854739165543635842164598401870053368755636797188805618921937536749764572630138907643233 0.1827625443355842715774469539133516201731089826655101976351807169737278710865458007751213260506918093230133482161429949837608395407874150961917289626339302732299301842701467558579023153340216178258970145495384756718537801 -0.1054743677482064738003565273953028133229676493472302839545259762900327948154995851416915010178474760359012812447165936317811558503355151166689325484896782234589184843738667682591763996120797346300904777156692584279875254 -0.1203871243274247131743325158374506732633604671913993709756738460698493633637821574822919223885383641847073569255471445432505592836844749164137582822593576085331361766110249450104735085076802508395130719303169946273207202 -0.08178852186799020837045739158060358144726959513737750542827387331522287632001888067392170841174362088103282494573136887927368015319248366985797434243129645185261970453720573684767577322540378156244696083102643758234824048 -0.07010497909742453579524861520938353273851860365685873882760252835805264900624453265733471909138784540748860503344993425041589798715308457707212891746428595471409373226379249340679214164035280187242819267272160111282231595 -0.05489142488916928506406598175623661796204689539335815354319148950692474436701205080283110257256507716891594889254321428878086967737252108422342803868770805934909573890563054837523572891489681443299563963673204411913666574 -0.02147085245622601054844048402651378516099149104160731253172543713957526054695853434145351804195623638136120207274682750107925465797693790068037827515512665768863310421389151309345023584686316795222067404213156088574646875 0.01931170761698018303316154777281930159788278356531235466474761794852111888428194896156704426007366650461621134302965060282704363422891850051388201202237482349928575486428582318911496742007242267054022418117118687282946988 0.01899569659377151421522193437296307852822799995570449474885987253336321084245363279951740111131123544373258564116904140068622869857009549714722552880648186772620112377646268568214214076017305771427376859728390221672218036 -0.009476016204116545169764586404752014385684878176701999807196448910604950504113835430529712951161603556587747875799569151298419990511419247896960665518871181954591977660386189005363710017694359364888757194377154662752846972 -0.008501717871717812708738970704568332904875631193884671225205300469891926853982919266271231578150541959228821801073590435186914046350530654064440922737229303786733636116706927306615640323859166580415462721275312597442404645 0.005358286597895663136213714414781276016332574527620992941290550252985309998648328026461477027256501948873139614486296960387900673241965483545915315634745365389811668254921628428472315873749798946805671180134048900825793420 -0.0003196793493140919315576948227312547430462337004217291524419793377232849386974621623110010924273119690268248601211866391346743000377389029426596930748953281962510452710323518537576896670344202836082852220012730106794078262
G 99 0.4838009931246233781870604175416505145574032112810643468894902671300634850884037483251716467962800551718801426922629529211776352169806924348689526156784944957801671861412061407895902894466140765647844467049267533897439065 -0.5609383233784462183323779167717066176063963187589957964297841930479219550679419937606232918667996592520353706423265942516936284664103987005062077118770943227713369984951409381865004404063351666598139016624998083755825404 0.4781449523869068840432332514808797121002652875541645678960027275382222173726747941525127779275343347862476009991669379193941792447963244637617468873352419908255678950860635248521593333077435502252408325159511438830393464 0.6513687426942636468674289288041220223229578487204121341878658097136806009722735037796764632879875344625334792065107962479850470061066955424096358796234252591977285509098182810375905599113569353840298124481194046055957660 -0.07636989116318023120179719951765017285002335938555789725478181980350548683219466879847300085033312129283736700885431393947518657876155940325586875299672995442119123227171155504918860248143953201560777449053103587713951127 0.3831786300279887663638263971970501618120366111284126591945433496155966241186391678803091634376825336450879657220119998009665788715354755890692466225523438227509263256462888581356667873117568321001870571817728391063933261 -0.1084325518325291646295504525558088402832689796292407711396351160046837994393986759131159364077189598483137481935938841765296805042863786313593531781187789384004340766292241787181027153041916577874215518002419941024374225 0.003708232898622352712094201486563005277621990618514405518931010469008417781730540996084566307702674003121877677250047211275535803846886365822852073259512763847980245432964043398125139326942400278545342045355205140530659673 -0.04079370213088338625113480257371346463648185115386248011517119440852587196511579970577365450699757965711029375337389970400751027518493329786320531385194851048960031188626328369550579775567508556494361157515186368817474923 -0.1636179040418605076649216095823158759029797718232901999696676034953886524690153907037474531604878088364766025194017912045169794371009492500150418150155692946981585723300513237344497927109607209099426276145078925738027154 0.2167150344742332696059742091819709374118052100156562086500585711113128798196615411746129514425025729555540629488838618824248200111934112736556438328828282644620695368931069536942797359601071682883423128000136363958703585 -0.1215666771971096125016420599832776682771599389832482130007942289604010132282445607316439461113810030792866406631166176966875502705156979591435237052732111719479712835782779282369620147160664258351614627857744268493777823 -0.02036204516189409866589811122861787023849648944061779547700569112835410030851352025344828059570971176579938047663187430819247807587593729407793468617968451016754013102761538499072371503228899628846352367156252907641652462 0.08902062413544115278614106658290473444344634285017921724371534205079608285438250625027307125503477441309985566828908370227690028738457929584681011976276540724841451395107532808152580162537769348826963936992552329183372953 0.06565874257512055174445534849263169701531457763340657600034382680251349867053360564419104537427160309590209710471146313626067749369358788488279775323654703793556843509593640470542111232734168160615223336512428352684770128 0.05411564485296540641785196739373884415774760402472661643584353796420411970546414760813061542558257521725154249687530884758101548469211419444150863640102563360915087586532818361009492969781404413279326673160420665456083131 0.03320615563160652533959471811807319050952152500585714315598652320239310304452488394305318958154686699059964004331838805273390668867288566618639800008447227825289480351194066363001822825171699510645775136142444235564322079 0.02973416099948081451284240642670837401621139305132907685064748566833643114202558970591653603057452593602883300218557653887194959011695885665663524414055418894770476767381803734746270619868303877287398705914491909936266101 0.02879981582374458446669557090246036776840990007233020940687766367468618724768754581711480289757219404357908565400709523466646955555311867892508293780619929112774317155432044930954964648396862234290641301480997482550771033 0.02061549415871724612540995721100010564770081011328296235592178926937154854365405322571267680763471931814943439602692038614297757819145122846775402096414678116177785534646006945921691490524217123720919074446512848204101064 -0.007684925060089993633131147779842318488716899734924726993775257143278770998468343494179338552634142236696465792802955682187279845487442936457090458960273830245569541799093429764261244135445482839084917326862609531214334655
G 100 0.7119574877491428906563223999257169978511084012879688719913772155117976361973168410495683800870483905823923000511695021743925528126357027857530961246589700689892067847076732468501428281112813898338341857899949330448646006 0.5907238255800694934294044444869682454567087403402017341941063784366391809821135364441998611865457667276096202422795468772471946436589896994294299103661922110512345368108154412284868630208598602871775431445763669918727970 0.3826480450788802210257204935471194870265699526752261159065188630294463734610449883000240575888249691017092726480906083575809159145692731241308791486151168548772987068702258257553009377434318158416846149600553368291233737 0.4381833301462837801377970103579045559084919475421003882621093496292918187861135107761278190235816363687688735656719091774846254846327237796297527120839909372660392831633452979844159085913752536591669635790387825531574604 -0.5437407026619401337449543550214289730749778854608251663320868984207920117157233859301659240059371367606074502636031301049753578550736843057366789515289344278813263468933171441059260207868952938891631924361338406562744407 0.5190643352005938852697055911861503939819703790392416995864322683388158540947455894690525216203204563382807110322485199092369358038088546887538681448277639536165613996658011349910018943770799603833603336213492745757407244 -0.1992555170209348250335557426159317777310145893790424988031465891893457958864495679451457122027820617936976302043071016953207659096447659666071084041592034143838122240610396705000045927677665279616928832165565439526453823 0.02767523020131612843779708070210001059987081391324491721321429342831234507062339982929765068610619980947685587237758500106090418102802008195527942814331935117421686517844147805310991081912180534922739783480529586423330170 -0.2168438629815078958356237808762966094478103078353693794137887902728968322188773852369236157206023258306526725011634484622734496066796834222401866031686585105518421689829889804124701357158520947231282118687334697324069419 0.05097563210639992066468764858269248696764693968485168387645628630593936777019037004334938724325067017862953837593312071560720303597466188952470439780806756341542506710724678769812292172103152151568468654452154061581954799 0.1785447341746086892205966620696835910527916246609483172085114536113618187905901839673173500245535559650581453052749739922707744815715891765039445666107746660916571044221593865241291634704457903623646186202712855409766071 -0.03321834563590426714074643844556488713946450086403026699360228041971017555365465918949338275008434944862487626803708168629175805181384769340547078578835256171340676916569386381803954322799184273900182033197990281972036683 -0.09125865579326807086273053024274696344869188188522860285432413633976027711418091288939677998442260941753983524115006226393085520044419413704260621724728734477222095709160087790526203538133278626760499535744819192205626266 -0.03064245849948810731586219681422991720125229156176499163339324608925957460905903003103759066902569948771598668267963291904914817882650359226045150864150716144901872432344383879092449031459150521956821368479767268057266355 -0.01701344640660817178912372791404357342827418603562060844174499947489292666697949778830571857268703815667662315854436361485608856297778886347829448582785971150355702761048400297117270608248293880331303403793947445876541539 0.04050515319440304567486265625597243282734852644566015058054582693889328303037847847108508035343047606097301755749918960217770566756336215259721388325272260194206958167989976355442637760507839989604127265969579797075354948 0.05801960951993339314736260136832922277544586366768061560290509537740693672806781334628781667604362630459766482089727644853805320873813341824475360716159586133694205493096200799209487307802705605982466760141752601364462953 0.02757532256622099782680140635117189354683362889482596304306558603689486232069585956008239562366729830261389694887832112759740205376771850584964447550202586884243811069479417369212632614461868756815692271666450700993711055 0.02203878658764011255140073388818747503734075443318015043569455900976604998844889771372595500534045650580420729205232282868836113176319919318429306773150025548456281940339921059550239721193718935759776808846216263772514464 0.01975557672530911677524756973984547873446664232099373547482717630489883756138825298926516688036511322001111519915415087561586189998278617661752688461099413029524612551984204556442371386382128928933444394484601630223582057 0.002959252650134668796760006778642009764632863466886568692274117701104468242490269608160865663652109909313084524129784754275736293007149352214161814861595074340408908870971018154990631719522093360806949401895237769115684655
G 101 0.3219110919290889158016636199121787318838179944754456637588110240946974114917849330310992220518663866616597774090380382564287331578501630267406041922480665503361370996112923443447495096278101259619006907889048042067334586 1.020095296396251382818652948592632723062472819212476699899764653176571487623211824654092349981435807608878272984715129807849185115049565685330759291870790682682009893401460289035073458094381338606140572576839808613843170 0.7619674190190851108242692810584584592448956506469900989447718581672043885423597964662560964637080591450836714156758441688947571968299604157268476381958575516282345005564910613772145824454759335264933824521192629481149063 -0.1303760722704126466117451378118184929557811123261948037498943336222871030754681338816587246931401341304178396234280974137292435000154571203594876702540874996942179830328280578078353923862120021781099825350312940257067759 -0.3277291588398223144999000878585428998679879008372783384415248041115644193950024279141625082254203551515247927666569511502423536454945259189820456897150296577033156272590344602655958461154962549228093775450941628484221548 0.4107133921590475892554445475009816636046646359441371633957926190142980979193833032440696524387529754000007927888934512780585802944064597391205369273351944715935389771252497084533409276658247379399831905522636217643727327 -0.1927855356343766745425387660201559577259536130786607655438942747815101110358660333568852653504288820200156666380998396154048051722075395841711984422742949714436374259939838437991342647032725288241189680431071926208492150 -0.06361064652356609178112989954014253785943581692679125289827383790594344900922673487478041118945162566109842414285857764640623190733106004903898870916759476029037209269473355274383233886058188479479951234371376093697416992 -0.1605180291108574404566314251126095678629844302741281382872157233891618050963009249165476742085143712971968679397742898676151511275886218011742756400889680313175287741684657629546925895735093226470835336803631059191410581 0.008007193501448193546248485903325908831479222115883432769479305639624789056837905358811521375930540881243276109977712568783634314002720535023647141045017952285629376784782242492706028436338001405866626548985563670225916737 -0.01623868845151795677999381119325681365929576003559019142923782690023561394816414299468169173130422378519863020759443693560997560346542396950842829671137745808888909000478428309887216216804909360870403051759252642293562097 -0.07745316440774849840250978017288058194290443697715618706925377160559235784009117225384362188698422128471882950274600357656381414786735298528674974621323700949493441847839142051316974425207560001347320933075232352081995060 0.01691226225066722647853977271098855292053818108666058101949505697571514474681932954482710813823118200764794249040913639826609379138473197883126807710074895114615342281008735416846590372498327103053869666038354301693152631 0.03733543933917863971220695463602819177572918597799123888560229641065201703813942560642687238084285391085989577782442671723031840082049811013164917246840331346324530636515819180775124143252705911122864006577427374375602802 -0.03665312166421255577951284187888370364732176721610909258879298360513831719499858252148700068813179592704502717105355235639636834809516942050883342657905154433376208484960868690094314684539181063557114407984847598151875796 0.001330753401989435017038311356986251960774580021770366946995980080174835333284947452413325329909022441603906591139505140289661402300214447510356570699140590373636495021440488758633615999621915853232568612274666453492592326 0.02150930528444050058437707477354149796801657682814245673934964425245471704156887110681096968704964210051958885970684460524026207686303373942216061234573390724238549834405784172658026078824579053945750147589740438137505634 -0.01186383692215377960780552148980874458162292129352108984319276083373823761265928153207428620997189268590048585045537770297206266699988613008920559902586828538613199096871018174531728773383965078828033787088786988074568832 0.01979541873681552868268370977767000163916681541540720391029499017901937391880968196984466634469375657284628570058906606114657943237223368225181511285471712443664772617531396600036323459346565356795328504647833753326794678 -0.01196079096843358307084704746140839397899381663220215318349418344582231517808519010612239851308047100575938747575098958405884185834522479445594646657891030774627860148855024313322689257524100854338054006606232737970178574 0.007922541597574434486584694398329534075494472141646866621124201848579987374293623598756538303045872662669472722911878894789633956880401507529411462051399253284344773831928938295843985651401022860736544026924511122108154185
G 102 0.9642535244218230225976831670405166531458236932381450380397647245454367040087980455626384610212006976914593433401122526996775192731078158630559827053803176240510699612644958527813586649483297284320449847051775701045802959 0.7658047410834386170609500602634139037936679134696256792734190927660081260086438287417037584527321342042470511444100802951541190721849879422842117008199294281592967706454715975344734205436471200516126471462110275653913130 -0.08418164771031855665261159745009445648458420865617385744881794465157122174753469121221954082868807051888390234702111735329517273667690459573370904655404433820640327825629128726489570266620528722071401725302155568963268565 0.7106984224982059082214054287913940463977534085690678241773261908766491410839553981069334942628234616926260221352855517933807261596283071059371567125623979817199777141360000243386404042477951240688081858267601380040621229 -0.6267907134666984768073313891775477898449670975640917497229891927981879115859450784925300671028013823793551447921141262291784913665207525282316261937306282912392618192673598980269352953719941708194265744840662730614809457 0.4410650197255138253004609922554235984900570037267711095455898780717148264098398610175979040002938681642142069045397374129106008090839585187433398469430462453689699170945532609327296539664740223441135769695882447793637768 0.001144199063152394120528768327204014472156511761740795875541207630171671313076887143451596657004905612456195098509773277150398412025488048251377456438883587786752915893989886369802762214070543126336768866835622744966515334 -0.02193173754941518890333580823333720145628733955271411460430067204471170073917425324071135377634350596430958687565198488785073434701938452305697868687564502715998956657384929509004544231274661085420894586410511840078323689 -0.2717115597789715960079521247413207590099937575327731084356511490412552797324248176811180453766314618201992980747073884184059113418729256418049560389977445115347743199820999717241157959322321371827622242910117186448646685 0.1598837803199123119085043852053639221466203360083447984951272662610730532808672238928795307308011441282195541778993917070617560918198770690148914694653711713168600999533698221912019028845273842164113406448746135490117543 0.2472405948695797357248203969403879570109026637716960664221984999410924838008587848517859047765973654312370022733470558882557196640312278620565665409183001149813726183076989685400310819738946435871666000473659872620016522 0.009226431329836832806402430343808757198964591915827093360610468899826995757585840809467642294545042085338704158757523897418015256417875089756651266786308703557508914738610355896267748700974498640032116478380824151373062787 -0.1398139127517419019711964789126920671643839236231830207880553394077406291570489974281888088684876249558483439170066425677835945257232703443350616953225296128470792445425189260596650856814763102418573543990806448460958363 -0.07179008688188297784877953718095539193464192275914273695970542699002126898099881618711421167983838670320879299353138122645234267903302557331877510259720711388287289607839002634947493988586235287360412854731567788126262337 -0.05616839177727206789348501130032366933802550141921985762729288063501985727788655757062429580292015377038692244907454684329121525617926148633415916633636653948190261904082104443622320399570223731626497391400492678219165900 -0.01486939843844341811497979271977055590761581773657346342179786079887389875754156322254946008109437737684331058163971863383422869089071335266857125353189435617750929673420358083098695590850169115003805744845117389736083228 0.01960137632583709224072381277889795088848619503418992017705430450523292671227206951196192566673703377876771138005399772577292269706894513871019308773279556318360668041701415643109907665143731128639732664293319662903780552 0.08827601341685244125660439718187083783824135122299217122143880229778009898310506333557253824119055561636680288000533563051952824608961334337928029952146763392036477904635512024783408686844883596521632405916385161397402331 0.08234928468393808674278760720503818412976874226009407112432360672434383581171519400955352854943618001261583619959938919753092613331573833014159892163897196199332534774412471082740744225463197950728330388499921018141591725 0.05927405735977057772452479432258530409306443348900830995318775343608317383943458085905182927001020153913090085469967475362289931554272159997026331811988268592054316825195061500082733759803149251343961357946522931244007400 0.02231493743969966324974870063685013771765727781743352621185566300810084425095525344183607252918886245896589591715782860648388711254351386657225267410879097320857158746824955718506375192011926260063128599260074451137673274
G 103 0.2680268223615087955202871616163849988223414889418620312541282665855626977870182847880146606715347412723992343441303117513226888224383847637732591360526094206238123257787938044861154913004821970567063819184755839695196244 0.2135293509755090301542539022865415107701775548103607791694751038538636539378138057472376775394010105526204110791822000732109716619987976519895664802047497040532004580155160705064811635359353701493813740107645814912151159 0.5879759277508080084780689568814386864205174602332629525302178995694488251434469489641988331868877616969786221594774756010493238879127377321094333116298023334572913523927661598122900865848951469262576355205659536004703288 -0.3805349402401852159722261949067684705322393178925705014753673809076475389100090646738453336037506992563846082607484993972830078067013591937846160473117109851114853829033774727525870896612759954214173698610332815025564361 0.2739066387032092562666230154405251144852057834856834986390768083180943259836403775601909941529905591746376463538234560283035689423120368819267611585874788625889007479609937677731508755504574624518525909687637195008965285 -0.1762969591367527666811030022702802505981490321470170530461918005704233148845296146560060989902970413557134112936471775276434510811828966188628463275023721180826954409089633494660341139789603179675977318613105213577022197 -0.1479789037264453035513686479583777315480857908804114755745367871895202970419911137004955099904555186320400764504146902567682469374546374008229114046233509242554881224250916466410063714418294215659265111302879972339592583 0.2175155795252590091818667848128677787387249348948053455587132693999496724711623932811805374932339695564764522517297731696904343441659298441844322900245619623239274840144079722766377118270943409556116895677216070632454572 -0.06408132917343989418686288975024010991130092772383649581855074264112345553324569363259248885551327434325075748303625566644641383658469011332665874124918664247805618621603587461870037781014776756723673996418314051253596563 0.1587345502644138276773632818689139931621842729145070017476572360299874205205538072174889474309818674535138041931852279544141793611006488973494286721483864400055786578035125320409412452974497666289400795032542510296444073 -0.1606755081890777949991252321614732736981340171597175750508881185861663524377041622243919996935003722299016754902352597019824620311856808688871619605553077588510435365486946055852207840539796668846984360660591647147518930 -0.04263355955586728096583102526088638634921589339209155669883816191964574623816865275588349622240911892275379141731794322205812791183541240565292567372976356007812719985734055375863722157305343233811677772835723425121644583 0.009605104562978995877714511823946479465795689786188987474780365509113554230002928256413255637986676072001068436978914868229684258221641659342235327803464047461580837241183552779591381438563575043625689633378725354133790108 0.03905494395202481957724517485382874515694991493874911305291661111074155986592984667267020078579602781318668944138453522392085485700782450635797233660854808073070468157627739197761759619520967589239119747975300823902374133 0.02190901132927999475769252765386632686503522381904913708766648159166840591547950643961778688089595593211919556236897741653129594514982743307660253239459630527841123341133318050479285012457160370772839466677894350133272082 -0.002843718232826480243852638595525849246370635234940648630773235297898246889022797391288092102640482744881815348257567089973105934780383038351837642941925425681883798807089893119721362800029710044186668378935822871823278193 -0.02179517771098424597600630971888235627741836971229796774049065464877089652520252986612751662676465645324578567642212106591250686875082120241224482422054953939897961975819393167314526133379907649217245120131348807752268787 -0.01170584093323725898356209055948491113104410478014388993302232722856879719019806702166773286441414725794476784268759128077206790439646424165875365231756510362859964995837833524698584277514305469938728542788993371127193890 0.01281258013314606072082130447810545098759810642436427802317276280257388046099836480526719489997691321911760894562123977004991685394748145133562659182495702044120722589743363178152315999195135859805622319848042477423927486 0.01351405046146476989128902687760247334667507586496657575419348413966124218542682222145125392066703207585341128035349604462382847419084828669283153486257028344706807006182913854354891301035637183061868042641212581030933599 -0.001558125826575024349270465355765921329042093435697686330537544423621452660687224709188646420599244059669744520545414166309187393566596436732768288918758117421688982509712868018005638190616191535094636081462860607472793701
G 104 -0.4334310808668281749630355015137460644407966848335994860973860888544345393607200662876453264148788103559062171475459484386969753593094154654456025898288974114072346196167637695236010918566109400640539996855537230083318067 0.2863307077168958063246231489872787616249950414512150294371030783161053691343570953222579137099977987787958419281774585968045727319217929011552869907403739542423398311959788538600450556950429261476267174854538993237242562 0.2446044156680539900616564136831089720987982554034489122649207041233181447442913271435447581272078079553751891307406887972205874467079703111361690997791775181382743483644454579900563055290577727920020405090740302356836848 0.3714889630294980832469198290763653392493185138799450482606166394834956484235489181579851322950255914653078570323976267199269324303486473154882693098938102256722629633637840905880152317187033115961009268802349286466998043 0.4685007206525060467726041571101493601163979616640069995139525206195621393974431849056559064166406939815638253350418864651306953568897934762716436550973754634999233354528357792844949707570632311673423330593487072248086634 -0.4587630408021734021604926843264629265436948500256494584766096782878257925856971696410241055656566254308895942914630555953863397989324566134742140904476407753336270341969952745811960182335372025820031287141023462702146903 0.2512215556613748806605746926972240986880931933193100977463701735014613114489735311959972867765592935095482850018072570602961867397684120205687994210305578597362494935817006436821194376379170925415320259899617567519504225 0.5284828077703771940103099438208956141360941416868221109671851495355864796726228366609672505063969790743478073804577572524639287495366857250440202524450464609190033715045113702426605770791368762347656583916162179681688654 0.4487942999486250364602681213398227542632912288408670083471405629213493458218130567511936287068940232544449163324510446051177742037053391671260788324326360562279261574769264524244417606409075764358350380735482027279094861 0.4044522495163166140421832920386079334320699813274398017998592560242622551501998719587899526129136810457719128985365072675011269114370946058428957860770183851274054653996951770072180673962847763120717735085771214636740740 0.3365876866854092120956550661096879970324240426483278233537237136448663841125749511144468006540539053754589002878541124993285238550851323388627588302467592140566047750471883603038197350757543110087937807576272841922782841 0.04311565058674608104268971655740991098869838136015575726142984943761016045773519838671440535279877525631201609928316318674779873113107371512898627029742749365784132517589386498466019635520250382237891625538490639468074075 -0.2051924805902237602752624713310178525187240900408879096355137088397005714902737171893656471300551269421541306727031560857924722729412867295917390854432801470275114062167834076567453043616257809318442985920763025735535510 0.08198080808963978618644113522614543183442012732269782995510253641779984890811945256803738950940834421938315652979190964354118236024041280094364400456780563148303799573144713167826910404828644019523663979655155914437836628 0.04930168732422538358035331431078704278686891247573237384756313246229020433643494871564397502676427197310050925154515221466279753879810103174770910025600406609635888039942719863485244107509402389486599962579883699664839095 -0.09741173992127954499767698910069750937924606796824958540160838645603569052435694766094612518666803708520749767033706659508284689484569304034628398615463374546795814662752671308560475787719824853832751185500234453265395520 0.07877413831146118862716203523333046219093086544427433739312072413560804965559039769101776754452462546336213380710987422103789105443206935664121288382264378534631292406513196653890305337401662675953875597617792070523821034 -0.04310805456192331357315326067953515084075905711290509091600100158053570615385240026648068255794664534936895249048189906812496790479420027306775482355266871944244501704198467744477087260631409709394495112801927409856718434 0.02188718666481363459744559642435567672538049239119597465072935563329698772110742755690847955113576750478234111233464729464753003558784132740070440561919481741315541648890107586593849931211193956126287012071463857591792225 -0.01295265996515115647892311081351915979425734970026178448428383581022278630053666137549362449295780184873817221583463789607484687791275365433366028735275788571966314070695360140140194866096164294481512841988736324631560841 0.006386259125284815580233336428800024238363031932500611562573959835414900341016285601667395078569319644900229536587452979265456268333121301442903134422785400137992319980370437383513479526554638516013348712804869811067719453
G 105 0.3976769340516882064769745304464191186735874940990612647703567150945524385069073136403523686697301590211652356396277443064364302415712739814876443420376257056571916904448186224178910173450806553201602195652529785415247165 0.5164149450742268979753754844218997147902043110993997987610275588589314162917456859105126873233102593045406215659308553209392777148082152544798544131348205998445016236274675019945522996895170641791553744609297287002466015 0.3090687674248586053195031226177006665867343768653848037174722877159321212229637042556951439307681518942059996957321887270459624414385082913467953070252602476138341359346638606608048100100737350256713081836697415225705344 -0.4351566883261873124077259518509565962033599486896265985123496161775134847426647970470998095720300570710444997566083337893065060674837063709146928211103962026013622228748378308948741412189147093564318561371389995936560717 0.3470858869735885507846834398817148676849374312439285788838977901728079923223842301178974333686769361264464638265079638453599173584931080298095037163823460907163135898749149946242844630876356635057183249032940507727032409 0.1088764427370119966803295344299150944359901582477670740982065782221311440741881261281407670950073692134451471074200004940641459478786861571704206574403085406419442490494037586246909292530993114734989898237269273156581846 -0.2294908896632844859391840876516180933800924563971956520849318102898860065711143914636972718247345547077036388549990525313837508098548280396503712768019477579782843317852423897679175675817260762602905758273889844797476349 0.2017968946708365770146197585735331267377769700780096275513117604705391976598922032194274041802196030182126466496359322883035695314873848026676966221853193374704495913327036581800192908785450015649394471648984877743615995 0.1586854267615924993383296307313548712502542238169643458918539786675013077648227432436830307281433391450021785441754557070825660031596794018255164586199463947120796762446857630905704255340883998417769987179134617178660833 -0.03507440106541881945710997650530076940228056992231632657366174235745369029804750487901231341134092456402853928079978628760045373701531495437846648503126105714059599882786767140891975153341412566807563513796927757414155189 -0.1274396016973355208476896836786433138125080070513863299722478826587940969671466553586790476538416421157857440640683991246504266642842075817102288714637095249562166223112387920819738631096906342145200784485104594191488406 -0.09174235122766829734387260218497870748551885876305745189056652868456291104289970548273532912832061665623162059994590923377154310960723596011332339487596531165228285256560885901998600137812073649073447039075525769344516352 -0.01602001404517493262212188635459461944694701726445137824183816506520197184066534693889979841296814199125971807118599180354776259652655596673283529747751048819976160383212281207566254243583918595054612231227044057187541427 0.09731122113871111677329291243347352344297887661281979085916370461304565077260153529396388146964524348002089543194153488836136557053866000305291655424392453309467187750288687130464621524805181160995533410580598171724347420 0.06965448256759991939940752558323464129784708615187680075886064309909816903586951143143189419332102993580668123312715952721543967416758918786158116294256786201804912415857965819307663062622728342800662026079420543330071867 -0.007336577618757709002970392752592392942184690652722507452572004352730911843239931494357819941071841200489591510440413832085706037602571552672639684871293694222196613514177796344704568765688090629375096605664658643540007829 -0.05895987958377478038108250721978386473687142862551115602996182054607724878330290305158170750591169772263439680876242566623420803268160526286765323540107368623602960101825338750756358817234096423851675985864355501811647291 0.02403852536498128992658461723967713839622862427067600300604798945187914076259561054575517849336798107364650599940770852311852722815164740750994725770919698385612273920845811413557119748765049390585058719508396052902687523 0.01345785188295653367091232430068052025652212098047230799636608970811040232661011302851818211581619153559610161879445184574093264796446544269513287855546335292168706182605548136189473631589907299355419815558603220326551038 -0.01715549888579308278024461314569387440773149206430850392489330614960638598882074782427136770603713581248060706813660806924829782651211227235282650229274654859583990251817868974059472277422674132566906084607589664526625203 0.006256869980391539232167950789134503395795106404404238806950305541448698923200357840309328721925593762377737885953427875352000112488587615685823689223264685620192493531899475733151036955566666222086172100776451305465556142
G 106 0.2457265456759850525277395341946418208700562158285410922670188007123011355899265271218213241905863785425326310427316402008964272987239094738397293876210970372467699867364104155833564737947989398283827003999252139377756139 0.6878724885804934544004884303621355646873946741199451745830770408968365279195973083812927761785702683881463216171388926152566887663523263438158926574323095643154612162454026271965257334450410421561872146503891591146077198 0.4459227827636451480840215445763762750448208995658077424665936426481495016016042007930876147931961492858663849118975289512237158588643805993370248527205933722753643001618968317582441731902963551186605444721292236537966788 0.09778306077453683871959744370747262299369873742767108546607147913082379040739878908569244918307600150577494393536607707262964337774137508923848830878206475770619928758356168320297630350119234513545950464307639727192800464 0.2082101967159526349017404865857628575529388809657618393554453741503088456681399747607794557478625250098166319549161806677412793730012703077507499433158637612061374875409281300499171154234259914151901079137672233960770581 0.1947402610028129571687098828535896868998929507758410740705022774713592387698998572817561130081635410148099890499818513791697066023626675290462239594748735913758348106826110367395445828619423779732968649028325667705037988 -0.08899853550450681748524653700981410830246910611640539479862269970080589309286935514406034345587314645831974806296512946801628958228053130176826266605413050839645898135864824791218695663366181661769546824817678162539443629 -0.04020699100945738253363267296193809102886307914797869788376868726109118895368779320971034095143230934108231316106268494004811325698078109087809005334169015574726867571353461383655370343545003031172039048468506074204874936 0.04452260327203531375572520188594109668646203055708930405537825415760552955944569100884137885870125677742248682843811086565547625076228832858296372837191958096879205287014560709958301623033336175767214589405388268261622476 -0.01740742168977928800476051920930419935478936140269057655377087605605919038903176839371856038607267168761592412322378196762840955585698629656007508248748971757438259066267988973219686223875881880167600413907913326554440767 -0.01363723602977046827519291911408279293545273784965307304877044054899456981232841338864882901603470885773756574063883751767752872608395378549272395086466381916749695481399796868081805678878252405839838384546617357488837393 0.01058945812757068593251964723221489678359216622658168612123253649117743475029536484587053675134163203821391249482331686386998020338728773332506899994556103194107267857886473802786922954989659948530048602490370828820752375 0.001040094693425805195773227027054058650558056587778638644326575166834634063822878298505890347405934391986741473020484455688422600421687956941301668142303361763262972348332307824490486762921000832637465174865175933403035097 0.01029360960878348309782591579646003218385145808075575322972152847883747146847954133093882028250152424443357771978703173055201882793417718722419850560184675651041072878170215192773827228153046886401601659758943732705770675 -0.01979512020371992583140614825497558358000045919604814826567949269898202934507447560331164268778690932616315703885716676820564269782272834610547899779803208473500610208839608159216802588173637952350694110399724443089843731 0.004719840551955203805771255769878698046933906223021785477579166627033779515293482428697323942687099528982596309690841208959687974709715128057580214013462688494510705211380960826286071694683749122102583275431465584993819323 0.009184672753259687346148592669447643208620866779162484692484722911574051847475225815391731997972172549863143504753686677565963273219653500875784470689539159681233235617270531876649334940912969545529311546059622837690741520 -0.003165201502638784858550727773568948797341368136002267197514009042935395531650512093211041408914148471350585772225563209121664968144588934665826400962113251962056214461054819107174471373173374890258240822671757500842326842 -0.003280035929200324625939372116323108147759513552575014930571478052432625194157520603082913133485210879678605193275428701680359903460562514509700712568822996756791353573447317300313127430956614096987406799337767047303154128 0.0003676895311390200055896843683961111109074561156505604835977837146789691559620595716248191083227974578308102678002546312156214043978556976136529660149968614762248384189924686291466311494060959201288272474153945746718696783 0.001133359377869136461006106958014398922655722719262963498383317271267641308223450059478977990425261743231053248717065831617106066407099676714779785407498433364003898114185110079265836544798081467782418417981281976723262015
G 107 -0.4953007781114633948764718249386765667837323301653476106355406359587293772997335805939998819447951940917992926875044006250054440378219896790459863157516576041752401143920761983916126579838434483621946907383295704422713726 0.2409821960836505630095785933786557507545380609944209816793210414733586501314199195670022685372381584780969409071185947158358663828189273843395298408267676801676170915438661681945649221608458351140567434631505530266056505 0.1421942098764776736887383981046898595286177759775534388278789249560896861801275570815901338362278989148925306150409790477044461949684042495537050980004756767383780528157297578231506162375641426267993290328411022269219695 -0.08775901454584714663487841973696691115702610719383099476516127322780667731252913529976830526706408417082550054066606994708868875530903791110054406301931083462516159095996243303073530263475262691440938518795716396025192131 -0.02617898369803797914043109018879401004134815677644407080605478992698379790669262509799226246927984587231460020077554354445006654336058511161131403846591377194943104164893414181089320627848741705091637367019751353964544031 0.03361627819529934484208652995312298024244183923027884627872771579138078426367265217771319015521034595254478293686240781042195559435063253553974517716153652092967514102014101193977703156539973766965870670158175659863519514 -0.001865133388003030727603084639187494670244895744026261542352050378708388248753429914517916332854869528435475025878434881345023607794175546755038279716846664836031147206268097751248284297066004036827918934913326087326511526 0.03299678000581445230686327756171067726418200356136005151305788608049914520726538926125366843564813468233742220679640561627263286080356500713694844755679915868751937056466079981525418786450951083337202605537530404084890301 0.04247420369881278364972675176216356533976134522940394325057246786432508066610949564552027710544409987270963033943965028653654911061223495740886837218227946674935901175568318167969484254737670514180476346405301786259509204 -0.01613038414453406378799728980710539424607710382932063248908691687042436886744384868370850209799420869081975279971675321263070613377586033541045150130190959701398306116631552273775863632359967629885767234050023240901371071 0.004410773069275415296865403345058116863120094414578733627889707949921517224993902012063135437014963498001857091852338443490680749948930645528599779557779454936451389394830261284608157998533434097176956951925953380024282710 0.007107717542922617136324843429410295485490220178453066149193921760952423979066345355714722886922749224668937306141826360426770969302520968411404408593377451673715750851988914521195068719314341034653168226305384638828151081 0.0002192390352899312765595590826865649581743412772875978619214031012241486985308899080670665004597781273051703937187804033175662392751099067275299206068381641685851485481296703050159965223013341168567657394993527041616102916 0.002994481947353054674831964418765976871242189018510669876029581347993450848991863503718380696414445392512570120728916037968022484355714431762491351210386602684793895539129514353709492446912498430019863866523667772584329302 0.006650418981224149746345663561994498111611682358547743516462876646569526494352960123443589445891573845546519607312216740743820435565335745358451629489771472988560130521886339655839830869474888210796755063308450031949491443 0.002777221339733752500706657508009854035471649452086703561900596393009521524447870256531419890445937309161302939465579067355019858036526269085890633841944666367166191656967155890768229270480666207582365275877837327619767130 -0.003927371507977650331152280346366842970939930776134637852730811404296889644757082075793404147002336735018966086505197074145958573904175397139760478133872730021246530195782497863903861641568475722277462909977520101817138999 -0.005481231848352690340783704172436087558484400077246357244778375678539525024636849620159899261346903441999272929502423812027838905999201371109834215912089731531058548566779088120199200387224628825344943614148193751604948706 0.003141590652582356892878132046231541650006937122090761364512330116969630898151920306525453377968963242575955470279021696243496345766843854066326218970808538755411678476670538625372902328976337356495921894326579836087627218 -0.0005286149205795656493822401854536017152281664297610088934916512780590728771198665445972902762823932279529465029292759515900084222682401365340997174668716704305168435027299977686103820126609820208055588524798774665589483788 0.0002084647833027695597006142254829474124085156046414295693582200307124688909236076513532715793043705324336149016811485010601196698385132571353483530630424183574865535142592845010458424671203445535406481954971284956533593965
G 108 0.4585587130797000516016226571423927455526420902215601196573580420352008994709753946829158734422811948556038416539599658003902927377661241591866934022516846439378587959995360327424457033666429372915807823149743582834575675 0.3315660023080061440574434030504633763166824808000320480699329939134737204288921203273437544501241190046063473345962902039339272240197259038392197668126727665454862312836445665266328388534914396087020931455960910488568652 -0.08931139267597433638353299209344917730544163068448335943565170725145824624243135832364776315786884600278802088369272529201906775618539331974930855614777230235894996022848659844355505311573137612819862554903345720962027454 0.1349802133097496146473772411954355007471714716737220822240572933149278289620234346235377373800698809669630423858711527145390617277789222503325133901544462609185139237554861999710932959405080604689158660701857166549580297 0.1662093253700015713017414371633156275561155168734702096796841646349223972381557378301919816044425652955922421031530484100328549761887741660592219458504625306729241111505208980263220643113552629462652925537581384405745447 -0.02357762528251950387053287879460968034163163612786183169539096522276650102813046799347219149044812622176785458087257507119522144389139828207679565802035150529736823818352649276674080270965886909122360517821428724788458945 0.001905131303607653480513407340798497826638036533487319370641576957502856740992950040517745046624976888078213920569984598537447373583310105786401626798509127194343677377620643311859614977043221171614994128104418944398431220 0.07546997904263824336352808637293414893099423042108679272987958644751680748964218562991418690829857182315281687376210838186455239232429372369616720973000086289022257398586856392700920541405602271987858315473653293137547366 0.09465957875192427179639021232040149483496931134070283440195229489393779582838380551757796175522335871945153686131955264188958063479718823800036405048060955288335818647565553318881506126510979686533138168770634145323466241 -0.009805035837379235319416246341430136489433183963189630322841322760515676485245776678724891818579843620828865275981697931502309436961732096517014781740769549936150891454672645327622297916051496377450205681824189703964356401 0.07283502435038129602326035925000044391359745566551230371404619198782073810369336499481858885876998676481806541459538549146620533360556762953945651838298261447971975088626864674582615525970724455664781314939836793288569273 -0.02638680017295735683806651997326913833522723840731852551535802227153463706606090536060673445425307231220132895100905282120130071790071798739576817123681537076618696748138254103463996263352075077558788104735488540273440869 -0.01711580333778934758633710518065200638799709386851826266444299363664576173119847822032144554203836463477276481782256519977151346671346291026381770360171738172272957621557256019220025621065357341689716897875808030554545362 0.006642964821094073131348160055782643213761115290785938417136924226227785929610379473699544870701451109136397449578152579858818350167993811896983005528677132397592745650046506096986747758754059667219364772683668244430486914 0.02058739451686263842433787596669327661082673299548585794733393403598168328091665279509915020048378421985632816914795218109351839768544887407854727867158773170635589010119795164261930651602034503349304670611548631158876992 -0.006780523440664809946878567236349658024791971711245263254584840585148097651979580316348088967941890448975183118005534876605248674311874113784802164920374189742090135825084702505113467943194169424146732132970985923295455111 -0.004496871955492748971282620804965697543896398826276801919052128480846348083651437335957054500600609417660848899747300889206696865799446514362955399936960606500630095900449091555099502150976258382114436046866894831436959295 -0.003093904852408085133159055950502527182018414046150300544365437751364393883275656538360919639528451069189015463944484787110328342863933060090890975731174114709467149277343847722963526712075606494956679222053691502302249867 0.01501638033698449842136506480083754084792579537890267460011213732894329481296454238580922228288083166598298231121145737266516132675097136311559390608252510856713669639046013791681933600298412264328277359860852707131868912 -0.01510500516321909410793936517297902682620014090643557056990394819405984261337197766264853176748645417916486015618399551356385567661845774019276673526121900554733060735374349441997933281231760649165444567540704849867485349 0.006091609111007844645358815964818272781430349811482218501219167401568242806180443315732747501129867043063626457196013709928836039965830427795895133307153344056784168182241512102786278346239330602731941812206945522648437940
G 109 0.7315784576198244209820729588691074469971136970923579712738196490896329621663578952101403800964763775168933940077859208487804607911299770926318109658223265610090828729350345705247134031316713855582257937424811290897305423 -0.3353278396490773503932533534941251258892625269987200347512333854207929758789201562935208612056196878800947531868081893151074971267759795782303543571648467036523262259724710913419196778971389201353364854560227246315844383 -0.01995112310264496368984294209250981391068624693790014138397647093032618483537638482567507996996315549420335836040341559763440761284696000284540141717093111885183768257390674779816830231868616215341030603334643648021654126 0.07976840825305633381240569719611560312728429734557279441903611307441639014143049520762473198790761613468555849466734368236966063555305210166591484005143558733998008672725796654000554887119104005356771037110211365973458608 0.1396201413550736926186565245271421080493172223716092999178780500445491059160664841825207543255444511955074881224611063622711643613897285624513905761679001160564706576562757418936992663496548312664334191610520596823373322 -0.04170083100615996267516077589044148690078003616346079311872689352926795340983685744174132031060703289594261659200467612273772542079940065242923352313321225505088396122725331520373822522223561402351731385822680467174745633 0.04618380961685648485614509280882265191858830979754446764801534228808578341883541090852044315012862307207701720842359777921521593423891907088680280082972261244318890954700432020423371507153141202740792000829064625853623077 -0.01462619809091312712838697652267315900922225779688393624426206167119277558946729504828767197532052952660892115837102550934323599443792790890034576850464768135181726356844338612998364351973215397222362417221644457140748730 -0.03061885551361290957629130770172367833240065968102001493385060346534791436466021721520844064726538095214058252794624855234993316594945907601446809121902481980160593667762456182094438693979816817649380178950233894752047245 -0.04324616013856459166435577673653583766310012012208630724394891254889117260198007141830481631711843603261905173563620550861259971125650213383211493371042395046245329699133107129844485583879902270123228810800150488595471797 -0.03276466094079032579731752785205050115101522270341471440245403721675331032909308708432915120283938373592794598090350604745655896889688147162307944822853826720232106167630791933658973553015807806518479496111136151667100897 -0.01222748861922951856419821767350555428122404138719625679823887233061729302952460395598096688840288079844892005934511212522185387812936087839105758144064030775092677140999131842640044931585206177198346134779061255917816745 0.01168830274040069360040884613628537990770654034511080565302829482122447196564479748387786740170142182247535130962326471256193449962899422151616760144216966652212279777127967425014426980625806086708496952654011857673534375 0.008817368839742678920269436351282568543833340354124211392909023936659058414834917139361426606166445469010768986457991800345300272085167511063073739201458202021269640960361370408562794177088327321831642475074617781582631851 0.01191368517547015408749662271797418049736410394607906964045535851955700014889840949777636605552255139395465963900773494739273683374782605247282651993407936191296410555969355531109246660768970271959469357667862021268334282 0.002600603126542506800751553674129591248053223132249022852066111558486926153607838237191855393530104473338267481400510478108619426917114247377171035811946787240744645959835198262314472037086860544704406287810546935540069618 -0.01666171563968109333078296766784521568789467969104641191976983618085507555072423345847708215102514164822442464018736992672635588134628907460934219894214406698825554088097599935840012914137666595483807035132508202736483069 0.01043921856601120148785997509104930156734682281324089634389612495140467261632489147876867901057390918127611742233715276053042445583929929692311060936499454626336752409389417392037794717365181087219492994870055364106063886 0.0009683890617712153610220009618673210208961238014781367203552191255131827158130995646390730126558467286722486277615175505748747540581876733634185545229485359644753771962058057642159097795434427343913662527924747305101452304 -0.003684280033275761971421446834829765289377313635472216121314419919414582563314071801938060142735555453643331181307019074186908843574750295748278555261051931495195966187429101137156133684978102580986236861798116128942780469 0.001205902083082246821723071324260953302231027120107749788565129233405487293094729359968692306714640366996030432108082718549806882468113470631950411892395286192387864673759940769323858735344324360680310537686113782088045364
G 110 -0.1755628023191287381609458579598557992775075366327137408781904581888234191775806610113052517351834952239444920179534980166997635584478906718234276232753459746187378561237365102254223667676641044097374783325271589772268264 0.5208068981450883732533940482210174426027441991930950574662651211777137493291640848400495847309971449021905747795042066722961302500641154508438058823622346110893222231480539764510237071299785409072746900511793055067367195 0.07000865544266814825027983394194652206088301996926106751714405365595372941345760180576229925853868675119905029565341686339566485579947904067388474503257268100222384993279540721721643336341712154347375939245831776253747260 0.005202020616471971389227748766532673664127516902654858090868813818937028078495546000987861219689538975519015564712131234824361438856718838295538406200560223899655261994528265787909583954384376637327118932738780804229410825 -0.006677321468304120730732292880007818221864240623479139485059274135158636317255028256284406308405905027005504169957121168152527936375911714663695135674464481602451752581506134803524742319985814791216232128159148636602790875 0.08198670932703151974483615635874262118372490975862118946480424797719179771597127441638504482779400188828407310442740434108480632728629228601900073797523759386970080733719052550310435076435274306729537129558684222754178719 -0.007958992921851954403948744214737712108910766508750503489284758392954301893180088780056780164684402844681112330436089063300291892248926604852937053649621899311608824421996214101564377974899933248901170580799850171971238086 -0.07182590493040195798113318256141075299749806133767509776710628506564586909175180697583093222404625574647612227962345792269607962346833187183988202153990224534999121794682603102131146465964573771297388853656520026356360048 0.08879908950182817263324475678591681012974107486609415836186456839818600464952946266318259459327967681767847823310712965002210318248473854933110581137264451078298295601436600857843447569900475880662439216328805226609526828 -0.007306900397274610409132190052706154453741637021090952862528823406841442641988173890768488703764652671187011485142371481397866510962997285038974716450639717834671784998779725049645009819426136905762133801720133100296541944 -0.03182778963265006765706998576831694365212311794861743984238605600787697772966520481006335388823937464103212373889031992423484827700783673267922117110877544310166173262964099096845224809625821694672171151178405713734627191 -0.01974426375645250530818194129938172355507544909924143231906298805322836691065153500445082691139847296574085564645620131790265006163752736791830961739749575905538911813024535515204081480906161542891055413142887824199060018 0.02831209317050981860043400061505719729100584724906151423762931829947895454055046151012433389554737517916049505049435010853794529215975503162507653637751654949219652355870215498213656896072790719343456740103659063502728784 0.03120430911379138554877883890093227080708725082641692599323362176679899186923807218598104245452205094643084901958211104311811491164806721594161228808121656381793766365780401535965802396758954699487986310320405798693128642 0.004050533201978575197049322648841504536141769992574775323156454779426602324392547624511931469535677758937431165665213448256560054028942512499748862087510150483385569878128178440403547384758570040692237049093743595623693237 -0.004863495356463909662595116576147580154698698899723430941723963716046384140710811577759732181918958989112664781709514378322515327375372731852221272334432537958088832050477255151738113319644161334044947420345670341392913566 -0.005433457467162559606643938830632573861703443771080062793119304255975547482933025538409074444500723940160018516732124744756556514132729739453890872859171411282097260582379164189182123898899508389520347138941370957310091030 0.01295876304361165087619779759001653831079812363754180065539124412258590285720190747740663618842711352003029480636395164999299278420515947677944173630111457048346949904495296512529230543862259824102857980886145245199581882 0.02227849618170039236950638378158547283482409157118829507707604349986579003731367442838619199292490490384188770576076588526874688822840855851202788850463056521941448733230310001569691887110271881874744692388575389809367454 -0.001795959832483503762353971558254963480544278624144041896391917134349565618794578924625030029046867429274244742491916719570875107948856866221602744038009673967915835053286441277003019197263772833211817366318844232582612611 -0.0003582834012807507732048463991183187444945944443321341313590624313716162647450660808603195187675876657722670873610620673964449389329949324880867018045780502729178306328258514578635936085506077075886403289151924754563200752
G 111 -0.3501400073223479834291664260386506328135819301456118508736223460637840288063104281738289021292013396918527486125813367474012010718256578048382108368554553555525120128379566678700332644103793691434365200459316255603575280 0.4257684954334570692443800594600118179941558071039844346786821916629881132190691063644594404301240689250749123598531820182295069387234459206941269514683582510544617438364603045487672545988665929970041879286161171472667306 -0.2140896598921485078951763837214172013494342599892134931317583857188780067352704161976728141825268011367638747136852250347257817896512042527883282668469140076541226300458024536948630617346807132639837636850645152673156108 0.003390827801233377103886936786625973885405482105323752843673926964423015645561822029301655746589785283892634684541581002249603811415794000354521842734643557953118081157078026079201921725893987801844673015520789209608664168 0.1108768218159811605051350581002989033138094951552641339529204509006655373572592872438795683019764606920240538392467639373715983229239459059134842751803037955898536956539886445868187961886791918660408110595550920152462646 0.08751372448326318293461949277201831828384843569362824821470372195742974345446997991908530680270720990259141383906595027817103039558192238788683250479608869852606174930527076822727397063291738710625662711620387570179509821 0.04546969893499985637700394232510599526682708702757151068437717862281794002204344577985970473071929202473091452150401056369190669838845196445030906069949075544975161561871585871158967710203504651976315026635976640889219153 -0.1306952800991277440731740950429530423842690033883788075992308495637972111431746662100188099622198270237007099011553831414353547412622285575641533781910586150461978147722163083426304397103510831141454445843177135612740943 0.03706611866034692876436449577234081656134918478146797132185750879853338577089730976914027431359940469758755579669664269501713764658629501795580196714908086326730068356725824805067203226527319946240118948054990536324756031 -0.02120871102558219320245952415699355183477949185823083227487967884519702636177948648404699451131327981233616221205403856533868831740408863352361670003430864238764846767981918614041940785557023373786159039690620848711143587 0.02803445784436636301795575582575054215216475733828008183069858097250796093265956071661128914586787670325027254228954692903814317228695197274312990736064542891379465659192732897392172801792579214631169004651849494360719465 -0.03729802833717022827125866122839324540584517514085784981737599213247889708586490980249775180092774412619777781006749960113472898280423548502419131628570292261967891289052406447683469458923689331876682062779005452262747765 0.02491609486897627845493622535700117122296498531642289903862946963191660624259617394939833667570906896867486446830889623442512894308615099371930227777544356283572321474365658082099516250896925752192220220240214856556431965 -0.002124640797044134255341239739288257525030230117204595952786136096411607659471798223054123798090381800797602564893113350111313914118664851658933158660409413084329366570259584444270432897829286483829635965785339844346690782 0.004523834123571675692845325446969495006152285700821264201741093191127583509555251596071759783407972835240794091302261327854000608141716877190590604912038182600652624346643897083934801259482676939722316957757619996572886013 0.01863882883677144374231092127009392725537967397537891395537090994144113320809270951775605001443441509552279224570496335293641388545527237008298829288102624318834029890651077015721790243126413334573317647682598603833988631 0.005500641866449306831304469623961553296074421106563924672121080528991639814042807435667894337966516223701534942495030507652209044767238507685341027486793293226528820274641317705166651264000481181072484790717408775920422207 0.01436761556593981239516475039054531212599806063797408008517804466342012584635595678234886338103677983611282498637325133031077867822779507962762188280887961435142548903532374018352637122446209658526020725971540564269484450 0.01362396859477939883839554269417747159043688962501800157682534216673584447487561065344771216504160617488328513197668837577753483907609368539347488238506510490946252533510435460454783437285475935204064294913895822314569807 0.004099551054693690924289485521264794820626574873521076556562804333247699569795311371871057040323760467380284494302342313410538232135137761395825452962637994107221876084097946680959865486217723435920631601166898729465613235 0.0008203047006256263470994253410659196186959545479536400005252716144333459453681664150723413102121525554215346492806463930442579743998609641286650015087180064719683824102775598516088248175112265806534236029302675863744618972
G 112 0.1379540605235220038157729690308793915379762854067881720460645857295304567685171454368782378650508579963172569635503059518148333107775301614806713817244268067771481987702473066259541034047636054756542625382250630498849389 0.1659499301573480117699924852201112832112272238791135827633729257265594935168433061706659340263731730034061909005973000649824192067603691228892138672790190106386016355356390715429932048975009282210138459746504060619930411 -0.2554752219451187855082268992004443957016701024726165954546117648128098670509067604487368590482249061555771289193828160576392312759288993186853569011004021854224568569359675324605033387665253956646042702119766015618413247 -0.06672480754776706919972133826759004573619162690112738844372944683260359119179746511366112983261777757916447707491119143934436392481916297363372135206017334065662642114087895656819132999022063772806266438088753447880844746 0.3532361774735467917955389611636849553679700638786201665641774946665363133411038176923411950497129588550071951672597406710509377660166258814934643178617351205985960538224454747873504430872843829829254913150382013702556236 0.04194539248041458962653802444756948823163356649673439240569068985633303071629333279462191236017904133147868979983679059888239351940706929939337940086090114077269585069756887238263550101188449900597612726139439233288257543 0.2119518945342699391161306072832211726753815760050683991972819603330159114714967304958526874884760059271666514433507449463784388721849583249437684722869840727162399411301528831199775535019564028276318749718674115411949281 0.1264475067685569265840903893954785650952841261879708479335108671939321266624728829791634207879081673432775347461907807846595834671617987450455886566689074743494469358862582468696774499690457307843716336593694730537755507 0.07885140429205265668706776157257058618252799803573211563281888543843523163553377080277562637998508869471821016144479153152142303858012927577559310605460172732612566980932381845894275009857531023672065492814121340407888656 -0.09055376814171345785364192763324735069789326698754903861868228312579323860704829028736890089135000182807656483325247363257386746423171068008613189500812535126082747323399018895855743680031575837155073462074559816815725519 0.06752728081137867787960500689525873287827268565898064987095460263623863510499206027417207729865999427144509098325419267752666732306532506865730033978995086844250165764689763712828885907432637307166132558632333759461055218 -0.06407628952257898150261825464977148251037503937037792597962889490635695194909590484535847012741503316936059226987591907903544061661097314325560492635618622888406122832757213631615221971047714181052961281970581816897532338 0.03585773325757173113554103722679931189026778238381198674830578259617689192669908598842316563223643536171014328400413545586858288671565872372506326307788033383255197035142294721938427634578349439062513894278559455915545021 -0.009722004857736738274751359348084380815671181531014799049463904536145751216466317008573384410732237059490013876695635586416053892910301863499248863156597121051149680866436039833383177085104025177187094635533049505357227345 0.03660850952393358595617452788058950251202272406444579732676416130296333751461220339452620496310097723132482555493834434653059326514511915212714632130786172335523216931590125936643583233424270416264644347023346582884012757 -0.01539302180557688211956265792292644164158793527484510186628719220944092208335250003134751454212153030885641166325356716598823842604290210371172700007863862172487020602026504598550559096491580857787266932741110445573152023 -0.01779644546911769357530211007628475817680845402596901489571991129360199576186207793047782311707302014226177288505526431214472580684427209603071690463600424383895872790936744995005201635882072817685076953039498574267810144 -0.0002283973977935791832691363595414945339045866856892277819622207001023407871651086933357298750262317155227581427242269528688027943859275888711875282630892624807319384407923922732524149235142701707235693299736855308669337579 0.01517663595382118604877679923688488836236323252366900268357397102902396001933678069912209743097592608013927297035802011355517634845247810132272502854704658777428448643346923819108734495799626307745174586628520242796288681 0.0008915842085999377611240883747559957731932634608218306545522235960174681694828996074947011401143386362752648129334413049760052095854615090489713695323767817611787137240532598308148884650725727342429984354639822787787256141 0.002779979575405892176293474549033230091980140734803152563594430959595138042810355819645021262875707128853558698196378659828588372505557770900468624912444529865020245930062830739298134789363421764969509948727818308282614438
G 113 0.4245562895275771202286335370702929422473330350478847196108945338457248264797660624505337567532040888534861968093659425598466362070918205891338136554086650976408177651644988963184569450300857308998958193565500612978050117 -0.4956568094335025119921977234362979261095666208724110688752737625397881320883871864553054761754002210543972780560059370314107054898498110068106807578401481451977474796448329527215418179867731700350898249396714770857281674 -0.2626409764692222442213304088287047746918202871620695329281849762736291404466748833966903298581887665499731645965606158407959189622676232333182461069292320013485052875756425678096466578290656048695420880214955193326611553 -0.1415097092962247804678898180832896196593750876778351865729465326263962024366712397569646577653813646602103109855552671634864064960289298617438835907504678004588548126958329222490332327876847000891746980373759182949836969 0.1593820988872292235479796535984261515647088852089317180621833144080621201486173801452918063154989682013234520067189958159857955325201996398315098374235508955110375454681840198597071328707777414911655086599641095415603516 -0.2923237221823697359962122608465112512956081864031325987968410357844384034860821650697966477281165336111899163061978984389589913629598455077469539509485439211461979786934503996456165298101587954050998839480551786968607022 -0.04450859969079981583488175534086548551125163328493983515580188684393328674708705490748288233199255033643061159356329891760038400464345222656104762911157000980715476829014623542136400104171060008600525180982752815006542114 -0.1035124815146739341646754111296051298958233862459104435573244516905877186223160134039892989768989295879019524613121790352106277220060453259478354666381198233570143812390707460773932621466167159934652572440866248459916726 0.4540026944521245814273827307830059715465003559857517251735951975714514849164870873914220641540462595320210553741537133805745888596610393235910272406164879088447556725704589620652405121081163788560780310472193325446966045 -0.2086486450224612557937002476117473902838111592433098632476669426912549515547339883353578176896416246387537862833057238513015100999378907573586270169156702634161866168521459235459939548666326981246477135994599152898383768 0.2305874853042952629529768650568810096716369137235139592114837001031217685271389218910067885399087702241793156494807548299931466168099272916612333337309403256001680103981258404869833394689205527386290109148511498636458467 -0.4313934309276029426347930955369512226471982211024146311148900679785692237723928605931719761152104238206670860016048780048427930653090095393133087269324044758115071775074877215370912245830025909441158313911013894643284207 0.1649106117033903524833903682441635735672977242507728230713542246896814640251461678275165444023894437562628830387550093309187057712916738515329441675520358033578265814975841460393986627313435737418423822014920928367660481 0.2640983957457744855722267286470483284515591911397770971146224334563375911304764115906611657782774732350991648504784378175981661887309387080897928814081144732923762501692697330515383178793696826117541731306822916496758328 0.1577167493308912579271603036500920286233335160979718472531339596126946652071924379487031773367651342702397808326624940277915162265623146279825989863710757655887555424513952176176803888452186140314349946242564309753317254 0.1055852247830201027797147983286515271662821471043227836474505703644441336974633730638435465991706331181577494013481862891767524380924892342953343455022921701246873590969441381582228086659438521962092784513008379976019969 0.08882354021609317407557108819809695861404222254510263663818531862995508209371672656053087636714696578530934522272107571490689851768554185951421627590817046826869704770975434640680327496602407968089448174727302321328335390 0.06498022108066881024473381764132431782367520067749065755354888142931442853436940976062502046464915757173272238101858115023898375782805752692086902875281091801022980609722628783474337277117400298142317845329905341664472720 0.03064184268174438801186220640600411944042566819244075832039485079811062111771141123943826470203620968769781288374531957581132831273734624976569646386592843357684081154892313342657821881592010000987390562898692173135669304 0.0007872368353788185445928143875698827479459809452751138171776451656811197575847342385570930618345887910767094709237014132410513782211169070949404704742005050455919253994154385217592084074926536172268861743194824236324308683 -0.005798702063733970970651879208418512317782386815507917161939640985610448014357675735149995044718461210720056177074839990237248543642791530209083544223456037538078981166913599237758321992943001123755528291128151580810308279
G 114 0.1118731646006018307742848849279722524268302882659349446976968417478993719925547550658837456688361395862835029842937158731531909235224069603280596267614402490393982228665375491258324733515557851986669802031427020431702862 -0.2878808988740843953148920257998947570890933790172475150955133527224703373954604586804118255911377227974434479616870945725270999678773792426850529396009823832112608638475877618192400894437984198455972246086352997159191882 0.2085891065582772005411719004983694711001990484002948341510345099695144192667452020192340751465664203160953603577744525818421966302264877918259038288079720233137853458662948910669307587518722552051565692494308747017648594 -0.3102966660112774957618112227987082899860204102628078553130995027720605917135697074424493068421867713084534798287740856449567021098149832558687084526425274329898748004980776483171949775135500811880596384553678746920823443 0.4160599036181738562108857002824741829060049728828620630352201975928212345285269549232329620796823633036276883292469719994959054911142013905249185450846286833929904579591980970710807751748437044405423877436758377738330469 0.02939036029076108582083078697646311171855946456152795265424090607235805835424248510909722546011576648041035311684916682434037122925804590941952235258276009357516385182676402536474333798783075135533886848235324320263326446 0.01126617151271929356146606438161038079184027381147349617324247117976760798502752536379591015795332286912036465975388751569706549940552493940032960145567802801222695724395058482395569594691304998143092495820345228779993487 0.1437293256489682098693541047109463350865461936384491171969341158267264940788850373445865680835991662207163958291974771444412673517321119246228415219077812885083986250379945407937224455433922217257400475571445448255744380 0.2156856731606809347537507191481641185599815363761904500272208744601906071781102243334841578807754886868471246522653499784704889767906863599965930083501642386564934604547659622593251488324704829929134261836878620679611277 -0.2514865183698640997325658786233635503938500720159923629975779158092839857749977730374694966334317682310785311891657132283863575433895272827686228128259963854007760846337828242087559866853893446936776210656803391785994712 0.08080310727862931950036044227852694159388516642509218346618173406874088552204517095597023904045321323289837639216274686070519732645342353255242224313687249973360274324023986275696151758555481987896209852030899663946362458 0.03647727610173109697216902262073214840205620515469599318888834898120472929179617728231619977886729505090127494372275877961471066128129699683147757506600642398434012520936431743649432701533842183290107564316514868346375129 -0.02899865518457937942071138325218279786517260800006661402985504158038618094315671587266478062030139909541136133090082408263414862972578985471234015329388576621683009555205834813820159279403987594453546465244910819495429994 0.08366431061964815757825316820535206475446316553556272012626331047350992092247901408556320042567897116131838460499076414501346507606274023815109399536733538214000392941961170105291789785753861980643577500922795470091142187 -0.009169385907996214875764008823702309358683539880871379266945144708259577769373572459056055209192774810619541725609859784456530750434349892565095390167270503754864010520144476527927412346960178934510915330851527484391310769 0.03180463007292296661005179800423282625032450310129272055908544410766542503114590952997904071202620671404380894847455445275438642296152337462544951673406787969227127318596884944773442503816040025412211828731367111522509070 0.005572947997741706022050506270255726452331653502365618399844818375713161473764574469750270062898394692958314402688986799385610086023897852254888343148794645688467950614135413276907551905441587856897654503924270230620544843 -0.07109808997413936160098061999347416177260075660668406230675510375328694093412850912202729548430532697010478554356470246747308937536861855882738193540898798078365326397140920826118398592724976489303612069291256471935592961 0.01420853845727160458561444200393189245067009562913509778922297055850135061637756013823081409867966452330723508951819159184988493697803960216438846313236967953693156150518928550528916102684970740525821411722434654768131181 0.01436400910441621157831661486961217730467213398424526592270582127334945383660360847225607087349384503109867253848095376893423676340453846084783490766395009132163930734578734007952994080320812663983576607545160210581287547 0.009323766642980681876993522194630856870152849212699883859077802022309173724369200148097448331174880557089744074329211251564587636299879819469806206942045005858752309348786930858665495612298482244932800154862999485175655112
G 115 0.4325277340933674248304909185893492929514779100084190013874061742067454472024215099681455773613903571159485253617591117080123335181539096963901644903092925168942793861632341713041970641339916774819116526149696177615333610 -0.3203006497939641714472272083375579367595336341529996260657356995688900757241135928600506841390900148584513867501235107572577689708828131196968141057983397405852049902079710389486585813054798060551733977262423071816031025 0.003983704517639913905645683729464685986771335917326203025891611642728935997357614706221282298248261507824177740392855959286044197099928731974198670197716213122250739018093800913892984285115842069302523309377661521145607307 -0.4531658847546957225157947407066013484408030139165963571419165031595944526397692563627817198516663623703987994247436727981808876403468216347019497551430731894220909007370543321572830627629222906836003808960338851408536399 0.4187527731022712174723372304253101224940000669079062388354985635484538375834417547412240646828274015970985464410817044942693232085759715892871688658274492197102306052030463237300260892416039635552322679370132157599094674 -0.3682395882952539246589639071657648032154526790244315193823124854755947132421126036764030471878623989900937705415929802528713697461277926437221465555670433763087612119801080400121389924167655525045058484750429288841874252 -0.06424936819692012415402683681796950989839753123462264753599497510030064904727237696545624365304527836208443086291908142238113034836997133781371803964410949182415320692027551485414249165157233314036981951870429988812256676 -0.01955101905345355601085127080098927096774223108104819686209861690535461818291045701931564862751120764747918539534751213508288801138642470722241153779165667918482744363896615042175708013563546189526632255949205350581924168 0.2134240549958575330717881103901747830190049134606067268602874911688015418071519334510892434277405103074330434577721966431430900972164684335755923127079453202745518109897227355206887213975533957909615128280703939119822237 -0.1585141981165318751596686348496163469951063429680430429410363689891080380136320228222365230070656771883588023215163054951618018015628293517298681912433771921382442465368671317106374602023565263213120818812762392520893820 0.007851833077286696952376895728845347960367467506450617868401290104785429866455866010596488505340266390257441735252041925952117273656580565755082041790539477868791880484106997972974045901521449740847189179663356665369992531 0.05487114855907219570382971264031105673793839670977159654041234768237968042097337573301717724150158674097996976365100372516811202778873197724251588617421899675605422830290507233671356419302343456566343901996471988537114005 0.1808323447794244132374429538663066722386476226421270698430427445412424931067424000825652703450326738599563268436663656160221374964817296546620970922130791601732168699043183625208289546166206309693645610273885695754377287 0.1251156116791951812655673338845849230517488061364835348337034049352562752640984297670000835484103302614466921724320692625900639062938008334478159744322548834390289584710065206949733989574311538735487450287906108603730446 0.05036345592955540663645723382962934475752912355490991349473204348377121763539133232620738406539771972507253259445233135663346930558372131804013467268885901578384934630663567452059643078624433836965633991254359296842877498 0.02270659270497484242576010371535900395788464073128025286537568404949920742815010382229756526419394805988365669057497718099592711073088527300535488687794962350865413449847157938188387602610845117394151385124928212945250360 -0.05055375774846706741071989841979483936834081378657664212003702633779800596003195845399522372942457272216083129707025801883524437566630609266545488569015621812643540475314355685417087525794453749300857442985600113728127708 -0.04755179467409630229730816293287715161197914008452398186076866433830219071946438281193075041284512307393644155213363739254813223587042253705229266802100454330044658161041068553300675676178087690054708130119488545990437586 -0.01067735533524048698403800561548899059649011736340715506140387861864501725883374036823401635454400889179149863522537594703332148052480381991487254782627603017866836616726810248808969759876858916540287425342828557017669056 0.07065751264767399129069853357437695961906375713647249443441825617537262194308369157152206845019869090923334087304518152987307997828617863192443473090079776664559437758417509084978092776501188580293288988088644219590377368 -0.009551316053058511565243419955531724296281105752940415235657292949251296412720431216913358202105459510494165349544540133073309565944919786789030475387338167250959613313551111092457224918532163915733451591202742641315960105
G 116 0.9617935757505285838695863926550653750147966480045377468451955481913969395954243686280177095569314185691451497920769920715172337486852003557351236846218809743406980053663336563310466026918389870699440511815603685136990007 -0.6039283083086235919271898875975593503538366927317146118354429597758047024712103087895983354198723119985398398867421758959479961959341989155500082020957756069368482551490802971797720583398709103439501629923421775884098286 -0.4912052923266596526300669768586834855881209214081895098708618131996296575853602309845995762846110104780763954765729842962238778011701788188406309591512919274718387176554267855958140714545768339139578597465787622819757879 -0.6265161991812964230904843149704113825859852659491529509600269141999266865427911817860553250035432264484098923700706888034838880350987190528472462291307305440162366948476688243297468540339875337910558523311681791686520019 0.7124746111828853572679499304101984966331453666773592120428341813697646836600496754645993984962322462062579070325043895499912564465828334102210985995866138728311527942801311084511666282613788713797059602277148278321505189 -0.2547857712996436305620338121289218965345978652801714588371428861269497597109761501379833835262908720777899318553559582245489552045490294806466594736760964516344377448145017213199339644423804197536146425228359688944625842 0.4890558496174788572679116521234166036352287013248770370839111562436406551007963835653229676727675234920804842891899995489493765276736538455739000423968810852402584657875559770592179653889759795059181789559498175002965475 0.08260498517200435328310712521255258786807183118797302444740187939672464592892068457444510769025469368216411153594144574968487489945894383586691041788947270752678988543274529720572020067165127476249771101896911974796138032 0.2764449604870723852365291697960931046361779605658871643330149535407543945125675658072984082133122978917337533188396965706182634867417712760523645159456001771927850823749453438577411531277698063972941161721332979588845203 -0.09710229509196380535305080050811340364870742345924916121619121848726734454248691524379313219809314141359817786810555745456526673963644072845524521992541203610189025472124107150677323388906209556229870646723366308042501017 -0.1432378403088710279036937023535549689463754165637568634759455757660036940551256709723410762918246408277847566181214830718224681123556958698653602277009451048691597159099990288778429157336098678178727549981021200034630028 -0.1441321459785066483255300032937527465442156718840594218911111684944214373553024586983330055609880654131260135776433755112216718784307885847669332048863098145227977301546922710614045996399634680245360575513133941157297107 0.07937669185998316651000722328457039903477174614828257920637238422618991982971021404870642418387054234267010099408277173681673631413612094421383556331770404308677791576427682778005363005172354252050936572970689509509074661 0.1065118423545228112832227339919521642323802306361224009015310334937716380114688689546464428906720577466610923198607389497405062078915762106933081218538405700646686643348078252942141323501115194548802782445771597064821680 -0.1231020508208294814720000211523974486750186833793066117328332111812649898827909044294315136084663212149395732450315913505023175255658037414065012261782412814928667182868266783790718285305700099049494799236108336132931502 0.01155581717507605064246580134263725797605385758017303806249439890587950949363121820178557343420916916565064329799359676708168799004211029695219722087963971419874690958364543793229249277205437342380642722458328305259337044 -0.01538125243828648192718822801837014532933765736913455377120589592099909110835720618957210692443356060236431826929547905660405728727231265227322187115533165074933655761272988199371834365567702559303492522388287471567076997 0.005871051447363875826636699579585456784236172226359117833454695648372878440660834659450557253988147805538195268302500785727902080022914726429130774749827252253064815235964938550587646931001444421742311924437004084562667198 0.01660148492231699563761969695202606908569038240663475662893764910865337107777699240105336123097253244188361135053886212581693018882600242548195919017099830581001756327610683473037971545141152566998495439141620615816780683 -0.01518800024696982064038892519974459256712772659829380680188805810318475351931925514214477432109739236934027709190226392909382909731593708736540923138268635570034709019153049969816139607210456051405807824306935240340142357 0.005079415040826578829739810861507744998861538991332996253139473714286930451346691694044209217016259099907883371509895286199109978668046498585409456012169834844871269784860921016859752326642726382141160066023620586672400995
G 117 0.5779395668844582661929452232442603360383467612952358266314552240044225176594890737237698654821157058883157049505192653988856380806112197936805893511128912700545172296683139357232988958514336431274149117106679922537450722 -0.5742380888388077430203756395894476707035086701210906658567481959438752649145820816432875145306651375842500805607087044697416041793208091447427403223558803281461218674929002590451507169300630570182057025001714634127981117 -0.1896164532071347225039345388071680291307738535699468498065935612380639768828468797516898785333040520999244271452205594360755248757033211027478818834119131646888215004212611786473500755134128853064841505371119678335630579 -0.4503308786822748978829884186035064030753055627682467398876385053413022794724304618764882668367642888263404319487583929029801564301327284265088485664078998059632729237153380913363519617543512261010189187401704157256436302 0.4860690780647544814419311461637027996623845977740260603990635010520840797369324077751538844202283255954161289453597169495972032710015835840234837837773457913598220834385859262468215982760240929752186178000645923296856464 -0.3136389617123300954176247806871870589083170868066302409460121135753159197081019179889173089095326196129409173624586048189436919102451933660732748326192377654251671332439211194369475303649874552316992348386826885240621479 0.4625619745183728449552753921709941231957143097869065924033423047816776533340791150620556168786483547775718427231208513114152816385715352740862565821571199311563081852990907928798044791779297938719900993913159122271199312 -0.3476139111412727096041167498165245195521828674065437184650068109358699561265655378984617097210635169061723016191059828029119035644076364721937697221316572990507682328637228816314028117470508842294223130879849666392880580 0.2558576861600591162705621077177547664638691283050921360746256623427599767629537602874514448666352712826358368265103598267912126331692826540614715401044202245054064372174646977552502517878717927776126431197298214130394896 -0.03744899923326983574601326172809273419499254937818992130952186399029685244670556950530287748631264266116113433755806476515239502205033262945841055684337204740542036147118719971341915984346451107983898454374732965962600497 -0.1272968718882102796357443509471699562779708348839884727324934773639526275966531568153168560799571289545622157836890976298498041785460768271466041609900862683372254759431122793778728441338916847090870068321097510387950557 -0.1048393633842037982513211960494494051388071469720347137527095896058034832628533985449825845288776869942341831921325960373259913414357700027289657088675171593020895683923382349248446385626376631772776095229368010546730407 0.1068112861902654952864964244985203796924492942366531005775077274733842575290990054835118851910516912250811590604723097276735985849141864392754728102666908855072302975997509997932149533706958560661409998266145787801187595 0.1565833851632432561943270773361422175878578610299740139933261953068522827181499384968546669940134461502198808014791993896346832951335058312582394671596788075913033461882592328253393215901596415915293254803002893345102280 -0.1405409041994997185930848373193738074691935170146098326484603499513487233406058060165578307336171075258260762093804349527236905942053510742227435375632600826252435813941411083553409823305105092153276445558207913509654645 -0.1250867500631985908414185922422447522324183402517472470313253413961938125579323022528901676401158159333250381414466263526988409554228706608070092981639833857999701659419355553073173980919765984582288880463231066053777319 0.1521064725580603335205024956055185962802889307141273236135591003848642282115863336085877204356989149568431399154851858005177544801270947967760012308910227314710236588427616527111160139311656993995442574072866449732624179 -0.02290361978300490160521672837363339325792469498205994827187060423217191156239253071886810542885611144776090791669948052305038563543503254437936810387150384488880132941425726647153821151629916485992127927265874152476014555 -0.03816246548580234692601610048961054361425400813420146146235087617591950646751240247139668752942238863848056453181260645003323338585554300918185951570246501621807310771205106104041352423309624082599386484424445729149008073 0.03981536581604892547741872291227091221122180905032868099995373446319207055074121765311763740915871632581757574558310124399470387245571410106894287803433271324260911454777364113131128984252653378322822393536475021202917221 -0.004067999597183244483091570571609217598736743307083366279478839451929882507169933324138618647660280340119572029805562041295448756516486677585058352310632862589576496235920722122639142878137420353829634888298756193560194911
G 118 -0.6823733790608575987745082055474140954593833856699557972863883440369525847987031118606674585364375902525337406845745767681016698148647640054548626626751415419527053233716219992807078387993402402723454005726734942038005421 -0.5119069303116988346857596518105187434701432291715506586600825915282458006810928754487016203900654089920152319437743883626661336600140311868160742244188908199640755024439822693678223008395325749703443585768430745675664077 -0.3914936640222632653170099589945465360766907089076934271572332772182396534779010485622363706049027923505754467815738428223355976236928738250047986641408294537727398869409368200769661894366868560284801689867883286589158440 -0.6788131323059855327767391226069696153741516926564995223387888075749826326100375622184619916036393836356838994757740782694945534191439442285987359568967060801417538472795709948813243961592965594869713967569924887596722522 -0.02564746214816767635646963445281397801256750920121972290772280809209634472901559213288090709443640682272347034759899790903409653251292528358155323791337546804891230477786540627405987238087309072943424489797260958625311308 -0.5681189303404357938224324176079007757944259523993998435215097046623263946190192026846794501224761775959939244224012656679628936106332899779720643450170634998671847140919625758123434497070614998736670727688210626151565913 -0.02224118718187461922027821299969717780349927953624326808493767139118960902461263793850303738487616576366967128687480264139640479279310815017640995209495660749991536431930642258138484880064416435783114814384597797486255735 0.06156030012485887688043497027840984236824766819816418104645768552118453915851946749920255991257720955676909944110875350311810904478073609183077310586499698168702970228475577191960306402436391290122668689572795666018671187 0.003944122296342116191901818320217807753945531466192161494635312165981184796125868441083076547458198836911481119085141706625441260986272119620077450018829767855235779417609794506891274480990121691364585935447475637743478938 -0.3233217412540779167416236894324630864547319621158764393839740256433262817821028336021608793002635053036181149863201588426802027092910561940983452030155773970423895846887110576495741443393480662779098865655637934775661458 0.3526313941214609441771914709975151585452049407398595062718185782729098609867439475424350587351808947761632833451212298508055334313342199352544276110034430864476508052562223054673380816266301718960827665869842651379011276 -0.2877912808934950571514798214619120589605935978956328063999496431647988398443041403655142320317008614723471617640601296724188900534862570034590114363443574407934856534910085636363333784386778987067591660304378112400304025 -0.09595631796772373728999536983156830581822159667012986236902881701135480915712313462196831497392560406994038929700387536912853561896543637546051462364011753523400263434182530397520188858488414777737502403621746561587407862 0.09320239458974286993743128037264329037467871015242682333773106294766100547849169777502651918881194873329157726353612600737160613010264891976513466762057580832875151219770222415954960437329259483897862102035473734557284500 0.04402966518766079892337461079276474189531949457071038016473705723368848747507701381379787147116628261178194550424590832313970643200871541795719240109421008610868595227594613262513459559481364183145640248711689859480356290 -0.05981107346836733480762929628925128146336819694938575215562563165800845588144435992624529853482594523611663727913669385095757884886716508166881175841237273907835338007178537373717584623160771207768638934535207943969644739 -0.04270868320309156000338919266302749349121114233462736692857410861233269086901077533299244666763917508982445451676418165216429336628090343740427014314081157156333842484611791244992704267317287542035546958800591021778218516 -0.04661860302912090292038612497970766444188616973157980456718883168603366930364444152355234633240125034883893643044003935798207631888335781033773606652761384349387573860342889019558872951244348069151773192268933944442414766 0.04908309484770750602594512342666007378205252367460059666167389272071005325300546395285278570544452736958412887734164157088307757657182391890671985999796972092999398607551453183884855247925155025005681441438894271929339832 0.06619283884784568617125045052677839220326169020907347216621965889386180384800891763951892720383214830734239928019306306577759903678915921600038815075185138744618423948155083292962763643509601791248586224226198762201918534 0.06044730890808051579590363980955021297409702269635393879019275840475809729184456022756834966743383891533258463120439038182741800977872923067607267889646039879393149038962676364692960517139969702788775787817968357908540266
G 119 -0.4045534578307527017594508223905744545557656307581761482922058948569213874389448917541633955082657904701189706357485046520923320109123755638498923312194451254470401662554908696296111723035489926607860030309361239549946419 -0.7467485601341687164612580026014293964272699735824281352663675456160672168118527969104810640836559865431431301436617528108980121437604770584484579906745318921381318053986831305845163712927261974961285653297787583814981756 -0.03596891929368642126319755962022685898299491157632003989151405036418231216553715053837591288607242020559647546476793019024225279564134073609208890919533493140974945186643830995222465305466259666559957105460217620336141260 -0.4411666994134096454778131625165331999684396796985228137465550746831286761056528766952819996678690065692661205132500255675958150844157434280602570311261350222340175511899496187790499046228171159546960270153427616776562865 0.01139433151125601523990364833135585988656251472902738039453447887698656601094265382210680806827095194088467232783810677312113813423214795342953506421149375055530192997679696393748378801996109033505061205993796269496265136 -0.5843152923812879215730240290736871878756130130251826997756712457842001807636010063862497742560853654633594109906458368533614522308394375553220756010983372696825072969773896576888929027265277472182641461882238876204319942 -0.3436315379882059148248090548768335130041188672284335456854760304697411993882447020065274460999913287251653231480149449626920766853004434582899820449356965950082327596487251325244259957484150417469222020798075534957394350 -0.3213021337479787346725856666517955508138038526602982547332480775961871363568807589056176267877900216515746840708978710921196646890537152722222911200933528999364882268765057432251575584678735927158099149880991949511213984 0.2731845455678561216552245674805171112420326816041235758485959519729175202324061231186368629954623619771970202846175497476308510008778194658754872180220486478116238862871510086645039679246533480712444973367638799541777684 -0.2455150996761546881273438807380365767951556534389302633250099299100874015258736437285671216655602761037104869998016299295929174455603870344869803221226629981485186952105539894224806427064510155124629236218831171140997612 0.1403859847342864733745883430920978275343920828533845474145818941743855732443918631758114805554290917784133388729803936074959872721561161901095305033807681749486650717060498427248374271632253352485336628601877055248065253 0.1171054541531126224952723575766465366436385846676507173827955368718900787068406189300327234439253054495460591838678591051970236143576848703650541269916182272087846789844587743722335797196503303073216044133960537392229348 0.03926264257060995006429758904745238819920047465491374472996292661678585941295828446577826185110566649569478971437456230280191595409518693898850903241975270889034809824062836813333334238026772478584660290220384798445168291 -0.02921220792696705221633842087900153899093849176129016203262469780855168327199624038850120578837372674991369563746103159378871289206918879897487171819385192981610639621812280715802955544902313881693281273145885872440011730 -0.01993147339672954530997249980941565261613600525773715511320603090637732410859063510099527574626914975814208499566029961069917259252770575166987474128099213143640517880766853290156780441086033959652985060644599169946880653 -0.02695297643245653855773024648483656558021139579641000569860770895838488347760478187324067721198279827318552808750287811303878790029202613035828777024891415783297579194836458026647402002997747078806707583427915458261727182 0.03109779257351146631833356072747148191920659832413078028987475009510388588586925045904000264841229075908176992119529805580479667266215232232797398831914849240327935890813078968158243693558331676876787575857519249638355221 0.0001455459400846387972575529311035856648527664022334822653199023664471910960086688000060852361520068210816799698693575929217685386934698803436785732602366823733720074994963706624961795847864440229309366201757771595698664432 0.02018055432585569347175375864553769644792466792150090054168729890606337769327515530149448028015055094075645549464424641146402194974199181635531050185681095102165301055812522185942805082715988305534843650775458188092939898 -0.007282722793077855849480224882812675000403973341767375937524361623990402515001883776739648648667381689486455993699524891738071172353131457589995963943108839561460341372036058849186861096403498709338255540814320687498677529 0.03323227104913502037437075458613659219314665790974995954955503009059138019531311081089899953786851751724151767815996036947713475973244360181917959387345554152394998214070150045140166748240212316614845499450084558870127270
G 120 -0.06233744900360598242187724183631341125824296376208454008790742873995950191861480764516641538639577667751452314521703201535891595159011888523370606136250451710924909866982702783238465977958388425117684248546796773501250129 -0.4683630410153112147033908288841700619945180917439113384217697818175095498739139883664767886148950742410193748044525939655941051300153964689365380686484329296093114580337622262978733224341529436288575685133508316691970191 0.2443936175460095201486691201314399484713760034630760948752470127597950490679473928031066455847310290803875922803814930742592650381462870280458216545924933358025897723836041271740722595041644329897183496438389090277327422 -0.6869086563230572744970039719817849808220999390630927428762147640540772054497583371763227046037419740165741900151842429997614852556934635154955639749698138145956728839063606362538825453890301634650887250874119043092264021 0.5105449171665635909810756777765292367365535610735079771360039284386236665607798327486602164617116250953029065446734131417310418923624069314907421571288650521905111011635394783153098006071601574630135027206610249977178707 0.1540656482321306723478724716982437137167266333733290679043451180797912595215807048263788191190768402975927738012928078193777680929774551557732093196148401741955901872324562671194357934770763906337607200617003388220758101 -0.4461941775327150536676213115388125291948870710357684885475825373804087372584987786138665242785233043579449479957832232886214835548802967682322404026309984934611072101272922736388575075457179735093377930913163745825769492 -0.4935532703512005440115808794724612883606917138086172420960536406955465708967287710181513070502685694578957936460892152034708395761299510440307043282991436667872882900209928033358946548066515056743404965897239877257491992 -0.3067770423868504153099606301395614508892263102975124580486604495465597832819919152108367205080920341864910231505091781685807879422884875431231783147152205074696393117351701155877302199923085051122934984345078512783388481 -0.5377713769010614155230090173509063698306901945407147278606194645725426825672655007105608060744347787077092607551673341664680726595612197751372330395106931478687880977653102929097688990903935775603748457322164826530762116 0.4958706475846461827789846357421688143855174922605666772045215664090820604396785318836943506528582457554746141419586228312624996746233901562593745593818695176951580525226208580560895226628432447580012454754504811763248769 -0.4214120716450050468612487993454820054239051022266949236791910319873939662175427491065291001220732479660682794612376201942350852441447563012879454223039753271836285364436740695722771147841314054268923830228033321642544151 0.4377021422768837610507242388384419272968157613923765064988616658340770053655320420891970672581394053614766090082045167450276959791354963844295263179044695061971384556173190556846553145256737696762636203100546572874563409 -0.02976420882563167970754434277230402967302673271677341438169100215254222731570579993620691257117001953870756146526102222093344022145846636127946524034079184788849080115596785579615598294110011131097589441154378487200433848 -0.2560428677338897889385726187810935519561056523176190678001434232197230707633342358467515408607157336215846044644695637725781686151199873223969344576014802299733650675339130027720268122487971358394670731767814293555909204 -0.1473470322144515908647362950551334213723676703358171328229825504948318431582972061737278982168884184706750219360692713860492564581240264228283244574877863218888126011597475438842618354326059633421616683416699500767540385 -0.03214506227698511320342293682052283670275503540573764336516925708399335896475125950160374382536507588729721270724024555669677605753980878801210991527661206324475577133743688779789759073235650324925091712386600201033835316 -0.01605295030212715446163720080981604393746095332852639326121368044714633292605371041300398505356554946835374651641504681407188373021751387984756013414654071515365123214402165283549002547067901336899737487767746461884107657 -0.007835922097957426929751606249643501378704944159000401249497787986644393024975560452807204152908851516771705453815609448176604329525685774156296369139188455460855648322214413309302011177334132236956310861013046652184275116 -0.005986930286667259833372409660691942617885863891893220110573104703523570328214663728199849320028782736975985680735113112873519977045108502874105522878946314253726347429118267347953785189079185515482189757165503566926137408 0.003338037917640139662280363285397388271741950898388565514828112166882560351780836346737730146791962353799240481744615395588578920855023064853485146658514330498567841579072573660897474026802790393865824374678300382375138514
